network,method,k,p,simulation_id,final_active_count,total_steps
Facebook Penn94,highest_degree,2,0.05,0,31207,13
Facebook Penn94,highest_degree,2,0.05,1,31195,11
Facebook Penn94,highest_degree,2,0.05,2,31135,10
Facebook Penn94,highest_degree,2,0.05,3,31290,12
Facebook Penn94,highest_degree,2,0.05,4,31145,13
Facebook Penn94,highest_degree,2,0.05,5,31282,9
Facebook Penn94,highest_degree,2,0.05,6,31193,9
Facebook Penn94,highest_degree,2,0.05,7,31363,11
Facebook Penn94,highest_degree,2,0.05,8,31157,9
Facebook Penn94,highest_degree,2,0.05,9,31170,12
Facebook Penn94,highest_degree,2,0.05,10,31286,10
Facebook Penn94,highest_degree,2,0.05,11,31280,10
Facebook Penn94,highest_degree,2,0.05,12,31230,10
Facebook Penn94,highest_degree,2,0.05,13,31318,12
Facebook Penn94,highest_degree,2,0.05,14,31368,9
Facebook Penn94,highest_degree,2,0.05,15,31161,10
Facebook Penn94,highest_degree,2,0.05,16,31243,10
Facebook Penn94,highest_degree,2,0.05,17,31267,14
Facebook Penn94,highest_degree,2,0.05,18,31253,10
Facebook Penn94,highest_degree,2,0.05,19,31186,10
Facebook Penn94,highest_degree,2,0.05,20,31316,10
Facebook Penn94,highest_degree,2,0.05,21,31330,10
Facebook Penn94,highest_degree,2,0.05,22,31378,10
Facebook Penn94,highest_degree,2,0.05,23,31442,12
Facebook Penn94,highest_degree,2,0.05,24,31267,10
Facebook Penn94,highest_degree,2,0.05,25,31212,10
Facebook Penn94,highest_degree,2,0.05,26,31369,10
Facebook Penn94,highest_degree,2,0.05,27,31051,10
Facebook Penn94,highest_degree,2,0.05,28,31324,9
Facebook Penn94,highest_degree,2,0.05,29,31205,11
Facebook Penn94,highest_degree,2,0.05,30,31187,10
Facebook Penn94,highest_degree,2,0.05,31,31333,10
Facebook Penn94,highest_degree,2,0.05,32,31331,10
Facebook Penn94,highest_degree,2,0.05,33,31348,10
Facebook Penn94,highest_degree,2,0.05,34,31248,10
Facebook Penn94,highest_degree,2,0.05,35,31230,10
Facebook Penn94,highest_degree,2,0.05,36,31158,11
Facebook Penn94,highest_degree,2,0.05,37,31333,11
Facebook Penn94,highest_degree,2,0.05,38,31214,12
Facebook Penn94,highest_degree,2,0.05,39,31283,10
Facebook Penn94,highest_degree,2,0.05,40,31162,11
Facebook Penn94,highest_degree,2,0.05,41,31246,10
Facebook Penn94,highest_degree,2,0.05,42,31283,10
Facebook Penn94,highest_degree,2,0.05,43,31197,11
Facebook Penn94,highest_degree,2,0.05,44,31335,10
Facebook Penn94,highest_degree,2,0.05,45,31300,11
Facebook Penn94,highest_degree,2,0.05,46,31358,10
Facebook Penn94,highest_degree,2,0.05,47,31206,9
Facebook Penn94,highest_degree,2,0.05,48,31266,11
Facebook Penn94,highest_degree,2,0.05,49,31235,9
Facebook Penn94,highest_degree,2,0.05,50,31134,11
Facebook Penn94,highest_degree,2,0.05,51,31234,11
Facebook Penn94,highest_degree,2,0.05,52,31433,9
Facebook Penn94,highest_degree,2,0.05,53,31442,10
Facebook Penn94,highest_degree,2,0.05,54,31278,11
Facebook Penn94,highest_degree,2,0.05,55,31401,13
Facebook Penn94,highest_degree,2,0.05,56,31401,10
Facebook Penn94,highest_degree,2,0.05,57,31383,11
Facebook Penn94,highest_degree,2,0.05,58,31287,9
Facebook Penn94,highest_degree,2,0.05,59,31329,10
Facebook Penn94,highest_degree,2,0.05,60,31305,9
Facebook Penn94,highest_degree,2,0.05,61,31167,12
Facebook Penn94,highest_degree,2,0.05,62,31303,10
Facebook Penn94,highest_degree,2,0.05,63,31364,11
Facebook Penn94,highest_degree,2,0.05,64,31311,11
Facebook Penn94,highest_degree,2,0.05,65,31317,12
Facebook Penn94,highest_degree,2,0.05,66,31214,10
Facebook Penn94,highest_degree,2,0.05,67,31412,10
Facebook Penn94,highest_degree,2,0.05,68,31313,12
Facebook Penn94,highest_degree,2,0.05,69,31330,12
Facebook Penn94,highest_degree,2,0.05,70,31189,11
Facebook Penn94,highest_degree,2,0.05,71,31248,11
Facebook Penn94,highest_degree,2,0.05,72,31337,10
Facebook Penn94,highest_degree,2,0.05,73,31308,10
Facebook Penn94,highest_degree,2,0.05,74,31293,10
Facebook Penn94,highest_degree,2,0.05,75,31399,10
Facebook Penn94,highest_degree,2,0.05,76,31406,10
Facebook Penn94,highest_degree,2,0.05,77,31244,10
Facebook Penn94,highest_degree,2,0.05,78,31284,10
Facebook Penn94,highest_degree,2,0.05,79,31332,11
Facebook Penn94,highest_degree,2,0.05,80,31346,11
Facebook Penn94,highest_degree,2,0.05,81,31337,10
Facebook Penn94,highest_degree,2,0.05,82,31440,10
Facebook Penn94,highest_degree,2,0.05,83,31238,11
Facebook Penn94,highest_degree,2,0.05,84,31323,10
Facebook Penn94,highest_degree,2,0.05,85,31294,10
Facebook Penn94,highest_degree,2,0.05,86,31207,11
Facebook Penn94,highest_degree,2,0.05,87,31418,10
Facebook Penn94,highest_degree,2,0.05,88,31332,9
Facebook Penn94,highest_degree,2,0.05,89,31303,11
Facebook Penn94,highest_degree,2,0.05,90,31223,10
Facebook Penn94,highest_degree,2,0.05,91,31253,10
Facebook Penn94,highest_degree,2,0.05,92,31303,10
Facebook Penn94,highest_degree,2,0.05,93,31316,10
Facebook Penn94,highest_degree,2,0.05,94,31314,10
Facebook Penn94,highest_degree,2,0.05,95,31375,12
Facebook Penn94,highest_degree,2,0.05,96,31232,11
Facebook Penn94,highest_degree,2,0.05,97,31296,9
Facebook Penn94,highest_degree,2,0.05,98,31201,11
Facebook Penn94,highest_degree,2,0.05,99,31173,10
Facebook Penn94,highest_degree,2,0.05,100,31258,11
Facebook Penn94,highest_degree,2,0.05,101,31268,10
Facebook Penn94,highest_degree,2,0.05,102,31294,9
Facebook Penn94,highest_degree,2,0.05,103,31238,12
Facebook Penn94,highest_degree,2,0.05,104,31222,12
Facebook Penn94,highest_degree,2,0.05,105,31461,10
Facebook Penn94,highest_degree,2,0.05,106,31226,10
Facebook Penn94,highest_degree,2,0.05,107,31438,11
Facebook Penn94,highest_degree,2,0.05,108,31203,11
Facebook Penn94,highest_degree,2,0.05,109,31247,9
Facebook Penn94,highest_degree,2,0.05,110,31310,11
Facebook Penn94,highest_degree,2,0.05,111,31242,10
Facebook Penn94,highest_degree,2,0.05,112,31400,10
Facebook Penn94,highest_degree,2,0.05,113,31245,10
Facebook Penn94,highest_degree,2,0.05,114,31287,11
Facebook Penn94,highest_degree,2,0.05,115,31247,10
Facebook Penn94,highest_degree,2,0.05,116,31374,10
Facebook Penn94,highest_degree,2,0.05,117,31236,11
Facebook Penn94,highest_degree,2,0.05,118,31463,10
Facebook Penn94,highest_degree,2,0.05,119,31283,10
Facebook Penn94,highest_degree,2,0.05,120,31296,11
Facebook Penn94,highest_degree,2,0.05,121,31346,10
Facebook Penn94,highest_degree,2,0.05,122,31366,9
Facebook Penn94,highest_degree,2,0.05,123,31208,10
Facebook Penn94,highest_degree,2,0.05,124,31190,11
Facebook Penn94,highest_degree,2,0.05,125,31281,11
Facebook Penn94,highest_degree,2,0.05,126,31277,10
Facebook Penn94,highest_degree,2,0.05,127,31254,10
Facebook Penn94,highest_degree,2,0.05,128,31252,10
Facebook Penn94,highest_degree,2,0.05,129,31306,10
Facebook Penn94,highest_degree,2,0.05,130,31367,10
Facebook Penn94,highest_degree,2,0.05,131,31238,9
Facebook Penn94,highest_degree,2,0.05,132,31283,10
Facebook Penn94,highest_degree,2,0.05,133,31253,11
Facebook Penn94,highest_degree,2,0.05,134,31218,11
Facebook Penn94,highest_degree,2,0.05,135,31210,11
Facebook Penn94,highest_degree,2,0.05,136,31278,10
Facebook Penn94,highest_degree,2,0.05,137,31284,10
Facebook Penn94,highest_degree,2,0.05,138,31190,10
Facebook Penn94,highest_degree,2,0.05,139,31241,9
Facebook Penn94,highest_degree,2,0.05,140,31376,10
Facebook Penn94,highest_degree,2,0.05,141,31208,11
Facebook Penn94,highest_degree,2,0.05,142,31366,12
Facebook Penn94,highest_degree,2,0.05,143,31096,10
Facebook Penn94,highest_degree,2,0.05,144,31354,10
Facebook Penn94,highest_degree,2,0.05,145,31361,10
Facebook Penn94,highest_degree,2,0.05,146,31231,10
Facebook Penn94,highest_degree,2,0.05,147,31345,10
Facebook Penn94,highest_degree,2,0.05,148,31191,10
Facebook Penn94,highest_degree,2,0.05,149,31151,10
Facebook Penn94,highest_degree,2,0.05,150,31280,10
Facebook Penn94,highest_degree,2,0.05,151,31334,13
Facebook Penn94,highest_degree,2,0.05,152,31409,11
Facebook Penn94,highest_degree,2,0.05,153,31227,9
Facebook Penn94,highest_degree,2,0.05,154,31241,10
Facebook Penn94,highest_degree,2,0.05,155,31412,10
Facebook Penn94,highest_degree,2,0.05,156,31292,9
Facebook Penn94,highest_degree,2,0.05,157,31220,10
Facebook Penn94,highest_degree,2,0.05,158,31235,10
Facebook Penn94,highest_degree,2,0.05,159,31341,10
Facebook Penn94,highest_degree,2,0.05,160,31338,10
Facebook Penn94,highest_degree,2,0.05,161,31394,10
Facebook Penn94,highest_degree,2,0.05,162,31195,10
Facebook Penn94,highest_degree,2,0.05,163,31434,10
Facebook Penn94,highest_degree,2,0.05,164,31283,10
Facebook Penn94,highest_degree,2,0.05,165,31320,11
Facebook Penn94,highest_degree,2,0.05,166,31319,9
Facebook Penn94,highest_degree,2,0.05,167,31357,10
Facebook Penn94,highest_degree,2,0.05,168,31101,10
Facebook Penn94,highest_degree,2,0.05,169,31124,10
Facebook Penn94,highest_degree,2,0.05,170,31439,11
Facebook Penn94,highest_degree,2,0.05,171,31256,11
Facebook Penn94,highest_degree,2,0.05,172,31407,10
Facebook Penn94,highest_degree,2,0.05,173,31340,11
Facebook Penn94,highest_degree,2,0.05,174,31223,10
Facebook Penn94,highest_degree,2,0.05,175,31393,10
Facebook Penn94,highest_degree,2,0.05,176,31388,9
Facebook Penn94,highest_degree,2,0.05,177,31372,10
Facebook Penn94,highest_degree,2,0.05,178,31453,10
Facebook Penn94,highest_degree,2,0.05,179,31252,11
Facebook Penn94,highest_degree,2,0.05,180,31249,12
Facebook Penn94,highest_degree,2,0.05,181,31110,10
Facebook Penn94,highest_degree,2,0.05,182,31281,10
Facebook Penn94,highest_degree,2,0.05,183,31252,10
Facebook Penn94,highest_degree,2,0.05,184,31314,10
Facebook Penn94,highest_degree,2,0.05,185,31259,10
Facebook Penn94,highest_degree,2,0.05,186,31353,9
Facebook Penn94,highest_degree,2,0.05,187,31241,10
Facebook Penn94,highest_degree,2,0.05,188,31308,12
Facebook Penn94,highest_degree,2,0.05,189,31219,10
Facebook Penn94,highest_degree,2,0.05,190,31319,9
Facebook Penn94,highest_degree,2,0.05,191,31453,10
Facebook Penn94,highest_degree,2,0.05,192,31366,11
Facebook Penn94,highest_degree,2,0.05,193,31328,11
Facebook Penn94,highest_degree,2,0.05,194,31218,10
Facebook Penn94,highest_degree,2,0.05,195,31236,10
Facebook Penn94,highest_degree,2,0.05,196,31275,11
Facebook Penn94,highest_degree,2,0.05,197,31316,11
Facebook Penn94,highest_degree,2,0.05,198,31335,10
Facebook Penn94,highest_degree,2,0.05,199,31275,12
Facebook Penn94,highest_degree,2,0.05,200,31332,10
Facebook Penn94,highest_degree,2,0.05,201,31278,11
Facebook Penn94,highest_degree,2,0.05,202,31251,9
Facebook Penn94,highest_degree,2,0.05,203,31390,10
Facebook Penn94,highest_degree,2,0.05,204,31233,11
Facebook Penn94,highest_degree,2,0.05,205,31291,10
Facebook Penn94,highest_degree,2,0.05,206,31154,10
Facebook Penn94,highest_degree,2,0.05,207,31204,11
Facebook Penn94,highest_degree,2,0.05,208,31210,11
Facebook Penn94,highest_degree,2,0.05,209,31325,9
Facebook Penn94,highest_degree,2,0.05,210,31137,10
Facebook Penn94,highest_degree,2,0.05,211,31354,11
Facebook Penn94,highest_degree,2,0.05,212,31330,11
Facebook Penn94,highest_degree,2,0.05,213,31273,9
Facebook Penn94,highest_degree,2,0.05,214,31186,10
Facebook Penn94,highest_degree,2,0.05,215,31242,11
Facebook Penn94,highest_degree,2,0.05,216,31231,10
Facebook Penn94,highest_degree,2,0.05,217,31225,10
Facebook Penn94,highest_degree,2,0.05,218,31387,11
Facebook Penn94,highest_degree,2,0.05,219,31326,11
Facebook Penn94,highest_degree,2,0.05,220,31255,11
Facebook Penn94,highest_degree,2,0.05,221,31152,10
Facebook Penn94,highest_degree,2,0.05,222,31327,9
Facebook Penn94,highest_degree,2,0.05,223,31334,10
Facebook Penn94,highest_degree,2,0.05,224,31368,10
Facebook Penn94,highest_degree,2,0.05,225,31205,9
Facebook Penn94,highest_degree,2,0.05,226,31267,12
Facebook Penn94,highest_degree,2,0.05,227,31291,10
Facebook Penn94,highest_degree,2,0.05,228,31295,12
Facebook Penn94,highest_degree,2,0.05,229,31242,10
Facebook Penn94,highest_degree,2,0.05,230,31406,9
Facebook Penn94,highest_degree,2,0.05,231,31224,10
Facebook Penn94,highest_degree,2,0.05,232,31189,11
Facebook Penn94,highest_degree,2,0.05,233,31328,10
Facebook Penn94,highest_degree,2,0.05,234,31238,11
Facebook Penn94,highest_degree,2,0.05,235,31208,10
Facebook Penn94,highest_degree,2,0.05,236,31383,9
Facebook Penn94,highest_degree,2,0.05,237,31530,11
Facebook Penn94,highest_degree,2,0.05,238,31151,10
Facebook Penn94,highest_degree,2,0.05,239,31207,9
Facebook Penn94,highest_degree,2,0.05,240,31381,10
Facebook Penn94,highest_degree,2,0.05,241,31180,11
Facebook Penn94,highest_degree,2,0.05,242,31373,11
Facebook Penn94,highest_degree,2,0.05,243,31109,10
Facebook Penn94,highest_degree,2,0.05,244,31209,11
Facebook Penn94,highest_degree,2,0.05,245,31232,10
Facebook Penn94,highest_degree,2,0.05,246,31333,11
Facebook Penn94,highest_degree,2,0.05,247,31284,10
Facebook Penn94,highest_degree,2,0.05,248,31344,11
Facebook Penn94,highest_degree,2,0.05,249,31281,10
Facebook Penn94,highest_degree,2,0.05,250,31398,10
Facebook Penn94,highest_degree,2,0.05,251,31221,9
Facebook Penn94,highest_degree,2,0.05,252,31180,11
Facebook Penn94,highest_degree,2,0.05,253,31198,11
Facebook Penn94,highest_degree,2,0.05,254,31250,11
Facebook Penn94,highest_degree,2,0.05,255,31267,10
Facebook Penn94,highest_degree,2,0.05,256,31282,10
Facebook Penn94,highest_degree,2,0.05,257,31216,10
Facebook Penn94,highest_degree,2,0.05,258,31236,10
Facebook Penn94,highest_degree,2,0.05,259,31406,10
Facebook Penn94,highest_degree,2,0.05,260,31354,10
Facebook Penn94,highest_degree,2,0.05,261,31500,10
Facebook Penn94,highest_degree,2,0.05,262,31216,10
Facebook Penn94,highest_degree,2,0.05,263,31266,10
Facebook Penn94,highest_degree,2,0.05,264,31249,9
Facebook Penn94,highest_degree,2,0.05,265,31119,11
Facebook Penn94,highest_degree,2,0.05,266,31311,10
Facebook Penn94,highest_degree,2,0.05,267,31223,10
Facebook Penn94,highest_degree,2,0.05,268,31327,10
Facebook Penn94,highest_degree,2,0.05,269,31305,10
Facebook Penn94,highest_degree,2,0.05,270,31302,11
Facebook Penn94,highest_degree,2,0.05,271,31316,10
Facebook Penn94,highest_degree,2,0.05,272,31139,10
Facebook Penn94,highest_degree,2,0.05,273,31286,11
Facebook Penn94,highest_degree,2,0.05,274,31312,11
Facebook Penn94,highest_degree,2,0.05,275,31292,11
Facebook Penn94,highest_degree,2,0.05,276,31412,10
Facebook Penn94,highest_degree,2,0.05,277,31221,9
Facebook Penn94,highest_degree,2,0.05,278,31527,11
Facebook Penn94,highest_degree,2,0.05,279,31350,10
Facebook Penn94,highest_degree,2,0.05,280,31317,11
Facebook Penn94,highest_degree,2,0.05,281,31270,12
Facebook Penn94,highest_degree,2,0.05,282,31205,11
Facebook Penn94,highest_degree,2,0.05,283,31350,10
Facebook Penn94,highest_degree,2,0.05,284,31349,10
Facebook Penn94,highest_degree,2,0.05,285,31205,10
Facebook Penn94,highest_degree,2,0.05,286,31237,9
Facebook Penn94,highest_degree,2,0.05,287,31271,10
Facebook Penn94,highest_degree,2,0.05,288,31131,10
Facebook Penn94,highest_degree,2,0.05,289,31372,10
Facebook Penn94,highest_degree,2,0.05,290,31431,10
Facebook Penn94,highest_degree,2,0.05,291,31247,11
Facebook Penn94,highest_degree,2,0.05,292,31317,9
Facebook Penn94,highest_degree,2,0.05,293,31372,11
Facebook Penn94,highest_degree,2,0.05,294,31431,10
Facebook Penn94,highest_degree,2,0.05,295,31257,10
Facebook Penn94,highest_degree,2,0.05,296,31351,11
Facebook Penn94,highest_degree,2,0.05,297,31356,10
Facebook Penn94,highest_degree,2,0.05,298,31246,10
Facebook Penn94,highest_degree,2,0.05,299,31260,10
Facebook Penn94,highest_degree,2,0.05,300,31367,11
Facebook Penn94,highest_degree,2,0.05,301,31219,11
Facebook Penn94,highest_degree,2,0.05,302,31158,11
Facebook Penn94,highest_degree,2,0.05,303,31289,11
Facebook Penn94,highest_degree,2,0.05,304,31316,10
Facebook Penn94,highest_degree,2,0.05,305,31262,10
Facebook Penn94,highest_degree,2,0.05,306,31323,11
Facebook Penn94,highest_degree,2,0.05,307,31158,11
Facebook Penn94,highest_degree,2,0.05,308,31262,9
Facebook Penn94,highest_degree,2,0.05,309,31176,12
Facebook Penn94,highest_degree,2,0.05,310,31471,11
Facebook Penn94,highest_degree,2,0.05,311,31217,10
Facebook Penn94,highest_degree,2,0.05,312,31299,11
Facebook Penn94,highest_degree,2,0.05,313,31393,13
Facebook Penn94,highest_degree,2,0.05,314,31246,10
Facebook Penn94,highest_degree,2,0.05,315,31263,10
Facebook Penn94,highest_degree,2,0.05,316,31222,10
Facebook Penn94,highest_degree,2,0.05,317,31256,10
Facebook Penn94,highest_degree,2,0.05,318,31248,11
Facebook Penn94,highest_degree,2,0.05,319,31352,10
Facebook Penn94,highest_degree,2,0.05,320,31298,10
Facebook Penn94,highest_degree,2,0.05,321,31261,10
Facebook Penn94,highest_degree,2,0.05,322,31281,12
Facebook Penn94,highest_degree,2,0.05,323,31325,11
Facebook Penn94,highest_degree,2,0.05,324,31256,10
Facebook Penn94,highest_degree,2,0.05,325,31240,12
Facebook Penn94,highest_degree,2,0.05,326,31280,11
Facebook Penn94,highest_degree,2,0.05,327,31249,10
Facebook Penn94,highest_degree,2,0.05,328,31303,12
Facebook Penn94,highest_degree,2,0.05,329,31210,10
Facebook Penn94,highest_degree,2,0.05,330,31250,10
Facebook Penn94,highest_degree,2,0.05,331,31239,12
Facebook Penn94,highest_degree,2,0.05,332,31323,10
Facebook Penn94,highest_degree,2,0.05,333,31352,10
Facebook Penn94,highest_degree,2,0.05,334,31267,10
Facebook Penn94,highest_degree,2,0.05,335,31233,12
Facebook Penn94,highest_degree,2,0.05,336,31312,11
Facebook Penn94,highest_degree,2,0.05,337,31431,11
Facebook Penn94,highest_degree,2,0.05,338,31184,12
Facebook Penn94,highest_degree,2,0.05,339,31361,10
Facebook Penn94,highest_degree,2,0.05,340,31270,13
Facebook Penn94,highest_degree,2,0.05,341,31242,10
Facebook Penn94,highest_degree,2,0.05,342,31285,10
Facebook Penn94,highest_degree,2,0.05,343,31245,11
Facebook Penn94,highest_degree,2,0.05,344,31329,13
Facebook Penn94,highest_degree,2,0.05,345,31422,12
Facebook Penn94,highest_degree,2,0.05,346,31330,10
Facebook Penn94,highest_degree,2,0.05,347,31165,12
Facebook Penn94,highest_degree,2,0.05,348,31333,9
Facebook Penn94,highest_degree,2,0.05,349,31063,10
Facebook Penn94,highest_degree,2,0.05,350,31131,10
Facebook Penn94,highest_degree,2,0.05,351,31340,11
Facebook Penn94,highest_degree,2,0.05,352,31353,10
Facebook Penn94,highest_degree,2,0.05,353,31208,10
Facebook Penn94,highest_degree,2,0.05,354,31275,10
Facebook Penn94,highest_degree,2,0.05,355,31290,10
Facebook Penn94,highest_degree,2,0.05,356,31093,10
Facebook Penn94,highest_degree,2,0.05,357,31434,11
Facebook Penn94,highest_degree,2,0.05,358,31380,10
Facebook Penn94,highest_degree,2,0.05,359,31203,10
Facebook Penn94,highest_degree,2,0.05,360,31231,10
Facebook Penn94,highest_degree,2,0.05,361,31226,9
Facebook Penn94,highest_degree,2,0.05,362,31261,10
Facebook Penn94,highest_degree,2,0.05,363,31170,11
Facebook Penn94,highest_degree,2,0.05,364,31244,9
Facebook Penn94,highest_degree,2,0.05,365,31211,9
Facebook Penn94,highest_degree,2,0.05,366,31351,10
Facebook Penn94,highest_degree,2,0.05,367,31231,10
Facebook Penn94,highest_degree,2,0.05,368,31276,14
Facebook Penn94,highest_degree,2,0.05,369,31380,10
Facebook Penn94,highest_degree,2,0.05,370,31176,11
Facebook Penn94,highest_degree,2,0.05,371,31329,10
Facebook Penn94,highest_degree,2,0.05,372,31303,9
Facebook Penn94,highest_degree,2,0.05,373,31324,10
Facebook Penn94,highest_degree,2,0.05,374,31347,12
Facebook Penn94,highest_degree,2,0.05,375,31274,12
Facebook Penn94,highest_degree,2,0.05,376,31253,11
Facebook Penn94,highest_degree,2,0.05,377,31269,11
Facebook Penn94,highest_degree,2,0.05,378,31271,11
Facebook Penn94,highest_degree,2,0.05,379,31334,10
Facebook Penn94,highest_degree,2,0.05,380,31309,11
Facebook Penn94,highest_degree,2,0.05,381,31283,13
Facebook Penn94,highest_degree,2,0.05,382,31334,10
Facebook Penn94,highest_degree,2,0.05,383,31229,11
Facebook Penn94,highest_degree,2,0.05,384,31285,10
Facebook Penn94,highest_degree,2,0.05,385,31254,9
Facebook Penn94,highest_degree,2,0.05,386,31221,10
Facebook Penn94,highest_degree,2,0.05,387,31331,10
Facebook Penn94,highest_degree,2,0.05,388,31284,11
Facebook Penn94,highest_degree,2,0.05,389,31179,9
Facebook Penn94,highest_degree,2,0.05,390,31396,10
Facebook Penn94,highest_degree,2,0.05,391,31258,10
Facebook Penn94,highest_degree,2,0.05,392,31323,9
Facebook Penn94,highest_degree,2,0.05,393,31256,10
Facebook Penn94,highest_degree,2,0.05,394,31265,11
Facebook Penn94,highest_degree,2,0.05,395,31367,11
Facebook Penn94,highest_degree,2,0.05,396,31201,10
Facebook Penn94,highest_degree,2,0.05,397,31240,10
Facebook Penn94,highest_degree,2,0.05,398,31317,10
Facebook Penn94,highest_degree,2,0.05,399,31423,11
Facebook Penn94,highest_degree,2,0.05,400,31222,10
Facebook Penn94,highest_degree,2,0.05,401,31391,11
Facebook Penn94,highest_degree,2,0.05,402,31321,10
Facebook Penn94,highest_degree,2,0.05,403,31244,11
Facebook Penn94,highest_degree,2,0.05,404,31200,11
Facebook Penn94,highest_degree,2,0.05,405,31306,10
Facebook Penn94,highest_degree,2,0.05,406,31255,11
Facebook Penn94,highest_degree,2,0.05,407,31355,10
Facebook Penn94,highest_degree,2,0.05,408,31281,9
Facebook Penn94,highest_degree,2,0.05,409,31330,11
Facebook Penn94,highest_degree,2,0.05,410,31312,11
Facebook Penn94,highest_degree,2,0.05,411,31355,11
Facebook Penn94,highest_degree,2,0.05,412,31181,10
Facebook Penn94,highest_degree,2,0.05,413,31163,11
Facebook Penn94,highest_degree,2,0.05,414,31186,10
Facebook Penn94,highest_degree,2,0.05,415,31326,12
Facebook Penn94,highest_degree,2,0.05,416,31292,11
Facebook Penn94,highest_degree,2,0.05,417,31168,10
Facebook Penn94,highest_degree,2,0.05,418,31397,10
Facebook Penn94,highest_degree,2,0.05,419,31177,10
Facebook Penn94,highest_degree,2,0.05,420,31201,11
Facebook Penn94,highest_degree,2,0.05,421,31285,9
Facebook Penn94,highest_degree,2,0.05,422,31305,10
Facebook Penn94,highest_degree,2,0.05,423,31358,11
Facebook Penn94,highest_degree,2,0.05,424,31358,10
Facebook Penn94,highest_degree,2,0.05,425,31288,10
Facebook Penn94,highest_degree,2,0.05,426,31435,11
Facebook Penn94,highest_degree,2,0.05,427,31247,8
Facebook Penn94,highest_degree,2,0.05,428,31381,10
Facebook Penn94,highest_degree,2,0.05,429,31446,10
Facebook Penn94,highest_degree,2,0.05,430,31289,9
Facebook Penn94,highest_degree,2,0.05,431,31174,11
Facebook Penn94,highest_degree,2,0.05,432,31288,10
Facebook Penn94,highest_degree,2,0.05,433,31413,12
Facebook Penn94,highest_degree,2,0.05,434,31253,11
Facebook Penn94,highest_degree,2,0.05,435,31240,11
Facebook Penn94,highest_degree,2,0.05,436,31221,13
Facebook Penn94,highest_degree,2,0.05,437,31229,10
Facebook Penn94,highest_degree,2,0.05,438,31339,10
Facebook Penn94,highest_degree,2,0.05,439,31145,10
Facebook Penn94,highest_degree,2,0.05,440,31314,10
Facebook Penn94,highest_degree,2,0.05,441,31349,10
Facebook Penn94,highest_degree,2,0.05,442,31281,10
Facebook Penn94,highest_degree,2,0.05,443,31300,11
Facebook Penn94,highest_degree,2,0.05,444,31358,11
Facebook Penn94,highest_degree,2,0.05,445,31355,10
Facebook Penn94,highest_degree,2,0.05,446,31524,12
Facebook Penn94,highest_degree,2,0.05,447,31350,10
Facebook Penn94,highest_degree,2,0.05,448,31235,11
Facebook Penn94,highest_degree,2,0.05,449,31209,11
Facebook Penn94,highest_degree,2,0.05,450,31228,10
Facebook Penn94,highest_degree,2,0.05,451,31261,10
Facebook Penn94,highest_degree,2,0.05,452,31342,11
Facebook Penn94,highest_degree,2,0.05,453,31279,11
Facebook Penn94,highest_degree,2,0.05,454,31258,10
Facebook Penn94,highest_degree,2,0.05,455,31231,10
Facebook Penn94,highest_degree,2,0.05,456,31247,9
Facebook Penn94,highest_degree,2,0.05,457,31374,10
Facebook Penn94,highest_degree,2,0.05,458,31204,10
Facebook Penn94,highest_degree,2,0.05,459,31385,12
Facebook Penn94,highest_degree,2,0.05,460,31265,11
Facebook Penn94,highest_degree,2,0.05,461,31272,11
Facebook Penn94,highest_degree,2,0.05,462,31257,12
Facebook Penn94,highest_degree,2,0.05,463,31202,10
Facebook Penn94,highest_degree,2,0.05,464,31358,11
Facebook Penn94,highest_degree,2,0.05,465,31368,12
Facebook Penn94,highest_degree,2,0.05,466,31427,11
Facebook Penn94,highest_degree,2,0.05,467,31260,11
Facebook Penn94,highest_degree,2,0.05,468,31326,10
Facebook Penn94,highest_degree,2,0.05,469,31313,12
Facebook Penn94,highest_degree,2,0.05,470,31392,11
Facebook Penn94,highest_degree,2,0.05,471,31399,11
Facebook Penn94,highest_degree,2,0.05,472,31281,10
Facebook Penn94,highest_degree,2,0.05,473,31277,11
Facebook Penn94,highest_degree,2,0.05,474,31058,10
Facebook Penn94,highest_degree,2,0.05,475,31315,12
Facebook Penn94,highest_degree,2,0.05,476,31209,14
Facebook Penn94,highest_degree,2,0.05,477,31265,13
Facebook Penn94,highest_degree,2,0.05,478,31256,9
Facebook Penn94,highest_degree,2,0.05,479,31204,11
Facebook Penn94,highest_degree,2,0.05,480,31320,10
Facebook Penn94,highest_degree,2,0.05,481,31361,10
Facebook Penn94,highest_degree,2,0.05,482,31396,10
Facebook Penn94,highest_degree,2,0.05,483,31373,10
Facebook Penn94,highest_degree,2,0.05,484,31318,10
Facebook Penn94,highest_degree,2,0.05,485,31352,12
Facebook Penn94,highest_degree,2,0.05,486,31307,10
Facebook Penn94,highest_degree,2,0.05,487,31274,10
Facebook Penn94,highest_degree,2,0.05,488,31221,10
Facebook Penn94,highest_degree,2,0.05,489,31398,10
Facebook Penn94,highest_degree,2,0.05,490,31193,10
Facebook Penn94,highest_degree,2,0.05,491,31148,10
Facebook Penn94,highest_degree,2,0.05,492,31228,10
Facebook Penn94,highest_degree,2,0.05,493,31249,10
Facebook Penn94,highest_degree,2,0.05,494,31253,11
Facebook Penn94,highest_degree,2,0.05,495,31282,10
Facebook Penn94,highest_degree,2,0.05,496,31094,10
Facebook Penn94,highest_degree,2,0.05,497,31329,10
Facebook Penn94,highest_degree,2,0.05,498,31276,11
Facebook Penn94,highest_degree,2,0.05,499,31272,10
Facebook Penn94,highest_degree,2,0.05,500,31272,10
Facebook Penn94,highest_degree,2,0.05,501,31250,10
Facebook Penn94,highest_degree,2,0.05,502,31282,10
Facebook Penn94,highest_degree,2,0.05,503,31191,10
Facebook Penn94,highest_degree,2,0.05,504,31212,11
Facebook Penn94,highest_degree,2,0.05,505,31249,11
Facebook Penn94,highest_degree,2,0.05,506,31175,12
Facebook Penn94,highest_degree,2,0.05,507,31297,9
Facebook Penn94,highest_degree,2,0.05,508,31180,10
Facebook Penn94,highest_degree,2,0.05,509,31254,10
Facebook Penn94,highest_degree,2,0.05,510,31183,11
Facebook Penn94,highest_degree,2,0.05,511,31207,11
Facebook Penn94,highest_degree,2,0.05,512,31131,11
Facebook Penn94,highest_degree,2,0.05,513,31332,11
Facebook Penn94,highest_degree,2,0.05,514,31508,11
Facebook Penn94,highest_degree,2,0.05,515,31192,11
Facebook Penn94,highest_degree,2,0.05,516,31272,10
Facebook Penn94,highest_degree,2,0.05,517,31273,10
Facebook Penn94,highest_degree,2,0.05,518,31324,10
Facebook Penn94,highest_degree,2,0.05,519,31275,12
Facebook Penn94,highest_degree,2,0.05,520,31261,10
Facebook Penn94,highest_degree,2,0.05,521,31382,11
Facebook Penn94,highest_degree,2,0.05,522,31172,10
Facebook Penn94,highest_degree,2,0.05,523,31353,10
Facebook Penn94,highest_degree,2,0.05,524,31397,10
Facebook Penn94,highest_degree,2,0.05,525,31196,10
Facebook Penn94,highest_degree,2,0.05,526,31096,13
Facebook Penn94,highest_degree,2,0.05,527,31243,10
Facebook Penn94,highest_degree,2,0.05,528,31199,10
Facebook Penn94,highest_degree,2,0.05,529,31309,12
Facebook Penn94,highest_degree,2,0.05,530,31363,15
Facebook Penn94,highest_degree,2,0.05,531,31230,10
Facebook Penn94,highest_degree,2,0.05,532,31279,12
Facebook Penn94,highest_degree,2,0.05,533,31221,10
Facebook Penn94,highest_degree,2,0.05,534,31160,10
Facebook Penn94,highest_degree,2,0.05,535,31291,10
Facebook Penn94,highest_degree,2,0.05,536,31201,13
Facebook Penn94,highest_degree,2,0.05,537,31283,11
Facebook Penn94,highest_degree,2,0.05,538,31267,10
Facebook Penn94,highest_degree,2,0.05,539,31279,10
Facebook Penn94,highest_degree,2,0.05,540,31340,9
Facebook Penn94,highest_degree,2,0.05,541,31363,11
Facebook Penn94,highest_degree,2,0.05,542,31187,11
Facebook Penn94,highest_degree,2,0.05,543,31417,10
Facebook Penn94,highest_degree,2,0.05,544,31373,11
Facebook Penn94,highest_degree,2,0.05,545,31329,10
Facebook Penn94,highest_degree,2,0.05,546,31308,10
Facebook Penn94,highest_degree,2,0.05,547,31320,9
Facebook Penn94,highest_degree,2,0.05,548,31364,11
Facebook Penn94,highest_degree,2,0.05,549,31284,11
Facebook Penn94,highest_degree,2,0.05,550,31190,11
Facebook Penn94,highest_degree,2,0.05,551,31270,10
Facebook Penn94,highest_degree,2,0.05,552,31111,9
Facebook Penn94,highest_degree,2,0.05,553,31225,10
Facebook Penn94,highest_degree,2,0.05,554,31053,10
Facebook Penn94,highest_degree,2,0.05,555,31257,10
Facebook Penn94,highest_degree,2,0.05,556,31349,11
Facebook Penn94,highest_degree,2,0.05,557,31369,10
Facebook Penn94,highest_degree,2,0.05,558,31325,10
Facebook Penn94,highest_degree,2,0.05,559,31322,9
Facebook Penn94,highest_degree,2,0.05,560,31210,9
Facebook Penn94,highest_degree,2,0.05,561,31383,11
Facebook Penn94,highest_degree,2,0.05,562,31220,10
Facebook Penn94,highest_degree,2,0.05,563,31334,10
Facebook Penn94,highest_degree,2,0.05,564,31220,9
Facebook Penn94,highest_degree,2,0.05,565,31277,9
Facebook Penn94,highest_degree,2,0.05,566,31327,11
Facebook Penn94,highest_degree,2,0.05,567,31345,10
Facebook Penn94,highest_degree,2,0.05,568,31294,10
Facebook Penn94,highest_degree,2,0.05,569,31345,11
Facebook Penn94,highest_degree,2,0.05,570,31287,12
Facebook Penn94,highest_degree,2,0.05,571,31348,12
Facebook Penn94,highest_degree,2,0.05,572,31280,10
Facebook Penn94,highest_degree,2,0.05,573,31203,11
Facebook Penn94,highest_degree,2,0.05,574,31260,10
Facebook Penn94,highest_degree,2,0.05,575,31245,11
Facebook Penn94,highest_degree,2,0.05,576,31289,11
Facebook Penn94,highest_degree,2,0.05,577,31359,11
Facebook Penn94,highest_degree,2,0.05,578,31246,10
Facebook Penn94,highest_degree,2,0.05,579,31236,10
Facebook Penn94,highest_degree,2,0.05,580,31311,10
Facebook Penn94,highest_degree,2,0.05,581,31273,10
Facebook Penn94,highest_degree,2,0.05,582,31319,10
Facebook Penn94,highest_degree,2,0.05,583,31238,10
Facebook Penn94,highest_degree,2,0.05,584,31246,10
Facebook Penn94,highest_degree,2,0.05,585,31426,10
Facebook Penn94,highest_degree,2,0.05,586,31151,11
Facebook Penn94,highest_degree,2,0.05,587,31197,10
Facebook Penn94,highest_degree,2,0.05,588,31317,10
Facebook Penn94,highest_degree,2,0.05,589,31247,9
Facebook Penn94,highest_degree,2,0.05,590,31346,9
Facebook Penn94,highest_degree,2,0.05,591,31189,10
Facebook Penn94,highest_degree,2,0.05,592,31391,9
Facebook Penn94,highest_degree,2,0.05,593,31350,10
Facebook Penn94,highest_degree,2,0.05,594,31262,10
Facebook Penn94,highest_degree,2,0.05,595,31221,11
Facebook Penn94,highest_degree,2,0.05,596,31356,13
Facebook Penn94,highest_degree,2,0.05,597,31317,10
Facebook Penn94,highest_degree,2,0.05,598,31236,10
Facebook Penn94,highest_degree,2,0.05,599,31236,9
Facebook Penn94,highest_degree,2,0.05,600,31382,10
Facebook Penn94,highest_degree,2,0.05,601,31443,11
Facebook Penn94,highest_degree,2,0.05,602,31303,10
Facebook Penn94,highest_degree,2,0.05,603,31338,12
Facebook Penn94,highest_degree,2,0.05,604,31329,10
Facebook Penn94,highest_degree,2,0.05,605,31227,11
Facebook Penn94,highest_degree,2,0.05,606,31369,12
Facebook Penn94,highest_degree,2,0.05,607,31272,10
Facebook Penn94,highest_degree,2,0.05,608,31321,10
Facebook Penn94,highest_degree,2,0.05,609,31408,10
Facebook Penn94,highest_degree,2,0.05,610,31315,11
Facebook Penn94,highest_degree,2,0.05,611,31367,10
Facebook Penn94,highest_degree,2,0.05,612,31286,11
Facebook Penn94,highest_degree,2,0.05,613,31293,11
Facebook Penn94,highest_degree,2,0.05,614,31296,10
Facebook Penn94,highest_degree,2,0.05,615,31214,9
Facebook Penn94,highest_degree,2,0.05,616,31265,10
Facebook Penn94,highest_degree,2,0.05,617,31235,10
Facebook Penn94,highest_degree,2,0.05,618,31128,11
Facebook Penn94,highest_degree,2,0.05,619,31335,10
Facebook Penn94,highest_degree,2,0.05,620,31274,11
Facebook Penn94,highest_degree,2,0.05,621,31299,11
Facebook Penn94,highest_degree,2,0.05,622,31267,12
Facebook Penn94,highest_degree,2,0.05,623,31340,11
Facebook Penn94,highest_degree,2,0.05,624,31293,10
Facebook Penn94,highest_degree,2,0.05,625,31435,10
Facebook Penn94,highest_degree,2,0.05,626,31304,9
Facebook Penn94,highest_degree,2,0.05,627,31139,10
Facebook Penn94,highest_degree,2,0.05,628,31192,13
Facebook Penn94,highest_degree,2,0.05,629,31199,11
Facebook Penn94,highest_degree,2,0.05,630,31195,10
Facebook Penn94,highest_degree,2,0.05,631,31353,11
Facebook Penn94,highest_degree,2,0.05,632,31196,10
Facebook Penn94,highest_degree,2,0.05,633,31194,11
Facebook Penn94,highest_degree,2,0.05,634,31324,9
Facebook Penn94,highest_degree,2,0.05,635,31222,12
Facebook Penn94,highest_degree,2,0.05,636,31265,11
Facebook Penn94,highest_degree,2,0.05,637,31381,10
Facebook Penn94,highest_degree,2,0.05,638,31294,11
Facebook Penn94,highest_degree,2,0.05,639,31361,10
Facebook Penn94,highest_degree,2,0.05,640,31449,10
Facebook Penn94,highest_degree,2,0.05,641,31220,11
Facebook Penn94,highest_degree,2,0.05,642,31133,10
Facebook Penn94,highest_degree,2,0.05,643,31176,12
Facebook Penn94,highest_degree,2,0.05,644,31280,10
Facebook Penn94,highest_degree,2,0.05,645,31319,11
Facebook Penn94,highest_degree,2,0.05,646,31126,10
Facebook Penn94,highest_degree,2,0.05,647,31253,10
Facebook Penn94,highest_degree,2,0.05,648,31300,10
Facebook Penn94,highest_degree,2,0.05,649,31270,10
Facebook Penn94,highest_degree,2,0.05,650,31335,10
Facebook Penn94,highest_degree,2,0.05,651,31301,10
Facebook Penn94,highest_degree,2,0.05,652,31281,11
Facebook Penn94,highest_degree,2,0.05,653,31324,10
Facebook Penn94,highest_degree,2,0.05,654,31297,11
Facebook Penn94,highest_degree,2,0.05,655,31351,10
Facebook Penn94,highest_degree,2,0.05,656,31247,11
Facebook Penn94,highest_degree,2,0.05,657,31302,10
Facebook Penn94,highest_degree,2,0.05,658,31252,9
Facebook Penn94,highest_degree,2,0.05,659,31166,10
Facebook Penn94,highest_degree,2,0.05,660,31173,10
Facebook Penn94,highest_degree,2,0.05,661,31379,10
Facebook Penn94,highest_degree,2,0.05,662,31321,10
Facebook Penn94,highest_degree,2,0.05,663,31187,12
Facebook Penn94,highest_degree,2,0.05,664,31147,11
Facebook Penn94,highest_degree,2,0.05,665,31267,11
Facebook Penn94,highest_degree,2,0.05,666,31313,10
Facebook Penn94,highest_degree,2,0.05,667,31296,11
Facebook Penn94,highest_degree,2,0.05,668,31341,11
Facebook Penn94,highest_degree,2,0.05,669,31266,10
Facebook Penn94,highest_degree,2,0.05,670,31123,10
Facebook Penn94,highest_degree,2,0.05,671,31227,11
Facebook Penn94,highest_degree,2,0.05,672,31339,9
Facebook Penn94,highest_degree,2,0.05,673,31178,10
Facebook Penn94,highest_degree,2,0.05,674,31298,10
Facebook Penn94,highest_degree,2,0.05,675,31264,11
Facebook Penn94,highest_degree,2,0.05,676,31140,11
Facebook Penn94,highest_degree,2,0.05,677,31425,10
Facebook Penn94,highest_degree,2,0.05,678,31457,12
Facebook Penn94,highest_degree,2,0.05,679,31437,13
Facebook Penn94,highest_degree,2,0.05,680,31355,10
Facebook Penn94,highest_degree,2,0.05,681,31275,10
Facebook Penn94,highest_degree,2,0.05,682,31343,12
Facebook Penn94,highest_degree,2,0.05,683,31185,10
Facebook Penn94,highest_degree,2,0.05,684,31250,10
Facebook Penn94,highest_degree,2,0.05,685,31288,12
Facebook Penn94,highest_degree,2,0.05,686,31349,10
Facebook Penn94,highest_degree,2,0.05,687,31228,12
Facebook Penn94,highest_degree,2,0.05,688,31162,10
Facebook Penn94,highest_degree,2,0.05,689,31384,10
Facebook Penn94,highest_degree,2,0.05,690,31148,11
Facebook Penn94,highest_degree,2,0.05,691,31208,10
Facebook Penn94,highest_degree,2,0.05,692,31319,11
Facebook Penn94,highest_degree,2,0.05,693,31258,10
Facebook Penn94,highest_degree,2,0.05,694,31258,10
Facebook Penn94,highest_degree,2,0.05,695,31177,9
Facebook Penn94,highest_degree,2,0.05,696,31264,10
Facebook Penn94,highest_degree,2,0.05,697,31088,11
Facebook Penn94,highest_degree,2,0.05,698,31410,10
Facebook Penn94,highest_degree,2,0.05,699,31335,11
Facebook Penn94,highest_degree,2,0.05,700,31292,10
Facebook Penn94,highest_degree,2,0.05,701,31383,11
Facebook Penn94,highest_degree,2,0.05,702,31250,10
Facebook Penn94,highest_degree,2,0.05,703,31279,9
Facebook Penn94,highest_degree,2,0.05,704,31397,10
Facebook Penn94,highest_degree,2,0.05,705,31125,10
Facebook Penn94,highest_degree,2,0.05,706,31315,10
Facebook Penn94,highest_degree,2,0.05,707,31370,11
Facebook Penn94,highest_degree,2,0.05,708,31136,10
Facebook Penn94,highest_degree,2,0.05,709,31155,10
Facebook Penn94,highest_degree,2,0.05,710,31303,11
Facebook Penn94,highest_degree,2,0.05,711,31352,10
Facebook Penn94,highest_degree,2,0.05,712,31276,11
Facebook Penn94,highest_degree,2,0.05,713,31243,10
Facebook Penn94,highest_degree,2,0.05,714,31211,11
Facebook Penn94,highest_degree,2,0.05,715,31233,11
Facebook Penn94,highest_degree,2,0.05,716,31235,10
Facebook Penn94,highest_degree,2,0.05,717,31235,11
Facebook Penn94,highest_degree,2,0.05,718,31295,10
Facebook Penn94,highest_degree,2,0.05,719,31273,10
Facebook Penn94,highest_degree,2,0.05,720,31359,10
Facebook Penn94,highest_degree,2,0.05,721,31268,10
Facebook Penn94,highest_degree,2,0.05,722,31319,10
Facebook Penn94,highest_degree,2,0.05,723,31341,11
Facebook Penn94,highest_degree,2,0.05,724,31244,12
Facebook Penn94,highest_degree,2,0.05,725,31174,10
Facebook Penn94,highest_degree,2,0.05,726,31332,10
Facebook Penn94,highest_degree,2,0.05,727,31264,11
Facebook Penn94,highest_degree,2,0.05,728,31393,10
Facebook Penn94,highest_degree,2,0.05,729,31269,10
Facebook Penn94,highest_degree,2,0.05,730,31238,11
Facebook Penn94,highest_degree,2,0.05,731,31276,9
Facebook Penn94,highest_degree,2,0.05,732,31242,10
Facebook Penn94,highest_degree,2,0.05,733,31252,9
Facebook Penn94,highest_degree,2,0.05,734,31270,9
Facebook Penn94,highest_degree,2,0.05,735,31280,12
Facebook Penn94,highest_degree,2,0.05,736,31270,9
Facebook Penn94,highest_degree,2,0.05,737,31309,11
Facebook Penn94,highest_degree,2,0.05,738,31297,9
Facebook Penn94,highest_degree,2,0.05,739,31235,13
Facebook Penn94,highest_degree,2,0.05,740,31456,10
Facebook Penn94,highest_degree,2,0.05,741,31230,10
Facebook Penn94,highest_degree,2,0.05,742,31322,13
Facebook Penn94,highest_degree,2,0.05,743,31276,9
Facebook Penn94,highest_degree,2,0.05,744,31302,9
Facebook Penn94,highest_degree,2,0.05,745,31259,11
Facebook Penn94,highest_degree,2,0.05,746,31347,10
Facebook Penn94,highest_degree,2,0.05,747,31204,10
Facebook Penn94,highest_degree,2,0.05,748,31197,10
Facebook Penn94,highest_degree,2,0.05,749,31342,10
Facebook Penn94,highest_degree,2,0.05,750,31287,11
Facebook Penn94,highest_degree,2,0.05,751,31359,11
Facebook Penn94,highest_degree,2,0.05,752,31264,10
Facebook Penn94,highest_degree,2,0.05,753,31355,12
Facebook Penn94,highest_degree,2,0.05,754,31312,10
Facebook Penn94,highest_degree,2,0.05,755,31220,10
Facebook Penn94,highest_degree,2,0.05,756,31169,11
Facebook Penn94,highest_degree,2,0.05,757,31289,10
Facebook Penn94,highest_degree,2,0.05,758,31247,11
Facebook Penn94,highest_degree,2,0.05,759,31409,11
Facebook Penn94,highest_degree,2,0.05,760,31341,10
Facebook Penn94,highest_degree,2,0.05,761,31335,11
Facebook Penn94,highest_degree,2,0.05,762,31332,10
Facebook Penn94,highest_degree,2,0.05,763,31339,12
Facebook Penn94,highest_degree,2,0.05,764,31220,12
Facebook Penn94,highest_degree,2,0.05,765,31115,10
Facebook Penn94,highest_degree,2,0.05,766,31315,10
Facebook Penn94,highest_degree,2,0.05,767,31299,9
Facebook Penn94,highest_degree,2,0.05,768,31272,9
Facebook Penn94,highest_degree,2,0.05,769,31265,10
Facebook Penn94,highest_degree,2,0.05,770,31505,12
Facebook Penn94,highest_degree,2,0.05,771,31370,10
Facebook Penn94,highest_degree,2,0.05,772,31301,11
Facebook Penn94,highest_degree,2,0.05,773,31360,10
Facebook Penn94,highest_degree,2,0.05,774,31226,10
Facebook Penn94,highest_degree,2,0.05,775,31278,12
Facebook Penn94,highest_degree,2,0.05,776,31331,9
Facebook Penn94,highest_degree,2,0.05,777,31248,10
Facebook Penn94,highest_degree,2,0.05,778,31222,10
Facebook Penn94,highest_degree,2,0.05,779,31398,12
Facebook Penn94,highest_degree,2,0.05,780,31379,9
Facebook Penn94,highest_degree,2,0.05,781,31294,11
Facebook Penn94,highest_degree,2,0.05,782,31169,12
Facebook Penn94,highest_degree,2,0.05,783,31305,10
Facebook Penn94,highest_degree,2,0.05,784,31199,10
Facebook Penn94,highest_degree,2,0.05,785,31238,11
Facebook Penn94,highest_degree,2,0.05,786,31332,13
Facebook Penn94,highest_degree,2,0.05,787,31299,11
Facebook Penn94,highest_degree,2,0.05,788,31384,12
Facebook Penn94,highest_degree,2,0.05,789,31343,11
Facebook Penn94,highest_degree,2,0.05,790,31324,11
Facebook Penn94,highest_degree,2,0.05,791,31321,11
Facebook Penn94,highest_degree,2,0.05,792,31259,11
Facebook Penn94,highest_degree,2,0.05,793,31288,10
Facebook Penn94,highest_degree,2,0.05,794,31262,10
Facebook Penn94,highest_degree,2,0.05,795,31235,10
Facebook Penn94,highest_degree,2,0.05,796,31377,10
Facebook Penn94,highest_degree,2,0.05,797,31240,9
Facebook Penn94,highest_degree,2,0.05,798,31289,10
Facebook Penn94,highest_degree,2,0.05,799,31266,11
Facebook Penn94,highest_degree,2,0.05,800,31390,11
Facebook Penn94,highest_degree,2,0.05,801,31308,12
Facebook Penn94,highest_degree,2,0.05,802,31267,11
Facebook Penn94,highest_degree,2,0.05,803,31300,11
Facebook Penn94,highest_degree,2,0.05,804,31306,13
Facebook Penn94,highest_degree,2,0.05,805,31245,9
Facebook Penn94,highest_degree,2,0.05,806,31275,9
Facebook Penn94,highest_degree,2,0.05,807,31284,11
Facebook Penn94,highest_degree,2,0.05,808,31224,9
Facebook Penn94,highest_degree,2,0.05,809,31173,10
Facebook Penn94,highest_degree,2,0.05,810,31329,10
Facebook Penn94,highest_degree,2,0.05,811,31353,10
Facebook Penn94,highest_degree,2,0.05,812,31356,11
Facebook Penn94,highest_degree,2,0.05,813,31263,11
Facebook Penn94,highest_degree,2,0.05,814,31461,11
Facebook Penn94,highest_degree,2,0.05,815,31345,12
Facebook Penn94,highest_degree,2,0.05,816,31325,10
Facebook Penn94,highest_degree,2,0.05,817,31230,10
Facebook Penn94,highest_degree,2,0.05,818,31391,10
Facebook Penn94,highest_degree,2,0.05,819,31237,11
Facebook Penn94,highest_degree,2,0.05,820,31219,12
Facebook Penn94,highest_degree,2,0.05,821,31310,10
Facebook Penn94,highest_degree,2,0.05,822,31131,11
Facebook Penn94,highest_degree,2,0.05,823,31265,10
Facebook Penn94,highest_degree,2,0.05,824,31296,9
Facebook Penn94,highest_degree,2,0.05,825,31247,10
Facebook Penn94,highest_degree,2,0.05,826,31247,11
Facebook Penn94,highest_degree,2,0.05,827,31165,10
Facebook Penn94,highest_degree,2,0.05,828,31460,10
Facebook Penn94,highest_degree,2,0.05,829,31383,11
Facebook Penn94,highest_degree,2,0.05,830,31162,11
Facebook Penn94,highest_degree,2,0.05,831,31171,11
Facebook Penn94,highest_degree,2,0.05,832,31346,10
Facebook Penn94,highest_degree,2,0.05,833,31340,11
Facebook Penn94,highest_degree,2,0.05,834,31259,10
Facebook Penn94,highest_degree,2,0.05,835,31191,9
Facebook Penn94,highest_degree,2,0.05,836,31265,10
Facebook Penn94,highest_degree,2,0.05,837,31375,9
Facebook Penn94,highest_degree,2,0.05,838,31202,11
Facebook Penn94,highest_degree,2,0.05,839,31415,10
Facebook Penn94,highest_degree,2,0.05,840,31274,10
Facebook Penn94,highest_degree,2,0.05,841,31155,10
Facebook Penn94,highest_degree,2,0.05,842,31295,11
Facebook Penn94,highest_degree,2,0.05,843,31258,9
Facebook Penn94,highest_degree,2,0.05,844,31253,10
Facebook Penn94,highest_degree,2,0.05,845,31273,11
Facebook Penn94,highest_degree,2,0.05,846,31308,10
Facebook Penn94,highest_degree,2,0.05,847,31117,9
Facebook Penn94,highest_degree,2,0.05,848,31179,12
Facebook Penn94,highest_degree,2,0.05,849,31221,11
Facebook Penn94,highest_degree,2,0.05,850,31290,12
Facebook Penn94,highest_degree,2,0.05,851,31263,10
Facebook Penn94,highest_degree,2,0.05,852,31096,10
Facebook Penn94,highest_degree,2,0.05,853,31362,9
Facebook Penn94,highest_degree,2,0.05,854,31251,10
Facebook Penn94,highest_degree,2,0.05,855,31284,12
Facebook Penn94,highest_degree,2,0.05,856,31204,10
Facebook Penn94,highest_degree,2,0.05,857,31380,10
Facebook Penn94,highest_degree,2,0.05,858,31317,10
Facebook Penn94,highest_degree,2,0.05,859,31333,13
Facebook Penn94,highest_degree,2,0.05,860,31373,10
Facebook Penn94,highest_degree,2,0.05,861,31322,10
Facebook Penn94,highest_degree,2,0.05,862,31295,9
Facebook Penn94,highest_degree,2,0.05,863,31266,10
Facebook Penn94,highest_degree,2,0.05,864,31368,9
Facebook Penn94,highest_degree,2,0.05,865,31322,13
Facebook Penn94,highest_degree,2,0.05,866,31299,11
Facebook Penn94,highest_degree,2,0.05,867,31260,11
Facebook Penn94,highest_degree,2,0.05,868,31338,11
Facebook Penn94,highest_degree,2,0.05,869,31313,9
Facebook Penn94,highest_degree,2,0.05,870,31266,11
Facebook Penn94,highest_degree,2,0.05,871,31401,11
Facebook Penn94,highest_degree,2,0.05,872,31221,11
Facebook Penn94,highest_degree,2,0.05,873,31140,10
Facebook Penn94,highest_degree,2,0.05,874,31216,10
Facebook Penn94,highest_degree,2,0.05,875,31387,11
Facebook Penn94,highest_degree,2,0.05,876,31447,10
Facebook Penn94,highest_degree,2,0.05,877,31236,10
Facebook Penn94,highest_degree,2,0.05,878,31258,10
Facebook Penn94,highest_degree,2,0.05,879,31406,10
Facebook Penn94,highest_degree,2,0.05,880,31114,11
Facebook Penn94,highest_degree,2,0.05,881,31378,11
Facebook Penn94,highest_degree,2,0.05,882,31215,10
Facebook Penn94,highest_degree,2,0.05,883,31280,13
Facebook Penn94,highest_degree,2,0.05,884,31263,11
Facebook Penn94,highest_degree,2,0.05,885,31253,10
Facebook Penn94,highest_degree,2,0.05,886,31231,10
Facebook Penn94,highest_degree,2,0.05,887,31232,11
Facebook Penn94,highest_degree,2,0.05,888,31238,10
Facebook Penn94,highest_degree,2,0.05,889,31128,13
Facebook Penn94,highest_degree,2,0.05,890,31432,10
Facebook Penn94,highest_degree,2,0.05,891,31325,10
Facebook Penn94,highest_degree,2,0.05,892,31343,11
Facebook Penn94,highest_degree,2,0.05,893,31358,10
Facebook Penn94,highest_degree,2,0.05,894,31231,11
Facebook Penn94,highest_degree,2,0.05,895,31420,10
Facebook Penn94,highest_degree,2,0.05,896,31288,10
Facebook Penn94,highest_degree,2,0.05,897,31275,11
Facebook Penn94,highest_degree,2,0.05,898,31295,9
Facebook Penn94,highest_degree,2,0.05,899,31254,12
Facebook Penn94,highest_degree,2,0.05,900,31303,10
Facebook Penn94,highest_degree,2,0.05,901,31151,9
Facebook Penn94,highest_degree,2,0.05,902,31189,10
Facebook Penn94,highest_degree,2,0.05,903,31235,11
Facebook Penn94,highest_degree,2,0.05,904,31379,10
Facebook Penn94,highest_degree,2,0.05,905,31346,11
Facebook Penn94,highest_degree,2,0.05,906,31241,11
Facebook Penn94,highest_degree,2,0.05,907,31280,11
Facebook Penn94,highest_degree,2,0.05,908,31269,11
Facebook Penn94,highest_degree,2,0.05,909,31245,11
Facebook Penn94,highest_degree,2,0.05,910,31325,10
Facebook Penn94,highest_degree,2,0.05,911,31223,11
Facebook Penn94,highest_degree,2,0.05,912,31288,11
Facebook Penn94,highest_degree,2,0.05,913,31326,12
Facebook Penn94,highest_degree,2,0.05,914,31264,10
Facebook Penn94,highest_degree,2,0.05,915,31247,9
Facebook Penn94,highest_degree,2,0.05,916,31420,10
Facebook Penn94,highest_degree,2,0.05,917,31230,11
Facebook Penn94,highest_degree,2,0.05,918,31320,10
Facebook Penn94,highest_degree,2,0.05,919,31304,13
Facebook Penn94,highest_degree,2,0.05,920,31231,10
Facebook Penn94,highest_degree,2,0.05,921,31331,10
Facebook Penn94,highest_degree,2,0.05,922,31327,10
Facebook Penn94,highest_degree,2,0.05,923,31171,10
Facebook Penn94,highest_degree,2,0.05,924,31207,9
Facebook Penn94,highest_degree,2,0.05,925,31204,10
Facebook Penn94,highest_degree,2,0.05,926,31192,10
Facebook Penn94,highest_degree,2,0.05,927,31198,10
Facebook Penn94,highest_degree,2,0.05,928,31316,10
Facebook Penn94,highest_degree,2,0.05,929,31183,10
Facebook Penn94,highest_degree,2,0.05,930,31298,12
Facebook Penn94,highest_degree,2,0.05,931,31347,10
Facebook Penn94,highest_degree,2,0.05,932,31183,10
Facebook Penn94,highest_degree,2,0.05,933,31356,11
Facebook Penn94,highest_degree,2,0.05,934,31309,11
Facebook Penn94,highest_degree,2,0.05,935,31088,10
Facebook Penn94,highest_degree,2,0.05,936,31222,10
Facebook Penn94,highest_degree,2,0.05,937,31327,11
Facebook Penn94,highest_degree,2,0.05,938,31283,11
Facebook Penn94,highest_degree,2,0.05,939,31442,10
Facebook Penn94,highest_degree,2,0.05,940,31299,11
Facebook Penn94,highest_degree,2,0.05,941,31222,10
Facebook Penn94,highest_degree,2,0.05,942,31336,10
Facebook Penn94,highest_degree,2,0.05,943,31339,10
Facebook Penn94,highest_degree,2,0.05,944,31353,10
Facebook Penn94,highest_degree,2,0.05,945,31238,10
Facebook Penn94,highest_degree,2,0.05,946,31315,10
Facebook Penn94,highest_degree,2,0.05,947,31345,12
Facebook Penn94,highest_degree,2,0.05,948,31303,11
Facebook Penn94,highest_degree,2,0.05,949,31172,10
Facebook Penn94,highest_degree,2,0.05,950,31340,10
Facebook Penn94,highest_degree,2,0.05,951,31354,11
Facebook Penn94,highest_degree,2,0.05,952,31258,9
Facebook Penn94,highest_degree,2,0.05,953,31306,11
Facebook Penn94,highest_degree,2,0.05,954,31225,10
Facebook Penn94,highest_degree,2,0.05,955,31304,9
Facebook Penn94,highest_degree,2,0.05,956,31283,11
Facebook Penn94,highest_degree,2,0.05,957,31300,10
Facebook Penn94,highest_degree,2,0.05,958,31298,10
Facebook Penn94,highest_degree,2,0.05,959,31231,10
Facebook Penn94,highest_degree,2,0.05,960,31243,11
Facebook Penn94,highest_degree,2,0.05,961,31223,11
Facebook Penn94,highest_degree,2,0.05,962,31279,10
Facebook Penn94,highest_degree,2,0.05,963,31273,11
Facebook Penn94,highest_degree,2,0.05,964,31253,10
Facebook Penn94,highest_degree,2,0.05,965,31284,10
Facebook Penn94,highest_degree,2,0.05,966,31427,11
Facebook Penn94,highest_degree,2,0.05,967,31345,11
Facebook Penn94,highest_degree,2,0.05,968,31169,10
Facebook Penn94,highest_degree,2,0.05,969,31219,10
Facebook Penn94,highest_degree,2,0.05,970,31290,10
Facebook Penn94,highest_degree,2,0.05,971,31200,10
Facebook Penn94,highest_degree,2,0.05,972,31286,10
Facebook Penn94,highest_degree,2,0.05,973,31318,9
Facebook Penn94,highest_degree,2,0.05,974,31125,10
Facebook Penn94,highest_degree,2,0.05,975,31264,11
Facebook Penn94,highest_degree,2,0.05,976,31235,11
Facebook Penn94,highest_degree,2,0.05,977,31350,10
Facebook Penn94,highest_degree,2,0.05,978,31341,11
Facebook Penn94,highest_degree,2,0.05,979,31299,12
Facebook Penn94,highest_degree,2,0.05,980,31291,11
Facebook Penn94,highest_degree,2,0.05,981,31399,10
Facebook Penn94,highest_degree,2,0.05,982,31435,11
Facebook Penn94,highest_degree,2,0.05,983,31417,11
Facebook Penn94,highest_degree,2,0.05,984,31197,9
Facebook Penn94,highest_degree,2,0.05,985,31219,9
Facebook Penn94,highest_degree,2,0.05,986,31185,13
Facebook Penn94,highest_degree,2,0.05,987,31232,10
Facebook Penn94,highest_degree,2,0.05,988,31309,11
Facebook Penn94,highest_degree,2,0.05,989,31277,10
Facebook Penn94,highest_degree,2,0.05,990,31354,13
Facebook Penn94,highest_degree,2,0.05,991,31276,10
Facebook Penn94,highest_degree,2,0.05,992,31287,11
Facebook Penn94,highest_degree,2,0.05,993,31226,11
Facebook Penn94,highest_degree,2,0.05,994,31354,12
Facebook Penn94,highest_degree,2,0.05,995,31240,10
Facebook Penn94,highest_degree,2,0.05,996,31266,10
Facebook Penn94,highest_degree,2,0.05,997,31367,9
Facebook Penn94,highest_degree,2,0.05,998,31276,10
Facebook Penn94,highest_degree,2,0.05,999,31289,10
Facebook Penn94,highest_degree,4,0.05,0,31335,9
Facebook Penn94,highest_degree,4,0.05,1,31221,12
Facebook Penn94,highest_degree,4,0.05,2,31280,10
Facebook Penn94,highest_degree,4,0.05,3,31439,15
Facebook Penn94,highest_degree,4,0.05,4,31199,12
Facebook Penn94,highest_degree,4,0.05,5,31242,16
Facebook Penn94,highest_degree,4,0.05,6,31319,11
Facebook Penn94,highest_degree,4,0.05,7,31343,10
Facebook Penn94,highest_degree,4,0.05,8,31239,10
Facebook Penn94,highest_degree,4,0.05,9,31265,10
Facebook Penn94,highest_degree,4,0.05,10,31165,12
Facebook Penn94,highest_degree,4,0.05,11,31335,10
Facebook Penn94,highest_degree,4,0.05,12,31254,11
Facebook Penn94,highest_degree,4,0.05,13,31423,10
Facebook Penn94,highest_degree,4,0.05,14,31365,10
Facebook Penn94,highest_degree,4,0.05,15,31207,10
Facebook Penn94,highest_degree,4,0.05,16,31154,10
Facebook Penn94,highest_degree,4,0.05,17,31182,11
Facebook Penn94,highest_degree,4,0.05,18,31325,11
Facebook Penn94,highest_degree,4,0.05,19,31292,11
Facebook Penn94,highest_degree,4,0.05,20,31275,10
Facebook Penn94,highest_degree,4,0.05,21,31256,11
Facebook Penn94,highest_degree,4,0.05,22,31379,9
Facebook Penn94,highest_degree,4,0.05,23,31362,10
Facebook Penn94,highest_degree,4,0.05,24,31202,9
Facebook Penn94,highest_degree,4,0.05,25,31290,10
Facebook Penn94,highest_degree,4,0.05,26,31315,10
Facebook Penn94,highest_degree,4,0.05,27,31253,10
Facebook Penn94,highest_degree,4,0.05,28,31393,10
Facebook Penn94,highest_degree,4,0.05,29,31142,11
Facebook Penn94,highest_degree,4,0.05,30,31315,10
Facebook Penn94,highest_degree,4,0.05,31,31256,9
Facebook Penn94,highest_degree,4,0.05,32,31244,11
Facebook Penn94,highest_degree,4,0.05,33,31295,9
Facebook Penn94,highest_degree,4,0.05,34,31208,10
Facebook Penn94,highest_degree,4,0.05,35,31125,9
Facebook Penn94,highest_degree,4,0.05,36,31231,11
Facebook Penn94,highest_degree,4,0.05,37,31324,10
Facebook Penn94,highest_degree,4,0.05,38,31231,10
Facebook Penn94,highest_degree,4,0.05,39,31369,10
Facebook Penn94,highest_degree,4,0.05,40,31254,9
Facebook Penn94,highest_degree,4,0.05,41,31306,9
Facebook Penn94,highest_degree,4,0.05,42,31244,11
Facebook Penn94,highest_degree,4,0.05,43,31165,11
Facebook Penn94,highest_degree,4,0.05,44,31323,11
Facebook Penn94,highest_degree,4,0.05,45,31248,10
Facebook Penn94,highest_degree,4,0.05,46,31395,10
Facebook Penn94,highest_degree,4,0.05,47,31157,11
Facebook Penn94,highest_degree,4,0.05,48,31335,11
Facebook Penn94,highest_degree,4,0.05,49,31254,11
Facebook Penn94,highest_degree,4,0.05,50,31204,11
Facebook Penn94,highest_degree,4,0.05,51,31219,11
Facebook Penn94,highest_degree,4,0.05,52,31424,13
Facebook Penn94,highest_degree,4,0.05,53,31311,9
Facebook Penn94,highest_degree,4,0.05,54,31367,10
Facebook Penn94,highest_degree,4,0.05,55,31295,10
Facebook Penn94,highest_degree,4,0.05,56,31323,10
Facebook Penn94,highest_degree,4,0.05,57,31268,9
Facebook Penn94,highest_degree,4,0.05,58,31258,10
Facebook Penn94,highest_degree,4,0.05,59,31297,10
Facebook Penn94,highest_degree,4,0.05,60,31268,11
Facebook Penn94,highest_degree,4,0.05,61,31194,10
Facebook Penn94,highest_degree,4,0.05,62,31326,9
Facebook Penn94,highest_degree,4,0.05,63,31321,9
Facebook Penn94,highest_degree,4,0.05,64,31400,11
Facebook Penn94,highest_degree,4,0.05,65,31341,10
Facebook Penn94,highest_degree,4,0.05,66,31171,10
Facebook Penn94,highest_degree,4,0.05,67,31337,10
Facebook Penn94,highest_degree,4,0.05,68,31342,10
Facebook Penn94,highest_degree,4,0.05,69,31301,10
Facebook Penn94,highest_degree,4,0.05,70,31415,10
Facebook Penn94,highest_degree,4,0.05,71,31256,10
Facebook Penn94,highest_degree,4,0.05,72,31359,9
Facebook Penn94,highest_degree,4,0.05,73,31336,9
Facebook Penn94,highest_degree,4,0.05,74,31209,9
Facebook Penn94,highest_degree,4,0.05,75,31341,12
Facebook Penn94,highest_degree,4,0.05,76,31343,9
Facebook Penn94,highest_degree,4,0.05,77,31287,10
Facebook Penn94,highest_degree,4,0.05,78,31237,10
Facebook Penn94,highest_degree,4,0.05,79,31301,10
Facebook Penn94,highest_degree,4,0.05,80,31347,10
Facebook Penn94,highest_degree,4,0.05,81,31261,11
Facebook Penn94,highest_degree,4,0.05,82,31571,11
Facebook Penn94,highest_degree,4,0.05,83,31193,10
Facebook Penn94,highest_degree,4,0.05,84,31278,11
Facebook Penn94,highest_degree,4,0.05,85,31237,10
Facebook Penn94,highest_degree,4,0.05,86,31163,10
Facebook Penn94,highest_degree,4,0.05,87,31342,10
Facebook Penn94,highest_degree,4,0.05,88,31401,10
Facebook Penn94,highest_degree,4,0.05,89,31202,11
Facebook Penn94,highest_degree,4,0.05,90,31170,11
Facebook Penn94,highest_degree,4,0.05,91,31277,11
Facebook Penn94,highest_degree,4,0.05,92,31229,10
Facebook Penn94,highest_degree,4,0.05,93,31324,10
Facebook Penn94,highest_degree,4,0.05,94,31408,10
Facebook Penn94,highest_degree,4,0.05,95,31244,10
Facebook Penn94,highest_degree,4,0.05,96,31231,10
Facebook Penn94,highest_degree,4,0.05,97,31216,10
Facebook Penn94,highest_degree,4,0.05,98,31303,10
Facebook Penn94,highest_degree,4,0.05,99,31188,11
Facebook Penn94,highest_degree,4,0.05,100,31247,12
Facebook Penn94,highest_degree,4,0.05,101,31272,11
Facebook Penn94,highest_degree,4,0.05,102,31369,9
Facebook Penn94,highest_degree,4,0.05,103,31291,9
Facebook Penn94,highest_degree,4,0.05,104,31390,9
Facebook Penn94,highest_degree,4,0.05,105,31231,10
Facebook Penn94,highest_degree,4,0.05,106,31294,10
Facebook Penn94,highest_degree,4,0.05,107,31492,10
Facebook Penn94,highest_degree,4,0.05,108,31255,10
Facebook Penn94,highest_degree,4,0.05,109,31209,11
Facebook Penn94,highest_degree,4,0.05,110,31225,12
Facebook Penn94,highest_degree,4,0.05,111,31149,12
Facebook Penn94,highest_degree,4,0.05,112,31298,10
Facebook Penn94,highest_degree,4,0.05,113,31280,10
Facebook Penn94,highest_degree,4,0.05,114,31294,10
Facebook Penn94,highest_degree,4,0.05,115,31251,12
Facebook Penn94,highest_degree,4,0.05,116,31331,10
Facebook Penn94,highest_degree,4,0.05,117,31316,10
Facebook Penn94,highest_degree,4,0.05,118,31479,11
Facebook Penn94,highest_degree,4,0.05,119,31282,10
Facebook Penn94,highest_degree,4,0.05,120,31307,10
Facebook Penn94,highest_degree,4,0.05,121,31220,13
Facebook Penn94,highest_degree,4,0.05,122,31230,9
Facebook Penn94,highest_degree,4,0.05,123,31203,10
Facebook Penn94,highest_degree,4,0.05,124,31177,11
Facebook Penn94,highest_degree,4,0.05,125,31219,10
Facebook Penn94,highest_degree,4,0.05,126,31246,10
Facebook Penn94,highest_degree,4,0.05,127,31372,11
Facebook Penn94,highest_degree,4,0.05,128,31264,10
Facebook Penn94,highest_degree,4,0.05,129,31378,11
Facebook Penn94,highest_degree,4,0.05,130,31301,10
Facebook Penn94,highest_degree,4,0.05,131,31309,11
Facebook Penn94,highest_degree,4,0.05,132,31318,10
Facebook Penn94,highest_degree,4,0.05,133,31178,10
Facebook Penn94,highest_degree,4,0.05,134,31289,11
Facebook Penn94,highest_degree,4,0.05,135,31237,11
Facebook Penn94,highest_degree,4,0.05,136,31377,9
Facebook Penn94,highest_degree,4,0.05,137,31339,10
Facebook Penn94,highest_degree,4,0.05,138,31294,9
Facebook Penn94,highest_degree,4,0.05,139,31278,10
Facebook Penn94,highest_degree,4,0.05,140,31275,13
Facebook Penn94,highest_degree,4,0.05,141,31174,10
Facebook Penn94,highest_degree,4,0.05,142,31365,10
Facebook Penn94,highest_degree,4,0.05,143,31101,10
Facebook Penn94,highest_degree,4,0.05,144,31273,11
Facebook Penn94,highest_degree,4,0.05,145,31344,10
Facebook Penn94,highest_degree,4,0.05,146,31208,11
Facebook Penn94,highest_degree,4,0.05,147,31292,10
Facebook Penn94,highest_degree,4,0.05,148,31215,10
Facebook Penn94,highest_degree,4,0.05,149,31279,9
Facebook Penn94,highest_degree,4,0.05,150,31368,10
Facebook Penn94,highest_degree,4,0.05,151,31199,12
Facebook Penn94,highest_degree,4,0.05,152,31350,10
Facebook Penn94,highest_degree,4,0.05,153,31229,10
Facebook Penn94,highest_degree,4,0.05,154,31188,9
Facebook Penn94,highest_degree,4,0.05,155,31363,11
Facebook Penn94,highest_degree,4,0.05,156,31336,10
Facebook Penn94,highest_degree,4,0.05,157,31250,11
Facebook Penn94,highest_degree,4,0.05,158,31247,10
Facebook Penn94,highest_degree,4,0.05,159,31399,11
Facebook Penn94,highest_degree,4,0.05,160,31219,11
Facebook Penn94,highest_degree,4,0.05,161,31411,10
Facebook Penn94,highest_degree,4,0.05,162,31230,10
Facebook Penn94,highest_degree,4,0.05,163,31375,10
Facebook Penn94,highest_degree,4,0.05,164,31343,10
Facebook Penn94,highest_degree,4,0.05,165,31302,10
Facebook Penn94,highest_degree,4,0.05,166,31316,13
Facebook Penn94,highest_degree,4,0.05,167,31276,10
Facebook Penn94,highest_degree,4,0.05,168,31180,9
Facebook Penn94,highest_degree,4,0.05,169,31258,11
Facebook Penn94,highest_degree,4,0.05,170,31272,11
Facebook Penn94,highest_degree,4,0.05,171,31283,13
Facebook Penn94,highest_degree,4,0.05,172,31416,9
Facebook Penn94,highest_degree,4,0.05,173,31358,10
Facebook Penn94,highest_degree,4,0.05,174,31211,10
Facebook Penn94,highest_degree,4,0.05,175,31262,10
Facebook Penn94,highest_degree,4,0.05,176,31335,10
Facebook Penn94,highest_degree,4,0.05,177,31243,10
Facebook Penn94,highest_degree,4,0.05,178,31352,10
Facebook Penn94,highest_degree,4,0.05,179,31180,10
Facebook Penn94,highest_degree,4,0.05,180,31264,9
Facebook Penn94,highest_degree,4,0.05,181,31123,10
Facebook Penn94,highest_degree,4,0.05,182,31202,10
Facebook Penn94,highest_degree,4,0.05,183,31266,12
Facebook Penn94,highest_degree,4,0.05,184,31271,10
Facebook Penn94,highest_degree,4,0.05,185,31201,9
Facebook Penn94,highest_degree,4,0.05,186,31295,10
Facebook Penn94,highest_degree,4,0.05,187,31214,11
Facebook Penn94,highest_degree,4,0.05,188,31333,10
Facebook Penn94,highest_degree,4,0.05,189,31252,10
Facebook Penn94,highest_degree,4,0.05,190,31382,10
Facebook Penn94,highest_degree,4,0.05,191,31345,10
Facebook Penn94,highest_degree,4,0.05,192,31367,10
Facebook Penn94,highest_degree,4,0.05,193,31268,9
Facebook Penn94,highest_degree,4,0.05,194,31219,12
Facebook Penn94,highest_degree,4,0.05,195,31164,12
Facebook Penn94,highest_degree,4,0.05,196,31199,10
Facebook Penn94,highest_degree,4,0.05,197,31208,10
Facebook Penn94,highest_degree,4,0.05,198,31187,10
Facebook Penn94,highest_degree,4,0.05,199,31271,9
Facebook Penn94,highest_degree,4,0.05,200,31282,10
Facebook Penn94,highest_degree,4,0.05,201,31422,9
Facebook Penn94,highest_degree,4,0.05,202,31190,11
Facebook Penn94,highest_degree,4,0.05,203,31357,10
Facebook Penn94,highest_degree,4,0.05,204,31252,10
Facebook Penn94,highest_degree,4,0.05,205,31467,10
Facebook Penn94,highest_degree,4,0.05,206,31153,10
Facebook Penn94,highest_degree,4,0.05,207,31242,13
Facebook Penn94,highest_degree,4,0.05,208,31341,11
Facebook Penn94,highest_degree,4,0.05,209,31297,11
Facebook Penn94,highest_degree,4,0.05,210,31224,9
Facebook Penn94,highest_degree,4,0.05,211,31288,10
Facebook Penn94,highest_degree,4,0.05,212,31292,10
Facebook Penn94,highest_degree,4,0.05,213,31401,10
Facebook Penn94,highest_degree,4,0.05,214,31412,12
Facebook Penn94,highest_degree,4,0.05,215,31301,9
Facebook Penn94,highest_degree,4,0.05,216,31194,11
Facebook Penn94,highest_degree,4,0.05,217,31257,9
Facebook Penn94,highest_degree,4,0.05,218,31398,10
Facebook Penn94,highest_degree,4,0.05,219,31228,11
Facebook Penn94,highest_degree,4,0.05,220,31408,10
Facebook Penn94,highest_degree,4,0.05,221,31224,9
Facebook Penn94,highest_degree,4,0.05,222,31375,10
Facebook Penn94,highest_degree,4,0.05,223,31327,9
Facebook Penn94,highest_degree,4,0.05,224,31420,11
Facebook Penn94,highest_degree,4,0.05,225,31223,9
Facebook Penn94,highest_degree,4,0.05,226,31280,10
Facebook Penn94,highest_degree,4,0.05,227,31395,10
Facebook Penn94,highest_degree,4,0.05,228,31173,9
Facebook Penn94,highest_degree,4,0.05,229,31095,10
Facebook Penn94,highest_degree,4,0.05,230,31482,10
Facebook Penn94,highest_degree,4,0.05,231,31326,10
Facebook Penn94,highest_degree,4,0.05,232,31195,10
Facebook Penn94,highest_degree,4,0.05,233,31255,9
Facebook Penn94,highest_degree,4,0.05,234,31326,10
Facebook Penn94,highest_degree,4,0.05,235,31291,10
Facebook Penn94,highest_degree,4,0.05,236,31446,9
Facebook Penn94,highest_degree,4,0.05,237,31398,11
Facebook Penn94,highest_degree,4,0.05,238,31261,11
Facebook Penn94,highest_degree,4,0.05,239,31244,9
Facebook Penn94,highest_degree,4,0.05,240,31322,10
Facebook Penn94,highest_degree,4,0.05,241,31243,11
Facebook Penn94,highest_degree,4,0.05,242,31235,10
Facebook Penn94,highest_degree,4,0.05,243,31099,10
Facebook Penn94,highest_degree,4,0.05,244,31181,10
Facebook Penn94,highest_degree,4,0.05,245,31200,10
Facebook Penn94,highest_degree,4,0.05,246,31304,10
Facebook Penn94,highest_degree,4,0.05,247,31276,9
Facebook Penn94,highest_degree,4,0.05,248,31232,11
Facebook Penn94,highest_degree,4,0.05,249,31300,11
Facebook Penn94,highest_degree,4,0.05,250,31265,10
Facebook Penn94,highest_degree,4,0.05,251,31333,9
Facebook Penn94,highest_degree,4,0.05,252,31166,11
Facebook Penn94,highest_degree,4,0.05,253,31284,10
Facebook Penn94,highest_degree,4,0.05,254,31317,10
Facebook Penn94,highest_degree,4,0.05,255,31331,10
Facebook Penn94,highest_degree,4,0.05,256,31290,11
Facebook Penn94,highest_degree,4,0.05,257,31198,10
Facebook Penn94,highest_degree,4,0.05,258,31297,9
Facebook Penn94,highest_degree,4,0.05,259,31405,10
Facebook Penn94,highest_degree,4,0.05,260,31400,11
Facebook Penn94,highest_degree,4,0.05,261,31412,11
Facebook Penn94,highest_degree,4,0.05,262,31176,9
Facebook Penn94,highest_degree,4,0.05,263,31384,11
Facebook Penn94,highest_degree,4,0.05,264,31267,10
Facebook Penn94,highest_degree,4,0.05,265,31136,9
Facebook Penn94,highest_degree,4,0.05,266,31338,13
Facebook Penn94,highest_degree,4,0.05,267,31257,10
Facebook Penn94,highest_degree,4,0.05,268,31072,9
Facebook Penn94,highest_degree,4,0.05,269,31198,10
Facebook Penn94,highest_degree,4,0.05,270,31379,10
Facebook Penn94,highest_degree,4,0.05,271,31266,10
Facebook Penn94,highest_degree,4,0.05,272,31201,12
Facebook Penn94,highest_degree,4,0.05,273,31280,13
Facebook Penn94,highest_degree,4,0.05,274,31381,10
Facebook Penn94,highest_degree,4,0.05,275,31435,9
Facebook Penn94,highest_degree,4,0.05,276,31324,10
Facebook Penn94,highest_degree,4,0.05,277,31281,10
Facebook Penn94,highest_degree,4,0.05,278,31493,10
Facebook Penn94,highest_degree,4,0.05,279,31434,10
Facebook Penn94,highest_degree,4,0.05,280,31212,14
Facebook Penn94,highest_degree,4,0.05,281,31266,10
Facebook Penn94,highest_degree,4,0.05,282,31224,10
Facebook Penn94,highest_degree,4,0.05,283,31271,9
Facebook Penn94,highest_degree,4,0.05,284,31246,10
Facebook Penn94,highest_degree,4,0.05,285,31284,9
Facebook Penn94,highest_degree,4,0.05,286,31232,9
Facebook Penn94,highest_degree,4,0.05,287,31201,10
Facebook Penn94,highest_degree,4,0.05,288,31158,11
Facebook Penn94,highest_degree,4,0.05,289,31335,9
Facebook Penn94,highest_degree,4,0.05,290,31307,10
Facebook Penn94,highest_degree,4,0.05,291,31324,10
Facebook Penn94,highest_degree,4,0.05,292,31354,10
Facebook Penn94,highest_degree,4,0.05,293,31402,11
Facebook Penn94,highest_degree,4,0.05,294,31257,11
Facebook Penn94,highest_degree,4,0.05,295,31221,11
Facebook Penn94,highest_degree,4,0.05,296,31324,11
Facebook Penn94,highest_degree,4,0.05,297,31295,11
Facebook Penn94,highest_degree,4,0.05,298,31266,10
Facebook Penn94,highest_degree,4,0.05,299,31385,10
Facebook Penn94,highest_degree,4,0.05,300,31282,9
Facebook Penn94,highest_degree,4,0.05,301,31216,9
Facebook Penn94,highest_degree,4,0.05,302,31310,10
Facebook Penn94,highest_degree,4,0.05,303,31219,10
Facebook Penn94,highest_degree,4,0.05,304,31313,10
Facebook Penn94,highest_degree,4,0.05,305,31293,12
Facebook Penn94,highest_degree,4,0.05,306,31400,11
Facebook Penn94,highest_degree,4,0.05,307,31143,9
Facebook Penn94,highest_degree,4,0.05,308,31304,12
Facebook Penn94,highest_degree,4,0.05,309,31143,11
Facebook Penn94,highest_degree,4,0.05,310,31383,10
Facebook Penn94,highest_degree,4,0.05,311,31161,10
Facebook Penn94,highest_degree,4,0.05,312,31242,13
Facebook Penn94,highest_degree,4,0.05,313,31348,11
Facebook Penn94,highest_degree,4,0.05,314,31295,9
Facebook Penn94,highest_degree,4,0.05,315,31251,9
Facebook Penn94,highest_degree,4,0.05,316,31169,11
Facebook Penn94,highest_degree,4,0.05,317,31211,11
Facebook Penn94,highest_degree,4,0.05,318,31178,9
Facebook Penn94,highest_degree,4,0.05,319,31242,11
Facebook Penn94,highest_degree,4,0.05,320,31415,9
Facebook Penn94,highest_degree,4,0.05,321,31338,10
Facebook Penn94,highest_degree,4,0.05,322,31224,10
Facebook Penn94,highest_degree,4,0.05,323,31366,9
Facebook Penn94,highest_degree,4,0.05,324,31340,10
Facebook Penn94,highest_degree,4,0.05,325,31345,9
Facebook Penn94,highest_degree,4,0.05,326,31215,9
Facebook Penn94,highest_degree,4,0.05,327,31300,10
Facebook Penn94,highest_degree,4,0.05,328,31344,10
Facebook Penn94,highest_degree,4,0.05,329,31208,10
Facebook Penn94,highest_degree,4,0.05,330,31239,11
Facebook Penn94,highest_degree,4,0.05,331,31219,11
Facebook Penn94,highest_degree,4,0.05,332,31261,10
Facebook Penn94,highest_degree,4,0.05,333,31290,10
Facebook Penn94,highest_degree,4,0.05,334,31139,10
Facebook Penn94,highest_degree,4,0.05,335,31290,10
Facebook Penn94,highest_degree,4,0.05,336,31266,10
Facebook Penn94,highest_degree,4,0.05,337,31363,11
Facebook Penn94,highest_degree,4,0.05,338,31233,9
Facebook Penn94,highest_degree,4,0.05,339,31377,10
Facebook Penn94,highest_degree,4,0.05,340,31286,10
Facebook Penn94,highest_degree,4,0.05,341,31129,10
Facebook Penn94,highest_degree,4,0.05,342,31252,9
Facebook Penn94,highest_degree,4,0.05,343,31230,9
Facebook Penn94,highest_degree,4,0.05,344,31365,9
Facebook Penn94,highest_degree,4,0.05,345,31366,10
Facebook Penn94,highest_degree,4,0.05,346,31322,11
Facebook Penn94,highest_degree,4,0.05,347,31282,10
Facebook Penn94,highest_degree,4,0.05,348,31295,9
Facebook Penn94,highest_degree,4,0.05,349,31218,11
Facebook Penn94,highest_degree,4,0.05,350,31322,9
Facebook Penn94,highest_degree,4,0.05,351,31399,10
Facebook Penn94,highest_degree,4,0.05,352,31208,9
Facebook Penn94,highest_degree,4,0.05,353,31283,9
Facebook Penn94,highest_degree,4,0.05,354,31390,13
Facebook Penn94,highest_degree,4,0.05,355,31285,10
Facebook Penn94,highest_degree,4,0.05,356,31104,11
Facebook Penn94,highest_degree,4,0.05,357,31380,10
Facebook Penn94,highest_degree,4,0.05,358,31334,9
Facebook Penn94,highest_degree,4,0.05,359,31313,11
Facebook Penn94,highest_degree,4,0.05,360,31296,11
Facebook Penn94,highest_degree,4,0.05,361,31270,9
Facebook Penn94,highest_degree,4,0.05,362,31199,9
Facebook Penn94,highest_degree,4,0.05,363,31218,10
Facebook Penn94,highest_degree,4,0.05,364,31298,11
Facebook Penn94,highest_degree,4,0.05,365,31354,10
Facebook Penn94,highest_degree,4,0.05,366,31313,10
Facebook Penn94,highest_degree,4,0.05,367,31254,9
Facebook Penn94,highest_degree,4,0.05,368,31283,11
Facebook Penn94,highest_degree,4,0.05,369,31455,9
Facebook Penn94,highest_degree,4,0.05,370,31159,9
Facebook Penn94,highest_degree,4,0.05,371,31282,10
Facebook Penn94,highest_degree,4,0.05,372,31363,10
Facebook Penn94,highest_degree,4,0.05,373,31356,10
Facebook Penn94,highest_degree,4,0.05,374,31328,9
Facebook Penn94,highest_degree,4,0.05,375,31241,10
Facebook Penn94,highest_degree,4,0.05,376,31241,11
Facebook Penn94,highest_degree,4,0.05,377,31258,10
Facebook Penn94,highest_degree,4,0.05,378,31401,10
Facebook Penn94,highest_degree,4,0.05,379,31322,9
Facebook Penn94,highest_degree,4,0.05,380,31331,9
Facebook Penn94,highest_degree,4,0.05,381,31207,12
Facebook Penn94,highest_degree,4,0.05,382,31254,11
Facebook Penn94,highest_degree,4,0.05,383,31162,11
Facebook Penn94,highest_degree,4,0.05,384,31354,10
Facebook Penn94,highest_degree,4,0.05,385,31313,11
Facebook Penn94,highest_degree,4,0.05,386,31285,10
Facebook Penn94,highest_degree,4,0.05,387,31369,11
Facebook Penn94,highest_degree,4,0.05,388,31152,10
Facebook Penn94,highest_degree,4,0.05,389,31232,12
Facebook Penn94,highest_degree,4,0.05,390,31294,11
Facebook Penn94,highest_degree,4,0.05,391,31294,10
Facebook Penn94,highest_degree,4,0.05,392,31289,10
Facebook Penn94,highest_degree,4,0.05,393,31337,11
Facebook Penn94,highest_degree,4,0.05,394,31259,10
Facebook Penn94,highest_degree,4,0.05,395,31352,9
Facebook Penn94,highest_degree,4,0.05,396,31297,10
Facebook Penn94,highest_degree,4,0.05,397,31290,10
Facebook Penn94,highest_degree,4,0.05,398,31224,10
Facebook Penn94,highest_degree,4,0.05,399,31454,10
Facebook Penn94,highest_degree,4,0.05,400,31130,11
Facebook Penn94,highest_degree,4,0.05,401,31273,10
Facebook Penn94,highest_degree,4,0.05,402,31404,11
Facebook Penn94,highest_degree,4,0.05,403,31356,11
Facebook Penn94,highest_degree,4,0.05,404,31290,13
Facebook Penn94,highest_degree,4,0.05,405,31274,10
Facebook Penn94,highest_degree,4,0.05,406,31294,10
Facebook Penn94,highest_degree,4,0.05,407,31289,11
Facebook Penn94,highest_degree,4,0.05,408,31363,10
Facebook Penn94,highest_degree,4,0.05,409,31338,9
Facebook Penn94,highest_degree,4,0.05,410,31267,10
Facebook Penn94,highest_degree,4,0.05,411,31261,10
Facebook Penn94,highest_degree,4,0.05,412,31223,12
Facebook Penn94,highest_degree,4,0.05,413,31219,9
Facebook Penn94,highest_degree,4,0.05,414,31341,12
Facebook Penn94,highest_degree,4,0.05,415,31277,10
Facebook Penn94,highest_degree,4,0.05,416,31281,11
Facebook Penn94,highest_degree,4,0.05,417,31184,11
Facebook Penn94,highest_degree,4,0.05,418,31367,11
Facebook Penn94,highest_degree,4,0.05,419,31209,10
Facebook Penn94,highest_degree,4,0.05,420,31185,12
Facebook Penn94,highest_degree,4,0.05,421,31230,10
Facebook Penn94,highest_degree,4,0.05,422,31246,10
Facebook Penn94,highest_degree,4,0.05,423,31394,9
Facebook Penn94,highest_degree,4,0.05,424,31313,9
Facebook Penn94,highest_degree,4,0.05,425,31333,10
Facebook Penn94,highest_degree,4,0.05,426,31436,10
Facebook Penn94,highest_degree,4,0.05,427,31288,10
Facebook Penn94,highest_degree,4,0.05,428,31382,9
Facebook Penn94,highest_degree,4,0.05,429,31375,10
Facebook Penn94,highest_degree,4,0.05,430,31308,9
Facebook Penn94,highest_degree,4,0.05,431,31237,9
Facebook Penn94,highest_degree,4,0.05,432,31120,9
Facebook Penn94,highest_degree,4,0.05,433,31294,10
Facebook Penn94,highest_degree,4,0.05,434,31281,10
Facebook Penn94,highest_degree,4,0.05,435,31239,11
Facebook Penn94,highest_degree,4,0.05,436,31246,10
Facebook Penn94,highest_degree,4,0.05,437,31258,10
Facebook Penn94,highest_degree,4,0.05,438,31234,10
Facebook Penn94,highest_degree,4,0.05,439,31150,10
Facebook Penn94,highest_degree,4,0.05,440,31253,10
Facebook Penn94,highest_degree,4,0.05,441,31447,11
Facebook Penn94,highest_degree,4,0.05,442,31258,11
Facebook Penn94,highest_degree,4,0.05,443,31264,10
Facebook Penn94,highest_degree,4,0.05,444,31298,12
Facebook Penn94,highest_degree,4,0.05,445,31355,10
Facebook Penn94,highest_degree,4,0.05,446,31373,13
Facebook Penn94,highest_degree,4,0.05,447,31226,11
Facebook Penn94,highest_degree,4,0.05,448,31278,12
Facebook Penn94,highest_degree,4,0.05,449,31345,9
Facebook Penn94,highest_degree,4,0.05,450,31326,14
Facebook Penn94,highest_degree,4,0.05,451,31281,11
Facebook Penn94,highest_degree,4,0.05,452,31403,11
Facebook Penn94,highest_degree,4,0.05,453,31180,10
Facebook Penn94,highest_degree,4,0.05,454,31260,10
Facebook Penn94,highest_degree,4,0.05,455,31150,9
Facebook Penn94,highest_degree,4,0.05,456,31244,9
Facebook Penn94,highest_degree,4,0.05,457,31270,10
Facebook Penn94,highest_degree,4,0.05,458,31213,8
Facebook Penn94,highest_degree,4,0.05,459,31301,10
Facebook Penn94,highest_degree,4,0.05,460,31210,11
Facebook Penn94,highest_degree,4,0.05,461,31312,11
Facebook Penn94,highest_degree,4,0.05,462,31284,11
Facebook Penn94,highest_degree,4,0.05,463,31206,10
Facebook Penn94,highest_degree,4,0.05,464,31276,9
Facebook Penn94,highest_degree,4,0.05,465,31394,9
Facebook Penn94,highest_degree,4,0.05,466,31276,10
Facebook Penn94,highest_degree,4,0.05,467,31254,10
Facebook Penn94,highest_degree,4,0.05,468,31408,9
Facebook Penn94,highest_degree,4,0.05,469,31489,11
Facebook Penn94,highest_degree,4,0.05,470,31292,10
Facebook Penn94,highest_degree,4,0.05,471,31396,11
Facebook Penn94,highest_degree,4,0.05,472,31273,11
Facebook Penn94,highest_degree,4,0.05,473,31305,10
Facebook Penn94,highest_degree,4,0.05,474,31145,9
Facebook Penn94,highest_degree,4,0.05,475,31376,10
Facebook Penn94,highest_degree,4,0.05,476,31299,9
Facebook Penn94,highest_degree,4,0.05,477,31204,10
Facebook Penn94,highest_degree,4,0.05,478,31143,9
Facebook Penn94,highest_degree,4,0.05,479,31269,10
Facebook Penn94,highest_degree,4,0.05,480,31262,10
Facebook Penn94,highest_degree,4,0.05,481,31243,10
Facebook Penn94,highest_degree,4,0.05,482,31467,9
Facebook Penn94,highest_degree,4,0.05,483,31362,10
Facebook Penn94,highest_degree,4,0.05,484,31337,10
Facebook Penn94,highest_degree,4,0.05,485,31257,10
Facebook Penn94,highest_degree,4,0.05,486,31405,9
Facebook Penn94,highest_degree,4,0.05,487,31231,10
Facebook Penn94,highest_degree,4,0.05,488,31256,10
Facebook Penn94,highest_degree,4,0.05,489,31404,10
Facebook Penn94,highest_degree,4,0.05,490,31291,10
Facebook Penn94,highest_degree,4,0.05,491,31233,10
Facebook Penn94,highest_degree,4,0.05,492,31352,10
Facebook Penn94,highest_degree,4,0.05,493,31228,10
Facebook Penn94,highest_degree,4,0.05,494,31283,10
Facebook Penn94,highest_degree,4,0.05,495,31308,9
Facebook Penn94,highest_degree,4,0.05,496,31316,9
Facebook Penn94,highest_degree,4,0.05,497,31235,10
Facebook Penn94,highest_degree,4,0.05,498,31241,11
Facebook Penn94,highest_degree,4,0.05,499,31219,12
Facebook Penn94,highest_degree,4,0.05,500,31196,11
Facebook Penn94,highest_degree,4,0.05,501,31177,10
Facebook Penn94,highest_degree,4,0.05,502,31226,9
Facebook Penn94,highest_degree,4,0.05,503,31338,11
Facebook Penn94,highest_degree,4,0.05,504,31338,10
Facebook Penn94,highest_degree,4,0.05,505,31277,10
Facebook Penn94,highest_degree,4,0.05,506,31201,12
Facebook Penn94,highest_degree,4,0.05,507,31188,9
Facebook Penn94,highest_degree,4,0.05,508,31181,11
Facebook Penn94,highest_degree,4,0.05,509,31278,10
Facebook Penn94,highest_degree,4,0.05,510,31232,9
Facebook Penn94,highest_degree,4,0.05,511,31089,10
Facebook Penn94,highest_degree,4,0.05,512,31236,10
Facebook Penn94,highest_degree,4,0.05,513,31320,8
Facebook Penn94,highest_degree,4,0.05,514,31456,11
Facebook Penn94,highest_degree,4,0.05,515,31291,9
Facebook Penn94,highest_degree,4,0.05,516,31276,10
Facebook Penn94,highest_degree,4,0.05,517,31310,10
Facebook Penn94,highest_degree,4,0.05,518,31344,12
Facebook Penn94,highest_degree,4,0.05,519,31277,10
Facebook Penn94,highest_degree,4,0.05,520,31285,12
Facebook Penn94,highest_degree,4,0.05,521,31357,10
Facebook Penn94,highest_degree,4,0.05,522,31134,10
Facebook Penn94,highest_degree,4,0.05,523,31258,9
Facebook Penn94,highest_degree,4,0.05,524,31312,10
Facebook Penn94,highest_degree,4,0.05,525,31241,9
Facebook Penn94,highest_degree,4,0.05,526,31142,9
Facebook Penn94,highest_degree,4,0.05,527,31189,9
Facebook Penn94,highest_degree,4,0.05,528,31209,9
Facebook Penn94,highest_degree,4,0.05,529,31273,10
Facebook Penn94,highest_degree,4,0.05,530,31417,10
Facebook Penn94,highest_degree,4,0.05,531,31255,9
Facebook Penn94,highest_degree,4,0.05,532,31375,10
Facebook Penn94,highest_degree,4,0.05,533,31208,11
Facebook Penn94,highest_degree,4,0.05,534,31281,9
Facebook Penn94,highest_degree,4,0.05,535,31239,11
Facebook Penn94,highest_degree,4,0.05,536,31207,11
Facebook Penn94,highest_degree,4,0.05,537,31238,11
Facebook Penn94,highest_degree,4,0.05,538,31320,11
Facebook Penn94,highest_degree,4,0.05,539,31265,9
Facebook Penn94,highest_degree,4,0.05,540,31179,10
Facebook Penn94,highest_degree,4,0.05,541,31375,10
Facebook Penn94,highest_degree,4,0.05,542,31279,9
Facebook Penn94,highest_degree,4,0.05,543,31280,10
Facebook Penn94,highest_degree,4,0.05,544,31316,10
Facebook Penn94,highest_degree,4,0.05,545,31411,11
Facebook Penn94,highest_degree,4,0.05,546,31477,10
Facebook Penn94,highest_degree,4,0.05,547,31386,10
Facebook Penn94,highest_degree,4,0.05,548,31393,11
Facebook Penn94,highest_degree,4,0.05,549,31352,10
Facebook Penn94,highest_degree,4,0.05,550,31202,10
Facebook Penn94,highest_degree,4,0.05,551,31360,10
Facebook Penn94,highest_degree,4,0.05,552,31330,10
Facebook Penn94,highest_degree,4,0.05,553,31226,10
Facebook Penn94,highest_degree,4,0.05,554,31100,9
Facebook Penn94,highest_degree,4,0.05,555,31268,11
Facebook Penn94,highest_degree,4,0.05,556,31300,10
Facebook Penn94,highest_degree,4,0.05,557,31242,12
Facebook Penn94,highest_degree,4,0.05,558,31351,10
Facebook Penn94,highest_degree,4,0.05,559,31393,10
Facebook Penn94,highest_degree,4,0.05,560,31234,9
Facebook Penn94,highest_degree,4,0.05,561,31369,10
Facebook Penn94,highest_degree,4,0.05,562,31285,11
Facebook Penn94,highest_degree,4,0.05,563,31268,10
Facebook Penn94,highest_degree,4,0.05,564,31293,10
Facebook Penn94,highest_degree,4,0.05,565,31270,9
Facebook Penn94,highest_degree,4,0.05,566,31485,10
Facebook Penn94,highest_degree,4,0.05,567,31331,10
Facebook Penn94,highest_degree,4,0.05,568,31292,9
Facebook Penn94,highest_degree,4,0.05,569,31309,10
Facebook Penn94,highest_degree,4,0.05,570,31220,9
Facebook Penn94,highest_degree,4,0.05,571,31365,9
Facebook Penn94,highest_degree,4,0.05,572,31326,11
Facebook Penn94,highest_degree,4,0.05,573,31181,10
Facebook Penn94,highest_degree,4,0.05,574,31298,10
Facebook Penn94,highest_degree,4,0.05,575,31212,12
Facebook Penn94,highest_degree,4,0.05,576,31393,11
Facebook Penn94,highest_degree,4,0.05,577,31269,12
Facebook Penn94,highest_degree,4,0.05,578,31160,10
Facebook Penn94,highest_degree,4,0.05,579,31302,10
Facebook Penn94,highest_degree,4,0.05,580,31279,9
Facebook Penn94,highest_degree,4,0.05,581,31244,9
Facebook Penn94,highest_degree,4,0.05,582,31276,10
Facebook Penn94,highest_degree,4,0.05,583,31210,12
Facebook Penn94,highest_degree,4,0.05,584,31374,10
Facebook Penn94,highest_degree,4,0.05,585,31419,11
Facebook Penn94,highest_degree,4,0.05,586,31180,11
Facebook Penn94,highest_degree,4,0.05,587,31204,10
Facebook Penn94,highest_degree,4,0.05,588,31324,10
Facebook Penn94,highest_degree,4,0.05,589,31271,10
Facebook Penn94,highest_degree,4,0.05,590,31260,9
Facebook Penn94,highest_degree,4,0.05,591,31295,10
Facebook Penn94,highest_degree,4,0.05,592,31245,10
Facebook Penn94,highest_degree,4,0.05,593,31307,10
Facebook Penn94,highest_degree,4,0.05,594,31322,10
Facebook Penn94,highest_degree,4,0.05,595,31212,10
Facebook Penn94,highest_degree,4,0.05,596,31260,11
Facebook Penn94,highest_degree,4,0.05,597,31200,9
Facebook Penn94,highest_degree,4,0.05,598,31243,10
Facebook Penn94,highest_degree,4,0.05,599,31331,9
Facebook Penn94,highest_degree,4,0.05,600,31361,11
Facebook Penn94,highest_degree,4,0.05,601,31354,10
Facebook Penn94,highest_degree,4,0.05,602,31380,10
Facebook Penn94,highest_degree,4,0.05,603,31384,10
Facebook Penn94,highest_degree,4,0.05,604,31188,10
Facebook Penn94,highest_degree,4,0.05,605,31321,10
Facebook Penn94,highest_degree,4,0.05,606,31293,12
Facebook Penn94,highest_degree,4,0.05,607,31242,10
Facebook Penn94,highest_degree,4,0.05,608,31370,12
Facebook Penn94,highest_degree,4,0.05,609,31303,9
Facebook Penn94,highest_degree,4,0.05,610,31363,10
Facebook Penn94,highest_degree,4,0.05,611,31191,10
Facebook Penn94,highest_degree,4,0.05,612,31291,9
Facebook Penn94,highest_degree,4,0.05,613,31347,10
Facebook Penn94,highest_degree,4,0.05,614,31359,11
Facebook Penn94,highest_degree,4,0.05,615,31298,9
Facebook Penn94,highest_degree,4,0.05,616,31257,12
Facebook Penn94,highest_degree,4,0.05,617,31236,11
Facebook Penn94,highest_degree,4,0.05,618,31277,10
Facebook Penn94,highest_degree,4,0.05,619,31248,11
Facebook Penn94,highest_degree,4,0.05,620,31291,9
Facebook Penn94,highest_degree,4,0.05,621,31234,9
Facebook Penn94,highest_degree,4,0.05,622,31220,10
Facebook Penn94,highest_degree,4,0.05,623,31321,10
Facebook Penn94,highest_degree,4,0.05,624,31289,10
Facebook Penn94,highest_degree,4,0.05,625,31406,11
Facebook Penn94,highest_degree,4,0.05,626,31181,10
Facebook Penn94,highest_degree,4,0.05,627,31275,10
Facebook Penn94,highest_degree,4,0.05,628,31166,9
Facebook Penn94,highest_degree,4,0.05,629,31343,10
Facebook Penn94,highest_degree,4,0.05,630,31121,10
Facebook Penn94,highest_degree,4,0.05,631,31292,10
Facebook Penn94,highest_degree,4,0.05,632,31246,11
Facebook Penn94,highest_degree,4,0.05,633,31233,10
Facebook Penn94,highest_degree,4,0.05,634,31416,10
Facebook Penn94,highest_degree,4,0.05,635,31351,10
Facebook Penn94,highest_degree,4,0.05,636,31281,11
Facebook Penn94,highest_degree,4,0.05,637,31417,10
Facebook Penn94,highest_degree,4,0.05,638,31347,10
Facebook Penn94,highest_degree,4,0.05,639,31322,10
Facebook Penn94,highest_degree,4,0.05,640,31275,11
Facebook Penn94,highest_degree,4,0.05,641,31299,10
Facebook Penn94,highest_degree,4,0.05,642,31205,10
Facebook Penn94,highest_degree,4,0.05,643,31204,11
Facebook Penn94,highest_degree,4,0.05,644,31301,11
Facebook Penn94,highest_degree,4,0.05,645,31164,11
Facebook Penn94,highest_degree,4,0.05,646,31118,10
Facebook Penn94,highest_degree,4,0.05,647,31384,10
Facebook Penn94,highest_degree,4,0.05,648,31291,10
Facebook Penn94,highest_degree,4,0.05,649,31282,10
Facebook Penn94,highest_degree,4,0.05,650,31382,10
Facebook Penn94,highest_degree,4,0.05,651,31290,12
Facebook Penn94,highest_degree,4,0.05,652,31266,10
Facebook Penn94,highest_degree,4,0.05,653,31282,10
Facebook Penn94,highest_degree,4,0.05,654,31372,10
Facebook Penn94,highest_degree,4,0.05,655,31286,10
Facebook Penn94,highest_degree,4,0.05,656,31258,9
Facebook Penn94,highest_degree,4,0.05,657,31208,9
Facebook Penn94,highest_degree,4,0.05,658,31282,10
Facebook Penn94,highest_degree,4,0.05,659,31348,10
Facebook Penn94,highest_degree,4,0.05,660,31232,13
Facebook Penn94,highest_degree,4,0.05,661,31495,12
Facebook Penn94,highest_degree,4,0.05,662,31295,10
Facebook Penn94,highest_degree,4,0.05,663,31269,10
Facebook Penn94,highest_degree,4,0.05,664,31136,11
Facebook Penn94,highest_degree,4,0.05,665,31289,11
Facebook Penn94,highest_degree,4,0.05,666,31249,10
Facebook Penn94,highest_degree,4,0.05,667,31203,10
Facebook Penn94,highest_degree,4,0.05,668,31404,10
Facebook Penn94,highest_degree,4,0.05,669,31260,9
Facebook Penn94,highest_degree,4,0.05,670,31230,9
Facebook Penn94,highest_degree,4,0.05,671,31373,11
Facebook Penn94,highest_degree,4,0.05,672,31277,12
Facebook Penn94,highest_degree,4,0.05,673,31350,10
Facebook Penn94,highest_degree,4,0.05,674,31251,10
Facebook Penn94,highest_degree,4,0.05,675,31268,11
Facebook Penn94,highest_degree,4,0.05,676,31163,10
Facebook Penn94,highest_degree,4,0.05,677,31311,10
Facebook Penn94,highest_degree,4,0.05,678,31405,9
Facebook Penn94,highest_degree,4,0.05,679,31267,9
Facebook Penn94,highest_degree,4,0.05,680,31395,10
Facebook Penn94,highest_degree,4,0.05,681,31178,9
Facebook Penn94,highest_degree,4,0.05,682,31248,11
Facebook Penn94,highest_degree,4,0.05,683,31160,10
Facebook Penn94,highest_degree,4,0.05,684,31197,9
Facebook Penn94,highest_degree,4,0.05,685,31249,9
Facebook Penn94,highest_degree,4,0.05,686,31270,12
Facebook Penn94,highest_degree,4,0.05,687,31282,10
Facebook Penn94,highest_degree,4,0.05,688,31261,10
Facebook Penn94,highest_degree,4,0.05,689,31255,10
Facebook Penn94,highest_degree,4,0.05,690,31139,9
Facebook Penn94,highest_degree,4,0.05,691,31298,9
Facebook Penn94,highest_degree,4,0.05,692,31374,9
Facebook Penn94,highest_degree,4,0.05,693,31243,10
Facebook Penn94,highest_degree,4,0.05,694,31182,10
Facebook Penn94,highest_degree,4,0.05,695,31139,9
Facebook Penn94,highest_degree,4,0.05,696,31329,10
Facebook Penn94,highest_degree,4,0.05,697,31147,10
Facebook Penn94,highest_degree,4,0.05,698,31287,11
Facebook Penn94,highest_degree,4,0.05,699,31268,10
Facebook Penn94,highest_degree,4,0.05,700,31325,10
Facebook Penn94,highest_degree,4,0.05,701,31345,10
Facebook Penn94,highest_degree,4,0.05,702,31269,10
Facebook Penn94,highest_degree,4,0.05,703,31302,10
Facebook Penn94,highest_degree,4,0.05,704,31252,10
Facebook Penn94,highest_degree,4,0.05,705,31173,11
Facebook Penn94,highest_degree,4,0.05,706,31344,11
Facebook Penn94,highest_degree,4,0.05,707,31337,10
Facebook Penn94,highest_degree,4,0.05,708,31150,11
Facebook Penn94,highest_degree,4,0.05,709,31213,9
Facebook Penn94,highest_degree,4,0.05,710,31240,9
Facebook Penn94,highest_degree,4,0.05,711,31298,11
Facebook Penn94,highest_degree,4,0.05,712,31314,10
Facebook Penn94,highest_degree,4,0.05,713,31283,10
Facebook Penn94,highest_degree,4,0.05,714,31191,10
Facebook Penn94,highest_degree,4,0.05,715,31181,10
Facebook Penn94,highest_degree,4,0.05,716,31216,9
Facebook Penn94,highest_degree,4,0.05,717,31187,9
Facebook Penn94,highest_degree,4,0.05,718,31302,11
Facebook Penn94,highest_degree,4,0.05,719,31117,9
Facebook Penn94,highest_degree,4,0.05,720,31183,9
Facebook Penn94,highest_degree,4,0.05,721,31220,10
Facebook Penn94,highest_degree,4,0.05,722,31299,11
Facebook Penn94,highest_degree,4,0.05,723,31450,10
Facebook Penn94,highest_degree,4,0.05,724,31239,9
Facebook Penn94,highest_degree,4,0.05,725,31274,9
Facebook Penn94,highest_degree,4,0.05,726,31320,11
Facebook Penn94,highest_degree,4,0.05,727,31263,9
Facebook Penn94,highest_degree,4,0.05,728,31347,11
Facebook Penn94,highest_degree,4,0.05,729,31372,10
Facebook Penn94,highest_degree,4,0.05,730,31185,10
Facebook Penn94,highest_degree,4,0.05,731,31184,13
Facebook Penn94,highest_degree,4,0.05,732,31168,9
Facebook Penn94,highest_degree,4,0.05,733,31145,9
Facebook Penn94,highest_degree,4,0.05,734,31350,10
Facebook Penn94,highest_degree,4,0.05,735,31355,11
Facebook Penn94,highest_degree,4,0.05,736,31211,9
Facebook Penn94,highest_degree,4,0.05,737,31292,11
Facebook Penn94,highest_degree,4,0.05,738,31321,10
Facebook Penn94,highest_degree,4,0.05,739,31189,10
Facebook Penn94,highest_degree,4,0.05,740,31438,10
Facebook Penn94,highest_degree,4,0.05,741,31276,10
Facebook Penn94,highest_degree,4,0.05,742,31305,12
Facebook Penn94,highest_degree,4,0.05,743,31216,11
Facebook Penn94,highest_degree,4,0.05,744,31363,10
Facebook Penn94,highest_degree,4,0.05,745,31207,9
Facebook Penn94,highest_degree,4,0.05,746,31375,10
Facebook Penn94,highest_degree,4,0.05,747,31379,10
Facebook Penn94,highest_degree,4,0.05,748,31180,10
Facebook Penn94,highest_degree,4,0.05,749,31198,14
Facebook Penn94,highest_degree,4,0.05,750,31348,12
Facebook Penn94,highest_degree,4,0.05,751,31198,12
Facebook Penn94,highest_degree,4,0.05,752,31378,9
Facebook Penn94,highest_degree,4,0.05,753,31313,10
Facebook Penn94,highest_degree,4,0.05,754,31285,10
Facebook Penn94,highest_degree,4,0.05,755,31229,11
Facebook Penn94,highest_degree,4,0.05,756,31216,11
Facebook Penn94,highest_degree,4,0.05,757,31261,10
Facebook Penn94,highest_degree,4,0.05,758,31415,10
Facebook Penn94,highest_degree,4,0.05,759,31367,9
Facebook Penn94,highest_degree,4,0.05,760,31362,10
Facebook Penn94,highest_degree,4,0.05,761,31269,9
Facebook Penn94,highest_degree,4,0.05,762,31312,10
Facebook Penn94,highest_degree,4,0.05,763,31338,10
Facebook Penn94,highest_degree,4,0.05,764,31166,10
Facebook Penn94,highest_degree,4,0.05,765,31234,10
Facebook Penn94,highest_degree,4,0.05,766,31298,11
Facebook Penn94,highest_degree,4,0.05,767,31286,9
Facebook Penn94,highest_degree,4,0.05,768,31296,12
Facebook Penn94,highest_degree,4,0.05,769,31221,10
Facebook Penn94,highest_degree,4,0.05,770,31418,11
Facebook Penn94,highest_degree,4,0.05,771,31292,10
Facebook Penn94,highest_degree,4,0.05,772,31371,11
Facebook Penn94,highest_degree,4,0.05,773,31421,13
Facebook Penn94,highest_degree,4,0.05,774,31256,10
Facebook Penn94,highest_degree,4,0.05,775,31144,10
Facebook Penn94,highest_degree,4,0.05,776,31321,10
Facebook Penn94,highest_degree,4,0.05,777,31239,10
Facebook Penn94,highest_degree,4,0.05,778,31337,11
Facebook Penn94,highest_degree,4,0.05,779,31374,11
Facebook Penn94,highest_degree,4,0.05,780,31433,9
Facebook Penn94,highest_degree,4,0.05,781,31258,10
Facebook Penn94,highest_degree,4,0.05,782,31217,9
Facebook Penn94,highest_degree,4,0.05,783,31325,12
Facebook Penn94,highest_degree,4,0.05,784,31301,10
Facebook Penn94,highest_degree,4,0.05,785,31238,11
Facebook Penn94,highest_degree,4,0.05,786,31331,13
Facebook Penn94,highest_degree,4,0.05,787,31315,11
Facebook Penn94,highest_degree,4,0.05,788,31271,10
Facebook Penn94,highest_degree,4,0.05,789,31240,10
Facebook Penn94,highest_degree,4,0.05,790,31329,11
Facebook Penn94,highest_degree,4,0.05,791,31306,10
Facebook Penn94,highest_degree,4,0.05,792,31294,9
Facebook Penn94,highest_degree,4,0.05,793,31207,13
Facebook Penn94,highest_degree,4,0.05,794,31299,11
Facebook Penn94,highest_degree,4,0.05,795,31306,13
Facebook Penn94,highest_degree,4,0.05,796,31438,10
Facebook Penn94,highest_degree,4,0.05,797,31338,10
Facebook Penn94,highest_degree,4,0.05,798,31287,12
Facebook Penn94,highest_degree,4,0.05,799,31341,11
Facebook Penn94,highest_degree,4,0.05,800,31248,10
Facebook Penn94,highest_degree,4,0.05,801,31317,10
Facebook Penn94,highest_degree,4,0.05,802,31308,9
Facebook Penn94,highest_degree,4,0.05,803,31272,10
Facebook Penn94,highest_degree,4,0.05,804,31205,11
Facebook Penn94,highest_degree,4,0.05,805,31366,9
Facebook Penn94,highest_degree,4,0.05,806,31364,10
Facebook Penn94,highest_degree,4,0.05,807,31291,10
Facebook Penn94,highest_degree,4,0.05,808,31256,10
Facebook Penn94,highest_degree,4,0.05,809,31239,10
Facebook Penn94,highest_degree,4,0.05,810,31332,11
Facebook Penn94,highest_degree,4,0.05,811,31340,9
Facebook Penn94,highest_degree,4,0.05,812,31371,10
Facebook Penn94,highest_degree,4,0.05,813,31265,10
Facebook Penn94,highest_degree,4,0.05,814,31320,9
Facebook Penn94,highest_degree,4,0.05,815,31216,10
Facebook Penn94,highest_degree,4,0.05,816,31299,12
Facebook Penn94,highest_degree,4,0.05,817,31081,11
Facebook Penn94,highest_degree,4,0.05,818,31344,10
Facebook Penn94,highest_degree,4,0.05,819,31327,11
Facebook Penn94,highest_degree,4,0.05,820,31254,9
Facebook Penn94,highest_degree,4,0.05,821,31182,11
Facebook Penn94,highest_degree,4,0.05,822,31183,10
Facebook Penn94,highest_degree,4,0.05,823,31185,10
Facebook Penn94,highest_degree,4,0.05,824,31292,9
Facebook Penn94,highest_degree,4,0.05,825,31242,11
Facebook Penn94,highest_degree,4,0.05,826,31286,12
Facebook Penn94,highest_degree,4,0.05,827,31172,10
Facebook Penn94,highest_degree,4,0.05,828,31461,10
Facebook Penn94,highest_degree,4,0.05,829,31307,9
Facebook Penn94,highest_degree,4,0.05,830,31213,10
Facebook Penn94,highest_degree,4,0.05,831,31214,11
Facebook Penn94,highest_degree,4,0.05,832,31284,10
Facebook Penn94,highest_degree,4,0.05,833,31393,11
Facebook Penn94,highest_degree,4,0.05,834,31367,10
Facebook Penn94,highest_degree,4,0.05,835,31237,10
Facebook Penn94,highest_degree,4,0.05,836,31287,10
Facebook Penn94,highest_degree,4,0.05,837,31376,10
Facebook Penn94,highest_degree,4,0.05,838,31195,10
Facebook Penn94,highest_degree,4,0.05,839,31349,11
Facebook Penn94,highest_degree,4,0.05,840,31325,11
Facebook Penn94,highest_degree,4,0.05,841,31329,9
Facebook Penn94,highest_degree,4,0.05,842,31229,11
Facebook Penn94,highest_degree,4,0.05,843,31386,10
Facebook Penn94,highest_degree,4,0.05,844,31255,9
Facebook Penn94,highest_degree,4,0.05,845,31268,10
Facebook Penn94,highest_degree,4,0.05,846,31369,10
Facebook Penn94,highest_degree,4,0.05,847,31138,10
Facebook Penn94,highest_degree,4,0.05,848,31282,10
Facebook Penn94,highest_degree,4,0.05,849,31285,10
Facebook Penn94,highest_degree,4,0.05,850,31382,11
Facebook Penn94,highest_degree,4,0.05,851,31285,9
Facebook Penn94,highest_degree,4,0.05,852,31191,11
Facebook Penn94,highest_degree,4,0.05,853,31362,10
Facebook Penn94,highest_degree,4,0.05,854,31419,9
Facebook Penn94,highest_degree,4,0.05,855,31242,10
Facebook Penn94,highest_degree,4,0.05,856,31230,10
Facebook Penn94,highest_degree,4,0.05,857,31321,9
Facebook Penn94,highest_degree,4,0.05,858,31318,11
Facebook Penn94,highest_degree,4,0.05,859,31203,10
Facebook Penn94,highest_degree,4,0.05,860,31367,10
Facebook Penn94,highest_degree,4,0.05,861,31339,10
Facebook Penn94,highest_degree,4,0.05,862,31227,12
Facebook Penn94,highest_degree,4,0.05,863,31289,11
Facebook Penn94,highest_degree,4,0.05,864,31237,12
Facebook Penn94,highest_degree,4,0.05,865,31448,11
Facebook Penn94,highest_degree,4,0.05,866,31281,10
Facebook Penn94,highest_degree,4,0.05,867,31171,9
Facebook Penn94,highest_degree,4,0.05,868,31371,10
Facebook Penn94,highest_degree,4,0.05,869,31324,11
Facebook Penn94,highest_degree,4,0.05,870,31318,10
Facebook Penn94,highest_degree,4,0.05,871,31370,10
Facebook Penn94,highest_degree,4,0.05,872,31216,9
Facebook Penn94,highest_degree,4,0.05,873,31168,12
Facebook Penn94,highest_degree,4,0.05,874,31270,9
Facebook Penn94,highest_degree,4,0.05,875,31484,11
Facebook Penn94,highest_degree,4,0.05,876,31326,10
Facebook Penn94,highest_degree,4,0.05,877,31253,10
Facebook Penn94,highest_degree,4,0.05,878,31124,9
Facebook Penn94,highest_degree,4,0.05,879,31421,11
Facebook Penn94,highest_degree,4,0.05,880,31261,9
Facebook Penn94,highest_degree,4,0.05,881,31302,11
Facebook Penn94,highest_degree,4,0.05,882,31228,10
Facebook Penn94,highest_degree,4,0.05,883,31254,10
Facebook Penn94,highest_degree,4,0.05,884,31339,10
Facebook Penn94,highest_degree,4,0.05,885,31186,9
Facebook Penn94,highest_degree,4,0.05,886,31243,9
Facebook Penn94,highest_degree,4,0.05,887,31183,9
Facebook Penn94,highest_degree,4,0.05,888,31254,11
Facebook Penn94,highest_degree,4,0.05,889,31180,10
Facebook Penn94,highest_degree,4,0.05,890,31296,10
Facebook Penn94,highest_degree,4,0.05,891,31378,10
Facebook Penn94,highest_degree,4,0.05,892,31342,11
Facebook Penn94,highest_degree,4,0.05,893,31362,11
Facebook Penn94,highest_degree,4,0.05,894,31156,9
Facebook Penn94,highest_degree,4,0.05,895,31341,9
Facebook Penn94,highest_degree,4,0.05,896,31284,11
Facebook Penn94,highest_degree,4,0.05,897,31361,12
Facebook Penn94,highest_degree,4,0.05,898,31399,12
Facebook Penn94,highest_degree,4,0.05,899,31220,9
Facebook Penn94,highest_degree,4,0.05,900,31327,9
Facebook Penn94,highest_degree,4,0.05,901,31195,10
Facebook Penn94,highest_degree,4,0.05,902,31286,11
Facebook Penn94,highest_degree,4,0.05,903,31281,10
Facebook Penn94,highest_degree,4,0.05,904,31350,9
Facebook Penn94,highest_degree,4,0.05,905,31406,11
Facebook Penn94,highest_degree,4,0.05,906,31279,10
Facebook Penn94,highest_degree,4,0.05,907,31304,9
Facebook Penn94,highest_degree,4,0.05,908,31317,9
Facebook Penn94,highest_degree,4,0.05,909,31223,10
Facebook Penn94,highest_degree,4,0.05,910,31388,9
Facebook Penn94,highest_degree,4,0.05,911,31322,10
Facebook Penn94,highest_degree,4,0.05,912,31233,9
Facebook Penn94,highest_degree,4,0.05,913,31389,11
Facebook Penn94,highest_degree,4,0.05,914,31251,12
Facebook Penn94,highest_degree,4,0.05,915,31204,10
Facebook Penn94,highest_degree,4,0.05,916,31173,11
Facebook Penn94,highest_degree,4,0.05,917,31213,11
Facebook Penn94,highest_degree,4,0.05,918,31356,10
Facebook Penn94,highest_degree,4,0.05,919,31386,11
Facebook Penn94,highest_degree,4,0.05,920,31140,10
Facebook Penn94,highest_degree,4,0.05,921,31395,11
Facebook Penn94,highest_degree,4,0.05,922,31325,9
Facebook Penn94,highest_degree,4,0.05,923,31224,9
Facebook Penn94,highest_degree,4,0.05,924,31199,10
Facebook Penn94,highest_degree,4,0.05,925,31241,10
Facebook Penn94,highest_degree,4,0.05,926,31204,9
Facebook Penn94,highest_degree,4,0.05,927,31070,9
Facebook Penn94,highest_degree,4,0.05,928,31297,10
Facebook Penn94,highest_degree,4,0.05,929,31280,11
Facebook Penn94,highest_degree,4,0.05,930,31315,10
Facebook Penn94,highest_degree,4,0.05,931,31218,11
Facebook Penn94,highest_degree,4,0.05,932,31365,11
Facebook Penn94,highest_degree,4,0.05,933,31327,10
Facebook Penn94,highest_degree,4,0.05,934,31389,10
Facebook Penn94,highest_degree,4,0.05,935,31108,10
Facebook Penn94,highest_degree,4,0.05,936,31207,9
Facebook Penn94,highest_degree,4,0.05,937,31252,9
Facebook Penn94,highest_degree,4,0.05,938,31309,10
Facebook Penn94,highest_degree,4,0.05,939,31421,14
Facebook Penn94,highest_degree,4,0.05,940,31296,9
Facebook Penn94,highest_degree,4,0.05,941,31249,11
Facebook Penn94,highest_degree,4,0.05,942,31207,9
Facebook Penn94,highest_degree,4,0.05,943,31267,10
Facebook Penn94,highest_degree,4,0.05,944,31346,11
Facebook Penn94,highest_degree,4,0.05,945,31188,10
Facebook Penn94,highest_degree,4,0.05,946,31263,10
Facebook Penn94,highest_degree,4,0.05,947,31229,9
Facebook Penn94,highest_degree,4,0.05,948,31206,10
Facebook Penn94,highest_degree,4,0.05,949,31206,9
Facebook Penn94,highest_degree,4,0.05,950,31261,10
Facebook Penn94,highest_degree,4,0.05,951,31364,11
Facebook Penn94,highest_degree,4,0.05,952,31371,10
Facebook Penn94,highest_degree,4,0.05,953,31280,11
Facebook Penn94,highest_degree,4,0.05,954,31214,9
Facebook Penn94,highest_degree,4,0.05,955,31326,10
Facebook Penn94,highest_degree,4,0.05,956,31322,10
Facebook Penn94,highest_degree,4,0.05,957,31319,10
Facebook Penn94,highest_degree,4,0.05,958,31425,9
Facebook Penn94,highest_degree,4,0.05,959,31145,10
Facebook Penn94,highest_degree,4,0.05,960,31117,10
Facebook Penn94,highest_degree,4,0.05,961,31270,10
Facebook Penn94,highest_degree,4,0.05,962,31276,10
Facebook Penn94,highest_degree,4,0.05,963,31331,10
Facebook Penn94,highest_degree,4,0.05,964,31301,9
Facebook Penn94,highest_degree,4,0.05,965,31234,12
Facebook Penn94,highest_degree,4,0.05,966,31306,10
Facebook Penn94,highest_degree,4,0.05,967,31237,10
Facebook Penn94,highest_degree,4,0.05,968,31172,10
Facebook Penn94,highest_degree,4,0.05,969,31111,11
Facebook Penn94,highest_degree,4,0.05,970,31250,10
Facebook Penn94,highest_degree,4,0.05,971,31160,11
Facebook Penn94,highest_degree,4,0.05,972,31468,9
Facebook Penn94,highest_degree,4,0.05,973,31275,10
Facebook Penn94,highest_degree,4,0.05,974,31131,10
Facebook Penn94,highest_degree,4,0.05,975,31279,9
Facebook Penn94,highest_degree,4,0.05,976,31134,9
Facebook Penn94,highest_degree,4,0.05,977,31285,9
Facebook Penn94,highest_degree,4,0.05,978,31411,10
Facebook Penn94,highest_degree,4,0.05,979,31203,10
Facebook Penn94,highest_degree,4,0.05,980,31272,10
Facebook Penn94,highest_degree,4,0.05,981,31313,9
Facebook Penn94,highest_degree,4,0.05,982,31392,10
Facebook Penn94,highest_degree,4,0.05,983,31417,11
Facebook Penn94,highest_degree,4,0.05,984,31272,11
Facebook Penn94,highest_degree,4,0.05,985,31231,11
Facebook Penn94,highest_degree,4,0.05,986,31229,9
Facebook Penn94,highest_degree,4,0.05,987,31323,10
Facebook Penn94,highest_degree,4,0.05,988,31264,11
Facebook Penn94,highest_degree,4,0.05,989,31321,10
Facebook Penn94,highest_degree,4,0.05,990,31326,10
Facebook Penn94,highest_degree,4,0.05,991,31341,10
Facebook Penn94,highest_degree,4,0.05,992,31282,10
Facebook Penn94,highest_degree,4,0.05,993,31238,11
Facebook Penn94,highest_degree,4,0.05,994,31424,10
Facebook Penn94,highest_degree,4,0.05,995,31201,10
Facebook Penn94,highest_degree,4,0.05,996,31255,11
Facebook Penn94,highest_degree,4,0.05,997,31257,10
Facebook Penn94,highest_degree,4,0.05,998,31466,10
Facebook Penn94,highest_degree,4,0.05,999,31325,9
Facebook Penn94,highest_degree,10,0.05,0,31244,9
Facebook Penn94,highest_degree,10,0.05,1,31149,10
Facebook Penn94,highest_degree,10,0.05,2,31220,10
Facebook Penn94,highest_degree,10,0.05,3,31339,9
Facebook Penn94,highest_degree,10,0.05,4,31214,11
Facebook Penn94,highest_degree,10,0.05,5,31217,9
Facebook Penn94,highest_degree,10,0.05,6,31364,9
Facebook Penn94,highest_degree,10,0.05,7,31340,9
Facebook Penn94,highest_degree,10,0.05,8,31271,9
Facebook Penn94,highest_degree,10,0.05,9,31268,10
Facebook Penn94,highest_degree,10,0.05,10,31247,11
Facebook Penn94,highest_degree,10,0.05,11,31286,9
Facebook Penn94,highest_degree,10,0.05,12,31240,9
Facebook Penn94,highest_degree,10,0.05,13,31380,10
Facebook Penn94,highest_degree,10,0.05,14,31392,11
Facebook Penn94,highest_degree,10,0.05,15,31232,9
Facebook Penn94,highest_degree,10,0.05,16,31165,12
Facebook Penn94,highest_degree,10,0.05,17,31287,10
Facebook Penn94,highest_degree,10,0.05,18,31340,9
Facebook Penn94,highest_degree,10,0.05,19,31131,9
Facebook Penn94,highest_degree,10,0.05,20,31331,9
Facebook Penn94,highest_degree,10,0.05,21,31366,10
Facebook Penn94,highest_degree,10,0.05,22,31383,9
Facebook Penn94,highest_degree,10,0.05,23,31312,9
Facebook Penn94,highest_degree,10,0.05,24,31372,9
Facebook Penn94,highest_degree,10,0.05,25,31288,10
Facebook Penn94,highest_degree,10,0.05,26,31184,10
Facebook Penn94,highest_degree,10,0.05,27,31261,9
Facebook Penn94,highest_degree,10,0.05,28,31359,9
Facebook Penn94,highest_degree,10,0.05,29,31235,10
Facebook Penn94,highest_degree,10,0.05,30,31310,9
Facebook Penn94,highest_degree,10,0.05,31,31329,10
Facebook Penn94,highest_degree,10,0.05,32,31229,9
Facebook Penn94,highest_degree,10,0.05,33,31303,9
Facebook Penn94,highest_degree,10,0.05,34,31201,11
Facebook Penn94,highest_degree,10,0.05,35,31233,9
Facebook Penn94,highest_degree,10,0.05,36,31251,11
Facebook Penn94,highest_degree,10,0.05,37,31313,9
Facebook Penn94,highest_degree,10,0.05,38,31179,10
Facebook Penn94,highest_degree,10,0.05,39,31302,10
Facebook Penn94,highest_degree,10,0.05,40,31198,11
Facebook Penn94,highest_degree,10,0.05,41,31276,10
Facebook Penn94,highest_degree,10,0.05,42,31254,9
Facebook Penn94,highest_degree,10,0.05,43,31289,9
Facebook Penn94,highest_degree,10,0.05,44,31321,10
Facebook Penn94,highest_degree,10,0.05,45,31271,11
Facebook Penn94,highest_degree,10,0.05,46,31388,10
Facebook Penn94,highest_degree,10,0.05,47,31235,9
Facebook Penn94,highest_degree,10,0.05,48,31305,11
Facebook Penn94,highest_degree,10,0.05,49,31372,9
Facebook Penn94,highest_degree,10,0.05,50,31082,10
Facebook Penn94,highest_degree,10,0.05,51,31289,9
Facebook Penn94,highest_degree,10,0.05,52,31414,9
Facebook Penn94,highest_degree,10,0.05,53,31445,10
Facebook Penn94,highest_degree,10,0.05,54,31259,11
Facebook Penn94,highest_degree,10,0.05,55,31309,11
Facebook Penn94,highest_degree,10,0.05,56,31371,9
Facebook Penn94,highest_degree,10,0.05,57,31348,9
Facebook Penn94,highest_degree,10,0.05,58,31253,9
Facebook Penn94,highest_degree,10,0.05,59,31304,11
Facebook Penn94,highest_degree,10,0.05,60,31266,9
Facebook Penn94,highest_degree,10,0.05,61,31272,10
Facebook Penn94,highest_degree,10,0.05,62,31368,9
Facebook Penn94,highest_degree,10,0.05,63,31343,10
Facebook Penn94,highest_degree,10,0.05,64,31228,9
Facebook Penn94,highest_degree,10,0.05,65,31227,10
Facebook Penn94,highest_degree,10,0.05,66,31305,11
Facebook Penn94,highest_degree,10,0.05,67,31338,11
Facebook Penn94,highest_degree,10,0.05,68,31344,10
Facebook Penn94,highest_degree,10,0.05,69,31322,10
Facebook Penn94,highest_degree,10,0.05,70,31226,9
Facebook Penn94,highest_degree,10,0.05,71,31240,10
Facebook Penn94,highest_degree,10,0.05,72,31390,9
Facebook Penn94,highest_degree,10,0.05,73,31353,8
Facebook Penn94,highest_degree,10,0.05,74,31244,9
Facebook Penn94,highest_degree,10,0.05,75,31389,9
Facebook Penn94,highest_degree,10,0.05,76,31294,9
Facebook Penn94,highest_degree,10,0.05,77,31346,10
Facebook Penn94,highest_degree,10,0.05,78,31339,10
Facebook Penn94,highest_degree,10,0.05,79,31354,11
Facebook Penn94,highest_degree,10,0.05,80,31315,9
Facebook Penn94,highest_degree,10,0.05,81,31147,10
Facebook Penn94,highest_degree,10,0.05,82,31458,9
Facebook Penn94,highest_degree,10,0.05,83,31212,10
Facebook Penn94,highest_degree,10,0.05,84,31196,10
Facebook Penn94,highest_degree,10,0.05,85,31271,9
Facebook Penn94,highest_degree,10,0.05,86,31341,9
Facebook Penn94,highest_degree,10,0.05,87,31416,9
Facebook Penn94,highest_degree,10,0.05,88,31324,10
Facebook Penn94,highest_degree,10,0.05,89,31290,11
Facebook Penn94,highest_degree,10,0.05,90,31254,10
Facebook Penn94,highest_degree,10,0.05,91,31357,10
Facebook Penn94,highest_degree,10,0.05,92,31330,10
Facebook Penn94,highest_degree,10,0.05,93,31307,10
Facebook Penn94,highest_degree,10,0.05,94,31206,9
Facebook Penn94,highest_degree,10,0.05,95,31317,10
Facebook Penn94,highest_degree,10,0.05,96,31318,9
Facebook Penn94,highest_degree,10,0.05,97,31363,11
Facebook Penn94,highest_degree,10,0.05,98,31127,9
Facebook Penn94,highest_degree,10,0.05,99,31190,9
Facebook Penn94,highest_degree,10,0.05,100,31221,11
Facebook Penn94,highest_degree,10,0.05,101,31312,10
Facebook Penn94,highest_degree,10,0.05,102,31315,11
Facebook Penn94,highest_degree,10,0.05,103,31170,9
Facebook Penn94,highest_degree,10,0.05,104,31355,10
Facebook Penn94,highest_degree,10,0.05,105,31336,9
Facebook Penn94,highest_degree,10,0.05,106,31160,11
Facebook Penn94,highest_degree,10,0.05,107,31521,10
Facebook Penn94,highest_degree,10,0.05,108,31245,10
Facebook Penn94,highest_degree,10,0.05,109,31192,11
Facebook Penn94,highest_degree,10,0.05,110,31247,9
Facebook Penn94,highest_degree,10,0.05,111,31155,10
Facebook Penn94,highest_degree,10,0.05,112,31285,10
Facebook Penn94,highest_degree,10,0.05,113,31163,9
Facebook Penn94,highest_degree,10,0.05,114,31204,8
Facebook Penn94,highest_degree,10,0.05,115,31297,10
Facebook Penn94,highest_degree,10,0.05,116,31304,10
Facebook Penn94,highest_degree,10,0.05,117,31281,10
Facebook Penn94,highest_degree,10,0.05,118,31354,10
Facebook Penn94,highest_degree,10,0.05,119,31176,11
Facebook Penn94,highest_degree,10,0.05,120,31283,9
Facebook Penn94,highest_degree,10,0.05,121,31173,10
Facebook Penn94,highest_degree,10,0.05,122,31344,9
Facebook Penn94,highest_degree,10,0.05,123,31250,9
Facebook Penn94,highest_degree,10,0.05,124,31132,10
Facebook Penn94,highest_degree,10,0.05,125,31277,9
Facebook Penn94,highest_degree,10,0.05,126,31219,12
Facebook Penn94,highest_degree,10,0.05,127,31200,10
Facebook Penn94,highest_degree,10,0.05,128,31311,9
Facebook Penn94,highest_degree,10,0.05,129,31246,11
Facebook Penn94,highest_degree,10,0.05,130,31297,10
Facebook Penn94,highest_degree,10,0.05,131,31252,11
Facebook Penn94,highest_degree,10,0.05,132,31317,10
Facebook Penn94,highest_degree,10,0.05,133,31319,10
Facebook Penn94,highest_degree,10,0.05,134,31240,10
Facebook Penn94,highest_degree,10,0.05,135,31304,10
Facebook Penn94,highest_degree,10,0.05,136,31267,11
Facebook Penn94,highest_degree,10,0.05,137,31261,9
Facebook Penn94,highest_degree,10,0.05,138,31243,11
Facebook Penn94,highest_degree,10,0.05,139,31247,9
Facebook Penn94,highest_degree,10,0.05,140,31299,11
Facebook Penn94,highest_degree,10,0.05,141,31215,11
Facebook Penn94,highest_degree,10,0.05,142,31355,10
Facebook Penn94,highest_degree,10,0.05,143,31219,10
Facebook Penn94,highest_degree,10,0.05,144,31241,9
Facebook Penn94,highest_degree,10,0.05,145,31236,9
Facebook Penn94,highest_degree,10,0.05,146,31184,9
Facebook Penn94,highest_degree,10,0.05,147,31290,9
Facebook Penn94,highest_degree,10,0.05,148,31202,10
Facebook Penn94,highest_degree,10,0.05,149,31293,9
Facebook Penn94,highest_degree,10,0.05,150,31310,9
Facebook Penn94,highest_degree,10,0.05,151,31292,11
Facebook Penn94,highest_degree,10,0.05,152,31412,11
Facebook Penn94,highest_degree,10,0.05,153,31225,11
Facebook Penn94,highest_degree,10,0.05,154,31261,11
Facebook Penn94,highest_degree,10,0.05,155,31359,10
Facebook Penn94,highest_degree,10,0.05,156,31235,10
Facebook Penn94,highest_degree,10,0.05,157,31173,10
Facebook Penn94,highest_degree,10,0.05,158,31208,9
Facebook Penn94,highest_degree,10,0.05,159,31364,9
Facebook Penn94,highest_degree,10,0.05,160,31208,10
Facebook Penn94,highest_degree,10,0.05,161,31372,9
Facebook Penn94,highest_degree,10,0.05,162,31227,10
Facebook Penn94,highest_degree,10,0.05,163,31411,10
Facebook Penn94,highest_degree,10,0.05,164,31350,9
Facebook Penn94,highest_degree,10,0.05,165,31289,10
Facebook Penn94,highest_degree,10,0.05,166,31199,9
Facebook Penn94,highest_degree,10,0.05,167,31261,9
Facebook Penn94,highest_degree,10,0.05,168,31118,8
Facebook Penn94,highest_degree,10,0.05,169,31220,10
Facebook Penn94,highest_degree,10,0.05,170,31321,9
Facebook Penn94,highest_degree,10,0.05,171,31293,9
Facebook Penn94,highest_degree,10,0.05,172,31451,10
Facebook Penn94,highest_degree,10,0.05,173,31439,11
Facebook Penn94,highest_degree,10,0.05,174,31226,9
Facebook Penn94,highest_degree,10,0.05,175,31306,10
Facebook Penn94,highest_degree,10,0.05,176,31369,10
Facebook Penn94,highest_degree,10,0.05,177,31295,11
Facebook Penn94,highest_degree,10,0.05,178,31395,11
Facebook Penn94,highest_degree,10,0.05,179,31232,11
Facebook Penn94,highest_degree,10,0.05,180,31277,10
Facebook Penn94,highest_degree,10,0.05,181,31213,10
Facebook Penn94,highest_degree,10,0.05,182,31266,11
Facebook Penn94,highest_degree,10,0.05,183,31317,10
Facebook Penn94,highest_degree,10,0.05,184,31369,11
Facebook Penn94,highest_degree,10,0.05,185,31337,10
Facebook Penn94,highest_degree,10,0.05,186,31275,10
Facebook Penn94,highest_degree,10,0.05,187,31171,10
Facebook Penn94,highest_degree,10,0.05,188,31403,12
Facebook Penn94,highest_degree,10,0.05,189,31265,10
Facebook Penn94,highest_degree,10,0.05,190,31317,10
Facebook Penn94,highest_degree,10,0.05,191,31371,11
Facebook Penn94,highest_degree,10,0.05,192,31325,10
Facebook Penn94,highest_degree,10,0.05,193,31315,11
Facebook Penn94,highest_degree,10,0.05,194,31280,9
Facebook Penn94,highest_degree,10,0.05,195,31149,11
Facebook Penn94,highest_degree,10,0.05,196,31246,9
Facebook Penn94,highest_degree,10,0.05,197,31308,10
Facebook Penn94,highest_degree,10,0.05,198,31356,10
Facebook Penn94,highest_degree,10,0.05,199,31232,10
Facebook Penn94,highest_degree,10,0.05,200,31300,10
Facebook Penn94,highest_degree,10,0.05,201,31304,9
Facebook Penn94,highest_degree,10,0.05,202,31229,11
Facebook Penn94,highest_degree,10,0.05,203,31365,9
Facebook Penn94,highest_degree,10,0.05,204,31244,9
Facebook Penn94,highest_degree,10,0.05,205,31325,11
Facebook Penn94,highest_degree,10,0.05,206,31166,9
Facebook Penn94,highest_degree,10,0.05,207,31290,10
Facebook Penn94,highest_degree,10,0.05,208,31164,10
Facebook Penn94,highest_degree,10,0.05,209,31384,9
Facebook Penn94,highest_degree,10,0.05,210,31226,12
Facebook Penn94,highest_degree,10,0.05,211,31238,9
Facebook Penn94,highest_degree,10,0.05,212,31256,10
Facebook Penn94,highest_degree,10,0.05,213,31263,9
Facebook Penn94,highest_degree,10,0.05,214,31269,9
Facebook Penn94,highest_degree,10,0.05,215,31229,8
Facebook Penn94,highest_degree,10,0.05,216,31354,10
Facebook Penn94,highest_degree,10,0.05,217,31128,11
Facebook Penn94,highest_degree,10,0.05,218,31348,10
Facebook Penn94,highest_degree,10,0.05,219,31215,12
Facebook Penn94,highest_degree,10,0.05,220,31333,10
Facebook Penn94,highest_degree,10,0.05,221,31197,9
Facebook Penn94,highest_degree,10,0.05,222,31254,10
Facebook Penn94,highest_degree,10,0.05,223,31240,9
Facebook Penn94,highest_degree,10,0.05,224,31328,9
Facebook Penn94,highest_degree,10,0.05,225,31279,10
Facebook Penn94,highest_degree,10,0.05,226,31310,10
Facebook Penn94,highest_degree,10,0.05,227,31260,10
Facebook Penn94,highest_degree,10,0.05,228,31301,11
Facebook Penn94,highest_degree,10,0.05,229,31287,10
Facebook Penn94,highest_degree,10,0.05,230,31341,9
Facebook Penn94,highest_degree,10,0.05,231,31236,10
Facebook Penn94,highest_degree,10,0.05,232,31186,10
Facebook Penn94,highest_degree,10,0.05,233,31374,9
Facebook Penn94,highest_degree,10,0.05,234,31345,12
Facebook Penn94,highest_degree,10,0.05,235,31283,10
Facebook Penn94,highest_degree,10,0.05,236,31391,11
Facebook Penn94,highest_degree,10,0.05,237,31344,10
Facebook Penn94,highest_degree,10,0.05,238,31168,10
Facebook Penn94,highest_degree,10,0.05,239,31271,9
Facebook Penn94,highest_degree,10,0.05,240,31301,10
Facebook Penn94,highest_degree,10,0.05,241,31203,9
Facebook Penn94,highest_degree,10,0.05,242,31325,9
Facebook Penn94,highest_degree,10,0.05,243,31138,9
Facebook Penn94,highest_degree,10,0.05,244,31147,9
Facebook Penn94,highest_degree,10,0.05,245,31277,10
Facebook Penn94,highest_degree,10,0.05,246,31308,9
Facebook Penn94,highest_degree,10,0.05,247,31373,10
Facebook Penn94,highest_degree,10,0.05,248,31178,10
Facebook Penn94,highest_degree,10,0.05,249,31338,10
Facebook Penn94,highest_degree,10,0.05,250,31315,11
Facebook Penn94,highest_degree,10,0.05,251,31198,10
Facebook Penn94,highest_degree,10,0.05,252,31094,9
Facebook Penn94,highest_degree,10,0.05,253,31341,11
Facebook Penn94,highest_degree,10,0.05,254,31251,10
Facebook Penn94,highest_degree,10,0.05,255,31274,10
Facebook Penn94,highest_degree,10,0.05,256,31372,13
Facebook Penn94,highest_degree,10,0.05,257,31352,10
Facebook Penn94,highest_degree,10,0.05,258,31234,9
Facebook Penn94,highest_degree,10,0.05,259,31370,10
Facebook Penn94,highest_degree,10,0.05,260,31238,11
Facebook Penn94,highest_degree,10,0.05,261,31311,10
Facebook Penn94,highest_degree,10,0.05,262,31294,9
Facebook Penn94,highest_degree,10,0.05,263,31232,9
Facebook Penn94,highest_degree,10,0.05,264,31270,10
Facebook Penn94,highest_degree,10,0.05,265,31174,10
Facebook Penn94,highest_degree,10,0.05,266,31403,11
Facebook Penn94,highest_degree,10,0.05,267,31258,9
Facebook Penn94,highest_degree,10,0.05,268,31220,10
Facebook Penn94,highest_degree,10,0.05,269,31213,10
Facebook Penn94,highest_degree,10,0.05,270,31367,10
Facebook Penn94,highest_degree,10,0.05,271,31233,9
Facebook Penn94,highest_degree,10,0.05,272,31108,9
Facebook Penn94,highest_degree,10,0.05,273,31201,10
Facebook Penn94,highest_degree,10,0.05,274,31302,11
Facebook Penn94,highest_degree,10,0.05,275,31384,9
Facebook Penn94,highest_degree,10,0.05,276,31457,11
Facebook Penn94,highest_degree,10,0.05,277,31328,9
Facebook Penn94,highest_degree,10,0.05,278,31480,9
Facebook Penn94,highest_degree,10,0.05,279,31324,10
Facebook Penn94,highest_degree,10,0.05,280,31215,10
Facebook Penn94,highest_degree,10,0.05,281,31251,11
Facebook Penn94,highest_degree,10,0.05,282,31183,12
Facebook Penn94,highest_degree,10,0.05,283,31366,9
Facebook Penn94,highest_degree,10,0.05,284,31219,10
Facebook Penn94,highest_degree,10,0.05,285,31183,9
Facebook Penn94,highest_degree,10,0.05,286,31258,10
Facebook Penn94,highest_degree,10,0.05,287,31214,10
Facebook Penn94,highest_degree,10,0.05,288,31183,10
Facebook Penn94,highest_degree,10,0.05,289,31342,9
Facebook Penn94,highest_degree,10,0.05,290,31343,10
Facebook Penn94,highest_degree,10,0.05,291,31186,9
Facebook Penn94,highest_degree,10,0.05,292,31353,11
Facebook Penn94,highest_degree,10,0.05,293,31384,10
Facebook Penn94,highest_degree,10,0.05,294,31324,10
Facebook Penn94,highest_degree,10,0.05,295,31422,10
Facebook Penn94,highest_degree,10,0.05,296,31441,9
Facebook Penn94,highest_degree,10,0.05,297,31255,9
Facebook Penn94,highest_degree,10,0.05,298,31202,12
Facebook Penn94,highest_degree,10,0.05,299,31311,10
Facebook Penn94,highest_degree,10,0.05,300,31269,11
Facebook Penn94,highest_degree,10,0.05,301,31217,10
Facebook Penn94,highest_degree,10,0.05,302,31239,10
Facebook Penn94,highest_degree,10,0.05,303,31309,9
Facebook Penn94,highest_degree,10,0.05,304,31270,11
Facebook Penn94,highest_degree,10,0.05,305,31395,10
Facebook Penn94,highest_degree,10,0.05,306,31374,10
Facebook Penn94,highest_degree,10,0.05,307,31214,10
Facebook Penn94,highest_degree,10,0.05,308,31231,10
Facebook Penn94,highest_degree,10,0.05,309,31289,9
Facebook Penn94,highest_degree,10,0.05,310,31515,10
Facebook Penn94,highest_degree,10,0.05,311,31176,10
Facebook Penn94,highest_degree,10,0.05,312,31283,10
Facebook Penn94,highest_degree,10,0.05,313,31280,10
Facebook Penn94,highest_degree,10,0.05,314,31234,9
Facebook Penn94,highest_degree,10,0.05,315,31242,9
Facebook Penn94,highest_degree,10,0.05,316,31263,10
Facebook Penn94,highest_degree,10,0.05,317,31322,10
Facebook Penn94,highest_degree,10,0.05,318,31251,10
Facebook Penn94,highest_degree,10,0.05,319,31285,9
Facebook Penn94,highest_degree,10,0.05,320,31453,9
Facebook Penn94,highest_degree,10,0.05,321,31195,9
Facebook Penn94,highest_degree,10,0.05,322,31309,12
Facebook Penn94,highest_degree,10,0.05,323,31282,9
Facebook Penn94,highest_degree,10,0.05,324,31295,9
Facebook Penn94,highest_degree,10,0.05,325,31270,9
Facebook Penn94,highest_degree,10,0.05,326,31231,9
Facebook Penn94,highest_degree,10,0.05,327,31207,10
Facebook Penn94,highest_degree,10,0.05,328,31449,9
Facebook Penn94,highest_degree,10,0.05,329,31199,9
Facebook Penn94,highest_degree,10,0.05,330,31239,9
Facebook Penn94,highest_degree,10,0.05,331,31187,9
Facebook Penn94,highest_degree,10,0.05,332,31191,10
Facebook Penn94,highest_degree,10,0.05,333,31337,10
Facebook Penn94,highest_degree,10,0.05,334,31239,10
Facebook Penn94,highest_degree,10,0.05,335,31208,10
Facebook Penn94,highest_degree,10,0.05,336,31331,10
Facebook Penn94,highest_degree,10,0.05,337,31267,9
Facebook Penn94,highest_degree,10,0.05,338,31229,10
Facebook Penn94,highest_degree,10,0.05,339,31314,9
Facebook Penn94,highest_degree,10,0.05,340,31257,10
Facebook Penn94,highest_degree,10,0.05,341,31213,9
Facebook Penn94,highest_degree,10,0.05,342,31211,9
Facebook Penn94,highest_degree,10,0.05,343,31284,9
Facebook Penn94,highest_degree,10,0.05,344,31384,10
Facebook Penn94,highest_degree,10,0.05,345,31436,10
Facebook Penn94,highest_degree,10,0.05,346,31344,11
Facebook Penn94,highest_degree,10,0.05,347,31257,8
Facebook Penn94,highest_degree,10,0.05,348,31319,9
Facebook Penn94,highest_degree,10,0.05,349,31120,9
Facebook Penn94,highest_degree,10,0.05,350,31347,10
Facebook Penn94,highest_degree,10,0.05,351,31385,10
Facebook Penn94,highest_degree,10,0.05,352,31213,9
Facebook Penn94,highest_degree,10,0.05,353,31265,10
Facebook Penn94,highest_degree,10,0.05,354,31372,11
Facebook Penn94,highest_degree,10,0.05,355,31340,9
Facebook Penn94,highest_degree,10,0.05,356,31184,10
Facebook Penn94,highest_degree,10,0.05,357,31335,10
Facebook Penn94,highest_degree,10,0.05,358,31390,10
Facebook Penn94,highest_degree,10,0.05,359,31368,9
Facebook Penn94,highest_degree,10,0.05,360,31229,10
Facebook Penn94,highest_degree,10,0.05,361,31366,9
Facebook Penn94,highest_degree,10,0.05,362,31183,10
Facebook Penn94,highest_degree,10,0.05,363,31218,9
Facebook Penn94,highest_degree,10,0.05,364,31310,10
Facebook Penn94,highest_degree,10,0.05,365,31384,9
Facebook Penn94,highest_degree,10,0.05,366,31218,11
Facebook Penn94,highest_degree,10,0.05,367,31264,9
Facebook Penn94,highest_degree,10,0.05,368,31310,10
Facebook Penn94,highest_degree,10,0.05,369,31371,9
Facebook Penn94,highest_degree,10,0.05,370,31234,10
Facebook Penn94,highest_degree,10,0.05,371,31360,12
Facebook Penn94,highest_degree,10,0.05,372,31327,9
Facebook Penn94,highest_degree,10,0.05,373,31365,9
Facebook Penn94,highest_degree,10,0.05,374,31403,10
Facebook Penn94,highest_degree,10,0.05,375,31203,9
Facebook Penn94,highest_degree,10,0.05,376,31288,9
Facebook Penn94,highest_degree,10,0.05,377,31166,9
Facebook Penn94,highest_degree,10,0.05,378,31224,11
Facebook Penn94,highest_degree,10,0.05,379,31335,11
Facebook Penn94,highest_degree,10,0.05,380,31174,10
Facebook Penn94,highest_degree,10,0.05,381,31393,10
Facebook Penn94,highest_degree,10,0.05,382,31253,11
Facebook Penn94,highest_degree,10,0.05,383,31225,10
Facebook Penn94,highest_degree,10,0.05,384,31342,9
Facebook Penn94,highest_degree,10,0.05,385,31296,10
Facebook Penn94,highest_degree,10,0.05,386,31283,10
Facebook Penn94,highest_degree,10,0.05,387,31329,10
Facebook Penn94,highest_degree,10,0.05,388,31221,10
Facebook Penn94,highest_degree,10,0.05,389,31197,11
Facebook Penn94,highest_degree,10,0.05,390,31357,11
Facebook Penn94,highest_degree,10,0.05,391,31239,10
Facebook Penn94,highest_degree,10,0.05,392,31366,9
Facebook Penn94,highest_degree,10,0.05,393,31295,9
Facebook Penn94,highest_degree,10,0.05,394,31339,9
Facebook Penn94,highest_degree,10,0.05,395,31311,10
Facebook Penn94,highest_degree,10,0.05,396,31254,10
Facebook Penn94,highest_degree,10,0.05,397,31265,10
Facebook Penn94,highest_degree,10,0.05,398,31284,8
Facebook Penn94,highest_degree,10,0.05,399,31441,10
Facebook Penn94,highest_degree,10,0.05,400,31235,9
Facebook Penn94,highest_degree,10,0.05,401,31410,11
Facebook Penn94,highest_degree,10,0.05,402,31263,10
Facebook Penn94,highest_degree,10,0.05,403,31312,10
Facebook Penn94,highest_degree,10,0.05,404,31327,10
Facebook Penn94,highest_degree,10,0.05,405,31388,9
Facebook Penn94,highest_degree,10,0.05,406,31282,10
Facebook Penn94,highest_degree,10,0.05,407,31344,10
Facebook Penn94,highest_degree,10,0.05,408,31319,10
Facebook Penn94,highest_degree,10,0.05,409,31304,9
Facebook Penn94,highest_degree,10,0.05,410,31268,10
Facebook Penn94,highest_degree,10,0.05,411,31225,9
Facebook Penn94,highest_degree,10,0.05,412,31305,9
Facebook Penn94,highest_degree,10,0.05,413,31240,10
Facebook Penn94,highest_degree,10,0.05,414,31252,9
Facebook Penn94,highest_degree,10,0.05,415,31390,9
Facebook Penn94,highest_degree,10,0.05,416,31333,9
Facebook Penn94,highest_degree,10,0.05,417,31114,10
Facebook Penn94,highest_degree,10,0.05,418,31377,9
Facebook Penn94,highest_degree,10,0.05,419,31218,12
Facebook Penn94,highest_degree,10,0.05,420,31358,10
Facebook Penn94,highest_degree,10,0.05,421,31204,12
Facebook Penn94,highest_degree,10,0.05,422,31328,9
Facebook Penn94,highest_degree,10,0.05,423,31357,9
Facebook Penn94,highest_degree,10,0.05,424,31409,9
Facebook Penn94,highest_degree,10,0.05,425,31268,9
Facebook Penn94,highest_degree,10,0.05,426,31412,10
Facebook Penn94,highest_degree,10,0.05,427,31208,12
Facebook Penn94,highest_degree,10,0.05,428,31382,9
Facebook Penn94,highest_degree,10,0.05,429,31391,11
Facebook Penn94,highest_degree,10,0.05,430,31135,11
Facebook Penn94,highest_degree,10,0.05,431,31155,10
Facebook Penn94,highest_degree,10,0.05,432,31205,9
Facebook Penn94,highest_degree,10,0.05,433,31325,9
Facebook Penn94,highest_degree,10,0.05,434,31263,10
Facebook Penn94,highest_degree,10,0.05,435,31185,10
Facebook Penn94,highest_degree,10,0.05,436,31262,9
Facebook Penn94,highest_degree,10,0.05,437,31190,9
Facebook Penn94,highest_degree,10,0.05,438,31351,10
Facebook Penn94,highest_degree,10,0.05,439,31136,12
Facebook Penn94,highest_degree,10,0.05,440,31237,9
Facebook Penn94,highest_degree,10,0.05,441,31417,9
Facebook Penn94,highest_degree,10,0.05,442,31235,9
Facebook Penn94,highest_degree,10,0.05,443,31211,10
Facebook Penn94,highest_degree,10,0.05,444,31333,10
Facebook Penn94,highest_degree,10,0.05,445,31326,9
Facebook Penn94,highest_degree,10,0.05,446,31293,10
Facebook Penn94,highest_degree,10,0.05,447,31242,9
Facebook Penn94,highest_degree,10,0.05,448,31265,10
Facebook Penn94,highest_degree,10,0.05,449,31226,10
Facebook Penn94,highest_degree,10,0.05,450,31255,10
Facebook Penn94,highest_degree,10,0.05,451,31204,9
Facebook Penn94,highest_degree,10,0.05,452,31427,11
Facebook Penn94,highest_degree,10,0.05,453,31195,10
Facebook Penn94,highest_degree,10,0.05,454,31279,9
Facebook Penn94,highest_degree,10,0.05,455,31244,11
Facebook Penn94,highest_degree,10,0.05,456,31297,11
Facebook Penn94,highest_degree,10,0.05,457,31292,9
Facebook Penn94,highest_degree,10,0.05,458,31412,9
Facebook Penn94,highest_degree,10,0.05,459,31332,9
Facebook Penn94,highest_degree,10,0.05,460,31225,10
Facebook Penn94,highest_degree,10,0.05,461,31252,9
Facebook Penn94,highest_degree,10,0.05,462,31319,10
Facebook Penn94,highest_degree,10,0.05,463,31247,11
Facebook Penn94,highest_degree,10,0.05,464,31299,10
Facebook Penn94,highest_degree,10,0.05,465,31406,10
Facebook Penn94,highest_degree,10,0.05,466,31388,11
Facebook Penn94,highest_degree,10,0.05,467,31232,12
Facebook Penn94,highest_degree,10,0.05,468,31379,11
Facebook Penn94,highest_degree,10,0.05,469,31392,10
Facebook Penn94,highest_degree,10,0.05,470,31250,9
Facebook Penn94,highest_degree,10,0.05,471,31355,10
Facebook Penn94,highest_degree,10,0.05,472,31246,10
Facebook Penn94,highest_degree,10,0.05,473,31288,9
Facebook Penn94,highest_degree,10,0.05,474,31085,9
Facebook Penn94,highest_degree,10,0.05,475,31295,10
Facebook Penn94,highest_degree,10,0.05,476,31299,10
Facebook Penn94,highest_degree,10,0.05,477,31246,9
Facebook Penn94,highest_degree,10,0.05,478,31241,9
Facebook Penn94,highest_degree,10,0.05,479,31213,11
Facebook Penn94,highest_degree,10,0.05,480,31340,11
Facebook Penn94,highest_degree,10,0.05,481,31277,12
Facebook Penn94,highest_degree,10,0.05,482,31373,9
Facebook Penn94,highest_degree,10,0.05,483,31289,9
Facebook Penn94,highest_degree,10,0.05,484,31234,10
Facebook Penn94,highest_degree,10,0.05,485,31203,10
Facebook Penn94,highest_degree,10,0.05,486,31267,10
Facebook Penn94,highest_degree,10,0.05,487,31219,10
Facebook Penn94,highest_degree,10,0.05,488,31225,10
Facebook Penn94,highest_degree,10,0.05,489,31328,9
Facebook Penn94,highest_degree,10,0.05,490,31263,10
Facebook Penn94,highest_degree,10,0.05,491,31183,9
Facebook Penn94,highest_degree,10,0.05,492,31330,9
Facebook Penn94,highest_degree,10,0.05,493,31332,10
Facebook Penn94,highest_degree,10,0.05,494,31191,10
Facebook Penn94,highest_degree,10,0.05,495,31431,10
Facebook Penn94,highest_degree,10,0.05,496,31231,10
Facebook Penn94,highest_degree,10,0.05,497,31198,12
Facebook Penn94,highest_degree,10,0.05,498,31327,12
Facebook Penn94,highest_degree,10,0.05,499,31320,9
Facebook Penn94,highest_degree,10,0.05,500,31125,10
Facebook Penn94,highest_degree,10,0.05,501,31236,11
Facebook Penn94,highest_degree,10,0.05,502,31268,11
Facebook Penn94,highest_degree,10,0.05,503,31230,9
Facebook Penn94,highest_degree,10,0.05,504,31375,9
Facebook Penn94,highest_degree,10,0.05,505,31201,9
Facebook Penn94,highest_degree,10,0.05,506,31250,11
Facebook Penn94,highest_degree,10,0.05,507,31254,10
Facebook Penn94,highest_degree,10,0.05,508,31107,10
Facebook Penn94,highest_degree,10,0.05,509,31300,9
Facebook Penn94,highest_degree,10,0.05,510,31158,11
Facebook Penn94,highest_degree,10,0.05,511,31202,9
Facebook Penn94,highest_degree,10,0.05,512,31246,10
Facebook Penn94,highest_degree,10,0.05,513,31244,9
Facebook Penn94,highest_degree,10,0.05,514,31430,9
Facebook Penn94,highest_degree,10,0.05,515,31169,9
Facebook Penn94,highest_degree,10,0.05,516,31326,10
Facebook Penn94,highest_degree,10,0.05,517,31325,10
Facebook Penn94,highest_degree,10,0.05,518,31212,9
Facebook Penn94,highest_degree,10,0.05,519,31237,9
Facebook Penn94,highest_degree,10,0.05,520,31335,11
Facebook Penn94,highest_degree,10,0.05,521,31463,9
Facebook Penn94,highest_degree,10,0.05,522,31180,10
Facebook Penn94,highest_degree,10,0.05,523,31453,11
Facebook Penn94,highest_degree,10,0.05,524,31334,12
Facebook Penn94,highest_degree,10,0.05,525,31193,9
Facebook Penn94,highest_degree,10,0.05,526,31130,9
Facebook Penn94,highest_degree,10,0.05,527,31325,10
Facebook Penn94,highest_degree,10,0.05,528,31180,10
Facebook Penn94,highest_degree,10,0.05,529,31336,10
Facebook Penn94,highest_degree,10,0.05,530,31427,10
Facebook Penn94,highest_degree,10,0.05,531,31231,10
Facebook Penn94,highest_degree,10,0.05,532,31315,8
Facebook Penn94,highest_degree,10,0.05,533,31296,9
Facebook Penn94,highest_degree,10,0.05,534,31268,12
Facebook Penn94,highest_degree,10,0.05,535,31233,9
Facebook Penn94,highest_degree,10,0.05,536,31143,9
Facebook Penn94,highest_degree,10,0.05,537,31299,11
Facebook Penn94,highest_degree,10,0.05,538,31282,10
Facebook Penn94,highest_degree,10,0.05,539,31402,9
Facebook Penn94,highest_degree,10,0.05,540,31407,9
Facebook Penn94,highest_degree,10,0.05,541,31409,11
Facebook Penn94,highest_degree,10,0.05,542,31230,9
Facebook Penn94,highest_degree,10,0.05,543,31322,10
Facebook Penn94,highest_degree,10,0.05,544,31274,9
Facebook Penn94,highest_degree,10,0.05,545,31427,10
Facebook Penn94,highest_degree,10,0.05,546,31304,10
Facebook Penn94,highest_degree,10,0.05,547,31273,10
Facebook Penn94,highest_degree,10,0.05,548,31268,10
Facebook Penn94,highest_degree,10,0.05,549,31294,9
Facebook Penn94,highest_degree,10,0.05,550,31266,10
Facebook Penn94,highest_degree,10,0.05,551,31236,11
Facebook Penn94,highest_degree,10,0.05,552,31321,9
Facebook Penn94,highest_degree,10,0.05,553,31265,10
Facebook Penn94,highest_degree,10,0.05,554,30935,9
Facebook Penn94,highest_degree,10,0.05,555,31263,9
Facebook Penn94,highest_degree,10,0.05,556,31316,10
Facebook Penn94,highest_degree,10,0.05,557,31236,9
Facebook Penn94,highest_degree,10,0.05,558,31378,11
Facebook Penn94,highest_degree,10,0.05,559,31464,11
Facebook Penn94,highest_degree,10,0.05,560,31349,11
Facebook Penn94,highest_degree,10,0.05,561,31353,9
Facebook Penn94,highest_degree,10,0.05,562,31225,9
Facebook Penn94,highest_degree,10,0.05,563,31265,10
Facebook Penn94,highest_degree,10,0.05,564,31238,10
Facebook Penn94,highest_degree,10,0.05,565,31286,11
Facebook Penn94,highest_degree,10,0.05,566,31407,9
Facebook Penn94,highest_degree,10,0.05,567,31334,10
Facebook Penn94,highest_degree,10,0.05,568,31332,10
Facebook Penn94,highest_degree,10,0.05,569,31300,9
Facebook Penn94,highest_degree,10,0.05,570,31246,10
Facebook Penn94,highest_degree,10,0.05,571,31292,10
Facebook Penn94,highest_degree,10,0.05,572,31334,10
Facebook Penn94,highest_degree,10,0.05,573,31188,9
Facebook Penn94,highest_degree,10,0.05,574,31238,11
Facebook Penn94,highest_degree,10,0.05,575,31132,10
Facebook Penn94,highest_degree,10,0.05,576,31394,10
Facebook Penn94,highest_degree,10,0.05,577,31248,11
Facebook Penn94,highest_degree,10,0.05,578,31169,9
Facebook Penn94,highest_degree,10,0.05,579,31274,9
Facebook Penn94,highest_degree,10,0.05,580,31311,12
Facebook Penn94,highest_degree,10,0.05,581,31271,10
Facebook Penn94,highest_degree,10,0.05,582,31225,10
Facebook Penn94,highest_degree,10,0.05,583,31332,10
Facebook Penn94,highest_degree,10,0.05,584,31359,9
Facebook Penn94,highest_degree,10,0.05,585,31366,12
Facebook Penn94,highest_degree,10,0.05,586,31201,9
Facebook Penn94,highest_degree,10,0.05,587,31255,9
Facebook Penn94,highest_degree,10,0.05,588,31276,10
Facebook Penn94,highest_degree,10,0.05,589,31371,11
Facebook Penn94,highest_degree,10,0.05,590,31196,9
Facebook Penn94,highest_degree,10,0.05,591,31247,11
Facebook Penn94,highest_degree,10,0.05,592,31306,10
Facebook Penn94,highest_degree,10,0.05,593,31310,9
Facebook Penn94,highest_degree,10,0.05,594,31196,10
Facebook Penn94,highest_degree,10,0.05,595,31121,12
Facebook Penn94,highest_degree,10,0.05,596,31400,9
Facebook Penn94,highest_degree,10,0.05,597,31224,10
Facebook Penn94,highest_degree,10,0.05,598,31315,10
Facebook Penn94,highest_degree,10,0.05,599,31312,11
Facebook Penn94,highest_degree,10,0.05,600,31375,10
Facebook Penn94,highest_degree,10,0.05,601,31395,11
Facebook Penn94,highest_degree,10,0.05,602,31305,10
Facebook Penn94,highest_degree,10,0.05,603,31307,9
Facebook Penn94,highest_degree,10,0.05,604,31238,10
Facebook Penn94,highest_degree,10,0.05,605,31228,11
Facebook Penn94,highest_degree,10,0.05,606,31407,10
Facebook Penn94,highest_degree,10,0.05,607,31339,10
Facebook Penn94,highest_degree,10,0.05,608,31295,9
Facebook Penn94,highest_degree,10,0.05,609,31350,10
Facebook Penn94,highest_degree,10,0.05,610,31299,10
Facebook Penn94,highest_degree,10,0.05,611,31348,11
Facebook Penn94,highest_degree,10,0.05,612,31276,10
Facebook Penn94,highest_degree,10,0.05,613,31393,9
Facebook Penn94,highest_degree,10,0.05,614,31331,10
Facebook Penn94,highest_degree,10,0.05,615,31267,10
Facebook Penn94,highest_degree,10,0.05,616,31293,10
Facebook Penn94,highest_degree,10,0.05,617,31205,9
Facebook Penn94,highest_degree,10,0.05,618,31259,11
Facebook Penn94,highest_degree,10,0.05,619,31283,9
Facebook Penn94,highest_degree,10,0.05,620,31245,9
Facebook Penn94,highest_degree,10,0.05,621,31202,9
Facebook Penn94,highest_degree,10,0.05,622,31265,10
Facebook Penn94,highest_degree,10,0.05,623,31282,9
Facebook Penn94,highest_degree,10,0.05,624,31403,11
Facebook Penn94,highest_degree,10,0.05,625,31354,10
Facebook Penn94,highest_degree,10,0.05,626,31316,10
Facebook Penn94,highest_degree,10,0.05,627,31218,10
Facebook Penn94,highest_degree,10,0.05,628,31212,9
Facebook Penn94,highest_degree,10,0.05,629,31265,9
Facebook Penn94,highest_degree,10,0.05,630,31232,10
Facebook Penn94,highest_degree,10,0.05,631,31269,10
Facebook Penn94,highest_degree,10,0.05,632,31270,10
Facebook Penn94,highest_degree,10,0.05,633,31162,9
Facebook Penn94,highest_degree,10,0.05,634,31349,11
Facebook Penn94,highest_degree,10,0.05,635,31273,10
Facebook Penn94,highest_degree,10,0.05,636,31299,9
Facebook Penn94,highest_degree,10,0.05,637,31348,9
Facebook Penn94,highest_degree,10,0.05,638,31296,10
Facebook Penn94,highest_degree,10,0.05,639,31366,12
Facebook Penn94,highest_degree,10,0.05,640,31346,9
Facebook Penn94,highest_degree,10,0.05,641,31207,10
Facebook Penn94,highest_degree,10,0.05,642,31168,9
Facebook Penn94,highest_degree,10,0.05,643,31193,9
Facebook Penn94,highest_degree,10,0.05,644,31235,9
Facebook Penn94,highest_degree,10,0.05,645,31295,10
Facebook Penn94,highest_degree,10,0.05,646,31275,9
Facebook Penn94,highest_degree,10,0.05,647,31285,10
Facebook Penn94,highest_degree,10,0.05,648,31320,10
Facebook Penn94,highest_degree,10,0.05,649,31229,9
Facebook Penn94,highest_degree,10,0.05,650,31244,9
Facebook Penn94,highest_degree,10,0.05,651,31178,9
Facebook Penn94,highest_degree,10,0.05,652,31316,10
Facebook Penn94,highest_degree,10,0.05,653,31312,10
Facebook Penn94,highest_degree,10,0.05,654,31250,9
Facebook Penn94,highest_degree,10,0.05,655,31367,9
Facebook Penn94,highest_degree,10,0.05,656,31317,9
Facebook Penn94,highest_degree,10,0.05,657,31334,12
Facebook Penn94,highest_degree,10,0.05,658,31149,10
Facebook Penn94,highest_degree,10,0.05,659,31273,10
Facebook Penn94,highest_degree,10,0.05,660,31203,10
Facebook Penn94,highest_degree,10,0.05,661,31310,11
Facebook Penn94,highest_degree,10,0.05,662,31340,8
Facebook Penn94,highest_degree,10,0.05,663,31245,9
Facebook Penn94,highest_degree,10,0.05,664,31228,9
Facebook Penn94,highest_degree,10,0.05,665,31289,10
Facebook Penn94,highest_degree,10,0.05,666,31323,10
Facebook Penn94,highest_degree,10,0.05,667,31330,9
Facebook Penn94,highest_degree,10,0.05,668,31506,10
Facebook Penn94,highest_degree,10,0.05,669,31232,9
Facebook Penn94,highest_degree,10,0.05,670,31308,10
Facebook Penn94,highest_degree,10,0.05,671,31386,11
Facebook Penn94,highest_degree,10,0.05,672,31253,9
Facebook Penn94,highest_degree,10,0.05,673,31270,10
Facebook Penn94,highest_degree,10,0.05,674,31326,9
Facebook Penn94,highest_degree,10,0.05,675,31342,9
Facebook Penn94,highest_degree,10,0.05,676,31089,8
Facebook Penn94,highest_degree,10,0.05,677,31350,11
Facebook Penn94,highest_degree,10,0.05,678,31458,9
Facebook Penn94,highest_degree,10,0.05,679,31357,9
Facebook Penn94,highest_degree,10,0.05,680,31287,10
Facebook Penn94,highest_degree,10,0.05,681,31328,9
Facebook Penn94,highest_degree,10,0.05,682,31241,10
Facebook Penn94,highest_degree,10,0.05,683,31162,11
Facebook Penn94,highest_degree,10,0.05,684,31210,11
Facebook Penn94,highest_degree,10,0.05,685,31334,10
Facebook Penn94,highest_degree,10,0.05,686,31310,10
Facebook Penn94,highest_degree,10,0.05,687,31312,11
Facebook Penn94,highest_degree,10,0.05,688,31209,10
Facebook Penn94,highest_degree,10,0.05,689,31323,9
Facebook Penn94,highest_degree,10,0.05,690,31186,10
Facebook Penn94,highest_degree,10,0.05,691,31235,9
Facebook Penn94,highest_degree,10,0.05,692,31393,9
Facebook Penn94,highest_degree,10,0.05,693,31140,10
Facebook Penn94,highest_degree,10,0.05,694,31280,9
Facebook Penn94,highest_degree,10,0.05,695,31133,10
Facebook Penn94,highest_degree,10,0.05,696,31236,10
Facebook Penn94,highest_degree,10,0.05,697,31156,10
Facebook Penn94,highest_degree,10,0.05,698,31357,10
Facebook Penn94,highest_degree,10,0.05,699,31299,10
Facebook Penn94,highest_degree,10,0.05,700,31236,9
Facebook Penn94,highest_degree,10,0.05,701,31458,10
Facebook Penn94,highest_degree,10,0.05,702,31209,10
Facebook Penn94,highest_degree,10,0.05,703,31250,10
Facebook Penn94,highest_degree,10,0.05,704,31261,11
Facebook Penn94,highest_degree,10,0.05,705,31293,9
Facebook Penn94,highest_degree,10,0.05,706,31415,10
Facebook Penn94,highest_degree,10,0.05,707,31284,10
Facebook Penn94,highest_degree,10,0.05,708,31123,9
Facebook Penn94,highest_degree,10,0.05,709,31171,9
Facebook Penn94,highest_degree,10,0.05,710,31116,10
Facebook Penn94,highest_degree,10,0.05,711,31298,9
Facebook Penn94,highest_degree,10,0.05,712,31281,9
Facebook Penn94,highest_degree,10,0.05,713,31246,11
Facebook Penn94,highest_degree,10,0.05,714,31191,9
Facebook Penn94,highest_degree,10,0.05,715,31239,9
Facebook Penn94,highest_degree,10,0.05,716,31214,11
Facebook Penn94,highest_degree,10,0.05,717,31239,9
Facebook Penn94,highest_degree,10,0.05,718,31334,8
Facebook Penn94,highest_degree,10,0.05,719,31347,10
Facebook Penn94,highest_degree,10,0.05,720,31356,9
Facebook Penn94,highest_degree,10,0.05,721,31182,9
Facebook Penn94,highest_degree,10,0.05,722,31327,9
Facebook Penn94,highest_degree,10,0.05,723,31231,12
Facebook Penn94,highest_degree,10,0.05,724,31309,10
Facebook Penn94,highest_degree,10,0.05,725,31240,10
Facebook Penn94,highest_degree,10,0.05,726,31302,10
Facebook Penn94,highest_degree,10,0.05,727,31239,9
Facebook Penn94,highest_degree,10,0.05,728,31446,10
Facebook Penn94,highest_degree,10,0.05,729,31366,11
Facebook Penn94,highest_degree,10,0.05,730,31249,10
Facebook Penn94,highest_degree,10,0.05,731,31215,13
Facebook Penn94,highest_degree,10,0.05,732,31324,9
Facebook Penn94,highest_degree,10,0.05,733,31153,9
Facebook Penn94,highest_degree,10,0.05,734,31333,12
Facebook Penn94,highest_degree,10,0.05,735,31258,11
Facebook Penn94,highest_degree,10,0.05,736,31253,9
Facebook Penn94,highest_degree,10,0.05,737,31226,10
Facebook Penn94,highest_degree,10,0.05,738,31342,9
Facebook Penn94,highest_degree,10,0.05,739,31299,11
Facebook Penn94,highest_degree,10,0.05,740,31439,10
Facebook Penn94,highest_degree,10,0.05,741,31142,9
Facebook Penn94,highest_degree,10,0.05,742,31257,11
Facebook Penn94,highest_degree,10,0.05,743,31264,10
Facebook Penn94,highest_degree,10,0.05,744,31314,11
Facebook Penn94,highest_degree,10,0.05,745,31226,10
Facebook Penn94,highest_degree,10,0.05,746,31341,10
Facebook Penn94,highest_degree,10,0.05,747,31330,11
Facebook Penn94,highest_degree,10,0.05,748,31242,9
Facebook Penn94,highest_degree,10,0.05,749,31266,9
Facebook Penn94,highest_degree,10,0.05,750,31234,10
Facebook Penn94,highest_degree,10,0.05,751,31231,12
Facebook Penn94,highest_degree,10,0.05,752,31284,9
Facebook Penn94,highest_degree,10,0.05,753,31251,9
Facebook Penn94,highest_degree,10,0.05,754,31277,9
Facebook Penn94,highest_degree,10,0.05,755,31232,10
Facebook Penn94,highest_degree,10,0.05,756,31286,12
Facebook Penn94,highest_degree,10,0.05,757,31278,8
Facebook Penn94,highest_degree,10,0.05,758,31306,9
Facebook Penn94,highest_degree,10,0.05,759,31286,8
Facebook Penn94,highest_degree,10,0.05,760,31340,10
Facebook Penn94,highest_degree,10,0.05,761,31334,11
Facebook Penn94,highest_degree,10,0.05,762,31354,11
Facebook Penn94,highest_degree,10,0.05,763,31291,11
Facebook Penn94,highest_degree,10,0.05,764,31342,10
Facebook Penn94,highest_degree,10,0.05,765,31202,10
Facebook Penn94,highest_degree,10,0.05,766,31234,9
Facebook Penn94,highest_degree,10,0.05,767,31323,9
Facebook Penn94,highest_degree,10,0.05,768,31323,12
Facebook Penn94,highest_degree,10,0.05,769,31251,10
Facebook Penn94,highest_degree,10,0.05,770,31374,10
Facebook Penn94,highest_degree,10,0.05,771,31386,10
Facebook Penn94,highest_degree,10,0.05,772,31359,11
Facebook Penn94,highest_degree,10,0.05,773,31281,9
Facebook Penn94,highest_degree,10,0.05,774,31276,10
Facebook Penn94,highest_degree,10,0.05,775,31332,10
Facebook Penn94,highest_degree,10,0.05,776,31342,10
Facebook Penn94,highest_degree,10,0.05,777,31327,9
Facebook Penn94,highest_degree,10,0.05,778,31387,9
Facebook Penn94,highest_degree,10,0.05,779,31416,9
Facebook Penn94,highest_degree,10,0.05,780,31379,12
Facebook Penn94,highest_degree,10,0.05,781,31286,10
Facebook Penn94,highest_degree,10,0.05,782,31215,9
Facebook Penn94,highest_degree,10,0.05,783,31278,11
Facebook Penn94,highest_degree,10,0.05,784,31204,10
Facebook Penn94,highest_degree,10,0.05,785,31281,10
Facebook Penn94,highest_degree,10,0.05,786,31266,10
Facebook Penn94,highest_degree,10,0.05,787,31363,11
Facebook Penn94,highest_degree,10,0.05,788,31357,10
Facebook Penn94,highest_degree,10,0.05,789,31339,10
Facebook Penn94,highest_degree,10,0.05,790,31225,9
Facebook Penn94,highest_degree,10,0.05,791,31198,9
Facebook Penn94,highest_degree,10,0.05,792,31256,9
Facebook Penn94,highest_degree,10,0.05,793,31206,10
Facebook Penn94,highest_degree,10,0.05,794,31322,11
Facebook Penn94,highest_degree,10,0.05,795,31321,11
Facebook Penn94,highest_degree,10,0.05,796,31276,11
Facebook Penn94,highest_degree,10,0.05,797,31210,9
Facebook Penn94,highest_degree,10,0.05,798,31284,12
Facebook Penn94,highest_degree,10,0.05,799,31332,10
Facebook Penn94,highest_degree,10,0.05,800,31351,9
Facebook Penn94,highest_degree,10,0.05,801,31276,9
Facebook Penn94,highest_degree,10,0.05,802,31356,9
Facebook Penn94,highest_degree,10,0.05,803,31307,9
Facebook Penn94,highest_degree,10,0.05,804,31295,9
Facebook Penn94,highest_degree,10,0.05,805,31307,11
Facebook Penn94,highest_degree,10,0.05,806,31365,10
Facebook Penn94,highest_degree,10,0.05,807,31231,9
Facebook Penn94,highest_degree,10,0.05,808,31258,9
Facebook Penn94,highest_degree,10,0.05,809,31304,10
Facebook Penn94,highest_degree,10,0.05,810,31400,10
Facebook Penn94,highest_degree,10,0.05,811,31326,10
Facebook Penn94,highest_degree,10,0.05,812,31442,10
Facebook Penn94,highest_degree,10,0.05,813,31275,10
Facebook Penn94,highest_degree,10,0.05,814,31302,10
Facebook Penn94,highest_degree,10,0.05,815,31255,10
Facebook Penn94,highest_degree,10,0.05,816,31384,9
Facebook Penn94,highest_degree,10,0.05,817,31288,10
Facebook Penn94,highest_degree,10,0.05,818,31363,12
Facebook Penn94,highest_degree,10,0.05,819,31368,10
Facebook Penn94,highest_degree,10,0.05,820,31194,11
Facebook Penn94,highest_degree,10,0.05,821,31366,9
Facebook Penn94,highest_degree,10,0.05,822,31115,9
Facebook Penn94,highest_degree,10,0.05,823,31293,10
Facebook Penn94,highest_degree,10,0.05,824,31354,10
Facebook Penn94,highest_degree,10,0.05,825,31226,10
Facebook Penn94,highest_degree,10,0.05,826,31339,10
Facebook Penn94,highest_degree,10,0.05,827,31291,10
Facebook Penn94,highest_degree,10,0.05,828,31427,12
Facebook Penn94,highest_degree,10,0.05,829,31306,10
Facebook Penn94,highest_degree,10,0.05,830,31156,9
Facebook Penn94,highest_degree,10,0.05,831,31212,9
Facebook Penn94,highest_degree,10,0.05,832,31247,10
Facebook Penn94,highest_degree,10,0.05,833,31301,10
Facebook Penn94,highest_degree,10,0.05,834,31386,10
Facebook Penn94,highest_degree,10,0.05,835,31202,9
Facebook Penn94,highest_degree,10,0.05,836,31304,12
Facebook Penn94,highest_degree,10,0.05,837,31408,9
Facebook Penn94,highest_degree,10,0.05,838,31295,11
Facebook Penn94,highest_degree,10,0.05,839,31393,9
Facebook Penn94,highest_degree,10,0.05,840,31363,10
Facebook Penn94,highest_degree,10,0.05,841,31179,10
Facebook Penn94,highest_degree,10,0.05,842,31332,9
Facebook Penn94,highest_degree,10,0.05,843,31335,9
Facebook Penn94,highest_degree,10,0.05,844,31357,8
Facebook Penn94,highest_degree,10,0.05,845,31244,10
Facebook Penn94,highest_degree,10,0.05,846,31285,9
Facebook Penn94,highest_degree,10,0.05,847,31217,10
Facebook Penn94,highest_degree,10,0.05,848,31296,9
Facebook Penn94,highest_degree,10,0.05,849,31325,10
Facebook Penn94,highest_degree,10,0.05,850,31350,10
Facebook Penn94,highest_degree,10,0.05,851,31403,9
Facebook Penn94,highest_degree,10,0.05,852,31154,10
Facebook Penn94,highest_degree,10,0.05,853,31229,9
Facebook Penn94,highest_degree,10,0.05,854,31436,9
Facebook Penn94,highest_degree,10,0.05,855,31291,10
Facebook Penn94,highest_degree,10,0.05,856,31219,9
Facebook Penn94,highest_degree,10,0.05,857,31322,10
Facebook Penn94,highest_degree,10,0.05,858,31333,8
Facebook Penn94,highest_degree,10,0.05,859,31266,9
Facebook Penn94,highest_degree,10,0.05,860,31311,11
Facebook Penn94,highest_degree,10,0.05,861,31393,10
Facebook Penn94,highest_degree,10,0.05,862,31297,9
Facebook Penn94,highest_degree,10,0.05,863,31267,10
Facebook Penn94,highest_degree,10,0.05,864,31395,10
Facebook Penn94,highest_degree,10,0.05,865,31422,10
Facebook Penn94,highest_degree,10,0.05,866,31170,12
Facebook Penn94,highest_degree,10,0.05,867,31251,9
Facebook Penn94,highest_degree,10,0.05,868,31206,10
Facebook Penn94,highest_degree,10,0.05,869,31469,9
Facebook Penn94,highest_degree,10,0.05,870,31243,9
Facebook Penn94,highest_degree,10,0.05,871,31383,10
Facebook Penn94,highest_degree,10,0.05,872,31236,9
Facebook Penn94,highest_degree,10,0.05,873,31166,9
Facebook Penn94,highest_degree,10,0.05,874,31223,9
Facebook Penn94,highest_degree,10,0.05,875,31262,9
Facebook Penn94,highest_degree,10,0.05,876,31201,10
Facebook Penn94,highest_degree,10,0.05,877,31259,11
Facebook Penn94,highest_degree,10,0.05,878,31381,9
Facebook Penn94,highest_degree,10,0.05,879,31393,13
Facebook Penn94,highest_degree,10,0.05,880,31323,10
Facebook Penn94,highest_degree,10,0.05,881,31406,10
Facebook Penn94,highest_degree,10,0.05,882,31158,9
Facebook Penn94,highest_degree,10,0.05,883,31364,10
Facebook Penn94,highest_degree,10,0.05,884,31374,10
Facebook Penn94,highest_degree,10,0.05,885,31253,9
Facebook Penn94,highest_degree,10,0.05,886,31287,9
Facebook Penn94,highest_degree,10,0.05,887,31263,9
Facebook Penn94,highest_degree,10,0.05,888,31289,12
Facebook Penn94,highest_degree,10,0.05,889,31182,10
Facebook Penn94,highest_degree,10,0.05,890,31474,10
Facebook Penn94,highest_degree,10,0.05,891,31371,11
Facebook Penn94,highest_degree,10,0.05,892,31336,11
Facebook Penn94,highest_degree,10,0.05,893,31297,11
Facebook Penn94,highest_degree,10,0.05,894,31148,10
Facebook Penn94,highest_degree,10,0.05,895,31236,9
Facebook Penn94,highest_degree,10,0.05,896,31322,10
Facebook Penn94,highest_degree,10,0.05,897,31310,9
Facebook Penn94,highest_degree,10,0.05,898,31430,9
Facebook Penn94,highest_degree,10,0.05,899,31113,12
Facebook Penn94,highest_degree,10,0.05,900,31344,9
Facebook Penn94,highest_degree,10,0.05,901,31233,9
Facebook Penn94,highest_degree,10,0.05,902,31299,10
Facebook Penn94,highest_degree,10,0.05,903,31187,9
Facebook Penn94,highest_degree,10,0.05,904,31402,9
Facebook Penn94,highest_degree,10,0.05,905,31316,9
Facebook Penn94,highest_degree,10,0.05,906,31292,9
Facebook Penn94,highest_degree,10,0.05,907,31263,9
Facebook Penn94,highest_degree,10,0.05,908,31325,10
Facebook Penn94,highest_degree,10,0.05,909,31186,10
Facebook Penn94,highest_degree,10,0.05,910,31388,9
Facebook Penn94,highest_degree,10,0.05,911,31165,8
Facebook Penn94,highest_degree,10,0.05,912,31269,10
Facebook Penn94,highest_degree,10,0.05,913,31348,10
Facebook Penn94,highest_degree,10,0.05,914,31250,10
Facebook Penn94,highest_degree,10,0.05,915,31282,9
Facebook Penn94,highest_degree,10,0.05,916,31247,10
Facebook Penn94,highest_degree,10,0.05,917,31234,10
Facebook Penn94,highest_degree,10,0.05,918,31294,9
Facebook Penn94,highest_degree,10,0.05,919,31405,9
Facebook Penn94,highest_degree,10,0.05,920,31248,9
Facebook Penn94,highest_degree,10,0.05,921,31292,10
Facebook Penn94,highest_degree,10,0.05,922,31254,11
Facebook Penn94,highest_degree,10,0.05,923,31294,10
Facebook Penn94,highest_degree,10,0.05,924,31282,9
Facebook Penn94,highest_degree,10,0.05,925,31234,13
Facebook Penn94,highest_degree,10,0.05,926,31168,10
Facebook Penn94,highest_degree,10,0.05,927,31157,9
Facebook Penn94,highest_degree,10,0.05,928,31384,9
Facebook Penn94,highest_degree,10,0.05,929,31132,9
Facebook Penn94,highest_degree,10,0.05,930,31371,10
Facebook Penn94,highest_degree,10,0.05,931,31256,9
Facebook Penn94,highest_degree,10,0.05,932,31284,9
Facebook Penn94,highest_degree,10,0.05,933,31337,10
Facebook Penn94,highest_degree,10,0.05,934,31401,8
Facebook Penn94,highest_degree,10,0.05,935,31145,9
Facebook Penn94,highest_degree,10,0.05,936,31178,9
Facebook Penn94,highest_degree,10,0.05,937,31287,10
Facebook Penn94,highest_degree,10,0.05,938,31198,11
Facebook Penn94,highest_degree,10,0.05,939,31382,11
Facebook Penn94,highest_degree,10,0.05,940,31304,11
Facebook Penn94,highest_degree,10,0.05,941,31271,12
Facebook Penn94,highest_degree,10,0.05,942,31279,10
Facebook Penn94,highest_degree,10,0.05,943,31295,9
Facebook Penn94,highest_degree,10,0.05,944,31313,9
Facebook Penn94,highest_degree,10,0.05,945,31192,9
Facebook Penn94,highest_degree,10,0.05,946,31364,11
Facebook Penn94,highest_degree,10,0.05,947,31244,10
Facebook Penn94,highest_degree,10,0.05,948,31241,10
Facebook Penn94,highest_degree,10,0.05,949,31217,10
Facebook Penn94,highest_degree,10,0.05,950,31252,9
Facebook Penn94,highest_degree,10,0.05,951,31336,9
Facebook Penn94,highest_degree,10,0.05,952,31310,10
Facebook Penn94,highest_degree,10,0.05,953,31314,10
Facebook Penn94,highest_degree,10,0.05,954,31398,12
Facebook Penn94,highest_degree,10,0.05,955,31345,9
Facebook Penn94,highest_degree,10,0.05,956,31284,10
Facebook Penn94,highest_degree,10,0.05,957,31351,10
Facebook Penn94,highest_degree,10,0.05,958,31381,10
Facebook Penn94,highest_degree,10,0.05,959,31287,9
Facebook Penn94,highest_degree,10,0.05,960,31252,11
Facebook Penn94,highest_degree,10,0.05,961,31229,9
Facebook Penn94,highest_degree,10,0.05,962,31277,9
Facebook Penn94,highest_degree,10,0.05,963,31367,9
Facebook Penn94,highest_degree,10,0.05,964,31265,9
Facebook Penn94,highest_degree,10,0.05,965,31279,9
Facebook Penn94,highest_degree,10,0.05,966,31335,9
Facebook Penn94,highest_degree,10,0.05,967,31422,9
Facebook Penn94,highest_degree,10,0.05,968,31173,10
Facebook Penn94,highest_degree,10,0.05,969,31146,9
Facebook Penn94,highest_degree,10,0.05,970,31273,11
Facebook Penn94,highest_degree,10,0.05,971,31170,9
Facebook Penn94,highest_degree,10,0.05,972,31334,10
Facebook Penn94,highest_degree,10,0.05,973,31294,12
Facebook Penn94,highest_degree,10,0.05,974,31221,10
Facebook Penn94,highest_degree,10,0.05,975,31289,10
Facebook Penn94,highest_degree,10,0.05,976,31256,10
Facebook Penn94,highest_degree,10,0.05,977,31336,11
Facebook Penn94,highest_degree,10,0.05,978,31343,9
Facebook Penn94,highest_degree,10,0.05,979,31247,10
Facebook Penn94,highest_degree,10,0.05,980,31264,9
Facebook Penn94,highest_degree,10,0.05,981,31287,10
Facebook Penn94,highest_degree,10,0.05,982,31315,10
Facebook Penn94,highest_degree,10,0.05,983,31441,9
Facebook Penn94,highest_degree,10,0.05,984,31219,10
Facebook Penn94,highest_degree,10,0.05,985,31243,10
Facebook Penn94,highest_degree,10,0.05,986,31249,10
Facebook Penn94,highest_degree,10,0.05,987,31447,9
Facebook Penn94,highest_degree,10,0.05,988,31168,9
Facebook Penn94,highest_degree,10,0.05,989,31353,9
Facebook Penn94,highest_degree,10,0.05,990,31350,10
Facebook Penn94,highest_degree,10,0.05,991,31347,9
Facebook Penn94,highest_degree,10,0.05,992,31360,10
Facebook Penn94,highest_degree,10,0.05,993,31405,11
Facebook Penn94,highest_degree,10,0.05,994,31377,10
Facebook Penn94,highest_degree,10,0.05,995,31175,9
Facebook Penn94,highest_degree,10,0.05,996,31257,11
Facebook Penn94,highest_degree,10,0.05,997,31276,9
Facebook Penn94,highest_degree,10,0.05,998,31285,10
Facebook Penn94,highest_degree,10,0.05,999,31170,10
Facebook Penn94,distance_greedy,2,0.05,0,31219,10
Facebook Penn94,distance_greedy,2,0.05,1,31222,10
Facebook Penn94,distance_greedy,2,0.05,2,31134,10
Facebook Penn94,distance_greedy,2,0.05,3,31400,12
Facebook Penn94,distance_greedy,2,0.05,4,31142,10
Facebook Penn94,distance_greedy,2,0.05,5,31233,10
Facebook Penn94,distance_greedy,2,0.05,6,31213,10
Facebook Penn94,distance_greedy,2,0.05,7,31350,10
Facebook Penn94,distance_greedy,2,0.05,8,31281,10
Facebook Penn94,distance_greedy,2,0.05,9,31137,10
Facebook Penn94,distance_greedy,2,0.05,10,31308,10
Facebook Penn94,distance_greedy,2,0.05,11,31306,10
Facebook Penn94,distance_greedy,2,0.05,12,31220,12
Facebook Penn94,distance_greedy,2,0.05,13,31341,10
Facebook Penn94,distance_greedy,2,0.05,14,31257,11
Facebook Penn94,distance_greedy,2,0.05,15,31161,12
Facebook Penn94,distance_greedy,2,0.05,16,31129,10
Facebook Penn94,distance_greedy,2,0.05,17,31269,11
Facebook Penn94,distance_greedy,2,0.05,18,31251,10
Facebook Penn94,distance_greedy,2,0.05,19,31114,10
Facebook Penn94,distance_greedy,2,0.05,20,31283,10
Facebook Penn94,distance_greedy,2,0.05,21,31281,10
Facebook Penn94,distance_greedy,2,0.05,22,31298,10
Facebook Penn94,distance_greedy,2,0.05,23,31347,10
Facebook Penn94,distance_greedy,2,0.05,24,31235,11
Facebook Penn94,distance_greedy,2,0.05,25,31262,9
Facebook Penn94,distance_greedy,2,0.05,26,31318,11
Facebook Penn94,distance_greedy,2,0.05,27,31170,11
Facebook Penn94,distance_greedy,2,0.05,28,31395,10
Facebook Penn94,distance_greedy,2,0.05,29,31223,11
Facebook Penn94,distance_greedy,2,0.05,30,31349,12
Facebook Penn94,distance_greedy,2,0.05,31,31394,10
Facebook Penn94,distance_greedy,2,0.05,32,31301,10
Facebook Penn94,distance_greedy,2,0.05,33,31363,10
Facebook Penn94,distance_greedy,2,0.05,34,31222,11
Facebook Penn94,distance_greedy,2,0.05,35,31255,10
Facebook Penn94,distance_greedy,2,0.05,36,31213,10
Facebook Penn94,distance_greedy,2,0.05,37,31377,10
Facebook Penn94,distance_greedy,2,0.05,38,31328,11
Facebook Penn94,distance_greedy,2,0.05,39,31477,11
Facebook Penn94,distance_greedy,2,0.05,40,31218,13
Facebook Penn94,distance_greedy,2,0.05,41,31318,11
Facebook Penn94,distance_greedy,2,0.05,42,31299,11
Facebook Penn94,distance_greedy,2,0.05,43,31129,13
Facebook Penn94,distance_greedy,2,0.05,44,31286,9
Facebook Penn94,distance_greedy,2,0.05,45,31239,10
Facebook Penn94,distance_greedy,2,0.05,46,31317,10
Facebook Penn94,distance_greedy,2,0.05,47,31259,11
Facebook Penn94,distance_greedy,2,0.05,48,31250,9
Facebook Penn94,distance_greedy,2,0.05,49,31252,11
Facebook Penn94,distance_greedy,2,0.05,50,31247,11
Facebook Penn94,distance_greedy,2,0.05,51,31264,10
Facebook Penn94,distance_greedy,2,0.05,52,31286,11
Facebook Penn94,distance_greedy,2,0.05,53,31400,9
Facebook Penn94,distance_greedy,2,0.05,54,31088,10
Facebook Penn94,distance_greedy,2,0.05,55,31348,10
Facebook Penn94,distance_greedy,2,0.05,56,31323,10
Facebook Penn94,distance_greedy,2,0.05,57,31262,11
Facebook Penn94,distance_greedy,2,0.05,58,31253,10
Facebook Penn94,distance_greedy,2,0.05,59,31351,10
Facebook Penn94,distance_greedy,2,0.05,60,31331,11
Facebook Penn94,distance_greedy,2,0.05,61,31198,11
Facebook Penn94,distance_greedy,2,0.05,62,31347,10
Facebook Penn94,distance_greedy,2,0.05,63,31386,9
Facebook Penn94,distance_greedy,2,0.05,64,31280,11
Facebook Penn94,distance_greedy,2,0.05,65,31221,10
Facebook Penn94,distance_greedy,2,0.05,66,31276,10
Facebook Penn94,distance_greedy,2,0.05,67,31238,12
Facebook Penn94,distance_greedy,2,0.05,68,31386,9
Facebook Penn94,distance_greedy,2,0.05,69,31321,11
Facebook Penn94,distance_greedy,2,0.05,70,31351,10
Facebook Penn94,distance_greedy,2,0.05,71,31355,10
Facebook Penn94,distance_greedy,2,0.05,72,31376,10
Facebook Penn94,distance_greedy,2,0.05,73,31253,10
Facebook Penn94,distance_greedy,2,0.05,74,31272,10
Facebook Penn94,distance_greedy,2,0.05,75,31460,10
Facebook Penn94,distance_greedy,2,0.05,76,31390,11
Facebook Penn94,distance_greedy,2,0.05,77,31243,10
Facebook Penn94,distance_greedy,2,0.05,78,31264,10
Facebook Penn94,distance_greedy,2,0.05,79,31292,10
Facebook Penn94,distance_greedy,2,0.05,80,31321,12
Facebook Penn94,distance_greedy,2,0.05,81,31285,11
Facebook Penn94,distance_greedy,2,0.05,82,31509,11
Facebook Penn94,distance_greedy,2,0.05,83,31250,10
Facebook Penn94,distance_greedy,2,0.05,84,31394,9
Facebook Penn94,distance_greedy,2,0.05,85,31299,9
Facebook Penn94,distance_greedy,2,0.05,86,31302,9
Facebook Penn94,distance_greedy,2,0.05,87,31420,10
Facebook Penn94,distance_greedy,2,0.05,88,31326,11
Facebook Penn94,distance_greedy,2,0.05,89,31253,11
Facebook Penn94,distance_greedy,2,0.05,90,31247,10
Facebook Penn94,distance_greedy,2,0.05,91,31319,11
Facebook Penn94,distance_greedy,2,0.05,92,31306,11
Facebook Penn94,distance_greedy,2,0.05,93,31262,10
Facebook Penn94,distance_greedy,2,0.05,94,31318,10
Facebook Penn94,distance_greedy,2,0.05,95,31409,12
Facebook Penn94,distance_greedy,2,0.05,96,31326,12
Facebook Penn94,distance_greedy,2,0.05,97,31354,9
Facebook Penn94,distance_greedy,2,0.05,98,31222,13
Facebook Penn94,distance_greedy,2,0.05,99,31288,11
Facebook Penn94,distance_greedy,2,0.05,100,31157,10
Facebook Penn94,distance_greedy,2,0.05,101,31210,12
Facebook Penn94,distance_greedy,2,0.05,102,31293,9
Facebook Penn94,distance_greedy,2,0.05,103,31221,10
Facebook Penn94,distance_greedy,2,0.05,104,31315,11
Facebook Penn94,distance_greedy,2,0.05,105,31404,10
Facebook Penn94,distance_greedy,2,0.05,106,31175,11
Facebook Penn94,distance_greedy,2,0.05,107,31397,10
Facebook Penn94,distance_greedy,2,0.05,108,31230,12
Facebook Penn94,distance_greedy,2,0.05,109,31287,10
Facebook Penn94,distance_greedy,2,0.05,110,31289,10
Facebook Penn94,distance_greedy,2,0.05,111,31215,10
Facebook Penn94,distance_greedy,2,0.05,112,31329,10
Facebook Penn94,distance_greedy,2,0.05,113,31228,10
Facebook Penn94,distance_greedy,2,0.05,114,31264,10
Facebook Penn94,distance_greedy,2,0.05,115,31325,10
Facebook Penn94,distance_greedy,2,0.05,116,31256,11
Facebook Penn94,distance_greedy,2,0.05,117,31210,10
Facebook Penn94,distance_greedy,2,0.05,118,31459,10
Facebook Penn94,distance_greedy,2,0.05,119,31222,11
Facebook Penn94,distance_greedy,2,0.05,120,31231,10
Facebook Penn94,distance_greedy,2,0.05,121,31266,11
Facebook Penn94,distance_greedy,2,0.05,122,31249,11
Facebook Penn94,distance_greedy,2,0.05,123,31263,10
Facebook Penn94,distance_greedy,2,0.05,124,31233,10
Facebook Penn94,distance_greedy,2,0.05,125,31302,12
Facebook Penn94,distance_greedy,2,0.05,126,31213,10
Facebook Penn94,distance_greedy,2,0.05,127,31288,10
Facebook Penn94,distance_greedy,2,0.05,128,31356,13
Facebook Penn94,distance_greedy,2,0.05,129,31278,10
Facebook Penn94,distance_greedy,2,0.05,130,31350,10
Facebook Penn94,distance_greedy,2,0.05,131,31175,10
Facebook Penn94,distance_greedy,2,0.05,132,31320,11
Facebook Penn94,distance_greedy,2,0.05,133,31378,10
Facebook Penn94,distance_greedy,2,0.05,134,31203,10
Facebook Penn94,distance_greedy,2,0.05,135,31294,11
Facebook Penn94,distance_greedy,2,0.05,136,31345,10
Facebook Penn94,distance_greedy,2,0.05,137,31231,10
Facebook Penn94,distance_greedy,2,0.05,138,31183,10
Facebook Penn94,distance_greedy,2,0.05,139,31331,12
Facebook Penn94,distance_greedy,2,0.05,140,31326,12
Facebook Penn94,distance_greedy,2,0.05,141,31236,10
Facebook Penn94,distance_greedy,2,0.05,142,31341,12
Facebook Penn94,distance_greedy,2,0.05,143,31078,11
Facebook Penn94,distance_greedy,2,0.05,144,31359,10
Facebook Penn94,distance_greedy,2,0.05,145,31268,10
Facebook Penn94,distance_greedy,2,0.05,146,31168,11
Facebook Penn94,distance_greedy,2,0.05,147,31453,10
Facebook Penn94,distance_greedy,2,0.05,148,31254,13
Facebook Penn94,distance_greedy,2,0.05,149,31327,10
Facebook Penn94,distance_greedy,2,0.05,150,31382,11
Facebook Penn94,distance_greedy,2,0.05,151,31233,10
Facebook Penn94,distance_greedy,2,0.05,152,31478,10
Facebook Penn94,distance_greedy,2,0.05,153,31258,10
Facebook Penn94,distance_greedy,2,0.05,154,31214,11
Facebook Penn94,distance_greedy,2,0.05,155,31411,10
Facebook Penn94,distance_greedy,2,0.05,156,31275,9
Facebook Penn94,distance_greedy,2,0.05,157,31257,11
Facebook Penn94,distance_greedy,2,0.05,158,31282,10
Facebook Penn94,distance_greedy,2,0.05,159,31269,11
Facebook Penn94,distance_greedy,2,0.05,160,31304,11
Facebook Penn94,distance_greedy,2,0.05,161,31348,10
Facebook Penn94,distance_greedy,2,0.05,162,31261,10
Facebook Penn94,distance_greedy,2,0.05,163,31363,11
Facebook Penn94,distance_greedy,2,0.05,164,31247,10
Facebook Penn94,distance_greedy,2,0.05,165,31296,10
Facebook Penn94,distance_greedy,2,0.05,166,31209,9
Facebook Penn94,distance_greedy,2,0.05,167,31343,11
Facebook Penn94,distance_greedy,2,0.05,168,31087,10
Facebook Penn94,distance_greedy,2,0.05,169,31211,11
Facebook Penn94,distance_greedy,2,0.05,170,31324,10
Facebook Penn94,distance_greedy,2,0.05,171,31320,12
Facebook Penn94,distance_greedy,2,0.05,172,31475,10
Facebook Penn94,distance_greedy,2,0.05,173,31351,11
Facebook Penn94,distance_greedy,2,0.05,174,31243,10
Facebook Penn94,distance_greedy,2,0.05,175,31257,10
Facebook Penn94,distance_greedy,2,0.05,176,31433,12
Facebook Penn94,distance_greedy,2,0.05,177,31312,11
Facebook Penn94,distance_greedy,2,0.05,178,31337,9
Facebook Penn94,distance_greedy,2,0.05,179,31274,10
Facebook Penn94,distance_greedy,2,0.05,180,31270,11
Facebook Penn94,distance_greedy,2,0.05,181,31125,10
Facebook Penn94,distance_greedy,2,0.05,182,31319,10
Facebook Penn94,distance_greedy,2,0.05,183,31291,10
Facebook Penn94,distance_greedy,2,0.05,184,31189,11
Facebook Penn94,distance_greedy,2,0.05,185,31272,10
Facebook Penn94,distance_greedy,2,0.05,186,31238,12
Facebook Penn94,distance_greedy,2,0.05,187,31293,10
Facebook Penn94,distance_greedy,2,0.05,188,31373,10
Facebook Penn94,distance_greedy,2,0.05,189,31266,9
Facebook Penn94,distance_greedy,2,0.05,190,31420,14
Facebook Penn94,distance_greedy,2,0.05,191,31289,10
Facebook Penn94,distance_greedy,2,0.05,192,31435,11
Facebook Penn94,distance_greedy,2,0.05,193,31379,10
Facebook Penn94,distance_greedy,2,0.05,194,31248,9
Facebook Penn94,distance_greedy,2,0.05,195,31203,10
Facebook Penn94,distance_greedy,2,0.05,196,31185,12
Facebook Penn94,distance_greedy,2,0.05,197,31359,10
Facebook Penn94,distance_greedy,2,0.05,198,31340,11
Facebook Penn94,distance_greedy,2,0.05,199,31255,10
Facebook Penn94,distance_greedy,2,0.05,200,31259,11
Facebook Penn94,distance_greedy,2,0.05,201,31386,12
Facebook Penn94,distance_greedy,2,0.05,202,31268,10
Facebook Penn94,distance_greedy,2,0.05,203,31359,9
Facebook Penn94,distance_greedy,2,0.05,204,31121,12
Facebook Penn94,distance_greedy,2,0.05,205,31334,12
Facebook Penn94,distance_greedy,2,0.05,206,31177,10
Facebook Penn94,distance_greedy,2,0.05,207,31241,10
Facebook Penn94,distance_greedy,2,0.05,208,31315,12
Facebook Penn94,distance_greedy,2,0.05,209,31283,11
Facebook Penn94,distance_greedy,2,0.05,210,31282,11
Facebook Penn94,distance_greedy,2,0.05,211,31312,11
Facebook Penn94,distance_greedy,2,0.05,212,31340,10
Facebook Penn94,distance_greedy,2,0.05,213,31292,9
Facebook Penn94,distance_greedy,2,0.05,214,31288,11
Facebook Penn94,distance_greedy,2,0.05,215,31333,13
Facebook Penn94,distance_greedy,2,0.05,216,31238,11
Facebook Penn94,distance_greedy,2,0.05,217,31362,11
Facebook Penn94,distance_greedy,2,0.05,218,31320,10
Facebook Penn94,distance_greedy,2,0.05,219,31185,10
Facebook Penn94,distance_greedy,2,0.05,220,31291,11
Facebook Penn94,distance_greedy,2,0.05,221,31206,10
Facebook Penn94,distance_greedy,2,0.05,222,31268,11
Facebook Penn94,distance_greedy,2,0.05,223,31364,10
Facebook Penn94,distance_greedy,2,0.05,224,31305,10
Facebook Penn94,distance_greedy,2,0.05,225,31188,10
Facebook Penn94,distance_greedy,2,0.05,226,31288,11
Facebook Penn94,distance_greedy,2,0.05,227,31268,11
Facebook Penn94,distance_greedy,2,0.05,228,31289,11
Facebook Penn94,distance_greedy,2,0.05,229,31209,11
Facebook Penn94,distance_greedy,2,0.05,230,31262,10
Facebook Penn94,distance_greedy,2,0.05,231,31280,9
Facebook Penn94,distance_greedy,2,0.05,232,31133,11
Facebook Penn94,distance_greedy,2,0.05,233,31252,12
Facebook Penn94,distance_greedy,2,0.05,234,31303,10
Facebook Penn94,distance_greedy,2,0.05,235,31289,9
Facebook Penn94,distance_greedy,2,0.05,236,31459,11
Facebook Penn94,distance_greedy,2,0.05,237,31484,11
Facebook Penn94,distance_greedy,2,0.05,238,31181,11
Facebook Penn94,distance_greedy,2,0.05,239,31237,12
Facebook Penn94,distance_greedy,2,0.05,240,31333,10
Facebook Penn94,distance_greedy,2,0.05,241,31338,12
Facebook Penn94,distance_greedy,2,0.05,242,31377,10
Facebook Penn94,distance_greedy,2,0.05,243,31194,11
Facebook Penn94,distance_greedy,2,0.05,244,31187,10
Facebook Penn94,distance_greedy,2,0.05,245,31371,11
Facebook Penn94,distance_greedy,2,0.05,246,31355,11
Facebook Penn94,distance_greedy,2,0.05,247,31389,10
Facebook Penn94,distance_greedy,2,0.05,248,31353,11
Facebook Penn94,distance_greedy,2,0.05,249,31263,11
Facebook Penn94,distance_greedy,2,0.05,250,31235,10
Facebook Penn94,distance_greedy,2,0.05,251,31183,10
Facebook Penn94,distance_greedy,2,0.05,252,31184,11
Facebook Penn94,distance_greedy,2,0.05,253,31111,11
Facebook Penn94,distance_greedy,2,0.05,254,31206,12
Facebook Penn94,distance_greedy,2,0.05,255,31223,11
Facebook Penn94,distance_greedy,2,0.05,256,31264,10
Facebook Penn94,distance_greedy,2,0.05,257,31297,12
Facebook Penn94,distance_greedy,2,0.05,258,31299,10
Facebook Penn94,distance_greedy,2,0.05,259,31201,9
Facebook Penn94,distance_greedy,2,0.05,260,31283,10
Facebook Penn94,distance_greedy,2,0.05,261,31389,10
Facebook Penn94,distance_greedy,2,0.05,262,31221,10
Facebook Penn94,distance_greedy,2,0.05,263,31403,10
Facebook Penn94,distance_greedy,2,0.05,264,31275,10
Facebook Penn94,distance_greedy,2,0.05,265,31245,10
Facebook Penn94,distance_greedy,2,0.05,266,31302,10
Facebook Penn94,distance_greedy,2,0.05,267,31110,9
Facebook Penn94,distance_greedy,2,0.05,268,31188,10
Facebook Penn94,distance_greedy,2,0.05,269,31250,10
Facebook Penn94,distance_greedy,2,0.05,270,31280,12
Facebook Penn94,distance_greedy,2,0.05,271,31282,10
Facebook Penn94,distance_greedy,2,0.05,272,31112,11
Facebook Penn94,distance_greedy,2,0.05,273,31194,9
Facebook Penn94,distance_greedy,2,0.05,274,31253,10
Facebook Penn94,distance_greedy,2,0.05,275,31405,11
Facebook Penn94,distance_greedy,2,0.05,276,31422,12
Facebook Penn94,distance_greedy,2,0.05,277,31282,10
Facebook Penn94,distance_greedy,2,0.05,278,31519,11
Facebook Penn94,distance_greedy,2,0.05,279,31355,11
Facebook Penn94,distance_greedy,2,0.05,280,31250,9
Facebook Penn94,distance_greedy,2,0.05,281,31294,10
Facebook Penn94,distance_greedy,2,0.05,282,31191,11
Facebook Penn94,distance_greedy,2,0.05,283,31285,11
Facebook Penn94,distance_greedy,2,0.05,284,31267,11
Facebook Penn94,distance_greedy,2,0.05,285,31225,11
Facebook Penn94,distance_greedy,2,0.05,286,31242,9
Facebook Penn94,distance_greedy,2,0.05,287,31239,12
Facebook Penn94,distance_greedy,2,0.05,288,31193,11
Facebook Penn94,distance_greedy,2,0.05,289,31321,9
Facebook Penn94,distance_greedy,2,0.05,290,31430,9
Facebook Penn94,distance_greedy,2,0.05,291,31162,10
Facebook Penn94,distance_greedy,2,0.05,292,31367,10
Facebook Penn94,distance_greedy,2,0.05,293,31390,10
Facebook Penn94,distance_greedy,2,0.05,294,31275,10
Facebook Penn94,distance_greedy,2,0.05,295,31259,11
Facebook Penn94,distance_greedy,2,0.05,296,31368,11
Facebook Penn94,distance_greedy,2,0.05,297,31371,13
Facebook Penn94,distance_greedy,2,0.05,298,31302,10
Facebook Penn94,distance_greedy,2,0.05,299,31276,11
Facebook Penn94,distance_greedy,2,0.05,300,31282,12
Facebook Penn94,distance_greedy,2,0.05,301,31224,9
Facebook Penn94,distance_greedy,2,0.05,302,31250,9
Facebook Penn94,distance_greedy,2,0.05,303,31219,11
Facebook Penn94,distance_greedy,2,0.05,304,31230,10
Facebook Penn94,distance_greedy,2,0.05,305,31395,10
Facebook Penn94,distance_greedy,2,0.05,306,31261,9
Facebook Penn94,distance_greedy,2,0.05,307,31259,12
Facebook Penn94,distance_greedy,2,0.05,308,31179,11
Facebook Penn94,distance_greedy,2,0.05,309,31243,10
Facebook Penn94,distance_greedy,2,0.05,310,31298,10
Facebook Penn94,distance_greedy,2,0.05,311,31217,10
Facebook Penn94,distance_greedy,2,0.05,312,31297,11
Facebook Penn94,distance_greedy,2,0.05,313,31401,10
Facebook Penn94,distance_greedy,2,0.05,314,31179,10
Facebook Penn94,distance_greedy,2,0.05,315,31271,9
Facebook Penn94,distance_greedy,2,0.05,316,31258,10
Facebook Penn94,distance_greedy,2,0.05,317,31289,11
Facebook Penn94,distance_greedy,2,0.05,318,31215,10
Facebook Penn94,distance_greedy,2,0.05,319,31323,11
Facebook Penn94,distance_greedy,2,0.05,320,31436,9
Facebook Penn94,distance_greedy,2,0.05,321,31245,10
Facebook Penn94,distance_greedy,2,0.05,322,31186,11
Facebook Penn94,distance_greedy,2,0.05,323,31249,10
Facebook Penn94,distance_greedy,2,0.05,324,31271,10
Facebook Penn94,distance_greedy,2,0.05,325,31357,9
Facebook Penn94,distance_greedy,2,0.05,326,31271,11
Facebook Penn94,distance_greedy,2,0.05,327,31263,11
Facebook Penn94,distance_greedy,2,0.05,328,31410,9
Facebook Penn94,distance_greedy,2,0.05,329,31110,10
Facebook Penn94,distance_greedy,2,0.05,330,31285,10
Facebook Penn94,distance_greedy,2,0.05,331,31326,10
Facebook Penn94,distance_greedy,2,0.05,332,31140,9
Facebook Penn94,distance_greedy,2,0.05,333,31320,10
Facebook Penn94,distance_greedy,2,0.05,334,31350,10
Facebook Penn94,distance_greedy,2,0.05,335,31199,10
Facebook Penn94,distance_greedy,2,0.05,336,31300,11
Facebook Penn94,distance_greedy,2,0.05,337,31315,9
Facebook Penn94,distance_greedy,2,0.05,338,31239,10
Facebook Penn94,distance_greedy,2,0.05,339,31433,10
Facebook Penn94,distance_greedy,2,0.05,340,31222,10
Facebook Penn94,distance_greedy,2,0.05,341,31181,10
Facebook Penn94,distance_greedy,2,0.05,342,31337,10
Facebook Penn94,distance_greedy,2,0.05,343,31285,11
Facebook Penn94,distance_greedy,2,0.05,344,31330,11
Facebook Penn94,distance_greedy,2,0.05,345,31350,10
Facebook Penn94,distance_greedy,2,0.05,346,31452,10
Facebook Penn94,distance_greedy,2,0.05,347,31257,10
Facebook Penn94,distance_greedy,2,0.05,348,31294,10
Facebook Penn94,distance_greedy,2,0.05,349,30989,11
Facebook Penn94,distance_greedy,2,0.05,350,31300,11
Facebook Penn94,distance_greedy,2,0.05,351,31394,10
Facebook Penn94,distance_greedy,2,0.05,352,31321,10
Facebook Penn94,distance_greedy,2,0.05,353,31310,11
Facebook Penn94,distance_greedy,2,0.05,354,31374,10
Facebook Penn94,distance_greedy,2,0.05,355,31272,10
Facebook Penn94,distance_greedy,2,0.05,356,31219,12
Facebook Penn94,distance_greedy,2,0.05,357,31345,11
Facebook Penn94,distance_greedy,2,0.05,358,31314,10
Facebook Penn94,distance_greedy,2,0.05,359,31235,10
Facebook Penn94,distance_greedy,2,0.05,360,31346,11
Facebook Penn94,distance_greedy,2,0.05,361,31287,10
Facebook Penn94,distance_greedy,2,0.05,362,31298,11
Facebook Penn94,distance_greedy,2,0.05,363,31129,10
Facebook Penn94,distance_greedy,2,0.05,364,31333,12
Facebook Penn94,distance_greedy,2,0.05,365,31330,9
Facebook Penn94,distance_greedy,2,0.05,366,31259,11
Facebook Penn94,distance_greedy,2,0.05,367,31267,11
Facebook Penn94,distance_greedy,2,0.05,368,31232,10
Facebook Penn94,distance_greedy,2,0.05,369,31337,10
Facebook Penn94,distance_greedy,2,0.05,370,31100,10
Facebook Penn94,distance_greedy,2,0.05,371,31366,11
Facebook Penn94,distance_greedy,2,0.05,372,31338,13
Facebook Penn94,distance_greedy,2,0.05,373,31325,10
Facebook Penn94,distance_greedy,2,0.05,374,31244,10
Facebook Penn94,distance_greedy,2,0.05,375,31244,10
Facebook Penn94,distance_greedy,2,0.05,376,31187,14
Facebook Penn94,distance_greedy,2,0.05,377,31237,10
Facebook Penn94,distance_greedy,2,0.05,378,31246,10
Facebook Penn94,distance_greedy,2,0.05,379,31364,10
Facebook Penn94,distance_greedy,2,0.05,380,31290,11
Facebook Penn94,distance_greedy,2,0.05,381,31348,11
Facebook Penn94,distance_greedy,2,0.05,382,31276,11
Facebook Penn94,distance_greedy,2,0.05,383,31290,12
Facebook Penn94,distance_greedy,2,0.05,384,31296,10
Facebook Penn94,distance_greedy,2,0.05,385,31291,10
Facebook Penn94,distance_greedy,2,0.05,386,31188,10
Facebook Penn94,distance_greedy,2,0.05,387,31233,10
Facebook Penn94,distance_greedy,2,0.05,388,31256,10
Facebook Penn94,distance_greedy,2,0.05,389,31266,10
Facebook Penn94,distance_greedy,2,0.05,390,31333,10
Facebook Penn94,distance_greedy,2,0.05,391,31289,11
Facebook Penn94,distance_greedy,2,0.05,392,31232,9
Facebook Penn94,distance_greedy,2,0.05,393,31304,11
Facebook Penn94,distance_greedy,2,0.05,394,31259,10
Facebook Penn94,distance_greedy,2,0.05,395,31336,10
Facebook Penn94,distance_greedy,2,0.05,396,31210,10
Facebook Penn94,distance_greedy,2,0.05,397,31304,11
Facebook Penn94,distance_greedy,2,0.05,398,31258,10
Facebook Penn94,distance_greedy,2,0.05,399,31423,13
Facebook Penn94,distance_greedy,2,0.05,400,31145,11
Facebook Penn94,distance_greedy,2,0.05,401,31415,10
Facebook Penn94,distance_greedy,2,0.05,402,31334,10
Facebook Penn94,distance_greedy,2,0.05,403,31130,10
Facebook Penn94,distance_greedy,2,0.05,404,31305,10
Facebook Penn94,distance_greedy,2,0.05,405,31300,13
Facebook Penn94,distance_greedy,2,0.05,406,31175,10
Facebook Penn94,distance_greedy,2,0.05,407,31419,10
Facebook Penn94,distance_greedy,2,0.05,408,31397,10
Facebook Penn94,distance_greedy,2,0.05,409,31317,10
Facebook Penn94,distance_greedy,2,0.05,410,31248,12
Facebook Penn94,distance_greedy,2,0.05,411,31228,10
Facebook Penn94,distance_greedy,2,0.05,412,31309,10
Facebook Penn94,distance_greedy,2,0.05,413,31239,10
Facebook Penn94,distance_greedy,2,0.05,414,31275,10
Facebook Penn94,distance_greedy,2,0.05,415,31311,11
Facebook Penn94,distance_greedy,2,0.05,416,31355,11
Facebook Penn94,distance_greedy,2,0.05,417,31098,10
Facebook Penn94,distance_greedy,2,0.05,418,31218,10
Facebook Penn94,distance_greedy,2,0.05,419,31209,9
Facebook Penn94,distance_greedy,2,0.05,420,31212,12
Facebook Penn94,distance_greedy,2,0.05,421,31293,10
Facebook Penn94,distance_greedy,2,0.05,422,31260,9
Facebook Penn94,distance_greedy,2,0.05,423,31337,9
Facebook Penn94,distance_greedy,2,0.05,424,31309,10
Facebook Penn94,distance_greedy,2,0.05,425,31214,10
Facebook Penn94,distance_greedy,2,0.05,426,31402,9
Facebook Penn94,distance_greedy,2,0.05,427,31377,10
Facebook Penn94,distance_greedy,2,0.05,428,31393,10
Facebook Penn94,distance_greedy,2,0.05,429,31361,10
Facebook Penn94,distance_greedy,2,0.05,430,31194,11
Facebook Penn94,distance_greedy,2,0.05,431,31396,11
Facebook Penn94,distance_greedy,2,0.05,432,31281,10
Facebook Penn94,distance_greedy,2,0.05,433,31377,10
Facebook Penn94,distance_greedy,2,0.05,434,31221,10
Facebook Penn94,distance_greedy,2,0.05,435,31214,10
Facebook Penn94,distance_greedy,2,0.05,436,31208,9
Facebook Penn94,distance_greedy,2,0.05,437,31261,10
Facebook Penn94,distance_greedy,2,0.05,438,31311,11
Facebook Penn94,distance_greedy,2,0.05,439,31141,10
Facebook Penn94,distance_greedy,2,0.05,440,31294,10
Facebook Penn94,distance_greedy,2,0.05,441,31469,11
Facebook Penn94,distance_greedy,2,0.05,442,31262,10
Facebook Penn94,distance_greedy,2,0.05,443,31273,10
Facebook Penn94,distance_greedy,2,0.05,444,31336,11
Facebook Penn94,distance_greedy,2,0.05,445,31263,10
Facebook Penn94,distance_greedy,2,0.05,446,31354,10
Facebook Penn94,distance_greedy,2,0.05,447,31258,12
Facebook Penn94,distance_greedy,2,0.05,448,31362,11
Facebook Penn94,distance_greedy,2,0.05,449,31316,11
Facebook Penn94,distance_greedy,2,0.05,450,31306,9
Facebook Penn94,distance_greedy,2,0.05,451,31313,9
Facebook Penn94,distance_greedy,2,0.05,452,31355,11
Facebook Penn94,distance_greedy,2,0.05,453,31146,10
Facebook Penn94,distance_greedy,2,0.05,454,31274,10
Facebook Penn94,distance_greedy,2,0.05,455,31148,10
Facebook Penn94,distance_greedy,2,0.05,456,31319,10
Facebook Penn94,distance_greedy,2,0.05,457,31372,10
Facebook Penn94,distance_greedy,2,0.05,458,31184,10
Facebook Penn94,distance_greedy,2,0.05,459,31447,12
Facebook Penn94,distance_greedy,2,0.05,460,31279,10
Facebook Penn94,distance_greedy,2,0.05,461,31274,10
Facebook Penn94,distance_greedy,2,0.05,462,31184,11
Facebook Penn94,distance_greedy,2,0.05,463,31290,12
Facebook Penn94,distance_greedy,2,0.05,464,31316,10
Facebook Penn94,distance_greedy,2,0.05,465,31219,11
Facebook Penn94,distance_greedy,2,0.05,466,31298,11
Facebook Penn94,distance_greedy,2,0.05,467,31286,10
Facebook Penn94,distance_greedy,2,0.05,468,31374,10
Facebook Penn94,distance_greedy,2,0.05,469,31336,11
Facebook Penn94,distance_greedy,2,0.05,470,31428,10
Facebook Penn94,distance_greedy,2,0.05,471,31390,9
Facebook Penn94,distance_greedy,2,0.05,472,31255,12
Facebook Penn94,distance_greedy,2,0.05,473,31185,13
Facebook Penn94,distance_greedy,2,0.05,474,31219,10
Facebook Penn94,distance_greedy,2,0.05,475,31378,10
Facebook Penn94,distance_greedy,2,0.05,476,31314,11
Facebook Penn94,distance_greedy,2,0.05,477,31164,10
Facebook Penn94,distance_greedy,2,0.05,478,31255,10
Facebook Penn94,distance_greedy,2,0.05,479,31371,11
Facebook Penn94,distance_greedy,2,0.05,480,31327,12
Facebook Penn94,distance_greedy,2,0.05,481,31275,10
Facebook Penn94,distance_greedy,2,0.05,482,31429,10
Facebook Penn94,distance_greedy,2,0.05,483,31233,10
Facebook Penn94,distance_greedy,2,0.05,484,31357,11
Facebook Penn94,distance_greedy,2,0.05,485,31109,11
Facebook Penn94,distance_greedy,2,0.05,486,31328,10
Facebook Penn94,distance_greedy,2,0.05,487,31206,10
Facebook Penn94,distance_greedy,2,0.05,488,31271,10
Facebook Penn94,distance_greedy,2,0.05,489,31324,12
Facebook Penn94,distance_greedy,2,0.05,490,31196,11
Facebook Penn94,distance_greedy,2,0.05,491,31126,11
Facebook Penn94,distance_greedy,2,0.05,492,31295,12
Facebook Penn94,distance_greedy,2,0.05,493,31298,11
Facebook Penn94,distance_greedy,2,0.05,494,31358,11
Facebook Penn94,distance_greedy,2,0.05,495,31238,10
Facebook Penn94,distance_greedy,2,0.05,496,31224,9
Facebook Penn94,distance_greedy,2,0.05,497,31384,10
Facebook Penn94,distance_greedy,2,0.05,498,31304,11
Facebook Penn94,distance_greedy,2,0.05,499,31223,12
Facebook Penn94,distance_greedy,2,0.05,500,31242,9
Facebook Penn94,distance_greedy,2,0.05,501,31265,12
Facebook Penn94,distance_greedy,2,0.05,502,31370,11
Facebook Penn94,distance_greedy,2,0.05,503,31292,10
Facebook Penn94,distance_greedy,2,0.05,504,31373,10
Facebook Penn94,distance_greedy,2,0.05,505,31204,9
Facebook Penn94,distance_greedy,2,0.05,506,31200,10
Facebook Penn94,distance_greedy,2,0.05,507,31173,12
Facebook Penn94,distance_greedy,2,0.05,508,31154,11
Facebook Penn94,distance_greedy,2,0.05,509,31278,9
Facebook Penn94,distance_greedy,2,0.05,510,31200,11
Facebook Penn94,distance_greedy,2,0.05,511,31177,11
Facebook Penn94,distance_greedy,2,0.05,512,31235,10
Facebook Penn94,distance_greedy,2,0.05,513,31303,11
Facebook Penn94,distance_greedy,2,0.05,514,31469,9
Facebook Penn94,distance_greedy,2,0.05,515,31266,10
Facebook Penn94,distance_greedy,2,0.05,516,31387,10
Facebook Penn94,distance_greedy,2,0.05,517,31258,10
Facebook Penn94,distance_greedy,2,0.05,518,31326,11
Facebook Penn94,distance_greedy,2,0.05,519,31287,11
Facebook Penn94,distance_greedy,2,0.05,520,31428,12
Facebook Penn94,distance_greedy,2,0.05,521,31417,10
Facebook Penn94,distance_greedy,2,0.05,522,31163,10
Facebook Penn94,distance_greedy,2,0.05,523,31355,12
Facebook Penn94,distance_greedy,2,0.05,524,31406,10
Facebook Penn94,distance_greedy,2,0.05,525,31264,11
Facebook Penn94,distance_greedy,2,0.05,526,31019,11
Facebook Penn94,distance_greedy,2,0.05,527,31214,9
Facebook Penn94,distance_greedy,2,0.05,528,31223,12
Facebook Penn94,distance_greedy,2,0.05,529,31169,10
Facebook Penn94,distance_greedy,2,0.05,530,31468,10
Facebook Penn94,distance_greedy,2,0.05,531,31263,13
Facebook Penn94,distance_greedy,2,0.05,532,31260,10
Facebook Penn94,distance_greedy,2,0.05,533,31294,11
Facebook Penn94,distance_greedy,2,0.05,534,31264,10
Facebook Penn94,distance_greedy,2,0.05,535,31286,11
Facebook Penn94,distance_greedy,2,0.05,536,31183,10
Facebook Penn94,distance_greedy,2,0.05,537,31197,9
Facebook Penn94,distance_greedy,2,0.05,538,31220,13
Facebook Penn94,distance_greedy,2,0.05,539,31359,10
Facebook Penn94,distance_greedy,2,0.05,540,31291,9
Facebook Penn94,distance_greedy,2,0.05,541,31238,10
Facebook Penn94,distance_greedy,2,0.05,542,31185,10
Facebook Penn94,distance_greedy,2,0.05,543,31380,11
Facebook Penn94,distance_greedy,2,0.05,544,31353,10
Facebook Penn94,distance_greedy,2,0.05,545,31349,12
Facebook Penn94,distance_greedy,2,0.05,546,31293,11
Facebook Penn94,distance_greedy,2,0.05,547,31326,10
Facebook Penn94,distance_greedy,2,0.05,548,31325,10
Facebook Penn94,distance_greedy,2,0.05,549,31279,12
Facebook Penn94,distance_greedy,2,0.05,550,31188,10
Facebook Penn94,distance_greedy,2,0.05,551,31310,10
Facebook Penn94,distance_greedy,2,0.05,552,31186,10
Facebook Penn94,distance_greedy,2,0.05,553,31236,9
Facebook Penn94,distance_greedy,2,0.05,554,31085,10
Facebook Penn94,distance_greedy,2,0.05,555,31235,12
Facebook Penn94,distance_greedy,2,0.05,556,31375,11
Facebook Penn94,distance_greedy,2,0.05,557,31251,10
Facebook Penn94,distance_greedy,2,0.05,558,31274,10
Facebook Penn94,distance_greedy,2,0.05,559,31404,11
Facebook Penn94,distance_greedy,2,0.05,560,31326,10
Facebook Penn94,distance_greedy,2,0.05,561,31317,10
Facebook Penn94,distance_greedy,2,0.05,562,31264,10
Facebook Penn94,distance_greedy,2,0.05,563,31363,11
Facebook Penn94,distance_greedy,2,0.05,564,31212,11
Facebook Penn94,distance_greedy,2,0.05,565,31236,12
Facebook Penn94,distance_greedy,2,0.05,566,31286,11
Facebook Penn94,distance_greedy,2,0.05,567,31251,11
Facebook Penn94,distance_greedy,2,0.05,568,31307,10
Facebook Penn94,distance_greedy,2,0.05,569,31258,11
Facebook Penn94,distance_greedy,2,0.05,570,31325,9
Facebook Penn94,distance_greedy,2,0.05,571,31413,10
Facebook Penn94,distance_greedy,2,0.05,572,31365,9
Facebook Penn94,distance_greedy,2,0.05,573,31167,10
Facebook Penn94,distance_greedy,2,0.05,574,31297,11
Facebook Penn94,distance_greedy,2,0.05,575,31160,11
Facebook Penn94,distance_greedy,2,0.05,576,31304,12
Facebook Penn94,distance_greedy,2,0.05,577,31278,10
Facebook Penn94,distance_greedy,2,0.05,578,31188,11
Facebook Penn94,distance_greedy,2,0.05,579,31354,10
Facebook Penn94,distance_greedy,2,0.05,580,31250,10
Facebook Penn94,distance_greedy,2,0.05,581,31218,10
Facebook Penn94,distance_greedy,2,0.05,582,31285,11
Facebook Penn94,distance_greedy,2,0.05,583,31187,10
Facebook Penn94,distance_greedy,2,0.05,584,31280,10
Facebook Penn94,distance_greedy,2,0.05,585,31424,10
Facebook Penn94,distance_greedy,2,0.05,586,31306,9
Facebook Penn94,distance_greedy,2,0.05,587,31261,11
Facebook Penn94,distance_greedy,2,0.05,588,31172,9
Facebook Penn94,distance_greedy,2,0.05,589,31367,11
Facebook Penn94,distance_greedy,2,0.05,590,31264,9
Facebook Penn94,distance_greedy,2,0.05,591,31259,10
Facebook Penn94,distance_greedy,2,0.05,592,31303,10
Facebook Penn94,distance_greedy,2,0.05,593,31281,10
Facebook Penn94,distance_greedy,2,0.05,594,31332,9
Facebook Penn94,distance_greedy,2,0.05,595,31190,11
Facebook Penn94,distance_greedy,2,0.05,596,31300,10
Facebook Penn94,distance_greedy,2,0.05,597,31195,11
Facebook Penn94,distance_greedy,2,0.05,598,31317,11
Facebook Penn94,distance_greedy,2,0.05,599,31345,10
Facebook Penn94,distance_greedy,2,0.05,600,31386,13
Facebook Penn94,distance_greedy,2,0.05,601,31359,10
Facebook Penn94,distance_greedy,2,0.05,602,31280,9
Facebook Penn94,distance_greedy,2,0.05,603,31372,12
Facebook Penn94,distance_greedy,2,0.05,604,31349,10
Facebook Penn94,distance_greedy,2,0.05,605,31271,9
Facebook Penn94,distance_greedy,2,0.05,606,31390,10
Facebook Penn94,distance_greedy,2,0.05,607,31241,10
Facebook Penn94,distance_greedy,2,0.05,608,31420,10
Facebook Penn94,distance_greedy,2,0.05,609,31466,11
Facebook Penn94,distance_greedy,2,0.05,610,31380,11
Facebook Penn94,distance_greedy,2,0.05,611,31351,11
Facebook Penn94,distance_greedy,2,0.05,612,31150,11
Facebook Penn94,distance_greedy,2,0.05,613,31370,10
Facebook Penn94,distance_greedy,2,0.05,614,31284,10
Facebook Penn94,distance_greedy,2,0.05,615,31274,12
Facebook Penn94,distance_greedy,2,0.05,616,31336,10
Facebook Penn94,distance_greedy,2,0.05,617,31249,12
Facebook Penn94,distance_greedy,2,0.05,618,31127,10
Facebook Penn94,distance_greedy,2,0.05,619,31287,10
Facebook Penn94,distance_greedy,2,0.05,620,31254,11
Facebook Penn94,distance_greedy,2,0.05,621,31297,12
Facebook Penn94,distance_greedy,2,0.05,622,31231,9
Facebook Penn94,distance_greedy,2,0.05,623,31411,11
Facebook Penn94,distance_greedy,2,0.05,624,31354,10
Facebook Penn94,distance_greedy,2,0.05,625,31396,11
Facebook Penn94,distance_greedy,2,0.05,626,31311,9
Facebook Penn94,distance_greedy,2,0.05,627,31180,12
Facebook Penn94,distance_greedy,2,0.05,628,31259,10
Facebook Penn94,distance_greedy,2,0.05,629,31303,11
Facebook Penn94,distance_greedy,2,0.05,630,31195,11
Facebook Penn94,distance_greedy,2,0.05,631,31285,10
Facebook Penn94,distance_greedy,2,0.05,632,31205,11
Facebook Penn94,distance_greedy,2,0.05,633,31274,10
Facebook Penn94,distance_greedy,2,0.05,634,31279,10
Facebook Penn94,distance_greedy,2,0.05,635,31251,12
Facebook Penn94,distance_greedy,2,0.05,636,31233,10
Facebook Penn94,distance_greedy,2,0.05,637,31348,10
Facebook Penn94,distance_greedy,2,0.05,638,31331,10
Facebook Penn94,distance_greedy,2,0.05,639,31271,10
Facebook Penn94,distance_greedy,2,0.05,640,31304,9
Facebook Penn94,distance_greedy,2,0.05,641,31199,10
Facebook Penn94,distance_greedy,2,0.05,642,31241,10
Facebook Penn94,distance_greedy,2,0.05,643,31193,11
Facebook Penn94,distance_greedy,2,0.05,644,31308,14
Facebook Penn94,distance_greedy,2,0.05,645,31356,9
Facebook Penn94,distance_greedy,2,0.05,646,31087,11
Facebook Penn94,distance_greedy,2,0.05,647,31326,11
Facebook Penn94,distance_greedy,2,0.05,648,31274,10
Facebook Penn94,distance_greedy,2,0.05,649,31257,10
Facebook Penn94,distance_greedy,2,0.05,650,31346,10
Facebook Penn94,distance_greedy,2,0.05,651,31304,9
Facebook Penn94,distance_greedy,2,0.05,652,31256,10
Facebook Penn94,distance_greedy,2,0.05,653,31226,10
Facebook Penn94,distance_greedy,2,0.05,654,31301,10
Facebook Penn94,distance_greedy,2,0.05,655,31192,11
Facebook Penn94,distance_greedy,2,0.05,656,31284,11
Facebook Penn94,distance_greedy,2,0.05,657,31283,9
Facebook Penn94,distance_greedy,2,0.05,658,31188,11
Facebook Penn94,distance_greedy,2,0.05,659,31302,10
Facebook Penn94,distance_greedy,2,0.05,660,31122,10
Facebook Penn94,distance_greedy,2,0.05,661,31381,11
Facebook Penn94,distance_greedy,2,0.05,662,31377,10
Facebook Penn94,distance_greedy,2,0.05,663,31236,9
Facebook Penn94,distance_greedy,2,0.05,664,31268,9
Facebook Penn94,distance_greedy,2,0.05,665,31287,10
Facebook Penn94,distance_greedy,2,0.05,666,31295,11
Facebook Penn94,distance_greedy,2,0.05,667,31269,10
Facebook Penn94,distance_greedy,2,0.05,668,31370,10
Facebook Penn94,distance_greedy,2,0.05,669,31176,9
Facebook Penn94,distance_greedy,2,0.05,670,31166,9
Facebook Penn94,distance_greedy,2,0.05,671,31284,9
Facebook Penn94,distance_greedy,2,0.05,672,31327,10
Facebook Penn94,distance_greedy,2,0.05,673,31205,10
Facebook Penn94,distance_greedy,2,0.05,674,31220,10
Facebook Penn94,distance_greedy,2,0.05,675,31296,10
Facebook Penn94,distance_greedy,2,0.05,676,31180,10
Facebook Penn94,distance_greedy,2,0.05,677,31383,11
Facebook Penn94,distance_greedy,2,0.05,678,31330,10
Facebook Penn94,distance_greedy,2,0.05,679,31381,11
Facebook Penn94,distance_greedy,2,0.05,680,31303,13
Facebook Penn94,distance_greedy,2,0.05,681,31274,11
Facebook Penn94,distance_greedy,2,0.05,682,31189,11
Facebook Penn94,distance_greedy,2,0.05,683,31209,11
Facebook Penn94,distance_greedy,2,0.05,684,31123,11
Facebook Penn94,distance_greedy,2,0.05,685,31316,11
Facebook Penn94,distance_greedy,2,0.05,686,31319,10
Facebook Penn94,distance_greedy,2,0.05,687,31314,11
Facebook Penn94,distance_greedy,2,0.05,688,31203,10
Facebook Penn94,distance_greedy,2,0.05,689,31185,10
Facebook Penn94,distance_greedy,2,0.05,690,31275,10
Facebook Penn94,distance_greedy,2,0.05,691,31257,11
Facebook Penn94,distance_greedy,2,0.05,692,31302,10
Facebook Penn94,distance_greedy,2,0.05,693,31341,11
Facebook Penn94,distance_greedy,2,0.05,694,31302,12
Facebook Penn94,distance_greedy,2,0.05,695,31208,11
Facebook Penn94,distance_greedy,2,0.05,696,31275,12
Facebook Penn94,distance_greedy,2,0.05,697,31149,12
Facebook Penn94,distance_greedy,2,0.05,698,31351,10
Facebook Penn94,distance_greedy,2,0.05,699,31303,10
Facebook Penn94,distance_greedy,2,0.05,700,31338,9
Facebook Penn94,distance_greedy,2,0.05,701,31401,10
Facebook Penn94,distance_greedy,2,0.05,702,31297,11
Facebook Penn94,distance_greedy,2,0.05,703,31283,11
Facebook Penn94,distance_greedy,2,0.05,704,31344,11
Facebook Penn94,distance_greedy,2,0.05,705,31176,10
Facebook Penn94,distance_greedy,2,0.05,706,31417,11
Facebook Penn94,distance_greedy,2,0.05,707,31348,12
Facebook Penn94,distance_greedy,2,0.05,708,31090,10
Facebook Penn94,distance_greedy,2,0.05,709,31167,10
Facebook Penn94,distance_greedy,2,0.05,710,31253,10
Facebook Penn94,distance_greedy,2,0.05,711,31272,9
Facebook Penn94,distance_greedy,2,0.05,712,31245,9
Facebook Penn94,distance_greedy,2,0.05,713,31213,10
Facebook Penn94,distance_greedy,2,0.05,714,31236,10
Facebook Penn94,distance_greedy,2,0.05,715,31248,10
Facebook Penn94,distance_greedy,2,0.05,716,31206,10
Facebook Penn94,distance_greedy,2,0.05,717,31155,10
Facebook Penn94,distance_greedy,2,0.05,718,31347,10
Facebook Penn94,distance_greedy,2,0.05,719,31278,10
Facebook Penn94,distance_greedy,2,0.05,720,31250,10
Facebook Penn94,distance_greedy,2,0.05,721,31228,10
Facebook Penn94,distance_greedy,2,0.05,722,31350,11
Facebook Penn94,distance_greedy,2,0.05,723,31367,9
Facebook Penn94,distance_greedy,2,0.05,724,31235,9
Facebook Penn94,distance_greedy,2,0.05,725,31305,10
Facebook Penn94,distance_greedy,2,0.05,726,31394,10
Facebook Penn94,distance_greedy,2,0.05,727,31247,10
Facebook Penn94,distance_greedy,2,0.05,728,31428,11
Facebook Penn94,distance_greedy,2,0.05,729,31319,10
Facebook Penn94,distance_greedy,2,0.05,730,31238,10
Facebook Penn94,distance_greedy,2,0.05,731,31270,11
Facebook Penn94,distance_greedy,2,0.05,732,31224,10
Facebook Penn94,distance_greedy,2,0.05,733,31240,11
Facebook Penn94,distance_greedy,2,0.05,734,31205,10
Facebook Penn94,distance_greedy,2,0.05,735,31300,10
Facebook Penn94,distance_greedy,2,0.05,736,31292,10
Facebook Penn94,distance_greedy,2,0.05,737,31238,10
Facebook Penn94,distance_greedy,2,0.05,738,31326,10
Facebook Penn94,distance_greedy,2,0.05,739,31299,9
Facebook Penn94,distance_greedy,2,0.05,740,31452,12
Facebook Penn94,distance_greedy,2,0.05,741,31118,10
Facebook Penn94,distance_greedy,2,0.05,742,31293,11
Facebook Penn94,distance_greedy,2,0.05,743,31244,11
Facebook Penn94,distance_greedy,2,0.05,744,31292,11
Facebook Penn94,distance_greedy,2,0.05,745,31226,10
Facebook Penn94,distance_greedy,2,0.05,746,31323,11
Facebook Penn94,distance_greedy,2,0.05,747,31334,12
Facebook Penn94,distance_greedy,2,0.05,748,31265,11
Facebook Penn94,distance_greedy,2,0.05,749,31298,11
Facebook Penn94,distance_greedy,2,0.05,750,31325,10
Facebook Penn94,distance_greedy,2,0.05,751,31387,11
Facebook Penn94,distance_greedy,2,0.05,752,31284,10
Facebook Penn94,distance_greedy,2,0.05,753,31320,11
Facebook Penn94,distance_greedy,2,0.05,754,31369,12
Facebook Penn94,distance_greedy,2,0.05,755,31248,10
Facebook Penn94,distance_greedy,2,0.05,756,31295,9
Facebook Penn94,distance_greedy,2,0.05,757,31210,10
Facebook Penn94,distance_greedy,2,0.05,758,31303,10
Facebook Penn94,distance_greedy,2,0.05,759,31432,9
Facebook Penn94,distance_greedy,2,0.05,760,31334,11
Facebook Penn94,distance_greedy,2,0.05,761,31344,10
Facebook Penn94,distance_greedy,2,0.05,762,31315,10
Facebook Penn94,distance_greedy,2,0.05,763,31292,10
Facebook Penn94,distance_greedy,2,0.05,764,31333,10
Facebook Penn94,distance_greedy,2,0.05,765,31220,11
Facebook Penn94,distance_greedy,2,0.05,766,31290,10
Facebook Penn94,distance_greedy,2,0.05,767,31328,11
Facebook Penn94,distance_greedy,2,0.05,768,31342,10
Facebook Penn94,distance_greedy,2,0.05,769,31288,12
Facebook Penn94,distance_greedy,2,0.05,770,31491,11
Facebook Penn94,distance_greedy,2,0.05,771,31361,11
Facebook Penn94,distance_greedy,2,0.05,772,31360,11
Facebook Penn94,distance_greedy,2,0.05,773,31359,10
Facebook Penn94,distance_greedy,2,0.05,774,31090,10
Facebook Penn94,distance_greedy,2,0.05,775,31224,10
Facebook Penn94,distance_greedy,2,0.05,776,31327,10
Facebook Penn94,distance_greedy,2,0.05,777,31292,9
Facebook Penn94,distance_greedy,2,0.05,778,31321,11
Facebook Penn94,distance_greedy,2,0.05,779,31404,12
Facebook Penn94,distance_greedy,2,0.05,780,31400,10
Facebook Penn94,distance_greedy,2,0.05,781,31186,10
Facebook Penn94,distance_greedy,2,0.05,782,31216,10
Facebook Penn94,distance_greedy,2,0.05,783,31220,13
Facebook Penn94,distance_greedy,2,0.05,784,31207,12
Facebook Penn94,distance_greedy,2,0.05,785,31235,11
Facebook Penn94,distance_greedy,2,0.05,786,31383,11
Facebook Penn94,distance_greedy,2,0.05,787,31347,10
Facebook Penn94,distance_greedy,2,0.05,788,31293,11
Facebook Penn94,distance_greedy,2,0.05,789,31193,9
Facebook Penn94,distance_greedy,2,0.05,790,31196,9
Facebook Penn94,distance_greedy,2,0.05,791,31178,10
Facebook Penn94,distance_greedy,2,0.05,792,31195,12
Facebook Penn94,distance_greedy,2,0.05,793,31331,13
Facebook Penn94,distance_greedy,2,0.05,794,31289,10
Facebook Penn94,distance_greedy,2,0.05,795,31271,10
Facebook Penn94,distance_greedy,2,0.05,796,31262,11
Facebook Penn94,distance_greedy,2,0.05,797,31270,10
Facebook Penn94,distance_greedy,2,0.05,798,31238,13
Facebook Penn94,distance_greedy,2,0.05,799,31337,11
Facebook Penn94,distance_greedy,2,0.05,800,31373,10
Facebook Penn94,distance_greedy,2,0.05,801,31309,10
Facebook Penn94,distance_greedy,2,0.05,802,31433,11
Facebook Penn94,distance_greedy,2,0.05,803,31347,11
Facebook Penn94,distance_greedy,2,0.05,804,31268,11
Facebook Penn94,distance_greedy,2,0.05,805,31276,10
Facebook Penn94,distance_greedy,2,0.05,806,31256,11
Facebook Penn94,distance_greedy,2,0.05,807,31227,9
Facebook Penn94,distance_greedy,2,0.05,808,31237,11
Facebook Penn94,distance_greedy,2,0.05,809,31279,11
Facebook Penn94,distance_greedy,2,0.05,810,31310,10
Facebook Penn94,distance_greedy,2,0.05,811,31330,11
Facebook Penn94,distance_greedy,2,0.05,812,31365,10
Facebook Penn94,distance_greedy,2,0.05,813,31336,10
Facebook Penn94,distance_greedy,2,0.05,814,31338,10
Facebook Penn94,distance_greedy,2,0.05,815,31280,11
Facebook Penn94,distance_greedy,2,0.05,816,31348,9
Facebook Penn94,distance_greedy,2,0.05,817,31171,11
Facebook Penn94,distance_greedy,2,0.05,818,31392,9
Facebook Penn94,distance_greedy,2,0.05,819,31370,10
Facebook Penn94,distance_greedy,2,0.05,820,31246,12
Facebook Penn94,distance_greedy,2,0.05,821,31242,11
Facebook Penn94,distance_greedy,2,0.05,822,31148,10
Facebook Penn94,distance_greedy,2,0.05,823,31381,11
Facebook Penn94,distance_greedy,2,0.05,824,31303,10
Facebook Penn94,distance_greedy,2,0.05,825,31183,10
Facebook Penn94,distance_greedy,2,0.05,826,31373,10
Facebook Penn94,distance_greedy,2,0.05,827,31262,10
Facebook Penn94,distance_greedy,2,0.05,828,31395,10
Facebook Penn94,distance_greedy,2,0.05,829,31254,12
Facebook Penn94,distance_greedy,2,0.05,830,31205,11
Facebook Penn94,distance_greedy,2,0.05,831,31224,10
Facebook Penn94,distance_greedy,2,0.05,832,31335,9
Facebook Penn94,distance_greedy,2,0.05,833,31420,10
Facebook Penn94,distance_greedy,2,0.05,834,31257,9
Facebook Penn94,distance_greedy,2,0.05,835,31309,11
Facebook Penn94,distance_greedy,2,0.05,836,31385,10
Facebook Penn94,distance_greedy,2,0.05,837,31412,11
Facebook Penn94,distance_greedy,2,0.05,838,31219,12
Facebook Penn94,distance_greedy,2,0.05,839,31453,9
Facebook Penn94,distance_greedy,2,0.05,840,31358,9
Facebook Penn94,distance_greedy,2,0.05,841,31260,11
Facebook Penn94,distance_greedy,2,0.05,842,31259,9
Facebook Penn94,distance_greedy,2,0.05,843,31268,10
Facebook Penn94,distance_greedy,2,0.05,844,31276,11
Facebook Penn94,distance_greedy,2,0.05,845,31395,10
Facebook Penn94,distance_greedy,2,0.05,846,31387,10
Facebook Penn94,distance_greedy,2,0.05,847,31101,11
Facebook Penn94,distance_greedy,2,0.05,848,31165,10
Facebook Penn94,distance_greedy,2,0.05,849,31189,15
Facebook Penn94,distance_greedy,2,0.05,850,31302,12
Facebook Penn94,distance_greedy,2,0.05,851,31298,9
Facebook Penn94,distance_greedy,2,0.05,852,31155,11
Facebook Penn94,distance_greedy,2,0.05,853,31439,11
Facebook Penn94,distance_greedy,2,0.05,854,31374,10
Facebook Penn94,distance_greedy,2,0.05,855,31231,11
Facebook Penn94,distance_greedy,2,0.05,856,31125,10
Facebook Penn94,distance_greedy,2,0.05,857,31416,10
Facebook Penn94,distance_greedy,2,0.05,858,31314,10
Facebook Penn94,distance_greedy,2,0.05,859,31263,11
Facebook Penn94,distance_greedy,2,0.05,860,31299,10
Facebook Penn94,distance_greedy,2,0.05,861,31296,9
Facebook Penn94,distance_greedy,2,0.05,862,31352,11
Facebook Penn94,distance_greedy,2,0.05,863,31314,9
Facebook Penn94,distance_greedy,2,0.05,864,31312,10
Facebook Penn94,distance_greedy,2,0.05,865,31332,13
Facebook Penn94,distance_greedy,2,0.05,866,31251,10
Facebook Penn94,distance_greedy,2,0.05,867,31303,10
Facebook Penn94,distance_greedy,2,0.05,868,31335,10
Facebook Penn94,distance_greedy,2,0.05,869,31459,9
Facebook Penn94,distance_greedy,2,0.05,870,31380,11
Facebook Penn94,distance_greedy,2,0.05,871,31346,11
Facebook Penn94,distance_greedy,2,0.05,872,31161,11
Facebook Penn94,distance_greedy,2,0.05,873,31111,10
Facebook Penn94,distance_greedy,2,0.05,874,31295,10
Facebook Penn94,distance_greedy,2,0.05,875,31277,11
Facebook Penn94,distance_greedy,2,0.05,876,31389,12
Facebook Penn94,distance_greedy,2,0.05,877,31337,11
Facebook Penn94,distance_greedy,2,0.05,878,31427,10
Facebook Penn94,distance_greedy,2,0.05,879,31377,10
Facebook Penn94,distance_greedy,2,0.05,880,31185,11
Facebook Penn94,distance_greedy,2,0.05,881,31423,10
Facebook Penn94,distance_greedy,2,0.05,882,31270,10
Facebook Penn94,distance_greedy,2,0.05,883,31263,10
Facebook Penn94,distance_greedy,2,0.05,884,31327,9
Facebook Penn94,distance_greedy,2,0.05,885,31278,10
Facebook Penn94,distance_greedy,2,0.05,886,31236,11
Facebook Penn94,distance_greedy,2,0.05,887,31218,14
Facebook Penn94,distance_greedy,2,0.05,888,31263,10
Facebook Penn94,distance_greedy,2,0.05,889,31254,12
Facebook Penn94,distance_greedy,2,0.05,890,31361,10
Facebook Penn94,distance_greedy,2,0.05,891,31342,11
Facebook Penn94,distance_greedy,2,0.05,892,31313,12
Facebook Penn94,distance_greedy,2,0.05,893,31309,12
Facebook Penn94,distance_greedy,2,0.05,894,31218,10
Facebook Penn94,distance_greedy,2,0.05,895,31344,10
Facebook Penn94,distance_greedy,2,0.05,896,31347,11
Facebook Penn94,distance_greedy,2,0.05,897,31431,9
Facebook Penn94,distance_greedy,2,0.05,898,31281,12
Facebook Penn94,distance_greedy,2,0.05,899,31254,11
Facebook Penn94,distance_greedy,2,0.05,900,31308,11
Facebook Penn94,distance_greedy,2,0.05,901,31246,11
Facebook Penn94,distance_greedy,2,0.05,902,31181,11
Facebook Penn94,distance_greedy,2,0.05,903,31236,10
Facebook Penn94,distance_greedy,2,0.05,904,31427,12
Facebook Penn94,distance_greedy,2,0.05,905,31331,10
Facebook Penn94,distance_greedy,2,0.05,906,31178,11
Facebook Penn94,distance_greedy,2,0.05,907,31183,10
Facebook Penn94,distance_greedy,2,0.05,908,31239,10
Facebook Penn94,distance_greedy,2,0.05,909,31267,12
Facebook Penn94,distance_greedy,2,0.05,910,31340,9
Facebook Penn94,distance_greedy,2,0.05,911,31162,10
Facebook Penn94,distance_greedy,2,0.05,912,31218,12
Facebook Penn94,distance_greedy,2,0.05,913,31292,10
Facebook Penn94,distance_greedy,2,0.05,914,31220,11
Facebook Penn94,distance_greedy,2,0.05,915,31227,11
Facebook Penn94,distance_greedy,2,0.05,916,31326,10
Facebook Penn94,distance_greedy,2,0.05,917,31346,10
Facebook Penn94,distance_greedy,2,0.05,918,31315,11
Facebook Penn94,distance_greedy,2,0.05,919,31385,10
Facebook Penn94,distance_greedy,2,0.05,920,31218,10
Facebook Penn94,distance_greedy,2,0.05,921,31300,11
Facebook Penn94,distance_greedy,2,0.05,922,31201,10
Facebook Penn94,distance_greedy,2,0.05,923,31193,10
Facebook Penn94,distance_greedy,2,0.05,924,31256,12
Facebook Penn94,distance_greedy,2,0.05,925,31173,10
Facebook Penn94,distance_greedy,2,0.05,926,31194,10
Facebook Penn94,distance_greedy,2,0.05,927,31122,11
Facebook Penn94,distance_greedy,2,0.05,928,31424,10
Facebook Penn94,distance_greedy,2,0.05,929,31279,10
Facebook Penn94,distance_greedy,2,0.05,930,31354,11
Facebook Penn94,distance_greedy,2,0.05,931,31348,10
Facebook Penn94,distance_greedy,2,0.05,932,31203,11
Facebook Penn94,distance_greedy,2,0.05,933,31407,12
Facebook Penn94,distance_greedy,2,0.05,934,31390,10
Facebook Penn94,distance_greedy,2,0.05,935,31103,10
Facebook Penn94,distance_greedy,2,0.05,936,31285,9
Facebook Penn94,distance_greedy,2,0.05,937,31359,10
Facebook Penn94,distance_greedy,2,0.05,938,31290,11
Facebook Penn94,distance_greedy,2,0.05,939,31448,10
Facebook Penn94,distance_greedy,2,0.05,940,31317,12
Facebook Penn94,distance_greedy,2,0.05,941,31267,9
Facebook Penn94,distance_greedy,2,0.05,942,31223,10
Facebook Penn94,distance_greedy,2,0.05,943,31375,11
Facebook Penn94,distance_greedy,2,0.05,944,31266,11
Facebook Penn94,distance_greedy,2,0.05,945,31073,11
Facebook Penn94,distance_greedy,2,0.05,946,31387,11
Facebook Penn94,distance_greedy,2,0.05,947,31097,10
Facebook Penn94,distance_greedy,2,0.05,948,31259,10
Facebook Penn94,distance_greedy,2,0.05,949,31242,10
Facebook Penn94,distance_greedy,2,0.05,950,31259,12
Facebook Penn94,distance_greedy,2,0.05,951,31414,11
Facebook Penn94,distance_greedy,2,0.05,952,31384,10
Facebook Penn94,distance_greedy,2,0.05,953,31315,11
Facebook Penn94,distance_greedy,2,0.05,954,31232,10
Facebook Penn94,distance_greedy,2,0.05,955,31341,10
Facebook Penn94,distance_greedy,2,0.05,956,31256,10
Facebook Penn94,distance_greedy,2,0.05,957,31442,10
Facebook Penn94,distance_greedy,2,0.05,958,31383,10
Facebook Penn94,distance_greedy,2,0.05,959,31268,13
Facebook Penn94,distance_greedy,2,0.05,960,31300,10
Facebook Penn94,distance_greedy,2,0.05,961,31268,10
Facebook Penn94,distance_greedy,2,0.05,962,31234,10
Facebook Penn94,distance_greedy,2,0.05,963,31351,10
Facebook Penn94,distance_greedy,2,0.05,964,31143,11
Facebook Penn94,distance_greedy,2,0.05,965,31343,10
Facebook Penn94,distance_greedy,2,0.05,966,31356,10
Facebook Penn94,distance_greedy,2,0.05,967,31253,10
Facebook Penn94,distance_greedy,2,0.05,968,31253,10
Facebook Penn94,distance_greedy,2,0.05,969,31143,11
Facebook Penn94,distance_greedy,2,0.05,970,31412,10
Facebook Penn94,distance_greedy,2,0.05,971,31244,13
Facebook Penn94,distance_greedy,2,0.05,972,31328,10
Facebook Penn94,distance_greedy,2,0.05,973,31346,10
Facebook Penn94,distance_greedy,2,0.05,974,31260,11
Facebook Penn94,distance_greedy,2,0.05,975,31325,10
Facebook Penn94,distance_greedy,2,0.05,976,31375,10
Facebook Penn94,distance_greedy,2,0.05,977,31365,11
Facebook Penn94,distance_greedy,2,0.05,978,31314,10
Facebook Penn94,distance_greedy,2,0.05,979,31220,10
Facebook Penn94,distance_greedy,2,0.05,980,31193,10
Facebook Penn94,distance_greedy,2,0.05,981,31314,10
Facebook Penn94,distance_greedy,2,0.05,982,31431,12
Facebook Penn94,distance_greedy,2,0.05,983,31383,9
Facebook Penn94,distance_greedy,2,0.05,984,31236,10
Facebook Penn94,distance_greedy,2,0.05,985,31299,10
Facebook Penn94,distance_greedy,2,0.05,986,31271,9
Facebook Penn94,distance_greedy,2,0.05,987,31369,10
Facebook Penn94,distance_greedy,2,0.05,988,31155,12
Facebook Penn94,distance_greedy,2,0.05,989,31292,10
Facebook Penn94,distance_greedy,2,0.05,990,31410,10
Facebook Penn94,distance_greedy,2,0.05,991,31311,10
Facebook Penn94,distance_greedy,2,0.05,992,31280,9
Facebook Penn94,distance_greedy,2,0.05,993,31203,9
Facebook Penn94,distance_greedy,2,0.05,994,31389,10
Facebook Penn94,distance_greedy,2,0.05,995,31312,10
Facebook Penn94,distance_greedy,2,0.05,996,31344,12
Facebook Penn94,distance_greedy,2,0.05,997,31289,11
Facebook Penn94,distance_greedy,2,0.05,998,31350,11
Facebook Penn94,distance_greedy,2,0.05,999,31169,10
Facebook Penn94,distance_greedy,4,0.05,0,31229,10
Facebook Penn94,distance_greedy,4,0.05,1,31222,9
Facebook Penn94,distance_greedy,4,0.05,2,31160,11
Facebook Penn94,distance_greedy,4,0.05,3,31409,10
Facebook Penn94,distance_greedy,4,0.05,4,31177,10
Facebook Penn94,distance_greedy,4,0.05,5,31160,11
Facebook Penn94,distance_greedy,4,0.05,6,31341,10
Facebook Penn94,distance_greedy,4,0.05,7,31374,10
Facebook Penn94,distance_greedy,4,0.05,8,31289,11
Facebook Penn94,distance_greedy,4,0.05,9,31188,11
Facebook Penn94,distance_greedy,4,0.05,10,31204,10
Facebook Penn94,distance_greedy,4,0.05,11,31300,11
Facebook Penn94,distance_greedy,4,0.05,12,31182,10
Facebook Penn94,distance_greedy,4,0.05,13,31369,11
Facebook Penn94,distance_greedy,4,0.05,14,31367,10
Facebook Penn94,distance_greedy,4,0.05,15,31211,9
Facebook Penn94,distance_greedy,4,0.05,16,31289,10
Facebook Penn94,distance_greedy,4,0.05,17,31118,11
Facebook Penn94,distance_greedy,4,0.05,18,31254,11
Facebook Penn94,distance_greedy,4,0.05,19,31209,9
Facebook Penn94,distance_greedy,4,0.05,20,31233,10
Facebook Penn94,distance_greedy,4,0.05,21,31256,10
Facebook Penn94,distance_greedy,4,0.05,22,31334,10
Facebook Penn94,distance_greedy,4,0.05,23,31336,10
Facebook Penn94,distance_greedy,4,0.05,24,31210,11
Facebook Penn94,distance_greedy,4,0.05,25,31300,11
Facebook Penn94,distance_greedy,4,0.05,26,31241,11
Facebook Penn94,distance_greedy,4,0.05,27,31147,10
Facebook Penn94,distance_greedy,4,0.05,28,31246,10
Facebook Penn94,distance_greedy,4,0.05,29,31294,11
Facebook Penn94,distance_greedy,4,0.05,30,31275,9
Facebook Penn94,distance_greedy,4,0.05,31,31399,10
Facebook Penn94,distance_greedy,4,0.05,32,31239,10
Facebook Penn94,distance_greedy,4,0.05,33,31262,10
Facebook Penn94,distance_greedy,4,0.05,34,31272,11
Facebook Penn94,distance_greedy,4,0.05,35,31167,9
Facebook Penn94,distance_greedy,4,0.05,36,31208,10
Facebook Penn94,distance_greedy,4,0.05,37,31403,12
Facebook Penn94,distance_greedy,4,0.05,38,31282,10
Facebook Penn94,distance_greedy,4,0.05,39,31338,11
Facebook Penn94,distance_greedy,4,0.05,40,31235,11
Facebook Penn94,distance_greedy,4,0.05,41,31404,10
Facebook Penn94,distance_greedy,4,0.05,42,31228,9
Facebook Penn94,distance_greedy,4,0.05,43,31206,10
Facebook Penn94,distance_greedy,4,0.05,44,31295,10
Facebook Penn94,distance_greedy,4,0.05,45,31294,12
Facebook Penn94,distance_greedy,4,0.05,46,31286,11
Facebook Penn94,distance_greedy,4,0.05,47,31204,11
Facebook Penn94,distance_greedy,4,0.05,48,31373,10
Facebook Penn94,distance_greedy,4,0.05,49,31334,11
Facebook Penn94,distance_greedy,4,0.05,50,31142,9
Facebook Penn94,distance_greedy,4,0.05,51,31272,10
Facebook Penn94,distance_greedy,4,0.05,52,31404,11
Facebook Penn94,distance_greedy,4,0.05,53,31398,11
Facebook Penn94,distance_greedy,4,0.05,54,31285,10
Facebook Penn94,distance_greedy,4,0.05,55,31290,9
Facebook Penn94,distance_greedy,4,0.05,56,31329,10
Facebook Penn94,distance_greedy,4,0.05,57,31270,9
Facebook Penn94,distance_greedy,4,0.05,58,31225,12
Facebook Penn94,distance_greedy,4,0.05,59,31291,10
Facebook Penn94,distance_greedy,4,0.05,60,31273,10
Facebook Penn94,distance_greedy,4,0.05,61,31208,11
Facebook Penn94,distance_greedy,4,0.05,62,31424,11
Facebook Penn94,distance_greedy,4,0.05,63,31288,11
Facebook Penn94,distance_greedy,4,0.05,64,31311,10
Facebook Penn94,distance_greedy,4,0.05,65,31228,10
Facebook Penn94,distance_greedy,4,0.05,66,31240,12
Facebook Penn94,distance_greedy,4,0.05,67,31354,10
Facebook Penn94,distance_greedy,4,0.05,68,31256,10
Facebook Penn94,distance_greedy,4,0.05,69,31323,10
Facebook Penn94,distance_greedy,4,0.05,70,31176,11
Facebook Penn94,distance_greedy,4,0.05,71,31276,11
Facebook Penn94,distance_greedy,4,0.05,72,31321,11
Facebook Penn94,distance_greedy,4,0.05,73,31305,9
Facebook Penn94,distance_greedy,4,0.05,74,31293,10
Facebook Penn94,distance_greedy,4,0.05,75,31316,10
Facebook Penn94,distance_greedy,4,0.05,76,31309,10
Facebook Penn94,distance_greedy,4,0.05,77,31215,10
Facebook Penn94,distance_greedy,4,0.05,78,31267,11
Facebook Penn94,distance_greedy,4,0.05,79,31284,11
Facebook Penn94,distance_greedy,4,0.05,80,31277,10
Facebook Penn94,distance_greedy,4,0.05,81,31275,11
Facebook Penn94,distance_greedy,4,0.05,82,31427,11
Facebook Penn94,distance_greedy,4,0.05,83,31258,9
Facebook Penn94,distance_greedy,4,0.05,84,31365,10
Facebook Penn94,distance_greedy,4,0.05,85,31233,10
Facebook Penn94,distance_greedy,4,0.05,86,31222,10
Facebook Penn94,distance_greedy,4,0.05,87,31398,11
Facebook Penn94,distance_greedy,4,0.05,88,31175,10
Facebook Penn94,distance_greedy,4,0.05,89,31255,9
Facebook Penn94,distance_greedy,4,0.05,90,31183,10
Facebook Penn94,distance_greedy,4,0.05,91,31106,11
Facebook Penn94,distance_greedy,4,0.05,92,31316,10
Facebook Penn94,distance_greedy,4,0.05,93,31338,11
Facebook Penn94,distance_greedy,4,0.05,94,31235,9
Facebook Penn94,distance_greedy,4,0.05,95,31226,10
Facebook Penn94,distance_greedy,4,0.05,96,31225,10
Facebook Penn94,distance_greedy,4,0.05,97,31347,10
Facebook Penn94,distance_greedy,4,0.05,98,31145,10
Facebook Penn94,distance_greedy,4,0.05,99,31241,11
Facebook Penn94,distance_greedy,4,0.05,100,31289,11
Facebook Penn94,distance_greedy,4,0.05,101,31345,10
Facebook Penn94,distance_greedy,4,0.05,102,31340,11
Facebook Penn94,distance_greedy,4,0.05,103,31184,11
Facebook Penn94,distance_greedy,4,0.05,104,31315,11
Facebook Penn94,distance_greedy,4,0.05,105,31402,11
Facebook Penn94,distance_greedy,4,0.05,106,31276,11
Facebook Penn94,distance_greedy,4,0.05,107,31491,12
Facebook Penn94,distance_greedy,4,0.05,108,31240,9
Facebook Penn94,distance_greedy,4,0.05,109,31236,11
Facebook Penn94,distance_greedy,4,0.05,110,31281,10
Facebook Penn94,distance_greedy,4,0.05,111,31231,10
Facebook Penn94,distance_greedy,4,0.05,112,31401,10
Facebook Penn94,distance_greedy,4,0.05,113,31202,11
Facebook Penn94,distance_greedy,4,0.05,114,31267,10
Facebook Penn94,distance_greedy,4,0.05,115,31390,14
Facebook Penn94,distance_greedy,4,0.05,116,31284,10
Facebook Penn94,distance_greedy,4,0.05,117,31262,9
Facebook Penn94,distance_greedy,4,0.05,118,31427,10
Facebook Penn94,distance_greedy,4,0.05,119,31230,10
Facebook Penn94,distance_greedy,4,0.05,120,31139,9
Facebook Penn94,distance_greedy,4,0.05,121,31284,9
Facebook Penn94,distance_greedy,4,0.05,122,31296,12
Facebook Penn94,distance_greedy,4,0.05,123,31192,10
Facebook Penn94,distance_greedy,4,0.05,124,31127,10
Facebook Penn94,distance_greedy,4,0.05,125,31249,11
Facebook Penn94,distance_greedy,4,0.05,126,31235,12
Facebook Penn94,distance_greedy,4,0.05,127,31220,10
Facebook Penn94,distance_greedy,4,0.05,128,31208,10
Facebook Penn94,distance_greedy,4,0.05,129,31305,9
Facebook Penn94,distance_greedy,4,0.05,130,31307,11
Facebook Penn94,distance_greedy,4,0.05,131,31219,11
Facebook Penn94,distance_greedy,4,0.05,132,31311,9
Facebook Penn94,distance_greedy,4,0.05,133,31295,9
Facebook Penn94,distance_greedy,4,0.05,134,31353,10
Facebook Penn94,distance_greedy,4,0.05,135,31358,11
Facebook Penn94,distance_greedy,4,0.05,136,31286,9
Facebook Penn94,distance_greedy,4,0.05,137,31306,10
Facebook Penn94,distance_greedy,4,0.05,138,31305,10
Facebook Penn94,distance_greedy,4,0.05,139,31254,11
Facebook Penn94,distance_greedy,4,0.05,140,31393,10
Facebook Penn94,distance_greedy,4,0.05,141,31299,11
Facebook Penn94,distance_greedy,4,0.05,142,31305,10
Facebook Penn94,distance_greedy,4,0.05,143,31239,10
Facebook Penn94,distance_greedy,4,0.05,144,31328,11
Facebook Penn94,distance_greedy,4,0.05,145,31287,11
Facebook Penn94,distance_greedy,4,0.05,146,31320,12
Facebook Penn94,distance_greedy,4,0.05,147,31376,10
Facebook Penn94,distance_greedy,4,0.05,148,31233,10
Facebook Penn94,distance_greedy,4,0.05,149,31355,11
Facebook Penn94,distance_greedy,4,0.05,150,31262,10
Facebook Penn94,distance_greedy,4,0.05,151,31322,10
Facebook Penn94,distance_greedy,4,0.05,152,31412,10
Facebook Penn94,distance_greedy,4,0.05,153,31335,12
Facebook Penn94,distance_greedy,4,0.05,154,31281,10
Facebook Penn94,distance_greedy,4,0.05,155,31391,10
Facebook Penn94,distance_greedy,4,0.05,156,31279,11
Facebook Penn94,distance_greedy,4,0.05,157,31223,10
Facebook Penn94,distance_greedy,4,0.05,158,31149,10
Facebook Penn94,distance_greedy,4,0.05,159,31322,10
Facebook Penn94,distance_greedy,4,0.05,160,31327,11
Facebook Penn94,distance_greedy,4,0.05,161,31295,11
Facebook Penn94,distance_greedy,4,0.05,162,31266,9
Facebook Penn94,distance_greedy,4,0.05,163,31333,10
Facebook Penn94,distance_greedy,4,0.05,164,31234,10
Facebook Penn94,distance_greedy,4,0.05,165,31208,11
Facebook Penn94,distance_greedy,4,0.05,166,31190,12
Facebook Penn94,distance_greedy,4,0.05,167,31313,10
Facebook Penn94,distance_greedy,4,0.05,168,31146,11
Facebook Penn94,distance_greedy,4,0.05,169,31308,12
Facebook Penn94,distance_greedy,4,0.05,170,31325,11
Facebook Penn94,distance_greedy,4,0.05,171,31265,10
Facebook Penn94,distance_greedy,4,0.05,172,31440,10
Facebook Penn94,distance_greedy,4,0.05,173,31326,10
Facebook Penn94,distance_greedy,4,0.05,174,31283,10
Facebook Penn94,distance_greedy,4,0.05,175,31237,10
Facebook Penn94,distance_greedy,4,0.05,176,31377,10
Facebook Penn94,distance_greedy,4,0.05,177,31340,11
Facebook Penn94,distance_greedy,4,0.05,178,31389,11
Facebook Penn94,distance_greedy,4,0.05,179,31226,10
Facebook Penn94,distance_greedy,4,0.05,180,31317,11
Facebook Penn94,distance_greedy,4,0.05,181,31264,10
Facebook Penn94,distance_greedy,4,0.05,182,31267,10
Facebook Penn94,distance_greedy,4,0.05,183,31194,10
Facebook Penn94,distance_greedy,4,0.05,184,31422,13
Facebook Penn94,distance_greedy,4,0.05,185,31214,10
Facebook Penn94,distance_greedy,4,0.05,186,31212,10
Facebook Penn94,distance_greedy,4,0.05,187,31295,10
Facebook Penn94,distance_greedy,4,0.05,188,31305,11
Facebook Penn94,distance_greedy,4,0.05,189,31339,10
Facebook Penn94,distance_greedy,4,0.05,190,31270,10
Facebook Penn94,distance_greedy,4,0.05,191,31279,10
Facebook Penn94,distance_greedy,4,0.05,192,31409,9
Facebook Penn94,distance_greedy,4,0.05,193,31434,10
Facebook Penn94,distance_greedy,4,0.05,194,31250,10
Facebook Penn94,distance_greedy,4,0.05,195,31158,9
Facebook Penn94,distance_greedy,4,0.05,196,31289,10
Facebook Penn94,distance_greedy,4,0.05,197,31247,10
Facebook Penn94,distance_greedy,4,0.05,198,31304,11
Facebook Penn94,distance_greedy,4,0.05,199,31283,10
Facebook Penn94,distance_greedy,4,0.05,200,31389,10
Facebook Penn94,distance_greedy,4,0.05,201,31211,11
Facebook Penn94,distance_greedy,4,0.05,202,31284,12
Facebook Penn94,distance_greedy,4,0.05,203,31360,11
Facebook Penn94,distance_greedy,4,0.05,204,31281,11
Facebook Penn94,distance_greedy,4,0.05,205,31368,10
Facebook Penn94,distance_greedy,4,0.05,206,31305,10
Facebook Penn94,distance_greedy,4,0.05,207,31288,10
Facebook Penn94,distance_greedy,4,0.05,208,31230,11
Facebook Penn94,distance_greedy,4,0.05,209,31225,10
Facebook Penn94,distance_greedy,4,0.05,210,31186,11
Facebook Penn94,distance_greedy,4,0.05,211,31253,13
Facebook Penn94,distance_greedy,4,0.05,212,31295,11
Facebook Penn94,distance_greedy,4,0.05,213,31276,9
Facebook Penn94,distance_greedy,4,0.05,214,31291,10
Facebook Penn94,distance_greedy,4,0.05,215,31338,12
Facebook Penn94,distance_greedy,4,0.05,216,31145,11
Facebook Penn94,distance_greedy,4,0.05,217,31368,12
Facebook Penn94,distance_greedy,4,0.05,218,31209,10
Facebook Penn94,distance_greedy,4,0.05,219,31239,10
Facebook Penn94,distance_greedy,4,0.05,220,31353,10
Facebook Penn94,distance_greedy,4,0.05,221,31187,11
Facebook Penn94,distance_greedy,4,0.05,222,31437,10
Facebook Penn94,distance_greedy,4,0.05,223,31236,9
Facebook Penn94,distance_greedy,4,0.05,224,31361,10
Facebook Penn94,distance_greedy,4,0.05,225,31285,11
Facebook Penn94,distance_greedy,4,0.05,226,31284,11
Facebook Penn94,distance_greedy,4,0.05,227,31329,10
Facebook Penn94,distance_greedy,4,0.05,228,31217,10
Facebook Penn94,distance_greedy,4,0.05,229,31303,9
Facebook Penn94,distance_greedy,4,0.05,230,31470,11
Facebook Penn94,distance_greedy,4,0.05,231,31322,10
Facebook Penn94,distance_greedy,4,0.05,232,31209,10
Facebook Penn94,distance_greedy,4,0.05,233,31209,12
Facebook Penn94,distance_greedy,4,0.05,234,31265,10
Facebook Penn94,distance_greedy,4,0.05,235,31375,10
Facebook Penn94,distance_greedy,4,0.05,236,31310,9
Facebook Penn94,distance_greedy,4,0.05,237,31449,11
Facebook Penn94,distance_greedy,4,0.05,238,31160,9
Facebook Penn94,distance_greedy,4,0.05,239,31242,10
Facebook Penn94,distance_greedy,4,0.05,240,31317,9
Facebook Penn94,distance_greedy,4,0.05,241,31209,11
Facebook Penn94,distance_greedy,4,0.05,242,31210,10
Facebook Penn94,distance_greedy,4,0.05,243,31185,10
Facebook Penn94,distance_greedy,4,0.05,244,31206,10
Facebook Penn94,distance_greedy,4,0.05,245,31335,10
Facebook Penn94,distance_greedy,4,0.05,246,31289,10
Facebook Penn94,distance_greedy,4,0.05,247,31322,10
Facebook Penn94,distance_greedy,4,0.05,248,31300,13
Facebook Penn94,distance_greedy,4,0.05,249,31277,9
Facebook Penn94,distance_greedy,4,0.05,250,31334,10
Facebook Penn94,distance_greedy,4,0.05,251,31204,10
Facebook Penn94,distance_greedy,4,0.05,252,31189,10
Facebook Penn94,distance_greedy,4,0.05,253,31228,9
Facebook Penn94,distance_greedy,4,0.05,254,31181,11
Facebook Penn94,distance_greedy,4,0.05,255,31300,10
Facebook Penn94,distance_greedy,4,0.05,256,31284,10
Facebook Penn94,distance_greedy,4,0.05,257,31362,10
Facebook Penn94,distance_greedy,4,0.05,258,31291,10
Facebook Penn94,distance_greedy,4,0.05,259,31296,10
Facebook Penn94,distance_greedy,4,0.05,260,31385,11
Facebook Penn94,distance_greedy,4,0.05,261,31336,10
Facebook Penn94,distance_greedy,4,0.05,262,31261,10
Facebook Penn94,distance_greedy,4,0.05,263,31271,11
Facebook Penn94,distance_greedy,4,0.05,264,31183,11
Facebook Penn94,distance_greedy,4,0.05,265,31253,10
Facebook Penn94,distance_greedy,4,0.05,266,31285,10
Facebook Penn94,distance_greedy,4,0.05,267,31221,11
Facebook Penn94,distance_greedy,4,0.05,268,31270,10
Facebook Penn94,distance_greedy,4,0.05,269,31176,13
Facebook Penn94,distance_greedy,4,0.05,270,31298,9
Facebook Penn94,distance_greedy,4,0.05,271,31121,11
Facebook Penn94,distance_greedy,4,0.05,272,31156,9
Facebook Penn94,distance_greedy,4,0.05,273,31220,11
Facebook Penn94,distance_greedy,4,0.05,274,31292,9
Facebook Penn94,distance_greedy,4,0.05,275,31318,11
Facebook Penn94,distance_greedy,4,0.05,276,31345,10
Facebook Penn94,distance_greedy,4,0.05,277,31194,10
Facebook Penn94,distance_greedy,4,0.05,278,31491,11
Facebook Penn94,distance_greedy,4,0.05,279,31345,11
Facebook Penn94,distance_greedy,4,0.05,280,31271,9
Facebook Penn94,distance_greedy,4,0.05,281,31251,10
Facebook Penn94,distance_greedy,4,0.05,282,31143,12
Facebook Penn94,distance_greedy,4,0.05,283,31232,10
Facebook Penn94,distance_greedy,4,0.05,284,31300,11
Facebook Penn94,distance_greedy,4,0.05,285,31144,9
Facebook Penn94,distance_greedy,4,0.05,286,31334,9
Facebook Penn94,distance_greedy,4,0.05,287,31300,10
Facebook Penn94,distance_greedy,4,0.05,288,31225,10
Facebook Penn94,distance_greedy,4,0.05,289,31332,11
Facebook Penn94,distance_greedy,4,0.05,290,31277,10
Facebook Penn94,distance_greedy,4,0.05,291,31251,11
Facebook Penn94,distance_greedy,4,0.05,292,31359,12
Facebook Penn94,distance_greedy,4,0.05,293,31322,11
Facebook Penn94,distance_greedy,4,0.05,294,31364,10
Facebook Penn94,distance_greedy,4,0.05,295,31230,11
Facebook Penn94,distance_greedy,4,0.05,296,31276,10
Facebook Penn94,distance_greedy,4,0.05,297,31437,11
Facebook Penn94,distance_greedy,4,0.05,298,31288,11
Facebook Penn94,distance_greedy,4,0.05,299,31376,11
Facebook Penn94,distance_greedy,4,0.05,300,31339,9
Facebook Penn94,distance_greedy,4,0.05,301,31347,9
Facebook Penn94,distance_greedy,4,0.05,302,31263,10
Facebook Penn94,distance_greedy,4,0.05,303,31258,9
Facebook Penn94,distance_greedy,4,0.05,304,31306,9
Facebook Penn94,distance_greedy,4,0.05,305,31322,10
Facebook Penn94,distance_greedy,4,0.05,306,31211,10
Facebook Penn94,distance_greedy,4,0.05,307,31163,10
Facebook Penn94,distance_greedy,4,0.05,308,31267,11
Facebook Penn94,distance_greedy,4,0.05,309,31108,11
Facebook Penn94,distance_greedy,4,0.05,310,31491,11
Facebook Penn94,distance_greedy,4,0.05,311,31200,11
Facebook Penn94,distance_greedy,4,0.05,312,31202,9
Facebook Penn94,distance_greedy,4,0.05,313,31334,12
Facebook Penn94,distance_greedy,4,0.05,314,31361,10
Facebook Penn94,distance_greedy,4,0.05,315,31303,11
Facebook Penn94,distance_greedy,4,0.05,316,31288,10
Facebook Penn94,distance_greedy,4,0.05,317,31414,9
Facebook Penn94,distance_greedy,4,0.05,318,31269,12
Facebook Penn94,distance_greedy,4,0.05,319,31358,10
Facebook Penn94,distance_greedy,4,0.05,320,31268,9
Facebook Penn94,distance_greedy,4,0.05,321,31210,10
Facebook Penn94,distance_greedy,4,0.05,322,31278,11
Facebook Penn94,distance_greedy,4,0.05,323,31317,9
Facebook Penn94,distance_greedy,4,0.05,324,31195,10
Facebook Penn94,distance_greedy,4,0.05,325,31320,10
Facebook Penn94,distance_greedy,4,0.05,326,31269,9
Facebook Penn94,distance_greedy,4,0.05,327,31336,12
Facebook Penn94,distance_greedy,4,0.05,328,31449,10
Facebook Penn94,distance_greedy,4,0.05,329,31242,10
Facebook Penn94,distance_greedy,4,0.05,330,31222,11
Facebook Penn94,distance_greedy,4,0.05,331,31227,10
Facebook Penn94,distance_greedy,4,0.05,332,31250,9
Facebook Penn94,distance_greedy,4,0.05,333,31260,9
Facebook Penn94,distance_greedy,4,0.05,334,31283,11
Facebook Penn94,distance_greedy,4,0.05,335,31199,10
Facebook Penn94,distance_greedy,4,0.05,336,31295,12
Facebook Penn94,distance_greedy,4,0.05,337,31343,11
Facebook Penn94,distance_greedy,4,0.05,338,31179,10
Facebook Penn94,distance_greedy,4,0.05,339,31412,11
Facebook Penn94,distance_greedy,4,0.05,340,31204,11
Facebook Penn94,distance_greedy,4,0.05,341,31201,11
Facebook Penn94,distance_greedy,4,0.05,342,31264,11
Facebook Penn94,distance_greedy,4,0.05,343,31252,10
Facebook Penn94,distance_greedy,4,0.05,344,31271,12
Facebook Penn94,distance_greedy,4,0.05,345,31344,9
Facebook Penn94,distance_greedy,4,0.05,346,31241,9
Facebook Penn94,distance_greedy,4,0.05,347,31281,11
Facebook Penn94,distance_greedy,4,0.05,348,31336,10
Facebook Penn94,distance_greedy,4,0.05,349,31222,11
Facebook Penn94,distance_greedy,4,0.05,350,31207,10
Facebook Penn94,distance_greedy,4,0.05,351,31410,10
Facebook Penn94,distance_greedy,4,0.05,352,31296,12
Facebook Penn94,distance_greedy,4,0.05,353,31195,12
Facebook Penn94,distance_greedy,4,0.05,354,31387,10
Facebook Penn94,distance_greedy,4,0.05,355,31358,11
Facebook Penn94,distance_greedy,4,0.05,356,31172,11
Facebook Penn94,distance_greedy,4,0.05,357,31401,9
Facebook Penn94,distance_greedy,4,0.05,358,31375,12
Facebook Penn94,distance_greedy,4,0.05,359,31298,10
Facebook Penn94,distance_greedy,4,0.05,360,31276,9
Facebook Penn94,distance_greedy,4,0.05,361,31267,11
Facebook Penn94,distance_greedy,4,0.05,362,31248,12
Facebook Penn94,distance_greedy,4,0.05,363,31126,12
Facebook Penn94,distance_greedy,4,0.05,364,31406,11
Facebook Penn94,distance_greedy,4,0.05,365,31366,10
Facebook Penn94,distance_greedy,4,0.05,366,31263,11
Facebook Penn94,distance_greedy,4,0.05,367,31170,10
Facebook Penn94,distance_greedy,4,0.05,368,31288,11
Facebook Penn94,distance_greedy,4,0.05,369,31317,10
Facebook Penn94,distance_greedy,4,0.05,370,31117,9
Facebook Penn94,distance_greedy,4,0.05,371,31305,10
Facebook Penn94,distance_greedy,4,0.05,372,31411,9
Facebook Penn94,distance_greedy,4,0.05,373,31296,10
Facebook Penn94,distance_greedy,4,0.05,374,31273,10
Facebook Penn94,distance_greedy,4,0.05,375,31261,9
Facebook Penn94,distance_greedy,4,0.05,376,31165,9
Facebook Penn94,distance_greedy,4,0.05,377,31230,10
Facebook Penn94,distance_greedy,4,0.05,378,31267,10
Facebook Penn94,distance_greedy,4,0.05,379,31400,10
Facebook Penn94,distance_greedy,4,0.05,380,31355,12
Facebook Penn94,distance_greedy,4,0.05,381,31313,10
Facebook Penn94,distance_greedy,4,0.05,382,31182,9
Facebook Penn94,distance_greedy,4,0.05,383,31295,11
Facebook Penn94,distance_greedy,4,0.05,384,31363,10
Facebook Penn94,distance_greedy,4,0.05,385,31297,11
Facebook Penn94,distance_greedy,4,0.05,386,31314,10
Facebook Penn94,distance_greedy,4,0.05,387,31264,10
Facebook Penn94,distance_greedy,4,0.05,388,31224,11
Facebook Penn94,distance_greedy,4,0.05,389,31214,10
Facebook Penn94,distance_greedy,4,0.05,390,31252,10
Facebook Penn94,distance_greedy,4,0.05,391,31280,10
Facebook Penn94,distance_greedy,4,0.05,392,31318,9
Facebook Penn94,distance_greedy,4,0.05,393,31286,11
Facebook Penn94,distance_greedy,4,0.05,394,31402,10
Facebook Penn94,distance_greedy,4,0.05,395,31329,10
Facebook Penn94,distance_greedy,4,0.05,396,31262,10
Facebook Penn94,distance_greedy,4,0.05,397,31274,10
Facebook Penn94,distance_greedy,4,0.05,398,31327,10
Facebook Penn94,distance_greedy,4,0.05,399,31323,9
Facebook Penn94,distance_greedy,4,0.05,400,31239,10
Facebook Penn94,distance_greedy,4,0.05,401,31388,10
Facebook Penn94,distance_greedy,4,0.05,402,31308,10
Facebook Penn94,distance_greedy,4,0.05,403,31279,14
Facebook Penn94,distance_greedy,4,0.05,404,31218,10
Facebook Penn94,distance_greedy,4,0.05,405,31239,11
Facebook Penn94,distance_greedy,4,0.05,406,31252,9
Facebook Penn94,distance_greedy,4,0.05,407,31421,9
Facebook Penn94,distance_greedy,4,0.05,408,31341,9
Facebook Penn94,distance_greedy,4,0.05,409,31264,9
Facebook Penn94,distance_greedy,4,0.05,410,31254,11
Facebook Penn94,distance_greedy,4,0.05,411,31292,10
Facebook Penn94,distance_greedy,4,0.05,412,31155,10
Facebook Penn94,distance_greedy,4,0.05,413,31215,10
Facebook Penn94,distance_greedy,4,0.05,414,31284,10
Facebook Penn94,distance_greedy,4,0.05,415,31222,12
Facebook Penn94,distance_greedy,4,0.05,416,31311,11
Facebook Penn94,distance_greedy,4,0.05,417,31154,10
Facebook Penn94,distance_greedy,4,0.05,418,31257,10
Facebook Penn94,distance_greedy,4,0.05,419,31266,10
Facebook Penn94,distance_greedy,4,0.05,420,31245,10
Facebook Penn94,distance_greedy,4,0.05,421,31167,10
Facebook Penn94,distance_greedy,4,0.05,422,31271,11
Facebook Penn94,distance_greedy,4,0.05,423,31288,11
Facebook Penn94,distance_greedy,4,0.05,424,31432,11
Facebook Penn94,distance_greedy,4,0.05,425,31230,10
Facebook Penn94,distance_greedy,4,0.05,426,31385,9
Facebook Penn94,distance_greedy,4,0.05,427,31262,10
Facebook Penn94,distance_greedy,4,0.05,428,31530,9
Facebook Penn94,distance_greedy,4,0.05,429,31378,10
Facebook Penn94,distance_greedy,4,0.05,430,31228,10
Facebook Penn94,distance_greedy,4,0.05,431,31236,10
Facebook Penn94,distance_greedy,4,0.05,432,31166,11
Facebook Penn94,distance_greedy,4,0.05,433,31300,9
Facebook Penn94,distance_greedy,4,0.05,434,31272,12
Facebook Penn94,distance_greedy,4,0.05,435,31222,12
Facebook Penn94,distance_greedy,4,0.05,436,31320,11
Facebook Penn94,distance_greedy,4,0.05,437,31169,13
Facebook Penn94,distance_greedy,4,0.05,438,31209,11
Facebook Penn94,distance_greedy,4,0.05,439,31157,10
Facebook Penn94,distance_greedy,4,0.05,440,31223,11
Facebook Penn94,distance_greedy,4,0.05,441,31422,9
Facebook Penn94,distance_greedy,4,0.05,442,31317,9
Facebook Penn94,distance_greedy,4,0.05,443,31233,10
Facebook Penn94,distance_greedy,4,0.05,444,31320,10
Facebook Penn94,distance_greedy,4,0.05,445,31304,10
Facebook Penn94,distance_greedy,4,0.05,446,31463,11
Facebook Penn94,distance_greedy,4,0.05,447,31266,10
Facebook Penn94,distance_greedy,4,0.05,448,31238,11
Facebook Penn94,distance_greedy,4,0.05,449,31373,10
Facebook Penn94,distance_greedy,4,0.05,450,31261,10
Facebook Penn94,distance_greedy,4,0.05,451,31236,11
Facebook Penn94,distance_greedy,4,0.05,452,31276,12
Facebook Penn94,distance_greedy,4,0.05,453,31183,10
Facebook Penn94,distance_greedy,4,0.05,454,31182,10
Facebook Penn94,distance_greedy,4,0.05,455,31181,10
Facebook Penn94,distance_greedy,4,0.05,456,31287,10
Facebook Penn94,distance_greedy,4,0.05,457,31415,10
Facebook Penn94,distance_greedy,4,0.05,458,31173,9
Facebook Penn94,distance_greedy,4,0.05,459,31313,13
Facebook Penn94,distance_greedy,4,0.05,460,31339,10
Facebook Penn94,distance_greedy,4,0.05,461,31266,13
Facebook Penn94,distance_greedy,4,0.05,462,31261,11
Facebook Penn94,distance_greedy,4,0.05,463,31279,10
Facebook Penn94,distance_greedy,4,0.05,464,31293,10
Facebook Penn94,distance_greedy,4,0.05,465,31215,9
Facebook Penn94,distance_greedy,4,0.05,466,31380,10
Facebook Penn94,distance_greedy,4,0.05,467,31265,11
Facebook Penn94,distance_greedy,4,0.05,468,31320,9
Facebook Penn94,distance_greedy,4,0.05,469,31447,10
Facebook Penn94,distance_greedy,4,0.05,470,31332,11
Facebook Penn94,distance_greedy,4,0.05,471,31398,9
Facebook Penn94,distance_greedy,4,0.05,472,31235,12
Facebook Penn94,distance_greedy,4,0.05,473,31293,12
Facebook Penn94,distance_greedy,4,0.05,474,31218,10
Facebook Penn94,distance_greedy,4,0.05,475,31341,11
Facebook Penn94,distance_greedy,4,0.05,476,31205,12
Facebook Penn94,distance_greedy,4,0.05,477,31142,10
Facebook Penn94,distance_greedy,4,0.05,478,31141,11
Facebook Penn94,distance_greedy,4,0.05,479,31274,10
Facebook Penn94,distance_greedy,4,0.05,480,31265,10
Facebook Penn94,distance_greedy,4,0.05,481,31267,12
Facebook Penn94,distance_greedy,4,0.05,482,31414,10
Facebook Penn94,distance_greedy,4,0.05,483,31365,10
Facebook Penn94,distance_greedy,4,0.05,484,31336,11
Facebook Penn94,distance_greedy,4,0.05,485,31140,11
Facebook Penn94,distance_greedy,4,0.05,486,31324,10
Facebook Penn94,distance_greedy,4,0.05,487,31228,9
Facebook Penn94,distance_greedy,4,0.05,488,31310,13
Facebook Penn94,distance_greedy,4,0.05,489,31361,10
Facebook Penn94,distance_greedy,4,0.05,490,31243,11
Facebook Penn94,distance_greedy,4,0.05,491,31181,12
Facebook Penn94,distance_greedy,4,0.05,492,31225,11
Facebook Penn94,distance_greedy,4,0.05,493,31360,13
Facebook Penn94,distance_greedy,4,0.05,494,31306,10
Facebook Penn94,distance_greedy,4,0.05,495,31260,9
Facebook Penn94,distance_greedy,4,0.05,496,31214,10
Facebook Penn94,distance_greedy,4,0.05,497,31294,11
Facebook Penn94,distance_greedy,4,0.05,498,31258,10
Facebook Penn94,distance_greedy,4,0.05,499,31271,10
Facebook Penn94,distance_greedy,4,0.05,500,31214,10
Facebook Penn94,distance_greedy,4,0.05,501,31341,11
Facebook Penn94,distance_greedy,4,0.05,502,31285,10
Facebook Penn94,distance_greedy,4,0.05,503,31237,11
Facebook Penn94,distance_greedy,4,0.05,504,31424,9
Facebook Penn94,distance_greedy,4,0.05,505,31209,10
Facebook Penn94,distance_greedy,4,0.05,506,31262,11
Facebook Penn94,distance_greedy,4,0.05,507,31203,10
Facebook Penn94,distance_greedy,4,0.05,508,31203,10
Facebook Penn94,distance_greedy,4,0.05,509,31280,10
Facebook Penn94,distance_greedy,4,0.05,510,31205,11
Facebook Penn94,distance_greedy,4,0.05,511,31243,10
Facebook Penn94,distance_greedy,4,0.05,512,31144,10
Facebook Penn94,distance_greedy,4,0.05,513,31357,12
Facebook Penn94,distance_greedy,4,0.05,514,31389,10
Facebook Penn94,distance_greedy,4,0.05,515,31279,11
Facebook Penn94,distance_greedy,4,0.05,516,31318,11
Facebook Penn94,distance_greedy,4,0.05,517,31301,10
Facebook Penn94,distance_greedy,4,0.05,518,31264,11
Facebook Penn94,distance_greedy,4,0.05,519,31301,10
Facebook Penn94,distance_greedy,4,0.05,520,31244,11
Facebook Penn94,distance_greedy,4,0.05,521,31455,10
Facebook Penn94,distance_greedy,4,0.05,522,31206,10
Facebook Penn94,distance_greedy,4,0.05,523,31427,9
Facebook Penn94,distance_greedy,4,0.05,524,31264,11
Facebook Penn94,distance_greedy,4,0.05,525,31252,10
Facebook Penn94,distance_greedy,4,0.05,526,31110,10
Facebook Penn94,distance_greedy,4,0.05,527,31286,10
Facebook Penn94,distance_greedy,4,0.05,528,31216,10
Facebook Penn94,distance_greedy,4,0.05,529,31293,10
Facebook Penn94,distance_greedy,4,0.05,530,31452,9
Facebook Penn94,distance_greedy,4,0.05,531,31258,10
Facebook Penn94,distance_greedy,4,0.05,532,31320,11
Facebook Penn94,distance_greedy,4,0.05,533,31303,10
Facebook Penn94,distance_greedy,4,0.05,534,31256,9
Facebook Penn94,distance_greedy,4,0.05,535,31293,10
Facebook Penn94,distance_greedy,4,0.05,536,31135,10
Facebook Penn94,distance_greedy,4,0.05,537,31327,9
Facebook Penn94,distance_greedy,4,0.05,538,31251,10
Facebook Penn94,distance_greedy,4,0.05,539,31393,10
Facebook Penn94,distance_greedy,4,0.05,540,31350,10
Facebook Penn94,distance_greedy,4,0.05,541,31313,10
Facebook Penn94,distance_greedy,4,0.05,542,31227,10
Facebook Penn94,distance_greedy,4,0.05,543,31292,9
Facebook Penn94,distance_greedy,4,0.05,544,31374,10
Facebook Penn94,distance_greedy,4,0.05,545,31282,9
Facebook Penn94,distance_greedy,4,0.05,546,31269,9
Facebook Penn94,distance_greedy,4,0.05,547,31257,10
Facebook Penn94,distance_greedy,4,0.05,548,31344,12
Facebook Penn94,distance_greedy,4,0.05,549,31308,11
Facebook Penn94,distance_greedy,4,0.05,550,31159,11
Facebook Penn94,distance_greedy,4,0.05,551,31186,10
Facebook Penn94,distance_greedy,4,0.05,552,31148,11
Facebook Penn94,distance_greedy,4,0.05,553,31189,10
Facebook Penn94,distance_greedy,4,0.05,554,31032,11
Facebook Penn94,distance_greedy,4,0.05,555,31245,10
Facebook Penn94,distance_greedy,4,0.05,556,31438,10
Facebook Penn94,distance_greedy,4,0.05,557,31191,10
Facebook Penn94,distance_greedy,4,0.05,558,31310,10
Facebook Penn94,distance_greedy,4,0.05,559,31270,11
Facebook Penn94,distance_greedy,4,0.05,560,31237,10
Facebook Penn94,distance_greedy,4,0.05,561,31358,9
Facebook Penn94,distance_greedy,4,0.05,562,31261,10
Facebook Penn94,distance_greedy,4,0.05,563,31271,10
Facebook Penn94,distance_greedy,4,0.05,564,31307,10
Facebook Penn94,distance_greedy,4,0.05,565,31262,11
Facebook Penn94,distance_greedy,4,0.05,566,31329,10
Facebook Penn94,distance_greedy,4,0.05,567,31306,10
Facebook Penn94,distance_greedy,4,0.05,568,31227,10
Facebook Penn94,distance_greedy,4,0.05,569,31288,10
Facebook Penn94,distance_greedy,4,0.05,570,31245,11
Facebook Penn94,distance_greedy,4,0.05,571,31260,11
Facebook Penn94,distance_greedy,4,0.05,572,31412,14
Facebook Penn94,distance_greedy,4,0.05,573,31185,9
Facebook Penn94,distance_greedy,4,0.05,574,31387,10
Facebook Penn94,distance_greedy,4,0.05,575,31246,10
Facebook Penn94,distance_greedy,4,0.05,576,31378,10
Facebook Penn94,distance_greedy,4,0.05,577,31238,11
Facebook Penn94,distance_greedy,4,0.05,578,31179,9
Facebook Penn94,distance_greedy,4,0.05,579,31359,10
Facebook Penn94,distance_greedy,4,0.05,580,31187,10
Facebook Penn94,distance_greedy,4,0.05,581,31228,10
Facebook Penn94,distance_greedy,4,0.05,582,31326,10
Facebook Penn94,distance_greedy,4,0.05,583,31360,10
Facebook Penn94,distance_greedy,4,0.05,584,31318,9
Facebook Penn94,distance_greedy,4,0.05,585,31431,10
Facebook Penn94,distance_greedy,4,0.05,586,31153,9
Facebook Penn94,distance_greedy,4,0.05,587,31172,10
Facebook Penn94,distance_greedy,4,0.05,588,31409,10
Facebook Penn94,distance_greedy,4,0.05,589,31261,11
Facebook Penn94,distance_greedy,4,0.05,590,31310,10
Facebook Penn94,distance_greedy,4,0.05,591,31279,10
Facebook Penn94,distance_greedy,4,0.05,592,31354,9
Facebook Penn94,distance_greedy,4,0.05,593,31298,9
Facebook Penn94,distance_greedy,4,0.05,594,31292,11
Facebook Penn94,distance_greedy,4,0.05,595,31224,11
Facebook Penn94,distance_greedy,4,0.05,596,31237,10
Facebook Penn94,distance_greedy,4,0.05,597,31236,11
Facebook Penn94,distance_greedy,4,0.05,598,31218,11
Facebook Penn94,distance_greedy,4,0.05,599,31388,11
Facebook Penn94,distance_greedy,4,0.05,600,31299,9
Facebook Penn94,distance_greedy,4,0.05,601,31278,11
Facebook Penn94,distance_greedy,4,0.05,602,31298,10
Facebook Penn94,distance_greedy,4,0.05,603,31327,9
Facebook Penn94,distance_greedy,4,0.05,604,31257,11
Facebook Penn94,distance_greedy,4,0.05,605,31226,10
Facebook Penn94,distance_greedy,4,0.05,606,31437,10
Facebook Penn94,distance_greedy,4,0.05,607,31195,11
Facebook Penn94,distance_greedy,4,0.05,608,31296,11
Facebook Penn94,distance_greedy,4,0.05,609,31280,11
Facebook Penn94,distance_greedy,4,0.05,610,31360,9
Facebook Penn94,distance_greedy,4,0.05,611,31285,10
Facebook Penn94,distance_greedy,4,0.05,612,31282,10
Facebook Penn94,distance_greedy,4,0.05,613,31285,10
Facebook Penn94,distance_greedy,4,0.05,614,31344,10
Facebook Penn94,distance_greedy,4,0.05,615,31262,11
Facebook Penn94,distance_greedy,4,0.05,616,31309,10
Facebook Penn94,distance_greedy,4,0.05,617,31226,9
Facebook Penn94,distance_greedy,4,0.05,618,31267,10
Facebook Penn94,distance_greedy,4,0.05,619,31335,9
Facebook Penn94,distance_greedy,4,0.05,620,31284,10
Facebook Penn94,distance_greedy,4,0.05,621,31228,11
Facebook Penn94,distance_greedy,4,0.05,622,31267,10
Facebook Penn94,distance_greedy,4,0.05,623,31411,10
Facebook Penn94,distance_greedy,4,0.05,624,31287,12
Facebook Penn94,distance_greedy,4,0.05,625,31333,10
Facebook Penn94,distance_greedy,4,0.05,626,31338,11
Facebook Penn94,distance_greedy,4,0.05,627,31216,12
Facebook Penn94,distance_greedy,4,0.05,628,31137,12
Facebook Penn94,distance_greedy,4,0.05,629,31314,10
Facebook Penn94,distance_greedy,4,0.05,630,31229,11
Facebook Penn94,distance_greedy,4,0.05,631,31345,11
Facebook Penn94,distance_greedy,4,0.05,632,31177,10
Facebook Penn94,distance_greedy,4,0.05,633,31218,11
Facebook Penn94,distance_greedy,4,0.05,634,31255,12
Facebook Penn94,distance_greedy,4,0.05,635,31398,11
Facebook Penn94,distance_greedy,4,0.05,636,31202,11
Facebook Penn94,distance_greedy,4,0.05,637,31293,10
Facebook Penn94,distance_greedy,4,0.05,638,31283,11
Facebook Penn94,distance_greedy,4,0.05,639,31328,11
Facebook Penn94,distance_greedy,4,0.05,640,31352,10
Facebook Penn94,distance_greedy,4,0.05,641,31262,10
Facebook Penn94,distance_greedy,4,0.05,642,31135,11
Facebook Penn94,distance_greedy,4,0.05,643,31281,10
Facebook Penn94,distance_greedy,4,0.05,644,31333,10
Facebook Penn94,distance_greedy,4,0.05,645,31239,11
Facebook Penn94,distance_greedy,4,0.05,646,31243,9
Facebook Penn94,distance_greedy,4,0.05,647,31366,10
Facebook Penn94,distance_greedy,4,0.05,648,31265,11
Facebook Penn94,distance_greedy,4,0.05,649,31344,10
Facebook Penn94,distance_greedy,4,0.05,650,31353,10
Facebook Penn94,distance_greedy,4,0.05,651,31345,10
Facebook Penn94,distance_greedy,4,0.05,652,31217,9
Facebook Penn94,distance_greedy,4,0.05,653,31322,10
Facebook Penn94,distance_greedy,4,0.05,654,31344,11
Facebook Penn94,distance_greedy,4,0.05,655,31259,11
Facebook Penn94,distance_greedy,4,0.05,656,31305,11
Facebook Penn94,distance_greedy,4,0.05,657,31257,10
Facebook Penn94,distance_greedy,4,0.05,658,31240,9
Facebook Penn94,distance_greedy,4,0.05,659,31308,13
Facebook Penn94,distance_greedy,4,0.05,660,31146,9
Facebook Penn94,distance_greedy,4,0.05,661,31254,12
Facebook Penn94,distance_greedy,4,0.05,662,31414,10
Facebook Penn94,distance_greedy,4,0.05,663,31233,9
Facebook Penn94,distance_greedy,4,0.05,664,31250,10
Facebook Penn94,distance_greedy,4,0.05,665,31312,11
Facebook Penn94,distance_greedy,4,0.05,666,31322,12
Facebook Penn94,distance_greedy,4,0.05,667,31238,10
Facebook Penn94,distance_greedy,4,0.05,668,31454,11
Facebook Penn94,distance_greedy,4,0.05,669,31287,10
Facebook Penn94,distance_greedy,4,0.05,670,31172,9
Facebook Penn94,distance_greedy,4,0.05,671,31188,10
Facebook Penn94,distance_greedy,4,0.05,672,31280,10
Facebook Penn94,distance_greedy,4,0.05,673,31276,11
Facebook Penn94,distance_greedy,4,0.05,674,31223,9
Facebook Penn94,distance_greedy,4,0.05,675,31229,11
Facebook Penn94,distance_greedy,4,0.05,676,31075,10
Facebook Penn94,distance_greedy,4,0.05,677,31428,10
Facebook Penn94,distance_greedy,4,0.05,678,31450,10
Facebook Penn94,distance_greedy,4,0.05,679,31420,13
Facebook Penn94,distance_greedy,4,0.05,680,31321,10
Facebook Penn94,distance_greedy,4,0.05,681,31346,10
Facebook Penn94,distance_greedy,4,0.05,682,31179,10
Facebook Penn94,distance_greedy,4,0.05,683,31233,10
Facebook Penn94,distance_greedy,4,0.05,684,31351,11
Facebook Penn94,distance_greedy,4,0.05,685,31298,9
Facebook Penn94,distance_greedy,4,0.05,686,31375,11
Facebook Penn94,distance_greedy,4,0.05,687,31144,10
Facebook Penn94,distance_greedy,4,0.05,688,31205,10
Facebook Penn94,distance_greedy,4,0.05,689,31385,11
Facebook Penn94,distance_greedy,4,0.05,690,31306,9
Facebook Penn94,distance_greedy,4,0.05,691,31288,10
Facebook Penn94,distance_greedy,4,0.05,692,31373,10
Facebook Penn94,distance_greedy,4,0.05,693,31269,10
Facebook Penn94,distance_greedy,4,0.05,694,31197,10
Facebook Penn94,distance_greedy,4,0.05,695,31145,10
Facebook Penn94,distance_greedy,4,0.05,696,31255,10
Facebook Penn94,distance_greedy,4,0.05,697,31092,12
Facebook Penn94,distance_greedy,4,0.05,698,31317,12
Facebook Penn94,distance_greedy,4,0.05,699,31261,10
Facebook Penn94,distance_greedy,4,0.05,700,31228,10
Facebook Penn94,distance_greedy,4,0.05,701,31377,9
Facebook Penn94,distance_greedy,4,0.05,702,31259,11
Facebook Penn94,distance_greedy,4,0.05,703,31207,10
Facebook Penn94,distance_greedy,4,0.05,704,31297,10
Facebook Penn94,distance_greedy,4,0.05,705,31138,10
Facebook Penn94,distance_greedy,4,0.05,706,31402,12
Facebook Penn94,distance_greedy,4,0.05,707,31310,10
Facebook Penn94,distance_greedy,4,0.05,708,31074,9
Facebook Penn94,distance_greedy,4,0.05,709,31118,9
Facebook Penn94,distance_greedy,4,0.05,710,31275,10
Facebook Penn94,distance_greedy,4,0.05,711,31394,10
Facebook Penn94,distance_greedy,4,0.05,712,31264,10
Facebook Penn94,distance_greedy,4,0.05,713,31167,10
Facebook Penn94,distance_greedy,4,0.05,714,31279,10
Facebook Penn94,distance_greedy,4,0.05,715,31145,15
Facebook Penn94,distance_greedy,4,0.05,716,31113,11
Facebook Penn94,distance_greedy,4,0.05,717,31220,11
Facebook Penn94,distance_greedy,4,0.05,718,31398,9
Facebook Penn94,distance_greedy,4,0.05,719,31225,9
Facebook Penn94,distance_greedy,4,0.05,720,31331,10
Facebook Penn94,distance_greedy,4,0.05,721,31289,10
Facebook Penn94,distance_greedy,4,0.05,722,31363,10
Facebook Penn94,distance_greedy,4,0.05,723,31369,10
Facebook Penn94,distance_greedy,4,0.05,724,31309,10
Facebook Penn94,distance_greedy,4,0.05,725,31245,10
Facebook Penn94,distance_greedy,4,0.05,726,31389,10
Facebook Penn94,distance_greedy,4,0.05,727,31247,10
Facebook Penn94,distance_greedy,4,0.05,728,31403,10
Facebook Penn94,distance_greedy,4,0.05,729,31256,10
Facebook Penn94,distance_greedy,4,0.05,730,31321,11
Facebook Penn94,distance_greedy,4,0.05,731,31310,10
Facebook Penn94,distance_greedy,4,0.05,732,31275,10
Facebook Penn94,distance_greedy,4,0.05,733,31336,10
Facebook Penn94,distance_greedy,4,0.05,734,31181,10
Facebook Penn94,distance_greedy,4,0.05,735,31190,12
Facebook Penn94,distance_greedy,4,0.05,736,31391,12
Facebook Penn94,distance_greedy,4,0.05,737,31265,10
Facebook Penn94,distance_greedy,4,0.05,738,31354,11
Facebook Penn94,distance_greedy,4,0.05,739,31211,10
Facebook Penn94,distance_greedy,4,0.05,740,31415,10
Facebook Penn94,distance_greedy,4,0.05,741,31198,11
Facebook Penn94,distance_greedy,4,0.05,742,31193,9
Facebook Penn94,distance_greedy,4,0.05,743,31214,10
Facebook Penn94,distance_greedy,4,0.05,744,31350,10
Facebook Penn94,distance_greedy,4,0.05,745,31230,10
Facebook Penn94,distance_greedy,4,0.05,746,31312,12
Facebook Penn94,distance_greedy,4,0.05,747,31321,10
Facebook Penn94,distance_greedy,4,0.05,748,31273,10
Facebook Penn94,distance_greedy,4,0.05,749,31246,9
Facebook Penn94,distance_greedy,4,0.05,750,31296,10
Facebook Penn94,distance_greedy,4,0.05,751,31276,10
Facebook Penn94,distance_greedy,4,0.05,752,31277,10
Facebook Penn94,distance_greedy,4,0.05,753,31307,10
Facebook Penn94,distance_greedy,4,0.05,754,31452,11
Facebook Penn94,distance_greedy,4,0.05,755,31272,9
Facebook Penn94,distance_greedy,4,0.05,756,31341,11
Facebook Penn94,distance_greedy,4,0.05,757,31192,12
Facebook Penn94,distance_greedy,4,0.05,758,31409,11
Facebook Penn94,distance_greedy,4,0.05,759,31302,11
Facebook Penn94,distance_greedy,4,0.05,760,31320,10
Facebook Penn94,distance_greedy,4,0.05,761,31309,12
Facebook Penn94,distance_greedy,4,0.05,762,31318,10
Facebook Penn94,distance_greedy,4,0.05,763,31340,11
Facebook Penn94,distance_greedy,4,0.05,764,31248,12
Facebook Penn94,distance_greedy,4,0.05,765,31278,10
Facebook Penn94,distance_greedy,4,0.05,766,31316,11
Facebook Penn94,distance_greedy,4,0.05,767,31231,9
Facebook Penn94,distance_greedy,4,0.05,768,31348,10
Facebook Penn94,distance_greedy,4,0.05,769,31228,11
Facebook Penn94,distance_greedy,4,0.05,770,31464,10
Facebook Penn94,distance_greedy,4,0.05,771,31288,10
Facebook Penn94,distance_greedy,4,0.05,772,31386,10
Facebook Penn94,distance_greedy,4,0.05,773,31329,11
Facebook Penn94,distance_greedy,4,0.05,774,31211,12
Facebook Penn94,distance_greedy,4,0.05,775,31106,10
Facebook Penn94,distance_greedy,4,0.05,776,31324,10
Facebook Penn94,distance_greedy,4,0.05,777,31400,9
Facebook Penn94,distance_greedy,4,0.05,778,31329,9
Facebook Penn94,distance_greedy,4,0.05,779,31348,11
Facebook Penn94,distance_greedy,4,0.05,780,31505,10
Facebook Penn94,distance_greedy,4,0.05,781,31203,11
Facebook Penn94,distance_greedy,4,0.05,782,31224,10
Facebook Penn94,distance_greedy,4,0.05,783,31265,9
Facebook Penn94,distance_greedy,4,0.05,784,31177,9
Facebook Penn94,distance_greedy,4,0.05,785,31322,11
Facebook Penn94,distance_greedy,4,0.05,786,31311,10
Facebook Penn94,distance_greedy,4,0.05,787,31373,10
Facebook Penn94,distance_greedy,4,0.05,788,31260,11
Facebook Penn94,distance_greedy,4,0.05,789,31349,10
Facebook Penn94,distance_greedy,4,0.05,790,31334,9
Facebook Penn94,distance_greedy,4,0.05,791,31297,11
Facebook Penn94,distance_greedy,4,0.05,792,31395,10
Facebook Penn94,distance_greedy,4,0.05,793,31207,10
Facebook Penn94,distance_greedy,4,0.05,794,31376,10
Facebook Penn94,distance_greedy,4,0.05,795,31240,10
Facebook Penn94,distance_greedy,4,0.05,796,31317,11
Facebook Penn94,distance_greedy,4,0.05,797,31330,10
Facebook Penn94,distance_greedy,4,0.05,798,31185,9
Facebook Penn94,distance_greedy,4,0.05,799,31254,10
Facebook Penn94,distance_greedy,4,0.05,800,31328,10
Facebook Penn94,distance_greedy,4,0.05,801,31369,10
Facebook Penn94,distance_greedy,4,0.05,802,31311,9
Facebook Penn94,distance_greedy,4,0.05,803,31311,11
Facebook Penn94,distance_greedy,4,0.05,804,31264,11
Facebook Penn94,distance_greedy,4,0.05,805,31281,11
Facebook Penn94,distance_greedy,4,0.05,806,31370,10
Facebook Penn94,distance_greedy,4,0.05,807,31181,10
Facebook Penn94,distance_greedy,4,0.05,808,31325,9
Facebook Penn94,distance_greedy,4,0.05,809,31232,11
Facebook Penn94,distance_greedy,4,0.05,810,31332,10
Facebook Penn94,distance_greedy,4,0.05,811,31253,11
Facebook Penn94,distance_greedy,4,0.05,812,31375,10
Facebook Penn94,distance_greedy,4,0.05,813,31331,12
Facebook Penn94,distance_greedy,4,0.05,814,31513,11
Facebook Penn94,distance_greedy,4,0.05,815,31270,10
Facebook Penn94,distance_greedy,4,0.05,816,31323,12
Facebook Penn94,distance_greedy,4,0.05,817,31169,11
Facebook Penn94,distance_greedy,4,0.05,818,31347,13
Facebook Penn94,distance_greedy,4,0.05,819,31380,10
Facebook Penn94,distance_greedy,4,0.05,820,31229,10
Facebook Penn94,distance_greedy,4,0.05,821,31260,10
Facebook Penn94,distance_greedy,4,0.05,822,31193,14
Facebook Penn94,distance_greedy,4,0.05,823,31353,12
Facebook Penn94,distance_greedy,4,0.05,824,31362,10
Facebook Penn94,distance_greedy,4,0.05,825,31289,9
Facebook Penn94,distance_greedy,4,0.05,826,31316,11
Facebook Penn94,distance_greedy,4,0.05,827,31176,9
Facebook Penn94,distance_greedy,4,0.05,828,31454,10
Facebook Penn94,distance_greedy,4,0.05,829,31259,10
Facebook Penn94,distance_greedy,4,0.05,830,31079,9
Facebook Penn94,distance_greedy,4,0.05,831,31284,10
Facebook Penn94,distance_greedy,4,0.05,832,31287,10
Facebook Penn94,distance_greedy,4,0.05,833,31377,10
Facebook Penn94,distance_greedy,4,0.05,834,31203,11
Facebook Penn94,distance_greedy,4,0.05,835,31203,10
Facebook Penn94,distance_greedy,4,0.05,836,31290,11
Facebook Penn94,distance_greedy,4,0.05,837,31515,11
Facebook Penn94,distance_greedy,4,0.05,838,31201,10
Facebook Penn94,distance_greedy,4,0.05,839,31378,10
Facebook Penn94,distance_greedy,4,0.05,840,31410,9
Facebook Penn94,distance_greedy,4,0.05,841,31377,14
Facebook Penn94,distance_greedy,4,0.05,842,31278,9
Facebook Penn94,distance_greedy,4,0.05,843,31423,10
Facebook Penn94,distance_greedy,4,0.05,844,31387,11
Facebook Penn94,distance_greedy,4,0.05,845,31301,10
Facebook Penn94,distance_greedy,4,0.05,846,31305,12
Facebook Penn94,distance_greedy,4,0.05,847,31187,11
Facebook Penn94,distance_greedy,4,0.05,848,31300,9
Facebook Penn94,distance_greedy,4,0.05,849,31237,10
Facebook Penn94,distance_greedy,4,0.05,850,31455,10
Facebook Penn94,distance_greedy,4,0.05,851,31387,10
Facebook Penn94,distance_greedy,4,0.05,852,31141,11
Facebook Penn94,distance_greedy,4,0.05,853,31328,10
Facebook Penn94,distance_greedy,4,0.05,854,31345,9
Facebook Penn94,distance_greedy,4,0.05,855,31243,12
Facebook Penn94,distance_greedy,4,0.05,856,31188,10
Facebook Penn94,distance_greedy,4,0.05,857,31293,11
Facebook Penn94,distance_greedy,4,0.05,858,31274,10
Facebook Penn94,distance_greedy,4,0.05,859,31335,11
Facebook Penn94,distance_greedy,4,0.05,860,31387,10
Facebook Penn94,distance_greedy,4,0.05,861,31350,10
Facebook Penn94,distance_greedy,4,0.05,862,31291,9
Facebook Penn94,distance_greedy,4,0.05,863,31301,11
Facebook Penn94,distance_greedy,4,0.05,864,31374,10
Facebook Penn94,distance_greedy,4,0.05,865,31402,10
Facebook Penn94,distance_greedy,4,0.05,866,31302,10
Facebook Penn94,distance_greedy,4,0.05,867,31223,11
Facebook Penn94,distance_greedy,4,0.05,868,31347,11
Facebook Penn94,distance_greedy,4,0.05,869,31371,11
Facebook Penn94,distance_greedy,4,0.05,870,31306,9
Facebook Penn94,distance_greedy,4,0.05,871,31363,10
Facebook Penn94,distance_greedy,4,0.05,872,31288,12
Facebook Penn94,distance_greedy,4,0.05,873,31265,12
Facebook Penn94,distance_greedy,4,0.05,874,31285,10
Facebook Penn94,distance_greedy,4,0.05,875,31392,10
Facebook Penn94,distance_greedy,4,0.05,876,31341,12
Facebook Penn94,distance_greedy,4,0.05,877,31302,9
Facebook Penn94,distance_greedy,4,0.05,878,31299,11
Facebook Penn94,distance_greedy,4,0.05,879,31404,11
Facebook Penn94,distance_greedy,4,0.05,880,31277,9
Facebook Penn94,distance_greedy,4,0.05,881,31321,10
Facebook Penn94,distance_greedy,4,0.05,882,31259,12
Facebook Penn94,distance_greedy,4,0.05,883,31395,11
Facebook Penn94,distance_greedy,4,0.05,884,31364,11
Facebook Penn94,distance_greedy,4,0.05,885,31265,10
Facebook Penn94,distance_greedy,4,0.05,886,31297,9
Facebook Penn94,distance_greedy,4,0.05,887,31257,10
Facebook Penn94,distance_greedy,4,0.05,888,31335,11
Facebook Penn94,distance_greedy,4,0.05,889,31214,10
Facebook Penn94,distance_greedy,4,0.05,890,31259,9
Facebook Penn94,distance_greedy,4,0.05,891,31418,11
Facebook Penn94,distance_greedy,4,0.05,892,31358,10
Facebook Penn94,distance_greedy,4,0.05,893,31301,10
Facebook Penn94,distance_greedy,4,0.05,894,31153,10
Facebook Penn94,distance_greedy,4,0.05,895,31310,9
Facebook Penn94,distance_greedy,4,0.05,896,31359,10
Facebook Penn94,distance_greedy,4,0.05,897,31399,10
Facebook Penn94,distance_greedy,4,0.05,898,31298,9
Facebook Penn94,distance_greedy,4,0.05,899,31113,10
Facebook Penn94,distance_greedy,4,0.05,900,31252,10
Facebook Penn94,distance_greedy,4,0.05,901,31135,10
Facebook Penn94,distance_greedy,4,0.05,902,31292,12
Facebook Penn94,distance_greedy,4,0.05,903,31218,9
Facebook Penn94,distance_greedy,4,0.05,904,31431,10
Facebook Penn94,distance_greedy,4,0.05,905,31347,10
Facebook Penn94,distance_greedy,4,0.05,906,31222,9
Facebook Penn94,distance_greedy,4,0.05,907,31268,10
Facebook Penn94,distance_greedy,4,0.05,908,31310,9
Facebook Penn94,distance_greedy,4,0.05,909,31146,11
Facebook Penn94,distance_greedy,4,0.05,910,31346,10
Facebook Penn94,distance_greedy,4,0.05,911,31250,9
Facebook Penn94,distance_greedy,4,0.05,912,31218,11
Facebook Penn94,distance_greedy,4,0.05,913,31447,11
Facebook Penn94,distance_greedy,4,0.05,914,31269,11
Facebook Penn94,distance_greedy,4,0.05,915,31166,9
Facebook Penn94,distance_greedy,4,0.05,916,31185,9
Facebook Penn94,distance_greedy,4,0.05,917,31218,10
Facebook Penn94,distance_greedy,4,0.05,918,31427,9
Facebook Penn94,distance_greedy,4,0.05,919,31291,10
Facebook Penn94,distance_greedy,4,0.05,920,31272,10
Facebook Penn94,distance_greedy,4,0.05,921,31333,10
Facebook Penn94,distance_greedy,4,0.05,922,31219,10
Facebook Penn94,distance_greedy,4,0.05,923,31108,10
Facebook Penn94,distance_greedy,4,0.05,924,31255,10
Facebook Penn94,distance_greedy,4,0.05,925,31304,11
Facebook Penn94,distance_greedy,4,0.05,926,31149,9
Facebook Penn94,distance_greedy,4,0.05,927,31191,9
Facebook Penn94,distance_greedy,4,0.05,928,31345,10
Facebook Penn94,distance_greedy,4,0.05,929,31191,10
Facebook Penn94,distance_greedy,4,0.05,930,31305,11
Facebook Penn94,distance_greedy,4,0.05,931,31302,13
Facebook Penn94,distance_greedy,4,0.05,932,31148,10
Facebook Penn94,distance_greedy,4,0.05,933,31348,10
Facebook Penn94,distance_greedy,4,0.05,934,31355,11
Facebook Penn94,distance_greedy,4,0.05,935,31189,10
Facebook Penn94,distance_greedy,4,0.05,936,31165,10
Facebook Penn94,distance_greedy,4,0.05,937,31370,12
Facebook Penn94,distance_greedy,4,0.05,938,31283,10
Facebook Penn94,distance_greedy,4,0.05,939,31433,10
Facebook Penn94,distance_greedy,4,0.05,940,31474,11
Facebook Penn94,distance_greedy,4,0.05,941,31201,12
Facebook Penn94,distance_greedy,4,0.05,942,31276,11
Facebook Penn94,distance_greedy,4,0.05,943,31254,10
Facebook Penn94,distance_greedy,4,0.05,944,31333,9
Facebook Penn94,distance_greedy,4,0.05,945,31125,9
Facebook Penn94,distance_greedy,4,0.05,946,31274,10
Facebook Penn94,distance_greedy,4,0.05,947,31218,11
Facebook Penn94,distance_greedy,4,0.05,948,31332,9
Facebook Penn94,distance_greedy,4,0.05,949,31177,9
Facebook Penn94,distance_greedy,4,0.05,950,31346,10
Facebook Penn94,distance_greedy,4,0.05,951,31329,10
Facebook Penn94,distance_greedy,4,0.05,952,31354,12
Facebook Penn94,distance_greedy,4,0.05,953,31290,11
Facebook Penn94,distance_greedy,4,0.05,954,31194,10
Facebook Penn94,distance_greedy,4,0.05,955,31373,10
Facebook Penn94,distance_greedy,4,0.05,956,31221,9
Facebook Penn94,distance_greedy,4,0.05,957,31344,11
Facebook Penn94,distance_greedy,4,0.05,958,31360,9
Facebook Penn94,distance_greedy,4,0.05,959,31251,10
Facebook Penn94,distance_greedy,4,0.05,960,31312,11
Facebook Penn94,distance_greedy,4,0.05,961,31197,10
Facebook Penn94,distance_greedy,4,0.05,962,31260,11
Facebook Penn94,distance_greedy,4,0.05,963,31351,11
Facebook Penn94,distance_greedy,4,0.05,964,31123,11
Facebook Penn94,distance_greedy,4,0.05,965,31256,10
Facebook Penn94,distance_greedy,4,0.05,966,31363,10
Facebook Penn94,distance_greedy,4,0.05,967,31262,10
Facebook Penn94,distance_greedy,4,0.05,968,31181,11
Facebook Penn94,distance_greedy,4,0.05,969,31195,10
Facebook Penn94,distance_greedy,4,0.05,970,31338,10
Facebook Penn94,distance_greedy,4,0.05,971,31238,10
Facebook Penn94,distance_greedy,4,0.05,972,31418,10
Facebook Penn94,distance_greedy,4,0.05,973,31252,11
Facebook Penn94,distance_greedy,4,0.05,974,31332,11
Facebook Penn94,distance_greedy,4,0.05,975,31350,11
Facebook Penn94,distance_greedy,4,0.05,976,31170,10
Facebook Penn94,distance_greedy,4,0.05,977,31436,9
Facebook Penn94,distance_greedy,4,0.05,978,31300,10
Facebook Penn94,distance_greedy,4,0.05,979,31214,10
Facebook Penn94,distance_greedy,4,0.05,980,31275,11
Facebook Penn94,distance_greedy,4,0.05,981,31271,10
Facebook Penn94,distance_greedy,4,0.05,982,31338,10
Facebook Penn94,distance_greedy,4,0.05,983,31341,10
Facebook Penn94,distance_greedy,4,0.05,984,31227,10
Facebook Penn94,distance_greedy,4,0.05,985,31219,11
Facebook Penn94,distance_greedy,4,0.05,986,31234,10
Facebook Penn94,distance_greedy,4,0.05,987,31359,10
Facebook Penn94,distance_greedy,4,0.05,988,31303,13
Facebook Penn94,distance_greedy,4,0.05,989,31378,10
Facebook Penn94,distance_greedy,4,0.05,990,31344,12
Facebook Penn94,distance_greedy,4,0.05,991,31350,10
Facebook Penn94,distance_greedy,4,0.05,992,31258,12
Facebook Penn94,distance_greedy,4,0.05,993,31371,9
Facebook Penn94,distance_greedy,4,0.05,994,31319,11
Facebook Penn94,distance_greedy,4,0.05,995,31350,10
Facebook Penn94,distance_greedy,4,0.05,996,31323,9
Facebook Penn94,distance_greedy,4,0.05,997,31291,9
Facebook Penn94,distance_greedy,4,0.05,998,31323,10
Facebook Penn94,distance_greedy,4,0.05,999,31268,12
Facebook Penn94,distance_greedy,10,0.05,0,31264,11
Facebook Penn94,distance_greedy,10,0.05,1,31150,10
Facebook Penn94,distance_greedy,10,0.05,2,31113,10
Facebook Penn94,distance_greedy,10,0.05,3,31361,10
Facebook Penn94,distance_greedy,10,0.05,4,31190,10
Facebook Penn94,distance_greedy,10,0.05,5,31162,9
Facebook Penn94,distance_greedy,10,0.05,6,31261,11
Facebook Penn94,distance_greedy,10,0.05,7,31316,10
Facebook Penn94,distance_greedy,10,0.05,8,31236,9
Facebook Penn94,distance_greedy,10,0.05,9,31201,11
Facebook Penn94,distance_greedy,10,0.05,10,31213,10
Facebook Penn94,distance_greedy,10,0.05,11,31341,10
Facebook Penn94,distance_greedy,10,0.05,12,31303,11
Facebook Penn94,distance_greedy,10,0.05,13,31313,11
Facebook Penn94,distance_greedy,10,0.05,14,31287,10
Facebook Penn94,distance_greedy,10,0.05,15,31207,10
Facebook Penn94,distance_greedy,10,0.05,16,31278,10
Facebook Penn94,distance_greedy,10,0.05,17,31270,11
Facebook Penn94,distance_greedy,10,0.05,18,31265,11
Facebook Penn94,distance_greedy,10,0.05,19,31278,9
Facebook Penn94,distance_greedy,10,0.05,20,31196,10
Facebook Penn94,distance_greedy,10,0.05,21,31252,9
Facebook Penn94,distance_greedy,10,0.05,22,31352,9
Facebook Penn94,distance_greedy,10,0.05,23,31405,10
Facebook Penn94,distance_greedy,10,0.05,24,31300,9
Facebook Penn94,distance_greedy,10,0.05,25,31281,10
Facebook Penn94,distance_greedy,10,0.05,26,31321,10
Facebook Penn94,distance_greedy,10,0.05,27,31225,9
Facebook Penn94,distance_greedy,10,0.05,28,31336,9
Facebook Penn94,distance_greedy,10,0.05,29,31315,10
Facebook Penn94,distance_greedy,10,0.05,30,31329,10
Facebook Penn94,distance_greedy,10,0.05,31,31345,9
Facebook Penn94,distance_greedy,10,0.05,32,31244,10
Facebook Penn94,distance_greedy,10,0.05,33,31264,10
Facebook Penn94,distance_greedy,10,0.05,34,31226,11
Facebook Penn94,distance_greedy,10,0.05,35,31204,9
Facebook Penn94,distance_greedy,10,0.05,36,31200,11
Facebook Penn94,distance_greedy,10,0.05,37,31345,9
Facebook Penn94,distance_greedy,10,0.05,38,31291,11
Facebook Penn94,distance_greedy,10,0.05,39,31422,11
Facebook Penn94,distance_greedy,10,0.05,40,31269,13
Facebook Penn94,distance_greedy,10,0.05,41,31237,9
Facebook Penn94,distance_greedy,10,0.05,42,31308,12
Facebook Penn94,distance_greedy,10,0.05,43,31080,9
Facebook Penn94,distance_greedy,10,0.05,44,31280,10
Facebook Penn94,distance_greedy,10,0.05,45,31243,10
Facebook Penn94,distance_greedy,10,0.05,46,31420,11
Facebook Penn94,distance_greedy,10,0.05,47,31162,9
Facebook Penn94,distance_greedy,10,0.05,48,31241,9
Facebook Penn94,distance_greedy,10,0.05,49,31367,10
Facebook Penn94,distance_greedy,10,0.05,50,31258,10
Facebook Penn94,distance_greedy,10,0.05,51,31257,9
Facebook Penn94,distance_greedy,10,0.05,52,31451,10
Facebook Penn94,distance_greedy,10,0.05,53,31402,11
Facebook Penn94,distance_greedy,10,0.05,54,31330,10
Facebook Penn94,distance_greedy,10,0.05,55,31292,10
Facebook Penn94,distance_greedy,10,0.05,56,31401,10
Facebook Penn94,distance_greedy,10,0.05,57,31351,10
Facebook Penn94,distance_greedy,10,0.05,58,31307,9
Facebook Penn94,distance_greedy,10,0.05,59,31302,11
Facebook Penn94,distance_greedy,10,0.05,60,31367,10
Facebook Penn94,distance_greedy,10,0.05,61,31190,10
Facebook Penn94,distance_greedy,10,0.05,62,31373,10
Facebook Penn94,distance_greedy,10,0.05,63,31303,10
Facebook Penn94,distance_greedy,10,0.05,64,31304,11
Facebook Penn94,distance_greedy,10,0.05,65,31362,11
Facebook Penn94,distance_greedy,10,0.05,66,31259,11
Facebook Penn94,distance_greedy,10,0.05,67,31293,10
Facebook Penn94,distance_greedy,10,0.05,68,31391,10
Facebook Penn94,distance_greedy,10,0.05,69,31287,9
Facebook Penn94,distance_greedy,10,0.05,70,31277,9
Facebook Penn94,distance_greedy,10,0.05,71,31254,9
Facebook Penn94,distance_greedy,10,0.05,72,31425,9
Facebook Penn94,distance_greedy,10,0.05,73,31191,11
Facebook Penn94,distance_greedy,10,0.05,74,31160,10
Facebook Penn94,distance_greedy,10,0.05,75,31369,10
Facebook Penn94,distance_greedy,10,0.05,76,31408,10
Facebook Penn94,distance_greedy,10,0.05,77,31309,11
Facebook Penn94,distance_greedy,10,0.05,78,31214,10
Facebook Penn94,distance_greedy,10,0.05,79,31353,10
Facebook Penn94,distance_greedy,10,0.05,80,31258,11
Facebook Penn94,distance_greedy,10,0.05,81,31196,11
Facebook Penn94,distance_greedy,10,0.05,82,31489,10
Facebook Penn94,distance_greedy,10,0.05,83,31224,10
Facebook Penn94,distance_greedy,10,0.05,84,31249,11
Facebook Penn94,distance_greedy,10,0.05,85,31309,9
Facebook Penn94,distance_greedy,10,0.05,86,31268,10
Facebook Penn94,distance_greedy,10,0.05,87,31283,10
Facebook Penn94,distance_greedy,10,0.05,88,31279,11
Facebook Penn94,distance_greedy,10,0.05,89,31257,11
Facebook Penn94,distance_greedy,10,0.05,90,31269,10
Facebook Penn94,distance_greedy,10,0.05,91,31298,9
Facebook Penn94,distance_greedy,10,0.05,92,31423,10
Facebook Penn94,distance_greedy,10,0.05,93,31370,10
Facebook Penn94,distance_greedy,10,0.05,94,31257,11
Facebook Penn94,distance_greedy,10,0.05,95,31346,10
Facebook Penn94,distance_greedy,10,0.05,96,31280,9
Facebook Penn94,distance_greedy,10,0.05,97,31267,10
Facebook Penn94,distance_greedy,10,0.05,98,31244,11
Facebook Penn94,distance_greedy,10,0.05,99,31155,10
Facebook Penn94,distance_greedy,10,0.05,100,31233,11
Facebook Penn94,distance_greedy,10,0.05,101,31336,10
Facebook Penn94,distance_greedy,10,0.05,102,31379,9
Facebook Penn94,distance_greedy,10,0.05,103,31262,10
Facebook Penn94,distance_greedy,10,0.05,104,31267,11
Facebook Penn94,distance_greedy,10,0.05,105,31324,11
Facebook Penn94,distance_greedy,10,0.05,106,31250,10
Facebook Penn94,distance_greedy,10,0.05,107,31508,10
Facebook Penn94,distance_greedy,10,0.05,108,31246,11
Facebook Penn94,distance_greedy,10,0.05,109,31170,9
Facebook Penn94,distance_greedy,10,0.05,110,31195,12
Facebook Penn94,distance_greedy,10,0.05,111,31309,10
Facebook Penn94,distance_greedy,10,0.05,112,31311,10
Facebook Penn94,distance_greedy,10,0.05,113,31258,9
Facebook Penn94,distance_greedy,10,0.05,114,31231,10
Facebook Penn94,distance_greedy,10,0.05,115,31320,10
Facebook Penn94,distance_greedy,10,0.05,116,31289,10
Facebook Penn94,distance_greedy,10,0.05,117,31365,10
Facebook Penn94,distance_greedy,10,0.05,118,31377,9
Facebook Penn94,distance_greedy,10,0.05,119,31218,10
Facebook Penn94,distance_greedy,10,0.05,120,31289,10
Facebook Penn94,distance_greedy,10,0.05,121,31180,10
Facebook Penn94,distance_greedy,10,0.05,122,31316,10
Facebook Penn94,distance_greedy,10,0.05,123,31178,11
Facebook Penn94,distance_greedy,10,0.05,124,31139,12
Facebook Penn94,distance_greedy,10,0.05,125,31259,11
Facebook Penn94,distance_greedy,10,0.05,126,31257,10
Facebook Penn94,distance_greedy,10,0.05,127,31258,10
Facebook Penn94,distance_greedy,10,0.05,128,31261,10
Facebook Penn94,distance_greedy,10,0.05,129,31324,10
Facebook Penn94,distance_greedy,10,0.05,130,31316,9
Facebook Penn94,distance_greedy,10,0.05,131,31260,9
Facebook Penn94,distance_greedy,10,0.05,132,31330,10
Facebook Penn94,distance_greedy,10,0.05,133,31305,10
Facebook Penn94,distance_greedy,10,0.05,134,31280,10
Facebook Penn94,distance_greedy,10,0.05,135,31207,10
Facebook Penn94,distance_greedy,10,0.05,136,31350,10
Facebook Penn94,distance_greedy,10,0.05,137,31244,12
Facebook Penn94,distance_greedy,10,0.05,138,31247,11
Facebook Penn94,distance_greedy,10,0.05,139,31141,10
Facebook Penn94,distance_greedy,10,0.05,140,31240,11
Facebook Penn94,distance_greedy,10,0.05,141,31239,10
Facebook Penn94,distance_greedy,10,0.05,142,31338,10
Facebook Penn94,distance_greedy,10,0.05,143,31172,9
Facebook Penn94,distance_greedy,10,0.05,144,31270,10
Facebook Penn94,distance_greedy,10,0.05,145,31279,10
Facebook Penn94,distance_greedy,10,0.05,146,31258,10
Facebook Penn94,distance_greedy,10,0.05,147,31423,10
Facebook Penn94,distance_greedy,10,0.05,148,31325,10
Facebook Penn94,distance_greedy,10,0.05,149,31297,10
Facebook Penn94,distance_greedy,10,0.05,150,31307,10
Facebook Penn94,distance_greedy,10,0.05,151,31248,10
Facebook Penn94,distance_greedy,10,0.05,152,31379,10
Facebook Penn94,distance_greedy,10,0.05,153,31149,11
Facebook Penn94,distance_greedy,10,0.05,154,31168,11
Facebook Penn94,distance_greedy,10,0.05,155,31325,10
Facebook Penn94,distance_greedy,10,0.05,156,31277,12
Facebook Penn94,distance_greedy,10,0.05,157,31216,10
Facebook Penn94,distance_greedy,10,0.05,158,31146,8
Facebook Penn94,distance_greedy,10,0.05,159,31407,10
Facebook Penn94,distance_greedy,10,0.05,160,31286,9
Facebook Penn94,distance_greedy,10,0.05,161,31359,9
Facebook Penn94,distance_greedy,10,0.05,162,31287,10
Facebook Penn94,distance_greedy,10,0.05,163,31373,11
Facebook Penn94,distance_greedy,10,0.05,164,31223,10
Facebook Penn94,distance_greedy,10,0.05,165,31268,10
Facebook Penn94,distance_greedy,10,0.05,166,31182,10
Facebook Penn94,distance_greedy,10,0.05,167,31304,10
Facebook Penn94,distance_greedy,10,0.05,168,31089,10
Facebook Penn94,distance_greedy,10,0.05,169,31252,11
Facebook Penn94,distance_greedy,10,0.05,170,31340,11
Facebook Penn94,distance_greedy,10,0.05,171,31233,9
Facebook Penn94,distance_greedy,10,0.05,172,31424,10
Facebook Penn94,distance_greedy,10,0.05,173,31353,11
Facebook Penn94,distance_greedy,10,0.05,174,31222,10
Facebook Penn94,distance_greedy,10,0.05,175,31246,11
Facebook Penn94,distance_greedy,10,0.05,176,31423,10
Facebook Penn94,distance_greedy,10,0.05,177,31188,12
Facebook Penn94,distance_greedy,10,0.05,178,31370,10
Facebook Penn94,distance_greedy,10,0.05,179,31165,10
Facebook Penn94,distance_greedy,10,0.05,180,31265,10
Facebook Penn94,distance_greedy,10,0.05,181,31156,12
Facebook Penn94,distance_greedy,10,0.05,182,31241,10
Facebook Penn94,distance_greedy,10,0.05,183,31324,10
Facebook Penn94,distance_greedy,10,0.05,184,31355,9
Facebook Penn94,distance_greedy,10,0.05,185,31138,9
Facebook Penn94,distance_greedy,10,0.05,186,31291,9
Facebook Penn94,distance_greedy,10,0.05,187,31294,10
Facebook Penn94,distance_greedy,10,0.05,188,31271,10
Facebook Penn94,distance_greedy,10,0.05,189,31310,11
Facebook Penn94,distance_greedy,10,0.05,190,31389,10
Facebook Penn94,distance_greedy,10,0.05,191,31416,9
Facebook Penn94,distance_greedy,10,0.05,192,31328,11
Facebook Penn94,distance_greedy,10,0.05,193,31309,11
Facebook Penn94,distance_greedy,10,0.05,194,31243,9
Facebook Penn94,distance_greedy,10,0.05,195,31258,10
Facebook Penn94,distance_greedy,10,0.05,196,31205,11
Facebook Penn94,distance_greedy,10,0.05,197,31338,11
Facebook Penn94,distance_greedy,10,0.05,198,31344,10
Facebook Penn94,distance_greedy,10,0.05,199,31341,9
Facebook Penn94,distance_greedy,10,0.05,200,31342,10
Facebook Penn94,distance_greedy,10,0.05,201,31292,12
Facebook Penn94,distance_greedy,10,0.05,202,31258,10
Facebook Penn94,distance_greedy,10,0.05,203,31424,11
Facebook Penn94,distance_greedy,10,0.05,204,31187,11
Facebook Penn94,distance_greedy,10,0.05,205,31345,10
Facebook Penn94,distance_greedy,10,0.05,206,31178,10
Facebook Penn94,distance_greedy,10,0.05,207,31363,10
Facebook Penn94,distance_greedy,10,0.05,208,31269,11
Facebook Penn94,distance_greedy,10,0.05,209,31262,10
Facebook Penn94,distance_greedy,10,0.05,210,31089,10
Facebook Penn94,distance_greedy,10,0.05,211,31280,10
Facebook Penn94,distance_greedy,10,0.05,212,31365,9
Facebook Penn94,distance_greedy,10,0.05,213,31344,9
Facebook Penn94,distance_greedy,10,0.05,214,31250,9
Facebook Penn94,distance_greedy,10,0.05,215,31274,9
Facebook Penn94,distance_greedy,10,0.05,216,31248,10
Facebook Penn94,distance_greedy,10,0.05,217,31219,10
Facebook Penn94,distance_greedy,10,0.05,218,31371,10
Facebook Penn94,distance_greedy,10,0.05,219,31263,9
Facebook Penn94,distance_greedy,10,0.05,220,31376,11
Facebook Penn94,distance_greedy,10,0.05,221,31210,10
Facebook Penn94,distance_greedy,10,0.05,222,31378,10
Facebook Penn94,distance_greedy,10,0.05,223,31285,10
Facebook Penn94,distance_greedy,10,0.05,224,31319,9
Facebook Penn94,distance_greedy,10,0.05,225,31247,10
Facebook Penn94,distance_greedy,10,0.05,226,31317,11
Facebook Penn94,distance_greedy,10,0.05,227,31301,9
Facebook Penn94,distance_greedy,10,0.05,228,31320,10
Facebook Penn94,distance_greedy,10,0.05,229,31214,9
Facebook Penn94,distance_greedy,10,0.05,230,31293,10
Facebook Penn94,distance_greedy,10,0.05,231,31302,10
Facebook Penn94,distance_greedy,10,0.05,232,31264,10
Facebook Penn94,distance_greedy,10,0.05,233,31318,11
Facebook Penn94,distance_greedy,10,0.05,234,31249,10
Facebook Penn94,distance_greedy,10,0.05,235,31214,10
Facebook Penn94,distance_greedy,10,0.05,236,31355,10
Facebook Penn94,distance_greedy,10,0.05,237,31248,11
Facebook Penn94,distance_greedy,10,0.05,238,31168,9
Facebook Penn94,distance_greedy,10,0.05,239,31247,10
Facebook Penn94,distance_greedy,10,0.05,240,31288,9
Facebook Penn94,distance_greedy,10,0.05,241,31287,10
Facebook Penn94,distance_greedy,10,0.05,242,31232,11
Facebook Penn94,distance_greedy,10,0.05,243,31188,11
Facebook Penn94,distance_greedy,10,0.05,244,31114,11
Facebook Penn94,distance_greedy,10,0.05,245,31300,9
Facebook Penn94,distance_greedy,10,0.05,246,31360,13
Facebook Penn94,distance_greedy,10,0.05,247,31351,10
Facebook Penn94,distance_greedy,10,0.05,248,31343,10
Facebook Penn94,distance_greedy,10,0.05,249,31257,11
Facebook Penn94,distance_greedy,10,0.05,250,31343,9
Facebook Penn94,distance_greedy,10,0.05,251,31211,12
Facebook Penn94,distance_greedy,10,0.05,252,31174,10
Facebook Penn94,distance_greedy,10,0.05,253,31246,10
Facebook Penn94,distance_greedy,10,0.05,254,31268,9
Facebook Penn94,distance_greedy,10,0.05,255,31317,10
Facebook Penn94,distance_greedy,10,0.05,256,31356,11
Facebook Penn94,distance_greedy,10,0.05,257,31216,9
Facebook Penn94,distance_greedy,10,0.05,258,31203,10
Facebook Penn94,distance_greedy,10,0.05,259,31265,9
Facebook Penn94,distance_greedy,10,0.05,260,31343,10
Facebook Penn94,distance_greedy,10,0.05,261,31384,11
Facebook Penn94,distance_greedy,10,0.05,262,31295,13
Facebook Penn94,distance_greedy,10,0.05,263,31293,9
Facebook Penn94,distance_greedy,10,0.05,264,31298,11
Facebook Penn94,distance_greedy,10,0.05,265,31248,11
Facebook Penn94,distance_greedy,10,0.05,266,31316,10
Facebook Penn94,distance_greedy,10,0.05,267,31198,10
Facebook Penn94,distance_greedy,10,0.05,268,31116,10
Facebook Penn94,distance_greedy,10,0.05,269,31242,11
Facebook Penn94,distance_greedy,10,0.05,270,31334,10
Facebook Penn94,distance_greedy,10,0.05,271,31249,10
Facebook Penn94,distance_greedy,10,0.05,272,31101,10
Facebook Penn94,distance_greedy,10,0.05,273,31231,10
Facebook Penn94,distance_greedy,10,0.05,274,31283,9
Facebook Penn94,distance_greedy,10,0.05,275,31471,10
Facebook Penn94,distance_greedy,10,0.05,276,31367,11
Facebook Penn94,distance_greedy,10,0.05,277,31317,10
Facebook Penn94,distance_greedy,10,0.05,278,31433,12
Facebook Penn94,distance_greedy,10,0.05,279,31361,12
Facebook Penn94,distance_greedy,10,0.05,280,31186,11
Facebook Penn94,distance_greedy,10,0.05,281,31283,11
Facebook Penn94,distance_greedy,10,0.05,282,31143,11
Facebook Penn94,distance_greedy,10,0.05,283,31343,9
Facebook Penn94,distance_greedy,10,0.05,284,31146,10
Facebook Penn94,distance_greedy,10,0.05,285,31128,9
Facebook Penn94,distance_greedy,10,0.05,286,31341,9
Facebook Penn94,distance_greedy,10,0.05,287,31298,10
Facebook Penn94,distance_greedy,10,0.05,288,31182,13
Facebook Penn94,distance_greedy,10,0.05,289,31347,9
Facebook Penn94,distance_greedy,10,0.05,290,31403,10
Facebook Penn94,distance_greedy,10,0.05,291,31260,11
Facebook Penn94,distance_greedy,10,0.05,292,31339,9
Facebook Penn94,distance_greedy,10,0.05,293,31359,10
Facebook Penn94,distance_greedy,10,0.05,294,31238,9
Facebook Penn94,distance_greedy,10,0.05,295,31191,11
Facebook Penn94,distance_greedy,10,0.05,296,31366,9
Facebook Penn94,distance_greedy,10,0.05,297,31334,10
Facebook Penn94,distance_greedy,10,0.05,298,31179,10
Facebook Penn94,distance_greedy,10,0.05,299,31362,11
Facebook Penn94,distance_greedy,10,0.05,300,31291,9
Facebook Penn94,distance_greedy,10,0.05,301,31228,10
Facebook Penn94,distance_greedy,10,0.05,302,31306,12
Facebook Penn94,distance_greedy,10,0.05,303,31300,9
Facebook Penn94,distance_greedy,10,0.05,304,31303,10
Facebook Penn94,distance_greedy,10,0.05,305,31333,11
Facebook Penn94,distance_greedy,10,0.05,306,31300,11
Facebook Penn94,distance_greedy,10,0.05,307,31126,9
Facebook Penn94,distance_greedy,10,0.05,308,31211,10
Facebook Penn94,distance_greedy,10,0.05,309,31244,10
Facebook Penn94,distance_greedy,10,0.05,310,31490,11
Facebook Penn94,distance_greedy,10,0.05,311,31137,9
Facebook Penn94,distance_greedy,10,0.05,312,31228,9
Facebook Penn94,distance_greedy,10,0.05,313,31348,10
Facebook Penn94,distance_greedy,10,0.05,314,31226,11
Facebook Penn94,distance_greedy,10,0.05,315,31372,9
Facebook Penn94,distance_greedy,10,0.05,316,31177,11
Facebook Penn94,distance_greedy,10,0.05,317,31339,10
Facebook Penn94,distance_greedy,10,0.05,318,31179,9
Facebook Penn94,distance_greedy,10,0.05,319,31266,10
Facebook Penn94,distance_greedy,10,0.05,320,31278,10
Facebook Penn94,distance_greedy,10,0.05,321,31297,9
Facebook Penn94,distance_greedy,10,0.05,322,31309,10
Facebook Penn94,distance_greedy,10,0.05,323,31170,10
Facebook Penn94,distance_greedy,10,0.05,324,31355,10
Facebook Penn94,distance_greedy,10,0.05,325,31250,9
Facebook Penn94,distance_greedy,10,0.05,326,31250,9
Facebook Penn94,distance_greedy,10,0.05,327,31308,11
Facebook Penn94,distance_greedy,10,0.05,328,31418,10
Facebook Penn94,distance_greedy,10,0.05,329,31208,9
Facebook Penn94,distance_greedy,10,0.05,330,31243,10
Facebook Penn94,distance_greedy,10,0.05,331,31260,10
Facebook Penn94,distance_greedy,10,0.05,332,31167,9
Facebook Penn94,distance_greedy,10,0.05,333,31306,9
Facebook Penn94,distance_greedy,10,0.05,334,31261,11
Facebook Penn94,distance_greedy,10,0.05,335,31273,11
Facebook Penn94,distance_greedy,10,0.05,336,31302,10
Facebook Penn94,distance_greedy,10,0.05,337,31223,11
Facebook Penn94,distance_greedy,10,0.05,338,31181,9
Facebook Penn94,distance_greedy,10,0.05,339,31410,10
Facebook Penn94,distance_greedy,10,0.05,340,31326,10
Facebook Penn94,distance_greedy,10,0.05,341,31197,10
Facebook Penn94,distance_greedy,10,0.05,342,31197,10
Facebook Penn94,distance_greedy,10,0.05,343,31249,10
Facebook Penn94,distance_greedy,10,0.05,344,31385,9
Facebook Penn94,distance_greedy,10,0.05,345,31307,12
Facebook Penn94,distance_greedy,10,0.05,346,31257,12
Facebook Penn94,distance_greedy,10,0.05,347,31217,11
Facebook Penn94,distance_greedy,10,0.05,348,31297,11
Facebook Penn94,distance_greedy,10,0.05,349,31185,10
Facebook Penn94,distance_greedy,10,0.05,350,31341,9
Facebook Penn94,distance_greedy,10,0.05,351,31382,10
Facebook Penn94,distance_greedy,10,0.05,352,31314,11
Facebook Penn94,distance_greedy,10,0.05,353,31325,11
Facebook Penn94,distance_greedy,10,0.05,354,31331,10
Facebook Penn94,distance_greedy,10,0.05,355,31293,10
Facebook Penn94,distance_greedy,10,0.05,356,31213,10
Facebook Penn94,distance_greedy,10,0.05,357,31364,11
Facebook Penn94,distance_greedy,10,0.05,358,31368,10
Facebook Penn94,distance_greedy,10,0.05,359,31254,10
Facebook Penn94,distance_greedy,10,0.05,360,31216,10
Facebook Penn94,distance_greedy,10,0.05,361,31233,11
Facebook Penn94,distance_greedy,10,0.05,362,31236,10
Facebook Penn94,distance_greedy,10,0.05,363,31150,10
Facebook Penn94,distance_greedy,10,0.05,364,31341,9
Facebook Penn94,distance_greedy,10,0.05,365,31427,9
Facebook Penn94,distance_greedy,10,0.05,366,31198,10
Facebook Penn94,distance_greedy,10,0.05,367,31234,11
Facebook Penn94,distance_greedy,10,0.05,368,31188,10
Facebook Penn94,distance_greedy,10,0.05,369,31393,9
Facebook Penn94,distance_greedy,10,0.05,370,31170,10
Facebook Penn94,distance_greedy,10,0.05,371,31300,11
Facebook Penn94,distance_greedy,10,0.05,372,31365,12
Facebook Penn94,distance_greedy,10,0.05,373,31318,10
Facebook Penn94,distance_greedy,10,0.05,374,31284,9
Facebook Penn94,distance_greedy,10,0.05,375,31195,9
Facebook Penn94,distance_greedy,10,0.05,376,31201,9
Facebook Penn94,distance_greedy,10,0.05,377,31232,9
Facebook Penn94,distance_greedy,10,0.05,378,31355,10
Facebook Penn94,distance_greedy,10,0.05,379,31314,11
Facebook Penn94,distance_greedy,10,0.05,380,31343,11
Facebook Penn94,distance_greedy,10,0.05,381,31187,10
Facebook Penn94,distance_greedy,10,0.05,382,31173,11
Facebook Penn94,distance_greedy,10,0.05,383,31259,10
Facebook Penn94,distance_greedy,10,0.05,384,31295,11
Facebook Penn94,distance_greedy,10,0.05,385,31396,13
Facebook Penn94,distance_greedy,10,0.05,386,31309,10
Facebook Penn94,distance_greedy,10,0.05,387,31325,9
Facebook Penn94,distance_greedy,10,0.05,388,31253,10
Facebook Penn94,distance_greedy,10,0.05,389,31190,10
Facebook Penn94,distance_greedy,10,0.05,390,31421,11
Facebook Penn94,distance_greedy,10,0.05,391,31290,11
Facebook Penn94,distance_greedy,10,0.05,392,31270,9
Facebook Penn94,distance_greedy,10,0.05,393,31228,10
Facebook Penn94,distance_greedy,10,0.05,394,31306,10
Facebook Penn94,distance_greedy,10,0.05,395,31259,9
Facebook Penn94,distance_greedy,10,0.05,396,31229,10
Facebook Penn94,distance_greedy,10,0.05,397,31267,9
Facebook Penn94,distance_greedy,10,0.05,398,31372,11
Facebook Penn94,distance_greedy,10,0.05,399,31404,9
Facebook Penn94,distance_greedy,10,0.05,400,31124,10
Facebook Penn94,distance_greedy,10,0.05,401,31407,11
Facebook Penn94,distance_greedy,10,0.05,402,31315,10
Facebook Penn94,distance_greedy,10,0.05,403,31211,9
Facebook Penn94,distance_greedy,10,0.05,404,31249,10
Facebook Penn94,distance_greedy,10,0.05,405,31370,9
Facebook Penn94,distance_greedy,10,0.05,406,31224,10
Facebook Penn94,distance_greedy,10,0.05,407,31318,13
Facebook Penn94,distance_greedy,10,0.05,408,31376,11
Facebook Penn94,distance_greedy,10,0.05,409,31287,10
Facebook Penn94,distance_greedy,10,0.05,410,31157,11
Facebook Penn94,distance_greedy,10,0.05,411,31319,11
Facebook Penn94,distance_greedy,10,0.05,412,31251,11
Facebook Penn94,distance_greedy,10,0.05,413,31305,11
Facebook Penn94,distance_greedy,10,0.05,414,31256,10
Facebook Penn94,distance_greedy,10,0.05,415,31226,10
Facebook Penn94,distance_greedy,10,0.05,416,31331,10
Facebook Penn94,distance_greedy,10,0.05,417,31142,13
Facebook Penn94,distance_greedy,10,0.05,418,31343,12
Facebook Penn94,distance_greedy,10,0.05,419,31219,9
Facebook Penn94,distance_greedy,10,0.05,420,31216,11
Facebook Penn94,distance_greedy,10,0.05,421,31190,10
Facebook Penn94,distance_greedy,10,0.05,422,31253,9
Facebook Penn94,distance_greedy,10,0.05,423,31322,11
Facebook Penn94,distance_greedy,10,0.05,424,31375,10
Facebook Penn94,distance_greedy,10,0.05,425,31319,10
Facebook Penn94,distance_greedy,10,0.05,426,31460,10
Facebook Penn94,distance_greedy,10,0.05,427,31302,10
Facebook Penn94,distance_greedy,10,0.05,428,31370,11
Facebook Penn94,distance_greedy,10,0.05,429,31267,10
Facebook Penn94,distance_greedy,10,0.05,430,31195,9
Facebook Penn94,distance_greedy,10,0.05,431,31226,11
Facebook Penn94,distance_greedy,10,0.05,432,31218,10
Facebook Penn94,distance_greedy,10,0.05,433,31301,10
Facebook Penn94,distance_greedy,10,0.05,434,31300,9
Facebook Penn94,distance_greedy,10,0.05,435,31265,10
Facebook Penn94,distance_greedy,10,0.05,436,31317,10
Facebook Penn94,distance_greedy,10,0.05,437,31255,10
Facebook Penn94,distance_greedy,10,0.05,438,31382,10
Facebook Penn94,distance_greedy,10,0.05,439,31249,10
Facebook Penn94,distance_greedy,10,0.05,440,31356,9
Facebook Penn94,distance_greedy,10,0.05,441,31449,9
Facebook Penn94,distance_greedy,10,0.05,442,31244,10
Facebook Penn94,distance_greedy,10,0.05,443,31269,9
Facebook Penn94,distance_greedy,10,0.05,444,31241,10
Facebook Penn94,distance_greedy,10,0.05,445,31295,9
Facebook Penn94,distance_greedy,10,0.05,446,31264,11
Facebook Penn94,distance_greedy,10,0.05,447,31325,10
Facebook Penn94,distance_greedy,10,0.05,448,31220,11
Facebook Penn94,distance_greedy,10,0.05,449,31369,9
Facebook Penn94,distance_greedy,10,0.05,450,31246,10
Facebook Penn94,distance_greedy,10,0.05,451,31268,10
Facebook Penn94,distance_greedy,10,0.05,452,31302,10
Facebook Penn94,distance_greedy,10,0.05,453,31195,9
Facebook Penn94,distance_greedy,10,0.05,454,31222,10
Facebook Penn94,distance_greedy,10,0.05,455,31240,10
Facebook Penn94,distance_greedy,10,0.05,456,31319,10
Facebook Penn94,distance_greedy,10,0.05,457,31368,10
Facebook Penn94,distance_greedy,10,0.05,458,31254,10
Facebook Penn94,distance_greedy,10,0.05,459,31363,10
Facebook Penn94,distance_greedy,10,0.05,460,31285,10
Facebook Penn94,distance_greedy,10,0.05,461,31289,10
Facebook Penn94,distance_greedy,10,0.05,462,31315,10
Facebook Penn94,distance_greedy,10,0.05,463,31201,9
Facebook Penn94,distance_greedy,10,0.05,464,31250,13
Facebook Penn94,distance_greedy,10,0.05,465,31392,10
Facebook Penn94,distance_greedy,10,0.05,466,31332,9
Facebook Penn94,distance_greedy,10,0.05,467,31236,11
Facebook Penn94,distance_greedy,10,0.05,468,31346,11
Facebook Penn94,distance_greedy,10,0.05,469,31424,9
Facebook Penn94,distance_greedy,10,0.05,470,31279,10
Facebook Penn94,distance_greedy,10,0.05,471,31434,11
Facebook Penn94,distance_greedy,10,0.05,472,31233,10
Facebook Penn94,distance_greedy,10,0.05,473,31283,10
Facebook Penn94,distance_greedy,10,0.05,474,31238,9
Facebook Penn94,distance_greedy,10,0.05,475,31362,10
Facebook Penn94,distance_greedy,10,0.05,476,31328,11
Facebook Penn94,distance_greedy,10,0.05,477,31171,10
Facebook Penn94,distance_greedy,10,0.05,478,31232,9
Facebook Penn94,distance_greedy,10,0.05,479,31225,10
Facebook Penn94,distance_greedy,10,0.05,480,31246,9
Facebook Penn94,distance_greedy,10,0.05,481,31247,11
Facebook Penn94,distance_greedy,10,0.05,482,31443,9
Facebook Penn94,distance_greedy,10,0.05,483,31245,10
Facebook Penn94,distance_greedy,10,0.05,484,31377,10
Facebook Penn94,distance_greedy,10,0.05,485,31209,11
Facebook Penn94,distance_greedy,10,0.05,486,31330,10
Facebook Penn94,distance_greedy,10,0.05,487,31308,10
Facebook Penn94,distance_greedy,10,0.05,488,31258,10
Facebook Penn94,distance_greedy,10,0.05,489,31466,9
Facebook Penn94,distance_greedy,10,0.05,490,31256,11
Facebook Penn94,distance_greedy,10,0.05,491,31162,9
Facebook Penn94,distance_greedy,10,0.05,492,31230,11
Facebook Penn94,distance_greedy,10,0.05,493,31368,9
Facebook Penn94,distance_greedy,10,0.05,494,31140,11
Facebook Penn94,distance_greedy,10,0.05,495,31291,10
Facebook Penn94,distance_greedy,10,0.05,496,31200,11
Facebook Penn94,distance_greedy,10,0.05,497,31306,9
Facebook Penn94,distance_greedy,10,0.05,498,31358,11
Facebook Penn94,distance_greedy,10,0.05,499,31300,11
Facebook Penn94,distance_greedy,10,0.05,500,31263,11
Facebook Penn94,distance_greedy,10,0.05,501,31209,10
Facebook Penn94,distance_greedy,10,0.05,502,31344,10
Facebook Penn94,distance_greedy,10,0.05,503,31215,10
Facebook Penn94,distance_greedy,10,0.05,504,31407,10
Facebook Penn94,distance_greedy,10,0.05,505,31209,10
Facebook Penn94,distance_greedy,10,0.05,506,31244,10
Facebook Penn94,distance_greedy,10,0.05,507,31260,10
Facebook Penn94,distance_greedy,10,0.05,508,31091,11
Facebook Penn94,distance_greedy,10,0.05,509,31214,10
Facebook Penn94,distance_greedy,10,0.05,510,31293,12
Facebook Penn94,distance_greedy,10,0.05,511,31253,10
Facebook Penn94,distance_greedy,10,0.05,512,31095,10
Facebook Penn94,distance_greedy,10,0.05,513,31295,10
Facebook Penn94,distance_greedy,10,0.05,514,31416,10
Facebook Penn94,distance_greedy,10,0.05,515,31203,9
Facebook Penn94,distance_greedy,10,0.05,516,31311,10
Facebook Penn94,distance_greedy,10,0.05,517,31344,11
Facebook Penn94,distance_greedy,10,0.05,518,31379,10
Facebook Penn94,distance_greedy,10,0.05,519,31268,11
Facebook Penn94,distance_greedy,10,0.05,520,31327,10
Facebook Penn94,distance_greedy,10,0.05,521,31426,9
Facebook Penn94,distance_greedy,10,0.05,522,31171,10
Facebook Penn94,distance_greedy,10,0.05,523,31377,9
Facebook Penn94,distance_greedy,10,0.05,524,31379,11
Facebook Penn94,distance_greedy,10,0.05,525,31289,11
Facebook Penn94,distance_greedy,10,0.05,526,31130,10
Facebook Penn94,distance_greedy,10,0.05,527,31293,9
Facebook Penn94,distance_greedy,10,0.05,528,31138,11
Facebook Penn94,distance_greedy,10,0.05,529,31175,9
Facebook Penn94,distance_greedy,10,0.05,530,31377,9
Facebook Penn94,distance_greedy,10,0.05,531,31295,10
Facebook Penn94,distance_greedy,10,0.05,532,31260,10
Facebook Penn94,distance_greedy,10,0.05,533,31282,9
Facebook Penn94,distance_greedy,10,0.05,534,31161,10
Facebook Penn94,distance_greedy,10,0.05,535,31265,10
Facebook Penn94,distance_greedy,10,0.05,536,31240,10
Facebook Penn94,distance_greedy,10,0.05,537,31244,11
Facebook Penn94,distance_greedy,10,0.05,538,31270,12
Facebook Penn94,distance_greedy,10,0.05,539,31360,9
Facebook Penn94,distance_greedy,10,0.05,540,31318,9
Facebook Penn94,distance_greedy,10,0.05,541,31359,13
Facebook Penn94,distance_greedy,10,0.05,542,31150,10
Facebook Penn94,distance_greedy,10,0.05,543,31299,9
Facebook Penn94,distance_greedy,10,0.05,544,31271,10
Facebook Penn94,distance_greedy,10,0.05,545,31360,10
Facebook Penn94,distance_greedy,10,0.05,546,31324,10
Facebook Penn94,distance_greedy,10,0.05,547,31294,10
Facebook Penn94,distance_greedy,10,0.05,548,31274,10
Facebook Penn94,distance_greedy,10,0.05,549,31181,11
Facebook Penn94,distance_greedy,10,0.05,550,31203,12
Facebook Penn94,distance_greedy,10,0.05,551,31336,10
Facebook Penn94,distance_greedy,10,0.05,552,31105,9
Facebook Penn94,distance_greedy,10,0.05,553,31154,9
Facebook Penn94,distance_greedy,10,0.05,554,31128,10
Facebook Penn94,distance_greedy,10,0.05,555,31196,10
Facebook Penn94,distance_greedy,10,0.05,556,31399,10
Facebook Penn94,distance_greedy,10,0.05,557,31279,11
Facebook Penn94,distance_greedy,10,0.05,558,31311,10
Facebook Penn94,distance_greedy,10,0.05,559,31261,10
Facebook Penn94,distance_greedy,10,0.05,560,31304,11
Facebook Penn94,distance_greedy,10,0.05,561,31399,12
Facebook Penn94,distance_greedy,10,0.05,562,31340,11
Facebook Penn94,distance_greedy,10,0.05,563,31200,9
Facebook Penn94,distance_greedy,10,0.05,564,31240,9
Facebook Penn94,distance_greedy,10,0.05,565,31195,9
Facebook Penn94,distance_greedy,10,0.05,566,31376,10
Facebook Penn94,distance_greedy,10,0.05,567,31296,10
Facebook Penn94,distance_greedy,10,0.05,568,31199,10
Facebook Penn94,distance_greedy,10,0.05,569,31190,11
Facebook Penn94,distance_greedy,10,0.05,570,31201,11
Facebook Penn94,distance_greedy,10,0.05,571,31301,10
Facebook Penn94,distance_greedy,10,0.05,572,31341,12
Facebook Penn94,distance_greedy,10,0.05,573,31198,10
Facebook Penn94,distance_greedy,10,0.05,574,31326,10
Facebook Penn94,distance_greedy,10,0.05,575,31315,11
Facebook Penn94,distance_greedy,10,0.05,576,31256,9
Facebook Penn94,distance_greedy,10,0.05,577,31184,12
Facebook Penn94,distance_greedy,10,0.05,578,31251,10
Facebook Penn94,distance_greedy,10,0.05,579,31279,10
Facebook Penn94,distance_greedy,10,0.05,580,31284,9
Facebook Penn94,distance_greedy,10,0.05,581,31231,10
Facebook Penn94,distance_greedy,10,0.05,582,31326,10
Facebook Penn94,distance_greedy,10,0.05,583,31323,9
Facebook Penn94,distance_greedy,10,0.05,584,31341,10
Facebook Penn94,distance_greedy,10,0.05,585,31343,11
Facebook Penn94,distance_greedy,10,0.05,586,31183,10
Facebook Penn94,distance_greedy,10,0.05,587,31328,12
Facebook Penn94,distance_greedy,10,0.05,588,31307,10
Facebook Penn94,distance_greedy,10,0.05,589,31359,9
Facebook Penn94,distance_greedy,10,0.05,590,31266,10
Facebook Penn94,distance_greedy,10,0.05,591,31350,10
Facebook Penn94,distance_greedy,10,0.05,592,31294,10
Facebook Penn94,distance_greedy,10,0.05,593,31313,9
Facebook Penn94,distance_greedy,10,0.05,594,31280,10
Facebook Penn94,distance_greedy,10,0.05,595,31205,10
Facebook Penn94,distance_greedy,10,0.05,596,31327,12
Facebook Penn94,distance_greedy,10,0.05,597,31364,9
Facebook Penn94,distance_greedy,10,0.05,598,31279,11
Facebook Penn94,distance_greedy,10,0.05,599,31261,10
Facebook Penn94,distance_greedy,10,0.05,600,31417,10
Facebook Penn94,distance_greedy,10,0.05,601,31390,9
Facebook Penn94,distance_greedy,10,0.05,602,31274,10
Facebook Penn94,distance_greedy,10,0.05,603,31244,14
Facebook Penn94,distance_greedy,10,0.05,604,31192,12
Facebook Penn94,distance_greedy,10,0.05,605,31307,10
Facebook Penn94,distance_greedy,10,0.05,606,31387,10
Facebook Penn94,distance_greedy,10,0.05,607,31305,10
Facebook Penn94,distance_greedy,10,0.05,608,31304,10
Facebook Penn94,distance_greedy,10,0.05,609,31505,10
Facebook Penn94,distance_greedy,10,0.05,610,31322,10
Facebook Penn94,distance_greedy,10,0.05,611,31336,10
Facebook Penn94,distance_greedy,10,0.05,612,31319,10
Facebook Penn94,distance_greedy,10,0.05,613,31288,9
Facebook Penn94,distance_greedy,10,0.05,614,31390,9
Facebook Penn94,distance_greedy,10,0.05,615,31324,9
Facebook Penn94,distance_greedy,10,0.05,616,31307,9
Facebook Penn94,distance_greedy,10,0.05,617,31114,9
Facebook Penn94,distance_greedy,10,0.05,618,31244,10
Facebook Penn94,distance_greedy,10,0.05,619,31295,9
Facebook Penn94,distance_greedy,10,0.05,620,31178,11
Facebook Penn94,distance_greedy,10,0.05,621,31244,9
Facebook Penn94,distance_greedy,10,0.05,622,31195,10
Facebook Penn94,distance_greedy,10,0.05,623,31283,11
Facebook Penn94,distance_greedy,10,0.05,624,31312,10
Facebook Penn94,distance_greedy,10,0.05,625,31364,11
Facebook Penn94,distance_greedy,10,0.05,626,31272,9
Facebook Penn94,distance_greedy,10,0.05,627,31210,11
Facebook Penn94,distance_greedy,10,0.05,628,31191,10
Facebook Penn94,distance_greedy,10,0.05,629,31294,11
Facebook Penn94,distance_greedy,10,0.05,630,31144,12
Facebook Penn94,distance_greedy,10,0.05,631,31352,9
Facebook Penn94,distance_greedy,10,0.05,632,31198,10
Facebook Penn94,distance_greedy,10,0.05,633,31197,10
Facebook Penn94,distance_greedy,10,0.05,634,31390,12
Facebook Penn94,distance_greedy,10,0.05,635,31307,9
Facebook Penn94,distance_greedy,10,0.05,636,31303,11
Facebook Penn94,distance_greedy,10,0.05,637,31455,13
Facebook Penn94,distance_greedy,10,0.05,638,31325,10
Facebook Penn94,distance_greedy,10,0.05,639,31286,10
Facebook Penn94,distance_greedy,10,0.05,640,31377,10
Facebook Penn94,distance_greedy,10,0.05,641,31287,10
Facebook Penn94,distance_greedy,10,0.05,642,31175,10
Facebook Penn94,distance_greedy,10,0.05,643,31332,11
Facebook Penn94,distance_greedy,10,0.05,644,31257,10
Facebook Penn94,distance_greedy,10,0.05,645,31293,10
Facebook Penn94,distance_greedy,10,0.05,646,31042,9
Facebook Penn94,distance_greedy,10,0.05,647,31279,12
Facebook Penn94,distance_greedy,10,0.05,648,31302,10
Facebook Penn94,distance_greedy,10,0.05,649,31244,10
Facebook Penn94,distance_greedy,10,0.05,650,31408,10
Facebook Penn94,distance_greedy,10,0.05,651,31330,10
Facebook Penn94,distance_greedy,10,0.05,652,31146,9
Facebook Penn94,distance_greedy,10,0.05,653,31223,10
Facebook Penn94,distance_greedy,10,0.05,654,31227,11
Facebook Penn94,distance_greedy,10,0.05,655,31323,9
Facebook Penn94,distance_greedy,10,0.05,656,31350,9
Facebook Penn94,distance_greedy,10,0.05,657,31174,10
Facebook Penn94,distance_greedy,10,0.05,658,31290,10
Facebook Penn94,distance_greedy,10,0.05,659,31275,11
Facebook Penn94,distance_greedy,10,0.05,660,31130,10
Facebook Penn94,distance_greedy,10,0.05,661,31505,11
Facebook Penn94,distance_greedy,10,0.05,662,31365,10
Facebook Penn94,distance_greedy,10,0.05,663,31129,10
Facebook Penn94,distance_greedy,10,0.05,664,31090,9
Facebook Penn94,distance_greedy,10,0.05,665,31239,10
Facebook Penn94,distance_greedy,10,0.05,666,31326,9
Facebook Penn94,distance_greedy,10,0.05,667,31216,10
Facebook Penn94,distance_greedy,10,0.05,668,31291,10
Facebook Penn94,distance_greedy,10,0.05,669,31205,10
Facebook Penn94,distance_greedy,10,0.05,670,31192,10
Facebook Penn94,distance_greedy,10,0.05,671,31262,12
Facebook Penn94,distance_greedy,10,0.05,672,31195,10
Facebook Penn94,distance_greedy,10,0.05,673,31189,10
Facebook Penn94,distance_greedy,10,0.05,674,31249,10
Facebook Penn94,distance_greedy,10,0.05,675,31257,10
Facebook Penn94,distance_greedy,10,0.05,676,31081,10
Facebook Penn94,distance_greedy,10,0.05,677,31353,10
Facebook Penn94,distance_greedy,10,0.05,678,31406,12
Facebook Penn94,distance_greedy,10,0.05,679,31385,10
Facebook Penn94,distance_greedy,10,0.05,680,31280,11
Facebook Penn94,distance_greedy,10,0.05,681,31322,10
Facebook Penn94,distance_greedy,10,0.05,682,31146,10
Facebook Penn94,distance_greedy,10,0.05,683,31190,10
Facebook Penn94,distance_greedy,10,0.05,684,31148,11
Facebook Penn94,distance_greedy,10,0.05,685,31290,10
Facebook Penn94,distance_greedy,10,0.05,686,31263,11
Facebook Penn94,distance_greedy,10,0.05,687,31257,10
Facebook Penn94,distance_greedy,10,0.05,688,31221,10
Facebook Penn94,distance_greedy,10,0.05,689,31289,9
Facebook Penn94,distance_greedy,10,0.05,690,31178,10
Facebook Penn94,distance_greedy,10,0.05,691,31280,10
Facebook Penn94,distance_greedy,10,0.05,692,31296,10
Facebook Penn94,distance_greedy,10,0.05,693,31135,11
Facebook Penn94,distance_greedy,10,0.05,694,31217,10
Facebook Penn94,distance_greedy,10,0.05,695,31200,10
Facebook Penn94,distance_greedy,10,0.05,696,31352,10
Facebook Penn94,distance_greedy,10,0.05,697,31220,10
Facebook Penn94,distance_greedy,10,0.05,698,31269,10
Facebook Penn94,distance_greedy,10,0.05,699,31305,10
Facebook Penn94,distance_greedy,10,0.05,700,31308,10
Facebook Penn94,distance_greedy,10,0.05,701,31387,10
Facebook Penn94,distance_greedy,10,0.05,702,31321,12
Facebook Penn94,distance_greedy,10,0.05,703,31287,9
Facebook Penn94,distance_greedy,10,0.05,704,31262,12
Facebook Penn94,distance_greedy,10,0.05,705,31141,9
Facebook Penn94,distance_greedy,10,0.05,706,31352,10
Facebook Penn94,distance_greedy,10,0.05,707,31377,9
Facebook Penn94,distance_greedy,10,0.05,708,31073,11
Facebook Penn94,distance_greedy,10,0.05,709,31137,10
Facebook Penn94,distance_greedy,10,0.05,710,31223,10
Facebook Penn94,distance_greedy,10,0.05,711,31279,9
Facebook Penn94,distance_greedy,10,0.05,712,31247,10
Facebook Penn94,distance_greedy,10,0.05,713,31324,9
Facebook Penn94,distance_greedy,10,0.05,714,31256,9
Facebook Penn94,distance_greedy,10,0.05,715,31243,11
Facebook Penn94,distance_greedy,10,0.05,716,31186,10
Facebook Penn94,distance_greedy,10,0.05,717,31283,9
Facebook Penn94,distance_greedy,10,0.05,718,31267,10
Facebook Penn94,distance_greedy,10,0.05,719,31225,11
Facebook Penn94,distance_greedy,10,0.05,720,31491,11
Facebook Penn94,distance_greedy,10,0.05,721,31197,9
Facebook Penn94,distance_greedy,10,0.05,722,31252,11
Facebook Penn94,distance_greedy,10,0.05,723,31225,10
Facebook Penn94,distance_greedy,10,0.05,724,31318,10
Facebook Penn94,distance_greedy,10,0.05,725,31283,10
Facebook Penn94,distance_greedy,10,0.05,726,31364,9
Facebook Penn94,distance_greedy,10,0.05,727,31293,8
Facebook Penn94,distance_greedy,10,0.05,728,31352,9
Facebook Penn94,distance_greedy,10,0.05,729,31232,10
Facebook Penn94,distance_greedy,10,0.05,730,31230,10
Facebook Penn94,distance_greedy,10,0.05,731,31264,11
Facebook Penn94,distance_greedy,10,0.05,732,31188,10
Facebook Penn94,distance_greedy,10,0.05,733,31251,11
Facebook Penn94,distance_greedy,10,0.05,734,31329,9
Facebook Penn94,distance_greedy,10,0.05,735,31173,9
Facebook Penn94,distance_greedy,10,0.05,736,31219,9
Facebook Penn94,distance_greedy,10,0.05,737,31320,10
Facebook Penn94,distance_greedy,10,0.05,738,31359,11
Facebook Penn94,distance_greedy,10,0.05,739,31262,11
Facebook Penn94,distance_greedy,10,0.05,740,31360,11
Facebook Penn94,distance_greedy,10,0.05,741,31187,10
Facebook Penn94,distance_greedy,10,0.05,742,31264,9
Facebook Penn94,distance_greedy,10,0.05,743,31264,10
Facebook Penn94,distance_greedy,10,0.05,744,31312,10
Facebook Penn94,distance_greedy,10,0.05,745,31306,11
Facebook Penn94,distance_greedy,10,0.05,746,31357,9
Facebook Penn94,distance_greedy,10,0.05,747,31290,10
Facebook Penn94,distance_greedy,10,0.05,748,31166,9
Facebook Penn94,distance_greedy,10,0.05,749,31181,11
Facebook Penn94,distance_greedy,10,0.05,750,31313,11
Facebook Penn94,distance_greedy,10,0.05,751,31290,9
Facebook Penn94,distance_greedy,10,0.05,752,31240,9
Facebook Penn94,distance_greedy,10,0.05,753,31231,10
Facebook Penn94,distance_greedy,10,0.05,754,31277,13
Facebook Penn94,distance_greedy,10,0.05,755,31268,9
Facebook Penn94,distance_greedy,10,0.05,756,31372,9
Facebook Penn94,distance_greedy,10,0.05,757,31299,10
Facebook Penn94,distance_greedy,10,0.05,758,31408,10
Facebook Penn94,distance_greedy,10,0.05,759,31411,12
Facebook Penn94,distance_greedy,10,0.05,760,31316,10
Facebook Penn94,distance_greedy,10,0.05,761,31188,10
Facebook Penn94,distance_greedy,10,0.05,762,31187,11
Facebook Penn94,distance_greedy,10,0.05,763,31380,10
Facebook Penn94,distance_greedy,10,0.05,764,31230,11
Facebook Penn94,distance_greedy,10,0.05,765,31192,9
Facebook Penn94,distance_greedy,10,0.05,766,31311,11
Facebook Penn94,distance_greedy,10,0.05,767,31370,10
Facebook Penn94,distance_greedy,10,0.05,768,31265,10
Facebook Penn94,distance_greedy,10,0.05,769,31201,9
Facebook Penn94,distance_greedy,10,0.05,770,31435,10
Facebook Penn94,distance_greedy,10,0.05,771,31308,10
Facebook Penn94,distance_greedy,10,0.05,772,31217,9
Facebook Penn94,distance_greedy,10,0.05,773,31422,10
Facebook Penn94,distance_greedy,10,0.05,774,31188,10
Facebook Penn94,distance_greedy,10,0.05,775,31256,10
Facebook Penn94,distance_greedy,10,0.05,776,31416,10
Facebook Penn94,distance_greedy,10,0.05,777,31284,10
Facebook Penn94,distance_greedy,10,0.05,778,31394,12
Facebook Penn94,distance_greedy,10,0.05,779,31305,11
Facebook Penn94,distance_greedy,10,0.05,780,31392,9
Facebook Penn94,distance_greedy,10,0.05,781,31302,11
Facebook Penn94,distance_greedy,10,0.05,782,31162,12
Facebook Penn94,distance_greedy,10,0.05,783,31166,11
Facebook Penn94,distance_greedy,10,0.05,784,31187,9
Facebook Penn94,distance_greedy,10,0.05,785,31317,9
Facebook Penn94,distance_greedy,10,0.05,786,31340,11
Facebook Penn94,distance_greedy,10,0.05,787,31246,10
Facebook Penn94,distance_greedy,10,0.05,788,31252,10
Facebook Penn94,distance_greedy,10,0.05,789,31345,11
Facebook Penn94,distance_greedy,10,0.05,790,31263,10
Facebook Penn94,distance_greedy,10,0.05,791,31204,10
Facebook Penn94,distance_greedy,10,0.05,792,31225,10
Facebook Penn94,distance_greedy,10,0.05,793,31271,10
Facebook Penn94,distance_greedy,10,0.05,794,31356,10
Facebook Penn94,distance_greedy,10,0.05,795,31362,10
Facebook Penn94,distance_greedy,10,0.05,796,31402,10
Facebook Penn94,distance_greedy,10,0.05,797,31220,10
Facebook Penn94,distance_greedy,10,0.05,798,31342,10
Facebook Penn94,distance_greedy,10,0.05,799,31384,10
Facebook Penn94,distance_greedy,10,0.05,800,31340,10
Facebook Penn94,distance_greedy,10,0.05,801,31290,10
Facebook Penn94,distance_greedy,10,0.05,802,31198,10
Facebook Penn94,distance_greedy,10,0.05,803,31337,10
Facebook Penn94,distance_greedy,10,0.05,804,31143,10
Facebook Penn94,distance_greedy,10,0.05,805,31270,10
Facebook Penn94,distance_greedy,10,0.05,806,31361,9
Facebook Penn94,distance_greedy,10,0.05,807,31161,11
Facebook Penn94,distance_greedy,10,0.05,808,31300,11
Facebook Penn94,distance_greedy,10,0.05,809,31266,10
Facebook Penn94,distance_greedy,10,0.05,810,31231,9
Facebook Penn94,distance_greedy,10,0.05,811,31284,11
Facebook Penn94,distance_greedy,10,0.05,812,31363,10
Facebook Penn94,distance_greedy,10,0.05,813,31325,9
Facebook Penn94,distance_greedy,10,0.05,814,31289,13
Facebook Penn94,distance_greedy,10,0.05,815,31284,9
Facebook Penn94,distance_greedy,10,0.05,816,31360,11
Facebook Penn94,distance_greedy,10,0.05,817,31219,12
Facebook Penn94,distance_greedy,10,0.05,818,31332,14
Facebook Penn94,distance_greedy,10,0.05,819,31279,11
Facebook Penn94,distance_greedy,10,0.05,820,31355,10
Facebook Penn94,distance_greedy,10,0.05,821,31382,10
Facebook Penn94,distance_greedy,10,0.05,822,31087,9
Facebook Penn94,distance_greedy,10,0.05,823,31263,9
Facebook Penn94,distance_greedy,10,0.05,824,31322,10
Facebook Penn94,distance_greedy,10,0.05,825,31254,10
Facebook Penn94,distance_greedy,10,0.05,826,31308,10
Facebook Penn94,distance_greedy,10,0.05,827,31231,10
Facebook Penn94,distance_greedy,10,0.05,828,31422,11
Facebook Penn94,distance_greedy,10,0.05,829,31320,10
Facebook Penn94,distance_greedy,10,0.05,830,31163,9
Facebook Penn94,distance_greedy,10,0.05,831,31255,10
Facebook Penn94,distance_greedy,10,0.05,832,31374,10
Facebook Penn94,distance_greedy,10,0.05,833,31455,9
Facebook Penn94,distance_greedy,10,0.05,834,31268,11
Facebook Penn94,distance_greedy,10,0.05,835,31204,10
Facebook Penn94,distance_greedy,10,0.05,836,31437,10
Facebook Penn94,distance_greedy,10,0.05,837,31432,10
Facebook Penn94,distance_greedy,10,0.05,838,31161,9
Facebook Penn94,distance_greedy,10,0.05,839,31343,11
Facebook Penn94,distance_greedy,10,0.05,840,31536,10
Facebook Penn94,distance_greedy,10,0.05,841,31203,10
Facebook Penn94,distance_greedy,10,0.05,842,31237,11
Facebook Penn94,distance_greedy,10,0.05,843,31311,10
Facebook Penn94,distance_greedy,10,0.05,844,31321,10
Facebook Penn94,distance_greedy,10,0.05,845,31310,10
Facebook Penn94,distance_greedy,10,0.05,846,31384,9
Facebook Penn94,distance_greedy,10,0.05,847,31123,12
Facebook Penn94,distance_greedy,10,0.05,848,31255,10
Facebook Penn94,distance_greedy,10,0.05,849,31337,10
Facebook Penn94,distance_greedy,10,0.05,850,31373,9
Facebook Penn94,distance_greedy,10,0.05,851,31376,10
Facebook Penn94,distance_greedy,10,0.05,852,31140,11
Facebook Penn94,distance_greedy,10,0.05,853,31309,11
Facebook Penn94,distance_greedy,10,0.05,854,31329,11
Facebook Penn94,distance_greedy,10,0.05,855,31196,9
Facebook Penn94,distance_greedy,10,0.05,856,31301,9
Facebook Penn94,distance_greedy,10,0.05,857,31371,11
Facebook Penn94,distance_greedy,10,0.05,858,31296,9
Facebook Penn94,distance_greedy,10,0.05,859,31180,10
Facebook Penn94,distance_greedy,10,0.05,860,31281,10
Facebook Penn94,distance_greedy,10,0.05,861,31365,11
Facebook Penn94,distance_greedy,10,0.05,862,31295,11
Facebook Penn94,distance_greedy,10,0.05,863,31266,11
Facebook Penn94,distance_greedy,10,0.05,864,31300,10
Facebook Penn94,distance_greedy,10,0.05,865,31404,11
Facebook Penn94,distance_greedy,10,0.05,866,31224,11
Facebook Penn94,distance_greedy,10,0.05,867,31164,11
Facebook Penn94,distance_greedy,10,0.05,868,31304,9
Facebook Penn94,distance_greedy,10,0.05,869,31330,10
Facebook Penn94,distance_greedy,10,0.05,870,31269,10
Facebook Penn94,distance_greedy,10,0.05,871,31432,10
Facebook Penn94,distance_greedy,10,0.05,872,31202,9
Facebook Penn94,distance_greedy,10,0.05,873,31211,9
Facebook Penn94,distance_greedy,10,0.05,874,31313,10
Facebook Penn94,distance_greedy,10,0.05,875,31233,11
Facebook Penn94,distance_greedy,10,0.05,876,31370,11
Facebook Penn94,distance_greedy,10,0.05,877,31260,12
Facebook Penn94,distance_greedy,10,0.05,878,31247,10
Facebook Penn94,distance_greedy,10,0.05,879,31340,10
Facebook Penn94,distance_greedy,10,0.05,880,31283,9
Facebook Penn94,distance_greedy,10,0.05,881,31359,11
Facebook Penn94,distance_greedy,10,0.05,882,31213,10
Facebook Penn94,distance_greedy,10,0.05,883,31357,10
Facebook Penn94,distance_greedy,10,0.05,884,31240,9
Facebook Penn94,distance_greedy,10,0.05,885,31283,10
Facebook Penn94,distance_greedy,10,0.05,886,31263,10
Facebook Penn94,distance_greedy,10,0.05,887,31115,10
Facebook Penn94,distance_greedy,10,0.05,888,31273,10
Facebook Penn94,distance_greedy,10,0.05,889,31228,10
Facebook Penn94,distance_greedy,10,0.05,890,31313,11
Facebook Penn94,distance_greedy,10,0.05,891,31410,10
Facebook Penn94,distance_greedy,10,0.05,892,31332,10
Facebook Penn94,distance_greedy,10,0.05,893,31340,11
Facebook Penn94,distance_greedy,10,0.05,894,31223,9
Facebook Penn94,distance_greedy,10,0.05,895,31368,10
Facebook Penn94,distance_greedy,10,0.05,896,31304,10
Facebook Penn94,distance_greedy,10,0.05,897,31318,10
Facebook Penn94,distance_greedy,10,0.05,898,31384,12
Facebook Penn94,distance_greedy,10,0.05,899,31246,10
Facebook Penn94,distance_greedy,10,0.05,900,31405,10
Facebook Penn94,distance_greedy,10,0.05,901,31118,10
Facebook Penn94,distance_greedy,10,0.05,902,31326,10
Facebook Penn94,distance_greedy,10,0.05,903,31311,11
Facebook Penn94,distance_greedy,10,0.05,904,31497,10
Facebook Penn94,distance_greedy,10,0.05,905,31286,9
Facebook Penn94,distance_greedy,10,0.05,906,31219,9
Facebook Penn94,distance_greedy,10,0.05,907,31315,10
Facebook Penn94,distance_greedy,10,0.05,908,31269,10
Facebook Penn94,distance_greedy,10,0.05,909,31090,12
Facebook Penn94,distance_greedy,10,0.05,910,31336,10
Facebook Penn94,distance_greedy,10,0.05,911,31127,10
Facebook Penn94,distance_greedy,10,0.05,912,31272,11
Facebook Penn94,distance_greedy,10,0.05,913,31341,9
Facebook Penn94,distance_greedy,10,0.05,914,31324,10
Facebook Penn94,distance_greedy,10,0.05,915,31214,10
Facebook Penn94,distance_greedy,10,0.05,916,31277,11
Facebook Penn94,distance_greedy,10,0.05,917,31191,10
Facebook Penn94,distance_greedy,10,0.05,918,31304,9
Facebook Penn94,distance_greedy,10,0.05,919,31407,11
Facebook Penn94,distance_greedy,10,0.05,920,31227,10
Facebook Penn94,distance_greedy,10,0.05,921,31380,10
Facebook Penn94,distance_greedy,10,0.05,922,31137,10
Facebook Penn94,distance_greedy,10,0.05,923,31200,10
Facebook Penn94,distance_greedy,10,0.05,924,31249,9
Facebook Penn94,distance_greedy,10,0.05,925,31376,10
Facebook Penn94,distance_greedy,10,0.05,926,31193,12
Facebook Penn94,distance_greedy,10,0.05,927,31258,9
Facebook Penn94,distance_greedy,10,0.05,928,31510,12
Facebook Penn94,distance_greedy,10,0.05,929,31208,10
Facebook Penn94,distance_greedy,10,0.05,930,31332,10
Facebook Penn94,distance_greedy,10,0.05,931,31300,11
Facebook Penn94,distance_greedy,10,0.05,932,31144,10
Facebook Penn94,distance_greedy,10,0.05,933,31342,10
Facebook Penn94,distance_greedy,10,0.05,934,31393,10
Facebook Penn94,distance_greedy,10,0.05,935,31261,9
Facebook Penn94,distance_greedy,10,0.05,936,31254,10
Facebook Penn94,distance_greedy,10,0.05,937,31238,10
Facebook Penn94,distance_greedy,10,0.05,938,31283,9
Facebook Penn94,distance_greedy,10,0.05,939,31411,10
Facebook Penn94,distance_greedy,10,0.05,940,31321,13
Facebook Penn94,distance_greedy,10,0.05,941,31233,9
Facebook Penn94,distance_greedy,10,0.05,942,31300,10
Facebook Penn94,distance_greedy,10,0.05,943,31352,10
Facebook Penn94,distance_greedy,10,0.05,944,31310,10
Facebook Penn94,distance_greedy,10,0.05,945,31226,10
Facebook Penn94,distance_greedy,10,0.05,946,31247,10
Facebook Penn94,distance_greedy,10,0.05,947,31121,9
Facebook Penn94,distance_greedy,10,0.05,948,31219,10
Facebook Penn94,distance_greedy,10,0.05,949,31140,9
Facebook Penn94,distance_greedy,10,0.05,950,31298,9
Facebook Penn94,distance_greedy,10,0.05,951,31379,11
Facebook Penn94,distance_greedy,10,0.05,952,31350,14
Facebook Penn94,distance_greedy,10,0.05,953,31379,9
Facebook Penn94,distance_greedy,10,0.05,954,31252,11
Facebook Penn94,distance_greedy,10,0.05,955,31322,10
Facebook Penn94,distance_greedy,10,0.05,956,31304,10
Facebook Penn94,distance_greedy,10,0.05,957,31328,10
Facebook Penn94,distance_greedy,10,0.05,958,31407,10
Facebook Penn94,distance_greedy,10,0.05,959,31198,10
Facebook Penn94,distance_greedy,10,0.05,960,31158,10
Facebook Penn94,distance_greedy,10,0.05,961,31233,10
Facebook Penn94,distance_greedy,10,0.05,962,31284,10
Facebook Penn94,distance_greedy,10,0.05,963,31295,10
Facebook Penn94,distance_greedy,10,0.05,964,31196,10
Facebook Penn94,distance_greedy,10,0.05,965,31278,9
Facebook Penn94,distance_greedy,10,0.05,966,31340,10
Facebook Penn94,distance_greedy,10,0.05,967,31301,10
Facebook Penn94,distance_greedy,10,0.05,968,31141,11
Facebook Penn94,distance_greedy,10,0.05,969,31204,11
Facebook Penn94,distance_greedy,10,0.05,970,31281,10
Facebook Penn94,distance_greedy,10,0.05,971,31098,9
Facebook Penn94,distance_greedy,10,0.05,972,31397,10
Facebook Penn94,distance_greedy,10,0.05,973,31333,10
Facebook Penn94,distance_greedy,10,0.05,974,31208,12
Facebook Penn94,distance_greedy,10,0.05,975,31261,10
Facebook Penn94,distance_greedy,10,0.05,976,31261,10
Facebook Penn94,distance_greedy,10,0.05,977,31236,9
Facebook Penn94,distance_greedy,10,0.05,978,31449,11
Facebook Penn94,distance_greedy,10,0.05,979,31318,10
Facebook Penn94,distance_greedy,10,0.05,980,31189,11
Facebook Penn94,distance_greedy,10,0.05,981,31397,10
Facebook Penn94,distance_greedy,10,0.05,982,31368,10
Facebook Penn94,distance_greedy,10,0.05,983,31457,10
Facebook Penn94,distance_greedy,10,0.05,984,31281,10
Facebook Penn94,distance_greedy,10,0.05,985,31267,9
Facebook Penn94,distance_greedy,10,0.05,986,31276,10
Facebook Penn94,distance_greedy,10,0.05,987,31440,10
Facebook Penn94,distance_greedy,10,0.05,988,31221,10
Facebook Penn94,distance_greedy,10,0.05,989,31297,11
Facebook Penn94,distance_greedy,10,0.05,990,31324,10
Facebook Penn94,distance_greedy,10,0.05,991,31310,10
Facebook Penn94,distance_greedy,10,0.05,992,31315,10
Facebook Penn94,distance_greedy,10,0.05,993,31381,13
Facebook Penn94,distance_greedy,10,0.05,994,31237,10
Facebook Penn94,distance_greedy,10,0.05,995,31218,10
Facebook Penn94,distance_greedy,10,0.05,996,31321,10
Facebook Penn94,distance_greedy,10,0.05,997,31240,9
Facebook Penn94,distance_greedy,10,0.05,998,31324,12
Facebook Penn94,distance_greedy,10,0.05,999,31372,12
