network,method,k,p,simulation_id,final_active_count,total_steps
Facebook Penn94,highest_degree,2,0.2,0,38688,6
Facebook Penn94,highest_degree,2,0.2,1,38752,6
Facebook Penn94,highest_degree,2,0.2,2,38803,6
Facebook Penn94,highest_degree,2,0.2,3,38771,7
Facebook Penn94,highest_degree,2,0.2,4,38754,8
Facebook Penn94,highest_degree,2,0.2,5,38744,7
Facebook Penn94,highest_degree,2,0.2,6,38756,6
Facebook Penn94,highest_degree,2,0.2,7,38784,6
Facebook Penn94,highest_degree,2,0.2,8,38764,7
Facebook Penn94,highest_degree,2,0.2,9,38729,7
Facebook Penn94,highest_degree,2,0.2,10,38692,7
Facebook Penn94,highest_degree,2,0.2,11,38737,7
Facebook Penn94,highest_degree,2,0.2,12,38795,8
Facebook Penn94,highest_degree,2,0.2,13,38762,7
Facebook Penn94,highest_degree,2,0.2,14,38770,7
Facebook Penn94,highest_degree,2,0.2,15,38725,7
Facebook Penn94,highest_degree,2,0.2,16,38744,7
Facebook Penn94,highest_degree,2,0.2,17,38666,6
Facebook Penn94,highest_degree,2,0.2,18,38688,7
Facebook Penn94,highest_degree,2,0.2,19,38758,6
Facebook Penn94,highest_degree,2,0.2,20,38731,7
Facebook Penn94,highest_degree,2,0.2,21,38741,6
Facebook Penn94,highest_degree,2,0.2,22,38735,6
Facebook Penn94,highest_degree,2,0.2,23,38704,6
Facebook Penn94,highest_degree,2,0.2,24,38724,7
Facebook Penn94,highest_degree,2,0.2,25,38783,7
Facebook Penn94,highest_degree,2,0.2,26,38800,7
Facebook Penn94,highest_degree,2,0.2,27,38741,7
Facebook Penn94,highest_degree,2,0.2,28,38732,7
Facebook Penn94,highest_degree,2,0.2,29,38743,6
Facebook Penn94,highest_degree,2,0.2,30,38755,7
Facebook Penn94,highest_degree,2,0.2,31,38757,8
Facebook Penn94,highest_degree,2,0.2,32,38782,6
Facebook Penn94,highest_degree,2,0.2,33,38704,7
Facebook Penn94,highest_degree,2,0.2,34,38775,6
Facebook Penn94,highest_degree,2,0.2,35,38649,7
Facebook Penn94,highest_degree,2,0.2,36,38677,6
Facebook Penn94,highest_degree,2,0.2,37,38763,7
Facebook Penn94,highest_degree,2,0.2,38,38771,7
Facebook Penn94,highest_degree,2,0.2,39,38703,6
Facebook Penn94,highest_degree,2,0.2,40,38776,7
Facebook Penn94,highest_degree,2,0.2,41,38708,7
Facebook Penn94,highest_degree,2,0.2,42,38672,7
Facebook Penn94,highest_degree,2,0.2,43,38751,7
Facebook Penn94,highest_degree,2,0.2,44,38740,6
Facebook Penn94,highest_degree,2,0.2,45,38705,7
Facebook Penn94,highest_degree,2,0.2,46,38717,6
Facebook Penn94,highest_degree,2,0.2,47,38729,10
Facebook Penn94,highest_degree,2,0.2,48,38720,6
Facebook Penn94,highest_degree,2,0.2,49,38767,7
Facebook Penn94,highest_degree,2,0.2,50,38738,6
Facebook Penn94,highest_degree,2,0.2,51,38868,7
Facebook Penn94,highest_degree,2,0.2,52,38774,7
Facebook Penn94,highest_degree,2,0.2,53,38767,7
Facebook Penn94,highest_degree,2,0.2,54,38744,7
Facebook Penn94,highest_degree,2,0.2,55,38780,6
Facebook Penn94,highest_degree,2,0.2,56,38700,6
Facebook Penn94,highest_degree,2,0.2,57,38647,7
Facebook Penn94,highest_degree,2,0.2,58,38734,7
Facebook Penn94,highest_degree,2,0.2,59,38795,6
Facebook Penn94,highest_degree,2,0.2,60,38724,6
Facebook Penn94,highest_degree,2,0.2,61,38749,7
Facebook Penn94,highest_degree,2,0.2,62,38814,6
Facebook Penn94,highest_degree,2,0.2,63,38817,6
Facebook Penn94,highest_degree,2,0.2,64,38733,8
Facebook Penn94,highest_degree,2,0.2,65,38718,7
Facebook Penn94,highest_degree,2,0.2,66,38810,7
Facebook Penn94,highest_degree,2,0.2,67,38767,6
Facebook Penn94,highest_degree,2,0.2,68,38765,6
Facebook Penn94,highest_degree,2,0.2,69,38713,7
Facebook Penn94,highest_degree,2,0.2,70,38756,6
Facebook Penn94,highest_degree,2,0.2,71,38722,7
Facebook Penn94,highest_degree,2,0.2,72,38758,7
Facebook Penn94,highest_degree,2,0.2,73,38810,7
Facebook Penn94,highest_degree,2,0.2,74,38784,7
Facebook Penn94,highest_degree,2,0.2,75,38739,7
Facebook Penn94,highest_degree,2,0.2,76,38782,7
Facebook Penn94,highest_degree,2,0.2,77,38675,6
Facebook Penn94,highest_degree,2,0.2,78,38771,6
Facebook Penn94,highest_degree,2,0.2,79,38675,7
Facebook Penn94,highest_degree,2,0.2,80,38803,8
Facebook Penn94,highest_degree,2,0.2,81,38770,7
Facebook Penn94,highest_degree,2,0.2,82,38712,7
Facebook Penn94,highest_degree,2,0.2,83,38783,7
Facebook Penn94,highest_degree,2,0.2,84,38766,7
Facebook Penn94,highest_degree,2,0.2,85,38673,8
Facebook Penn94,highest_degree,2,0.2,86,38675,7
Facebook Penn94,highest_degree,2,0.2,87,38739,7
Facebook Penn94,highest_degree,2,0.2,88,38706,6
Facebook Penn94,highest_degree,2,0.2,89,38774,6
Facebook Penn94,highest_degree,2,0.2,90,38774,6
Facebook Penn94,highest_degree,2,0.2,91,38702,6
Facebook Penn94,highest_degree,2,0.2,92,38757,6
Facebook Penn94,highest_degree,2,0.2,93,38716,7
Facebook Penn94,highest_degree,2,0.2,94,38724,6
Facebook Penn94,highest_degree,2,0.2,95,38740,6
Facebook Penn94,highest_degree,2,0.2,96,38814,7
Facebook Penn94,highest_degree,2,0.2,97,38661,6
Facebook Penn94,highest_degree,2,0.2,98,38752,6
Facebook Penn94,highest_degree,2,0.2,99,38747,6
Facebook Penn94,highest_degree,2,0.2,100,38808,7
Facebook Penn94,highest_degree,2,0.2,101,38740,7
Facebook Penn94,highest_degree,2,0.2,102,38732,7
Facebook Penn94,highest_degree,2,0.2,103,38789,7
Facebook Penn94,highest_degree,2,0.2,104,38753,6
Facebook Penn94,highest_degree,2,0.2,105,38748,8
Facebook Penn94,highest_degree,2,0.2,106,38694,7
Facebook Penn94,highest_degree,2,0.2,107,38784,6
Facebook Penn94,highest_degree,2,0.2,108,38808,6
Facebook Penn94,highest_degree,2,0.2,109,38746,7
Facebook Penn94,highest_degree,2,0.2,110,38719,7
Facebook Penn94,highest_degree,2,0.2,111,38744,6
Facebook Penn94,highest_degree,2,0.2,112,38695,6
Facebook Penn94,highest_degree,2,0.2,113,38737,6
Facebook Penn94,highest_degree,2,0.2,114,38731,6
Facebook Penn94,highest_degree,2,0.2,115,38676,7
Facebook Penn94,highest_degree,2,0.2,116,38785,7
Facebook Penn94,highest_degree,2,0.2,117,38837,6
Facebook Penn94,highest_degree,2,0.2,118,38728,6
Facebook Penn94,highest_degree,2,0.2,119,38660,6
Facebook Penn94,highest_degree,2,0.2,120,38766,6
Facebook Penn94,highest_degree,2,0.2,121,38756,7
Facebook Penn94,highest_degree,2,0.2,122,38788,7
Facebook Penn94,highest_degree,2,0.2,123,38742,7
Facebook Penn94,highest_degree,2,0.2,124,38722,7
Facebook Penn94,highest_degree,2,0.2,125,38789,6
Facebook Penn94,highest_degree,2,0.2,126,38726,6
Facebook Penn94,highest_degree,2,0.2,127,38738,7
Facebook Penn94,highest_degree,2,0.2,128,38740,8
Facebook Penn94,highest_degree,2,0.2,129,38759,7
Facebook Penn94,highest_degree,2,0.2,130,38796,7
Facebook Penn94,highest_degree,2,0.2,131,38784,8
Facebook Penn94,highest_degree,2,0.2,132,38777,6
Facebook Penn94,highest_degree,2,0.2,133,38731,8
Facebook Penn94,highest_degree,2,0.2,134,38768,8
Facebook Penn94,highest_degree,2,0.2,135,38779,6
Facebook Penn94,highest_degree,2,0.2,136,38755,7
Facebook Penn94,highest_degree,2,0.2,137,38676,7
Facebook Penn94,highest_degree,2,0.2,138,38739,7
Facebook Penn94,highest_degree,2,0.2,139,38772,6
Facebook Penn94,highest_degree,2,0.2,140,38731,7
Facebook Penn94,highest_degree,2,0.2,141,38722,7
Facebook Penn94,highest_degree,2,0.2,142,38736,7
Facebook Penn94,highest_degree,2,0.2,143,38781,7
Facebook Penn94,highest_degree,2,0.2,144,38711,7
Facebook Penn94,highest_degree,2,0.2,145,38744,6
Facebook Penn94,highest_degree,2,0.2,146,38818,6
Facebook Penn94,highest_degree,2,0.2,147,38806,6
Facebook Penn94,highest_degree,2,0.2,148,38706,6
Facebook Penn94,highest_degree,2,0.2,149,38820,6
Facebook Penn94,highest_degree,2,0.2,150,38751,7
Facebook Penn94,highest_degree,2,0.2,151,38748,6
Facebook Penn94,highest_degree,2,0.2,152,38724,7
Facebook Penn94,highest_degree,2,0.2,153,38813,7
Facebook Penn94,highest_degree,2,0.2,154,38817,8
Facebook Penn94,highest_degree,2,0.2,155,38775,8
Facebook Penn94,highest_degree,2,0.2,156,38707,7
Facebook Penn94,highest_degree,2,0.2,157,38738,7
Facebook Penn94,highest_degree,2,0.2,158,38717,7
Facebook Penn94,highest_degree,2,0.2,159,38746,7
Facebook Penn94,highest_degree,2,0.2,160,38751,6
Facebook Penn94,highest_degree,2,0.2,161,38699,6
Facebook Penn94,highest_degree,2,0.2,162,38733,7
Facebook Penn94,highest_degree,2,0.2,163,38789,7
Facebook Penn94,highest_degree,2,0.2,164,38712,6
Facebook Penn94,highest_degree,2,0.2,165,38797,6
Facebook Penn94,highest_degree,2,0.2,166,38772,7
Facebook Penn94,highest_degree,2,0.2,167,38754,7
Facebook Penn94,highest_degree,2,0.2,168,38747,6
Facebook Penn94,highest_degree,2,0.2,169,38745,6
Facebook Penn94,highest_degree,2,0.2,170,38743,6
Facebook Penn94,highest_degree,2,0.2,171,38706,6
Facebook Penn94,highest_degree,2,0.2,172,38767,8
Facebook Penn94,highest_degree,2,0.2,173,38796,7
Facebook Penn94,highest_degree,2,0.2,174,38710,7
Facebook Penn94,highest_degree,2,0.2,175,38803,8
Facebook Penn94,highest_degree,2,0.2,176,38765,7
Facebook Penn94,highest_degree,2,0.2,177,38757,6
Facebook Penn94,highest_degree,2,0.2,178,38754,7
Facebook Penn94,highest_degree,2,0.2,179,38740,7
Facebook Penn94,highest_degree,2,0.2,180,38722,6
Facebook Penn94,highest_degree,2,0.2,181,38662,7
Facebook Penn94,highest_degree,2,0.2,182,38708,7
Facebook Penn94,highest_degree,2,0.2,183,38739,7
Facebook Penn94,highest_degree,2,0.2,184,38679,7
Facebook Penn94,highest_degree,2,0.2,185,38830,7
Facebook Penn94,highest_degree,2,0.2,186,38754,8
Facebook Penn94,highest_degree,2,0.2,187,38702,6
Facebook Penn94,highest_degree,2,0.2,188,38728,6
Facebook Penn94,highest_degree,2,0.2,189,38839,6
Facebook Penn94,highest_degree,2,0.2,190,38792,7
Facebook Penn94,highest_degree,2,0.2,191,38719,6
Facebook Penn94,highest_degree,2,0.2,192,38805,7
Facebook Penn94,highest_degree,2,0.2,193,38769,7
Facebook Penn94,highest_degree,2,0.2,194,38734,7
Facebook Penn94,highest_degree,2,0.2,195,38839,7
Facebook Penn94,highest_degree,2,0.2,196,38727,7
Facebook Penn94,highest_degree,2,0.2,197,38790,7
Facebook Penn94,highest_degree,2,0.2,198,38697,7
Facebook Penn94,highest_degree,2,0.2,199,38680,6
Facebook Penn94,highest_degree,2,0.2,200,38724,6
Facebook Penn94,highest_degree,2,0.2,201,38695,7
Facebook Penn94,highest_degree,2,0.2,202,38732,10
Facebook Penn94,highest_degree,2,0.2,203,38725,6
Facebook Penn94,highest_degree,2,0.2,204,38746,7
Facebook Penn94,highest_degree,2,0.2,205,38733,7
Facebook Penn94,highest_degree,2,0.2,206,38728,7
Facebook Penn94,highest_degree,2,0.2,207,38749,6
Facebook Penn94,highest_degree,2,0.2,208,38703,7
Facebook Penn94,highest_degree,2,0.2,209,38743,6
Facebook Penn94,highest_degree,2,0.2,210,38764,6
Facebook Penn94,highest_degree,2,0.2,211,38770,7
Facebook Penn94,highest_degree,2,0.2,212,38752,7
Facebook Penn94,highest_degree,2,0.2,213,38736,6
Facebook Penn94,highest_degree,2,0.2,214,38743,7
Facebook Penn94,highest_degree,2,0.2,215,38720,7
Facebook Penn94,highest_degree,2,0.2,216,38755,7
Facebook Penn94,highest_degree,2,0.2,217,38746,7
Facebook Penn94,highest_degree,2,0.2,218,38692,6
Facebook Penn94,highest_degree,2,0.2,219,38787,6
Facebook Penn94,highest_degree,2,0.2,220,38692,6
Facebook Penn94,highest_degree,2,0.2,221,38737,6
Facebook Penn94,highest_degree,2,0.2,222,38778,7
Facebook Penn94,highest_degree,2,0.2,223,38727,8
Facebook Penn94,highest_degree,2,0.2,224,38773,7
Facebook Penn94,highest_degree,2,0.2,225,38752,7
Facebook Penn94,highest_degree,2,0.2,226,38620,6
Facebook Penn94,highest_degree,2,0.2,227,38783,7
Facebook Penn94,highest_degree,2,0.2,228,38747,6
Facebook Penn94,highest_degree,2,0.2,229,38742,7
Facebook Penn94,highest_degree,2,0.2,230,38771,7
Facebook Penn94,highest_degree,2,0.2,231,38785,6
Facebook Penn94,highest_degree,2,0.2,232,38806,7
Facebook Penn94,highest_degree,2,0.2,233,38680,7
Facebook Penn94,highest_degree,2,0.2,234,38760,7
Facebook Penn94,highest_degree,2,0.2,235,38752,7
Facebook Penn94,highest_degree,2,0.2,236,38792,7
Facebook Penn94,highest_degree,2,0.2,237,38798,7
Facebook Penn94,highest_degree,2,0.2,238,38725,8
Facebook Penn94,highest_degree,2,0.2,239,38760,7
Facebook Penn94,highest_degree,2,0.2,240,38798,6
Facebook Penn94,highest_degree,2,0.2,241,38742,7
Facebook Penn94,highest_degree,2,0.2,242,38717,7
Facebook Penn94,highest_degree,2,0.2,243,38728,7
Facebook Penn94,highest_degree,2,0.2,244,38750,7
Facebook Penn94,highest_degree,2,0.2,245,38706,7
Facebook Penn94,highest_degree,2,0.2,246,38717,7
Facebook Penn94,highest_degree,2,0.2,247,38693,6
Facebook Penn94,highest_degree,2,0.2,248,38746,6
Facebook Penn94,highest_degree,2,0.2,249,38816,7
Facebook Penn94,highest_degree,2,0.2,250,38752,6
Facebook Penn94,highest_degree,2,0.2,251,38728,7
Facebook Penn94,highest_degree,2,0.2,252,38778,6
Facebook Penn94,highest_degree,2,0.2,253,38745,7
Facebook Penn94,highest_degree,2,0.2,254,38712,10
Facebook Penn94,highest_degree,2,0.2,255,38770,7
Facebook Penn94,highest_degree,2,0.2,256,38659,6
Facebook Penn94,highest_degree,2,0.2,257,38726,7
Facebook Penn94,highest_degree,2,0.2,258,38691,6
Facebook Penn94,highest_degree,2,0.2,259,38737,6
Facebook Penn94,highest_degree,2,0.2,260,38809,7
Facebook Penn94,highest_degree,2,0.2,261,38734,7
Facebook Penn94,highest_degree,2,0.2,262,38665,6
Facebook Penn94,highest_degree,2,0.2,263,38732,8
Facebook Penn94,highest_degree,2,0.2,264,38773,6
Facebook Penn94,highest_degree,2,0.2,265,38713,7
Facebook Penn94,highest_degree,2,0.2,266,38682,7
Facebook Penn94,highest_degree,2,0.2,267,38768,8
Facebook Penn94,highest_degree,2,0.2,268,38699,7
Facebook Penn94,highest_degree,2,0.2,269,38721,8
Facebook Penn94,highest_degree,2,0.2,270,38707,8
Facebook Penn94,highest_degree,2,0.2,271,38720,7
Facebook Penn94,highest_degree,2,0.2,272,38755,7
Facebook Penn94,highest_degree,2,0.2,273,38783,6
Facebook Penn94,highest_degree,2,0.2,274,38660,7
Facebook Penn94,highest_degree,2,0.2,275,38744,7
Facebook Penn94,highest_degree,2,0.2,276,38725,7
Facebook Penn94,highest_degree,2,0.2,277,38716,6
Facebook Penn94,highest_degree,2,0.2,278,38708,6
Facebook Penn94,highest_degree,2,0.2,279,38792,7
Facebook Penn94,highest_degree,2,0.2,280,38798,8
Facebook Penn94,highest_degree,2,0.2,281,38709,6
Facebook Penn94,highest_degree,2,0.2,282,38795,8
Facebook Penn94,highest_degree,2,0.2,283,38749,7
Facebook Penn94,highest_degree,2,0.2,284,38700,7
Facebook Penn94,highest_degree,2,0.2,285,38721,7
Facebook Penn94,highest_degree,2,0.2,286,38710,7
Facebook Penn94,highest_degree,2,0.2,287,38751,7
Facebook Penn94,highest_degree,2,0.2,288,38787,7
Facebook Penn94,highest_degree,2,0.2,289,38744,7
Facebook Penn94,highest_degree,2,0.2,290,38753,8
Facebook Penn94,highest_degree,2,0.2,291,38691,7
Facebook Penn94,highest_degree,2,0.2,292,38710,7
Facebook Penn94,highest_degree,2,0.2,293,38745,6
Facebook Penn94,highest_degree,2,0.2,294,38742,7
Facebook Penn94,highest_degree,2,0.2,295,38726,8
Facebook Penn94,highest_degree,2,0.2,296,38724,7
Facebook Penn94,highest_degree,2,0.2,297,38787,8
Facebook Penn94,highest_degree,2,0.2,298,38766,6
Facebook Penn94,highest_degree,2,0.2,299,38708,7
Facebook Penn94,highest_degree,2,0.2,300,38791,7
Facebook Penn94,highest_degree,2,0.2,301,38754,7
Facebook Penn94,highest_degree,2,0.2,302,38720,6
Facebook Penn94,highest_degree,2,0.2,303,38747,7
Facebook Penn94,highest_degree,2,0.2,304,38774,7
Facebook Penn94,highest_degree,2,0.2,305,38798,7
Facebook Penn94,highest_degree,2,0.2,306,38725,7
Facebook Penn94,highest_degree,2,0.2,307,38786,7
Facebook Penn94,highest_degree,2,0.2,308,38736,6
Facebook Penn94,highest_degree,2,0.2,309,38687,7
Facebook Penn94,highest_degree,2,0.2,310,38754,7
Facebook Penn94,highest_degree,2,0.2,311,38738,7
Facebook Penn94,highest_degree,2,0.2,312,38759,6
Facebook Penn94,highest_degree,2,0.2,313,38732,8
Facebook Penn94,highest_degree,2,0.2,314,38777,7
Facebook Penn94,highest_degree,2,0.2,315,38786,8
Facebook Penn94,highest_degree,2,0.2,316,38776,6
Facebook Penn94,highest_degree,2,0.2,317,38789,7
Facebook Penn94,highest_degree,2,0.2,318,38718,7
Facebook Penn94,highest_degree,2,0.2,319,38769,7
Facebook Penn94,highest_degree,2,0.2,320,38787,7
Facebook Penn94,highest_degree,2,0.2,321,38676,7
Facebook Penn94,highest_degree,2,0.2,322,38785,8
Facebook Penn94,highest_degree,2,0.2,323,38784,6
Facebook Penn94,highest_degree,2,0.2,324,38759,7
Facebook Penn94,highest_degree,2,0.2,325,38684,6
Facebook Penn94,highest_degree,2,0.2,326,38785,7
Facebook Penn94,highest_degree,2,0.2,327,38735,6
Facebook Penn94,highest_degree,2,0.2,328,38753,7
Facebook Penn94,highest_degree,2,0.2,329,38741,9
Facebook Penn94,highest_degree,2,0.2,330,38657,7
Facebook Penn94,highest_degree,2,0.2,331,38835,7
Facebook Penn94,highest_degree,2,0.2,332,38783,6
Facebook Penn94,highest_degree,2,0.2,333,38712,6
Facebook Penn94,highest_degree,2,0.2,334,38774,7
Facebook Penn94,highest_degree,2,0.2,335,38680,6
Facebook Penn94,highest_degree,2,0.2,336,38694,7
Facebook Penn94,highest_degree,2,0.2,337,38753,6
Facebook Penn94,highest_degree,2,0.2,338,38694,6
Facebook Penn94,highest_degree,2,0.2,339,38767,7
Facebook Penn94,highest_degree,2,0.2,340,38721,7
Facebook Penn94,highest_degree,2,0.2,341,38732,6
Facebook Penn94,highest_degree,2,0.2,342,38779,8
Facebook Penn94,highest_degree,2,0.2,343,38661,7
Facebook Penn94,highest_degree,2,0.2,344,38719,7
Facebook Penn94,highest_degree,2,0.2,345,38768,9
Facebook Penn94,highest_degree,2,0.2,346,38696,6
Facebook Penn94,highest_degree,2,0.2,347,38681,7
Facebook Penn94,highest_degree,2,0.2,348,38749,6
Facebook Penn94,highest_degree,2,0.2,349,38691,7
Facebook Penn94,highest_degree,2,0.2,350,38743,6
Facebook Penn94,highest_degree,2,0.2,351,38762,6
Facebook Penn94,highest_degree,2,0.2,352,38761,7
Facebook Penn94,highest_degree,2,0.2,353,38679,6
Facebook Penn94,highest_degree,2,0.2,354,38716,8
Facebook Penn94,highest_degree,2,0.2,355,38755,6
Facebook Penn94,highest_degree,2,0.2,356,38739,6
Facebook Penn94,highest_degree,2,0.2,357,38786,7
Facebook Penn94,highest_degree,2,0.2,358,38766,7
Facebook Penn94,highest_degree,2,0.2,359,38713,6
Facebook Penn94,highest_degree,2,0.2,360,38634,7
Facebook Penn94,highest_degree,2,0.2,361,38711,6
Facebook Penn94,highest_degree,2,0.2,362,38783,8
Facebook Penn94,highest_degree,2,0.2,363,38782,7
Facebook Penn94,highest_degree,2,0.2,364,38751,8
Facebook Penn94,highest_degree,2,0.2,365,38723,6
Facebook Penn94,highest_degree,2,0.2,366,38805,7
Facebook Penn94,highest_degree,2,0.2,367,38794,7
Facebook Penn94,highest_degree,2,0.2,368,38789,7
Facebook Penn94,highest_degree,2,0.2,369,38754,7
Facebook Penn94,highest_degree,2,0.2,370,38741,7
Facebook Penn94,highest_degree,2,0.2,371,38661,7
Facebook Penn94,highest_degree,2,0.2,372,38732,7
Facebook Penn94,highest_degree,2,0.2,373,38748,6
Facebook Penn94,highest_degree,2,0.2,374,38790,7
Facebook Penn94,highest_degree,2,0.2,375,38777,6
Facebook Penn94,highest_degree,2,0.2,376,38802,7
Facebook Penn94,highest_degree,2,0.2,377,38750,7
Facebook Penn94,highest_degree,2,0.2,378,38716,7
Facebook Penn94,highest_degree,2,0.2,379,38717,7
Facebook Penn94,highest_degree,2,0.2,380,38787,7
Facebook Penn94,highest_degree,2,0.2,381,38759,7
Facebook Penn94,highest_degree,2,0.2,382,38754,7
Facebook Penn94,highest_degree,2,0.2,383,38711,6
Facebook Penn94,highest_degree,2,0.2,384,38787,7
Facebook Penn94,highest_degree,2,0.2,385,38718,7
Facebook Penn94,highest_degree,2,0.2,386,38741,7
Facebook Penn94,highest_degree,2,0.2,387,38666,7
Facebook Penn94,highest_degree,2,0.2,388,38782,7
Facebook Penn94,highest_degree,2,0.2,389,38733,7
Facebook Penn94,highest_degree,2,0.2,390,38803,8
Facebook Penn94,highest_degree,2,0.2,391,38732,7
Facebook Penn94,highest_degree,2,0.2,392,38776,7
Facebook Penn94,highest_degree,2,0.2,393,38739,8
Facebook Penn94,highest_degree,2,0.2,394,38766,8
Facebook Penn94,highest_degree,2,0.2,395,38716,7
Facebook Penn94,highest_degree,2,0.2,396,38734,7
Facebook Penn94,highest_degree,2,0.2,397,38732,7
Facebook Penn94,highest_degree,2,0.2,398,38769,7
Facebook Penn94,highest_degree,2,0.2,399,38649,7
Facebook Penn94,highest_degree,2,0.2,400,38763,7
Facebook Penn94,highest_degree,2,0.2,401,38749,8
Facebook Penn94,highest_degree,2,0.2,402,38753,6
Facebook Penn94,highest_degree,2,0.2,403,38749,6
Facebook Penn94,highest_degree,2,0.2,404,38749,7
Facebook Penn94,highest_degree,2,0.2,405,38731,7
Facebook Penn94,highest_degree,2,0.2,406,38711,7
Facebook Penn94,highest_degree,2,0.2,407,38768,7
Facebook Penn94,highest_degree,2,0.2,408,38761,7
Facebook Penn94,highest_degree,2,0.2,409,38697,7
Facebook Penn94,highest_degree,2,0.2,410,38702,6
Facebook Penn94,highest_degree,2,0.2,411,38725,7
Facebook Penn94,highest_degree,2,0.2,412,38670,8
Facebook Penn94,highest_degree,2,0.2,413,38805,6
Facebook Penn94,highest_degree,2,0.2,414,38742,7
Facebook Penn94,highest_degree,2,0.2,415,38799,6
Facebook Penn94,highest_degree,2,0.2,416,38807,7
Facebook Penn94,highest_degree,2,0.2,417,38763,6
Facebook Penn94,highest_degree,2,0.2,418,38727,7
Facebook Penn94,highest_degree,2,0.2,419,38699,7
Facebook Penn94,highest_degree,2,0.2,420,38732,7
Facebook Penn94,highest_degree,2,0.2,421,38733,7
Facebook Penn94,highest_degree,2,0.2,422,38734,9
Facebook Penn94,highest_degree,2,0.2,423,38787,7
Facebook Penn94,highest_degree,2,0.2,424,38805,7
Facebook Penn94,highest_degree,2,0.2,425,38673,6
Facebook Penn94,highest_degree,2,0.2,426,38720,7
Facebook Penn94,highest_degree,2,0.2,427,38814,7
Facebook Penn94,highest_degree,2,0.2,428,38701,7
Facebook Penn94,highest_degree,2,0.2,429,38732,7
Facebook Penn94,highest_degree,2,0.2,430,38700,6
Facebook Penn94,highest_degree,2,0.2,431,38725,7
Facebook Penn94,highest_degree,2,0.2,432,38773,7
Facebook Penn94,highest_degree,2,0.2,433,38759,7
Facebook Penn94,highest_degree,2,0.2,434,38781,6
Facebook Penn94,highest_degree,2,0.2,435,38772,6
Facebook Penn94,highest_degree,2,0.2,436,38785,8
Facebook Penn94,highest_degree,2,0.2,437,38731,7
Facebook Penn94,highest_degree,2,0.2,438,38726,7
Facebook Penn94,highest_degree,2,0.2,439,38836,7
Facebook Penn94,highest_degree,2,0.2,440,38734,7
Facebook Penn94,highest_degree,2,0.2,441,38758,7
Facebook Penn94,highest_degree,2,0.2,442,38763,6
Facebook Penn94,highest_degree,2,0.2,443,38746,7
Facebook Penn94,highest_degree,2,0.2,444,38736,6
Facebook Penn94,highest_degree,2,0.2,445,38787,7
Facebook Penn94,highest_degree,2,0.2,446,38718,9
Facebook Penn94,highest_degree,2,0.2,447,38784,7
Facebook Penn94,highest_degree,2,0.2,448,38770,7
Facebook Penn94,highest_degree,2,0.2,449,38778,8
Facebook Penn94,highest_degree,2,0.2,450,38682,7
Facebook Penn94,highest_degree,2,0.2,451,38688,7
Facebook Penn94,highest_degree,2,0.2,452,38814,7
Facebook Penn94,highest_degree,2,0.2,453,38689,7
Facebook Penn94,highest_degree,2,0.2,454,38764,7
Facebook Penn94,highest_degree,2,0.2,455,38707,7
Facebook Penn94,highest_degree,2,0.2,456,38781,6
Facebook Penn94,highest_degree,2,0.2,457,38760,7
Facebook Penn94,highest_degree,2,0.2,458,38713,7
Facebook Penn94,highest_degree,2,0.2,459,38681,8
Facebook Penn94,highest_degree,2,0.2,460,38764,7
Facebook Penn94,highest_degree,2,0.2,461,38702,7
Facebook Penn94,highest_degree,2,0.2,462,38756,7
Facebook Penn94,highest_degree,2,0.2,463,38760,7
Facebook Penn94,highest_degree,2,0.2,464,38738,7
Facebook Penn94,highest_degree,2,0.2,465,38682,6
Facebook Penn94,highest_degree,2,0.2,466,38793,6
Facebook Penn94,highest_degree,2,0.2,467,38702,6
Facebook Penn94,highest_degree,2,0.2,468,38777,6
Facebook Penn94,highest_degree,2,0.2,469,38779,6
Facebook Penn94,highest_degree,2,0.2,470,38767,6
Facebook Penn94,highest_degree,2,0.2,471,38781,7
Facebook Penn94,highest_degree,2,0.2,472,38732,7
Facebook Penn94,highest_degree,2,0.2,473,38713,6
Facebook Penn94,highest_degree,2,0.2,474,38735,7
Facebook Penn94,highest_degree,2,0.2,475,38784,8
Facebook Penn94,highest_degree,2,0.2,476,38783,7
Facebook Penn94,highest_degree,2,0.2,477,38735,7
Facebook Penn94,highest_degree,2,0.2,478,38707,7
Facebook Penn94,highest_degree,2,0.2,479,38812,6
Facebook Penn94,highest_degree,2,0.2,480,38771,7
Facebook Penn94,highest_degree,2,0.2,481,38706,6
Facebook Penn94,highest_degree,2,0.2,482,38813,7
Facebook Penn94,highest_degree,2,0.2,483,38735,6
Facebook Penn94,highest_degree,2,0.2,484,38757,7
Facebook Penn94,highest_degree,2,0.2,485,38803,7
Facebook Penn94,highest_degree,2,0.2,486,38773,7
Facebook Penn94,highest_degree,2,0.2,487,38781,7
Facebook Penn94,highest_degree,2,0.2,488,38772,7
Facebook Penn94,highest_degree,2,0.2,489,38786,6
Facebook Penn94,highest_degree,2,0.2,490,38740,7
Facebook Penn94,highest_degree,2,0.2,491,38745,7
Facebook Penn94,highest_degree,2,0.2,492,38762,7
Facebook Penn94,highest_degree,2,0.2,493,38731,7
Facebook Penn94,highest_degree,2,0.2,494,38803,6
Facebook Penn94,highest_degree,2,0.2,495,38777,7
Facebook Penn94,highest_degree,2,0.2,496,38706,7
Facebook Penn94,highest_degree,2,0.2,497,38725,7
Facebook Penn94,highest_degree,2,0.2,498,38813,7
Facebook Penn94,highest_degree,2,0.2,499,38788,6
Facebook Penn94,highest_degree,2,0.2,500,38844,7
Facebook Penn94,highest_degree,2,0.2,501,38811,7
Facebook Penn94,highest_degree,2,0.2,502,38759,6
Facebook Penn94,highest_degree,2,0.2,503,38721,7
Facebook Penn94,highest_degree,2,0.2,504,38739,6
Facebook Penn94,highest_degree,2,0.2,505,38732,7
Facebook Penn94,highest_degree,2,0.2,506,38744,6
Facebook Penn94,highest_degree,2,0.2,507,38762,7
Facebook Penn94,highest_degree,2,0.2,508,38703,7
Facebook Penn94,highest_degree,2,0.2,509,38738,7
Facebook Penn94,highest_degree,2,0.2,510,38767,6
Facebook Penn94,highest_degree,2,0.2,511,38737,7
Facebook Penn94,highest_degree,2,0.2,512,38703,7
Facebook Penn94,highest_degree,2,0.2,513,38713,7
Facebook Penn94,highest_degree,2,0.2,514,38742,7
Facebook Penn94,highest_degree,2,0.2,515,38710,7
Facebook Penn94,highest_degree,2,0.2,516,38736,7
Facebook Penn94,highest_degree,2,0.2,517,38801,7
Facebook Penn94,highest_degree,2,0.2,518,38773,6
Facebook Penn94,highest_degree,2,0.2,519,38795,6
Facebook Penn94,highest_degree,2,0.2,520,38699,7
Facebook Penn94,highest_degree,2,0.2,521,38769,6
Facebook Penn94,highest_degree,2,0.2,522,38780,6
Facebook Penn94,highest_degree,2,0.2,523,38685,7
Facebook Penn94,highest_degree,2,0.2,524,38844,8
Facebook Penn94,highest_degree,2,0.2,525,38744,8
Facebook Penn94,highest_degree,2,0.2,526,38750,7
Facebook Penn94,highest_degree,2,0.2,527,38754,7
Facebook Penn94,highest_degree,2,0.2,528,38713,7
Facebook Penn94,highest_degree,2,0.2,529,38783,7
Facebook Penn94,highest_degree,2,0.2,530,38730,7
Facebook Penn94,highest_degree,2,0.2,531,38682,7
Facebook Penn94,highest_degree,2,0.2,532,38751,6
Facebook Penn94,highest_degree,2,0.2,533,38732,7
Facebook Penn94,highest_degree,2,0.2,534,38770,6
Facebook Penn94,highest_degree,2,0.2,535,38740,6
Facebook Penn94,highest_degree,2,0.2,536,38804,6
Facebook Penn94,highest_degree,2,0.2,537,38722,7
Facebook Penn94,highest_degree,2,0.2,538,38840,7
Facebook Penn94,highest_degree,2,0.2,539,38783,8
Facebook Penn94,highest_degree,2,0.2,540,38731,7
Facebook Penn94,highest_degree,2,0.2,541,38755,6
Facebook Penn94,highest_degree,2,0.2,542,38748,7
Facebook Penn94,highest_degree,2,0.2,543,38760,6
Facebook Penn94,highest_degree,2,0.2,544,38777,6
Facebook Penn94,highest_degree,2,0.2,545,38801,7
Facebook Penn94,highest_degree,2,0.2,546,38673,6
Facebook Penn94,highest_degree,2,0.2,547,38788,8
Facebook Penn94,highest_degree,2,0.2,548,38776,7
Facebook Penn94,highest_degree,2,0.2,549,38705,7
Facebook Penn94,highest_degree,2,0.2,550,38792,6
Facebook Penn94,highest_degree,2,0.2,551,38761,6
Facebook Penn94,highest_degree,2,0.2,552,38689,6
Facebook Penn94,highest_degree,2,0.2,553,38770,6
Facebook Penn94,highest_degree,2,0.2,554,38767,7
Facebook Penn94,highest_degree,2,0.2,555,38727,8
Facebook Penn94,highest_degree,2,0.2,556,38715,6
Facebook Penn94,highest_degree,2,0.2,557,38710,8
Facebook Penn94,highest_degree,2,0.2,558,38688,8
Facebook Penn94,highest_degree,2,0.2,559,38809,8
Facebook Penn94,highest_degree,2,0.2,560,38756,7
Facebook Penn94,highest_degree,2,0.2,561,38712,7
Facebook Penn94,highest_degree,2,0.2,562,38711,8
Facebook Penn94,highest_degree,2,0.2,563,38734,6
Facebook Penn94,highest_degree,2,0.2,564,38765,6
Facebook Penn94,highest_degree,2,0.2,565,38704,7
Facebook Penn94,highest_degree,2,0.2,566,38753,6
Facebook Penn94,highest_degree,2,0.2,567,38784,7
Facebook Penn94,highest_degree,2,0.2,568,38724,7
Facebook Penn94,highest_degree,2,0.2,569,38707,7
Facebook Penn94,highest_degree,2,0.2,570,38803,7
Facebook Penn94,highest_degree,2,0.2,571,38737,6
Facebook Penn94,highest_degree,2,0.2,572,38786,8
Facebook Penn94,highest_degree,2,0.2,573,38743,7
Facebook Penn94,highest_degree,2,0.2,574,38725,7
Facebook Penn94,highest_degree,2,0.2,575,38692,9
Facebook Penn94,highest_degree,2,0.2,576,38759,7
Facebook Penn94,highest_degree,2,0.2,577,38757,7
Facebook Penn94,highest_degree,2,0.2,578,38734,7
Facebook Penn94,highest_degree,2,0.2,579,38723,7
Facebook Penn94,highest_degree,2,0.2,580,38743,7
Facebook Penn94,highest_degree,2,0.2,581,38728,8
Facebook Penn94,highest_degree,2,0.2,582,38668,6
Facebook Penn94,highest_degree,2,0.2,583,38763,7
Facebook Penn94,highest_degree,2,0.2,584,38724,6
Facebook Penn94,highest_degree,2,0.2,585,38856,7
Facebook Penn94,highest_degree,2,0.2,586,38759,6
Facebook Penn94,highest_degree,2,0.2,587,38682,6
Facebook Penn94,highest_degree,2,0.2,588,38707,7
Facebook Penn94,highest_degree,2,0.2,589,38718,7
Facebook Penn94,highest_degree,2,0.2,590,38752,7
Facebook Penn94,highest_degree,2,0.2,591,38779,6
Facebook Penn94,highest_degree,2,0.2,592,38751,6
Facebook Penn94,highest_degree,2,0.2,593,38812,6
Facebook Penn94,highest_degree,2,0.2,594,38704,6
Facebook Penn94,highest_degree,2,0.2,595,38782,7
Facebook Penn94,highest_degree,2,0.2,596,38696,7
Facebook Penn94,highest_degree,2,0.2,597,38707,6
Facebook Penn94,highest_degree,2,0.2,598,38797,8
Facebook Penn94,highest_degree,2,0.2,599,38833,7
Facebook Penn94,highest_degree,2,0.2,600,38729,7
Facebook Penn94,highest_degree,2,0.2,601,38760,8
Facebook Penn94,highest_degree,2,0.2,602,38734,6
Facebook Penn94,highest_degree,2,0.2,603,38779,7
Facebook Penn94,highest_degree,2,0.2,604,38729,7
Facebook Penn94,highest_degree,2,0.2,605,38771,7
Facebook Penn94,highest_degree,2,0.2,606,38712,8
Facebook Penn94,highest_degree,2,0.2,607,38742,6
Facebook Penn94,highest_degree,2,0.2,608,38779,7
Facebook Penn94,highest_degree,2,0.2,609,38765,7
Facebook Penn94,highest_degree,2,0.2,610,38710,6
Facebook Penn94,highest_degree,2,0.2,611,38709,7
Facebook Penn94,highest_degree,2,0.2,612,38737,7
Facebook Penn94,highest_degree,2,0.2,613,38717,6
Facebook Penn94,highest_degree,2,0.2,614,38748,6
Facebook Penn94,highest_degree,2,0.2,615,38714,7
Facebook Penn94,highest_degree,2,0.2,616,38714,8
Facebook Penn94,highest_degree,2,0.2,617,38754,6
Facebook Penn94,highest_degree,2,0.2,618,38810,7
Facebook Penn94,highest_degree,2,0.2,619,38703,7
Facebook Penn94,highest_degree,2,0.2,620,38758,7
Facebook Penn94,highest_degree,2,0.2,621,38743,6
Facebook Penn94,highest_degree,2,0.2,622,38752,7
Facebook Penn94,highest_degree,2,0.2,623,38712,7
Facebook Penn94,highest_degree,2,0.2,624,38773,7
Facebook Penn94,highest_degree,2,0.2,625,38725,7
Facebook Penn94,highest_degree,2,0.2,626,38705,8
Facebook Penn94,highest_degree,2,0.2,627,38759,7
Facebook Penn94,highest_degree,2,0.2,628,38751,6
Facebook Penn94,highest_degree,2,0.2,629,38719,6
Facebook Penn94,highest_degree,2,0.2,630,38763,6
Facebook Penn94,highest_degree,2,0.2,631,38722,7
Facebook Penn94,highest_degree,2,0.2,632,38736,6
Facebook Penn94,highest_degree,2,0.2,633,38699,7
Facebook Penn94,highest_degree,2,0.2,634,38708,7
Facebook Penn94,highest_degree,2,0.2,635,38720,6
Facebook Penn94,highest_degree,2,0.2,636,38766,7
Facebook Penn94,highest_degree,2,0.2,637,38738,7
Facebook Penn94,highest_degree,2,0.2,638,38716,7
Facebook Penn94,highest_degree,2,0.2,639,38803,7
Facebook Penn94,highest_degree,2,0.2,640,38749,7
Facebook Penn94,highest_degree,2,0.2,641,38685,6
Facebook Penn94,highest_degree,2,0.2,642,38751,6
Facebook Penn94,highest_degree,2,0.2,643,38759,7
Facebook Penn94,highest_degree,2,0.2,644,38732,7
Facebook Penn94,highest_degree,2,0.2,645,38750,6
Facebook Penn94,highest_degree,2,0.2,646,38711,7
Facebook Penn94,highest_degree,2,0.2,647,38730,6
Facebook Penn94,highest_degree,2,0.2,648,38748,7
Facebook Penn94,highest_degree,2,0.2,649,38819,6
Facebook Penn94,highest_degree,2,0.2,650,38766,6
Facebook Penn94,highest_degree,2,0.2,651,38729,7
Facebook Penn94,highest_degree,2,0.2,652,38688,6
Facebook Penn94,highest_degree,2,0.2,653,38777,6
Facebook Penn94,highest_degree,2,0.2,654,38738,7
Facebook Penn94,highest_degree,2,0.2,655,38689,6
Facebook Penn94,highest_degree,2,0.2,656,38755,6
Facebook Penn94,highest_degree,2,0.2,657,38783,7
Facebook Penn94,highest_degree,2,0.2,658,38699,6
Facebook Penn94,highest_degree,2,0.2,659,38667,7
Facebook Penn94,highest_degree,2,0.2,660,38713,8
Facebook Penn94,highest_degree,2,0.2,661,38740,7
Facebook Penn94,highest_degree,2,0.2,662,38820,7
Facebook Penn94,highest_degree,2,0.2,663,38822,6
Facebook Penn94,highest_degree,2,0.2,664,38725,7
Facebook Penn94,highest_degree,2,0.2,665,38795,6
Facebook Penn94,highest_degree,2,0.2,666,38743,6
Facebook Penn94,highest_degree,2,0.2,667,38771,6
Facebook Penn94,highest_degree,2,0.2,668,38761,8
Facebook Penn94,highest_degree,2,0.2,669,38693,6
Facebook Penn94,highest_degree,2,0.2,670,38835,7
Facebook Penn94,highest_degree,2,0.2,671,38634,6
Facebook Penn94,highest_degree,2,0.2,672,38700,7
Facebook Penn94,highest_degree,2,0.2,673,38748,6
Facebook Penn94,highest_degree,2,0.2,674,38776,6
Facebook Penn94,highest_degree,2,0.2,675,38817,7
Facebook Penn94,highest_degree,2,0.2,676,38764,6
Facebook Penn94,highest_degree,2,0.2,677,38741,6
Facebook Penn94,highest_degree,2,0.2,678,38689,7
Facebook Penn94,highest_degree,2,0.2,679,38776,6
Facebook Penn94,highest_degree,2,0.2,680,38764,6
Facebook Penn94,highest_degree,2,0.2,681,38781,7
Facebook Penn94,highest_degree,2,0.2,682,38748,7
Facebook Penn94,highest_degree,2,0.2,683,38793,6
Facebook Penn94,highest_degree,2,0.2,684,38754,7
Facebook Penn94,highest_degree,2,0.2,685,38732,6
Facebook Penn94,highest_degree,2,0.2,686,38706,7
Facebook Penn94,highest_degree,2,0.2,687,38708,8
Facebook Penn94,highest_degree,2,0.2,688,38709,6
Facebook Penn94,highest_degree,2,0.2,689,38776,8
Facebook Penn94,highest_degree,2,0.2,690,38726,6
Facebook Penn94,highest_degree,2,0.2,691,38791,6
Facebook Penn94,highest_degree,2,0.2,692,38713,7
Facebook Penn94,highest_degree,2,0.2,693,38741,7
Facebook Penn94,highest_degree,2,0.2,694,38700,7
Facebook Penn94,highest_degree,2,0.2,695,38782,7
Facebook Penn94,highest_degree,2,0.2,696,38732,8
Facebook Penn94,highest_degree,2,0.2,697,38777,6
Facebook Penn94,highest_degree,2,0.2,698,38699,9
Facebook Penn94,highest_degree,2,0.2,699,38811,7
Facebook Penn94,highest_degree,2,0.2,700,38798,7
Facebook Penn94,highest_degree,2,0.2,701,38754,7
Facebook Penn94,highest_degree,2,0.2,702,38768,8
Facebook Penn94,highest_degree,2,0.2,703,38727,6
Facebook Penn94,highest_degree,2,0.2,704,38752,7
Facebook Penn94,highest_degree,2,0.2,705,38713,8
Facebook Penn94,highest_degree,2,0.2,706,38787,7
Facebook Penn94,highest_degree,2,0.2,707,38746,6
Facebook Penn94,highest_degree,2,0.2,708,38738,7
Facebook Penn94,highest_degree,2,0.2,709,38734,6
Facebook Penn94,highest_degree,2,0.2,710,38696,6
Facebook Penn94,highest_degree,2,0.2,711,38690,7
Facebook Penn94,highest_degree,2,0.2,712,38651,7
Facebook Penn94,highest_degree,2,0.2,713,38701,6
Facebook Penn94,highest_degree,2,0.2,714,38756,7
Facebook Penn94,highest_degree,2,0.2,715,38743,6
Facebook Penn94,highest_degree,2,0.2,716,38675,7
Facebook Penn94,highest_degree,2,0.2,717,38663,7
Facebook Penn94,highest_degree,2,0.2,718,38755,7
Facebook Penn94,highest_degree,2,0.2,719,38706,6
Facebook Penn94,highest_degree,2,0.2,720,38773,6
Facebook Penn94,highest_degree,2,0.2,721,38732,7
Facebook Penn94,highest_degree,2,0.2,722,38785,7
Facebook Penn94,highest_degree,2,0.2,723,38694,8
Facebook Penn94,highest_degree,2,0.2,724,38696,6
Facebook Penn94,highest_degree,2,0.2,725,38717,7
Facebook Penn94,highest_degree,2,0.2,726,38735,6
Facebook Penn94,highest_degree,2,0.2,727,38735,6
Facebook Penn94,highest_degree,2,0.2,728,38775,7
Facebook Penn94,highest_degree,2,0.2,729,38660,7
Facebook Penn94,highest_degree,2,0.2,730,38742,7
Facebook Penn94,highest_degree,2,0.2,731,38752,7
Facebook Penn94,highest_degree,2,0.2,732,38706,9
Facebook Penn94,highest_degree,2,0.2,733,38720,7
Facebook Penn94,highest_degree,2,0.2,734,38753,7
Facebook Penn94,highest_degree,2,0.2,735,38749,7
Facebook Penn94,highest_degree,2,0.2,736,38733,6
Facebook Penn94,highest_degree,2,0.2,737,38747,7
Facebook Penn94,highest_degree,2,0.2,738,38717,9
Facebook Penn94,highest_degree,2,0.2,739,38675,8
Facebook Penn94,highest_degree,2,0.2,740,38769,6
Facebook Penn94,highest_degree,2,0.2,741,38732,7
Facebook Penn94,highest_degree,2,0.2,742,38759,7
Facebook Penn94,highest_degree,2,0.2,743,38729,6
Facebook Penn94,highest_degree,2,0.2,744,38712,7
Facebook Penn94,highest_degree,2,0.2,745,38725,7
Facebook Penn94,highest_degree,2,0.2,746,38696,6
Facebook Penn94,highest_degree,2,0.2,747,38808,8
Facebook Penn94,highest_degree,2,0.2,748,38733,7
Facebook Penn94,highest_degree,2,0.2,749,38709,8
Facebook Penn94,highest_degree,2,0.2,750,38708,6
Facebook Penn94,highest_degree,2,0.2,751,38732,6
Facebook Penn94,highest_degree,2,0.2,752,38741,8
Facebook Penn94,highest_degree,2,0.2,753,38817,6
Facebook Penn94,highest_degree,2,0.2,754,38708,7
Facebook Penn94,highest_degree,2,0.2,755,38768,6
Facebook Penn94,highest_degree,2,0.2,756,38735,8
Facebook Penn94,highest_degree,2,0.2,757,38735,6
Facebook Penn94,highest_degree,2,0.2,758,38734,7
Facebook Penn94,highest_degree,2,0.2,759,38715,7
Facebook Penn94,highest_degree,2,0.2,760,38714,7
Facebook Penn94,highest_degree,2,0.2,761,38699,7
Facebook Penn94,highest_degree,2,0.2,762,38611,6
Facebook Penn94,highest_degree,2,0.2,763,38788,7
Facebook Penn94,highest_degree,2,0.2,764,38748,9
Facebook Penn94,highest_degree,2,0.2,765,38805,7
Facebook Penn94,highest_degree,2,0.2,766,38670,7
Facebook Penn94,highest_degree,2,0.2,767,38721,7
Facebook Penn94,highest_degree,2,0.2,768,38718,6
Facebook Penn94,highest_degree,2,0.2,769,38687,6
Facebook Penn94,highest_degree,2,0.2,770,38771,6
Facebook Penn94,highest_degree,2,0.2,771,38782,6
Facebook Penn94,highest_degree,2,0.2,772,38737,7
Facebook Penn94,highest_degree,2,0.2,773,38752,7
Facebook Penn94,highest_degree,2,0.2,774,38816,7
Facebook Penn94,highest_degree,2,0.2,775,38731,7
Facebook Penn94,highest_degree,2,0.2,776,38791,6
Facebook Penn94,highest_degree,2,0.2,777,38790,6
Facebook Penn94,highest_degree,2,0.2,778,38759,7
Facebook Penn94,highest_degree,2,0.2,779,38738,6
Facebook Penn94,highest_degree,2,0.2,780,38723,7
Facebook Penn94,highest_degree,2,0.2,781,38755,7
Facebook Penn94,highest_degree,2,0.2,782,38718,6
Facebook Penn94,highest_degree,2,0.2,783,38715,7
Facebook Penn94,highest_degree,2,0.2,784,38715,6
Facebook Penn94,highest_degree,2,0.2,785,38692,7
Facebook Penn94,highest_degree,2,0.2,786,38804,6
Facebook Penn94,highest_degree,2,0.2,787,38708,7
Facebook Penn94,highest_degree,2,0.2,788,38711,6
Facebook Penn94,highest_degree,2,0.2,789,38759,6
Facebook Penn94,highest_degree,2,0.2,790,38759,7
Facebook Penn94,highest_degree,2,0.2,791,38689,7
Facebook Penn94,highest_degree,2,0.2,792,38684,6
Facebook Penn94,highest_degree,2,0.2,793,38757,6
Facebook Penn94,highest_degree,2,0.2,794,38729,6
Facebook Penn94,highest_degree,2,0.2,795,38758,6
Facebook Penn94,highest_degree,2,0.2,796,38727,7
Facebook Penn94,highest_degree,2,0.2,797,38727,7
Facebook Penn94,highest_degree,2,0.2,798,38676,7
Facebook Penn94,highest_degree,2,0.2,799,38741,7
Facebook Penn94,highest_degree,2,0.2,800,38680,7
Facebook Penn94,highest_degree,2,0.2,801,38737,6
Facebook Penn94,highest_degree,2,0.2,802,38763,7
Facebook Penn94,highest_degree,2,0.2,803,38735,7
Facebook Penn94,highest_degree,2,0.2,804,38672,7
Facebook Penn94,highest_degree,2,0.2,805,38745,7
Facebook Penn94,highest_degree,2,0.2,806,38691,7
Facebook Penn94,highest_degree,2,0.2,807,38715,7
Facebook Penn94,highest_degree,2,0.2,808,38780,8
Facebook Penn94,highest_degree,2,0.2,809,38764,8
Facebook Penn94,highest_degree,2,0.2,810,38692,7
Facebook Penn94,highest_degree,2,0.2,811,38750,7
Facebook Penn94,highest_degree,2,0.2,812,38712,6
Facebook Penn94,highest_degree,2,0.2,813,38791,6
Facebook Penn94,highest_degree,2,0.2,814,38793,7
Facebook Penn94,highest_degree,2,0.2,815,38758,6
Facebook Penn94,highest_degree,2,0.2,816,38725,6
Facebook Penn94,highest_degree,2,0.2,817,38720,6
Facebook Penn94,highest_degree,2,0.2,818,38763,7
Facebook Penn94,highest_degree,2,0.2,819,38729,6
Facebook Penn94,highest_degree,2,0.2,820,38811,6
Facebook Penn94,highest_degree,2,0.2,821,38781,6
Facebook Penn94,highest_degree,2,0.2,822,38807,8
Facebook Penn94,highest_degree,2,0.2,823,38799,6
Facebook Penn94,highest_degree,2,0.2,824,38703,6
Facebook Penn94,highest_degree,2,0.2,825,38706,8
Facebook Penn94,highest_degree,2,0.2,826,38749,9
Facebook Penn94,highest_degree,2,0.2,827,38777,8
Facebook Penn94,highest_degree,2,0.2,828,38840,6
Facebook Penn94,highest_degree,2,0.2,829,38799,7
Facebook Penn94,highest_degree,2,0.2,830,38768,7
Facebook Penn94,highest_degree,2,0.2,831,38806,8
Facebook Penn94,highest_degree,2,0.2,832,38783,7
Facebook Penn94,highest_degree,2,0.2,833,38730,7
Facebook Penn94,highest_degree,2,0.2,834,38734,6
Facebook Penn94,highest_degree,2,0.2,835,38723,7
Facebook Penn94,highest_degree,2,0.2,836,38768,7
Facebook Penn94,highest_degree,2,0.2,837,38730,8
Facebook Penn94,highest_degree,2,0.2,838,38703,7
Facebook Penn94,highest_degree,2,0.2,839,38721,6
Facebook Penn94,highest_degree,2,0.2,840,38740,7
Facebook Penn94,highest_degree,2,0.2,841,38796,7
Facebook Penn94,highest_degree,2,0.2,842,38738,7
Facebook Penn94,highest_degree,2,0.2,843,38753,7
Facebook Penn94,highest_degree,2,0.2,844,38738,7
Facebook Penn94,highest_degree,2,0.2,845,38660,8
Facebook Penn94,highest_degree,2,0.2,846,38753,6
Facebook Penn94,highest_degree,2,0.2,847,38768,6
Facebook Penn94,highest_degree,2,0.2,848,38756,7
Facebook Penn94,highest_degree,2,0.2,849,38740,6
Facebook Penn94,highest_degree,2,0.2,850,38697,7
Facebook Penn94,highest_degree,2,0.2,851,38721,6
Facebook Penn94,highest_degree,2,0.2,852,38737,7
Facebook Penn94,highest_degree,2,0.2,853,38801,8
Facebook Penn94,highest_degree,2,0.2,854,38771,6
Facebook Penn94,highest_degree,2,0.2,855,38776,6
Facebook Penn94,highest_degree,2,0.2,856,38752,7
Facebook Penn94,highest_degree,2,0.2,857,38676,8
Facebook Penn94,highest_degree,2,0.2,858,38786,8
Facebook Penn94,highest_degree,2,0.2,859,38665,8
Facebook Penn94,highest_degree,2,0.2,860,38758,7
Facebook Penn94,highest_degree,2,0.2,861,38787,8
Facebook Penn94,highest_degree,2,0.2,862,38742,7
Facebook Penn94,highest_degree,2,0.2,863,38807,7
Facebook Penn94,highest_degree,2,0.2,864,38770,7
Facebook Penn94,highest_degree,2,0.2,865,38708,6
Facebook Penn94,highest_degree,2,0.2,866,38703,6
Facebook Penn94,highest_degree,2,0.2,867,38739,7
Facebook Penn94,highest_degree,2,0.2,868,38808,6
Facebook Penn94,highest_degree,2,0.2,869,38680,7
Facebook Penn94,highest_degree,2,0.2,870,38756,7
Facebook Penn94,highest_degree,2,0.2,871,38746,6
Facebook Penn94,highest_degree,2,0.2,872,38758,7
Facebook Penn94,highest_degree,2,0.2,873,38737,6
Facebook Penn94,highest_degree,2,0.2,874,38730,6
Facebook Penn94,highest_degree,2,0.2,875,38814,8
Facebook Penn94,highest_degree,2,0.2,876,38734,7
Facebook Penn94,highest_degree,2,0.2,877,38763,6
Facebook Penn94,highest_degree,2,0.2,878,38719,7
Facebook Penn94,highest_degree,2,0.2,879,38791,8
Facebook Penn94,highest_degree,2,0.2,880,38755,6
Facebook Penn94,highest_degree,2,0.2,881,38753,6
Facebook Penn94,highest_degree,2,0.2,882,38680,6
Facebook Penn94,highest_degree,2,0.2,883,38726,7
Facebook Penn94,highest_degree,2,0.2,884,38749,7
Facebook Penn94,highest_degree,2,0.2,885,38706,8
Facebook Penn94,highest_degree,2,0.2,886,38751,6
Facebook Penn94,highest_degree,2,0.2,887,38688,6
Facebook Penn94,highest_degree,2,0.2,888,38737,7
Facebook Penn94,highest_degree,2,0.2,889,38724,6
Facebook Penn94,highest_degree,2,0.2,890,38729,6
Facebook Penn94,highest_degree,2,0.2,891,38682,6
Facebook Penn94,highest_degree,2,0.2,892,38759,8
Facebook Penn94,highest_degree,2,0.2,893,38732,8
Facebook Penn94,highest_degree,2,0.2,894,38721,7
Facebook Penn94,highest_degree,2,0.2,895,38829,7
Facebook Penn94,highest_degree,2,0.2,896,38720,7
Facebook Penn94,highest_degree,2,0.2,897,38731,7
Facebook Penn94,highest_degree,2,0.2,898,38786,7
Facebook Penn94,highest_degree,2,0.2,899,38683,7
Facebook Penn94,highest_degree,2,0.2,900,38781,7
Facebook Penn94,highest_degree,2,0.2,901,38737,7
Facebook Penn94,highest_degree,2,0.2,902,38718,7
Facebook Penn94,highest_degree,2,0.2,903,38816,6
Facebook Penn94,highest_degree,2,0.2,904,38720,6
Facebook Penn94,highest_degree,2,0.2,905,38776,7
Facebook Penn94,highest_degree,2,0.2,906,38773,7
Facebook Penn94,highest_degree,2,0.2,907,38796,7
Facebook Penn94,highest_degree,2,0.2,908,38773,9
Facebook Penn94,highest_degree,2,0.2,909,38798,7
Facebook Penn94,highest_degree,2,0.2,910,38782,7
Facebook Penn94,highest_degree,2,0.2,911,38713,6
Facebook Penn94,highest_degree,2,0.2,912,38711,6
Facebook Penn94,highest_degree,2,0.2,913,38735,7
Facebook Penn94,highest_degree,2,0.2,914,38748,8
Facebook Penn94,highest_degree,2,0.2,915,38696,7
Facebook Penn94,highest_degree,2,0.2,916,38720,8
Facebook Penn94,highest_degree,2,0.2,917,38773,7
Facebook Penn94,highest_degree,2,0.2,918,38769,8
Facebook Penn94,highest_degree,2,0.2,919,38752,7
Facebook Penn94,highest_degree,2,0.2,920,38745,7
Facebook Penn94,highest_degree,2,0.2,921,38802,8
Facebook Penn94,highest_degree,2,0.2,922,38777,7
Facebook Penn94,highest_degree,2,0.2,923,38738,6
Facebook Penn94,highest_degree,2,0.2,924,38793,6
Facebook Penn94,highest_degree,2,0.2,925,38805,7
Facebook Penn94,highest_degree,2,0.2,926,38717,7
Facebook Penn94,highest_degree,2,0.2,927,38755,7
Facebook Penn94,highest_degree,2,0.2,928,38755,7
Facebook Penn94,highest_degree,2,0.2,929,38726,7
Facebook Penn94,highest_degree,2,0.2,930,38687,6
Facebook Penn94,highest_degree,2,0.2,931,38776,7
Facebook Penn94,highest_degree,2,0.2,932,38736,7
Facebook Penn94,highest_degree,2,0.2,933,38773,6
Facebook Penn94,highest_degree,2,0.2,934,38724,6
Facebook Penn94,highest_degree,2,0.2,935,38737,7
Facebook Penn94,highest_degree,2,0.2,936,38743,8
Facebook Penn94,highest_degree,2,0.2,937,38759,8
Facebook Penn94,highest_degree,2,0.2,938,38761,6
Facebook Penn94,highest_degree,2,0.2,939,38765,6
Facebook Penn94,highest_degree,2,0.2,940,38715,7
Facebook Penn94,highest_degree,2,0.2,941,38790,6
Facebook Penn94,highest_degree,2,0.2,942,38729,7
Facebook Penn94,highest_degree,2,0.2,943,38773,7
Facebook Penn94,highest_degree,2,0.2,944,38743,7
Facebook Penn94,highest_degree,2,0.2,945,38755,6
Facebook Penn94,highest_degree,2,0.2,946,38792,6
Facebook Penn94,highest_degree,2,0.2,947,38727,6
Facebook Penn94,highest_degree,2,0.2,948,38745,6
Facebook Penn94,highest_degree,2,0.2,949,38789,6
Facebook Penn94,highest_degree,2,0.2,950,38759,7
Facebook Penn94,highest_degree,2,0.2,951,38782,6
Facebook Penn94,highest_degree,2,0.2,952,38764,6
Facebook Penn94,highest_degree,2,0.2,953,38719,7
Facebook Penn94,highest_degree,2,0.2,954,38752,6
Facebook Penn94,highest_degree,2,0.2,955,38685,7
Facebook Penn94,highest_degree,2,0.2,956,38693,7
Facebook Penn94,highest_degree,2,0.2,957,38757,7
Facebook Penn94,highest_degree,2,0.2,958,38777,6
Facebook Penn94,highest_degree,2,0.2,959,38792,7
Facebook Penn94,highest_degree,2,0.2,960,38756,6
Facebook Penn94,highest_degree,2,0.2,961,38837,6
Facebook Penn94,highest_degree,2,0.2,962,38721,7
Facebook Penn94,highest_degree,2,0.2,963,38796,6
Facebook Penn94,highest_degree,2,0.2,964,38718,6
Facebook Penn94,highest_degree,2,0.2,965,38723,7
Facebook Penn94,highest_degree,2,0.2,966,38665,7
Facebook Penn94,highest_degree,2,0.2,967,38758,8
Facebook Penn94,highest_degree,2,0.2,968,38745,6
Facebook Penn94,highest_degree,2,0.2,969,38702,7
Facebook Penn94,highest_degree,2,0.2,970,38795,6
Facebook Penn94,highest_degree,2,0.2,971,38716,7
Facebook Penn94,highest_degree,2,0.2,972,38743,7
Facebook Penn94,highest_degree,2,0.2,973,38706,6
Facebook Penn94,highest_degree,2,0.2,974,38723,7
Facebook Penn94,highest_degree,2,0.2,975,38802,6
Facebook Penn94,highest_degree,2,0.2,976,38774,7
Facebook Penn94,highest_degree,2,0.2,977,38752,6
Facebook Penn94,highest_degree,2,0.2,978,38724,7
Facebook Penn94,highest_degree,2,0.2,979,38761,6
Facebook Penn94,highest_degree,2,0.2,980,38741,6
Facebook Penn94,highest_degree,2,0.2,981,38737,6
Facebook Penn94,highest_degree,2,0.2,982,38733,6
Facebook Penn94,highest_degree,2,0.2,983,38718,8
Facebook Penn94,highest_degree,2,0.2,984,38713,7
Facebook Penn94,highest_degree,2,0.2,985,38766,7
Facebook Penn94,highest_degree,2,0.2,986,38794,7
Facebook Penn94,highest_degree,2,0.2,987,38746,6
Facebook Penn94,highest_degree,2,0.2,988,38754,8
Facebook Penn94,highest_degree,2,0.2,989,38792,7
Facebook Penn94,highest_degree,2,0.2,990,38811,7
Facebook Penn94,highest_degree,2,0.2,991,38717,8
Facebook Penn94,highest_degree,2,0.2,992,38767,7
Facebook Penn94,highest_degree,2,0.2,993,38709,7
Facebook Penn94,highest_degree,2,0.2,994,38794,7
Facebook Penn94,highest_degree,2,0.2,995,38664,6
Facebook Penn94,highest_degree,2,0.2,996,38717,6
Facebook Penn94,highest_degree,2,0.2,997,38785,7
Facebook Penn94,highest_degree,2,0.2,998,38768,8
Facebook Penn94,highest_degree,2,0.2,999,38748,8
Facebook Penn94,highest_degree,4,0.2,0,38739,6
Facebook Penn94,highest_degree,4,0.2,1,38772,7
Facebook Penn94,highest_degree,4,0.2,2,38765,8
Facebook Penn94,highest_degree,4,0.2,3,38735,7
Facebook Penn94,highest_degree,4,0.2,4,38762,7
Facebook Penn94,highest_degree,4,0.2,5,38793,6
Facebook Penn94,highest_degree,4,0.2,6,38771,7
Facebook Penn94,highest_degree,4,0.2,7,38729,7
Facebook Penn94,highest_degree,4,0.2,8,38702,6
Facebook Penn94,highest_degree,4,0.2,9,38806,6
Facebook Penn94,highest_degree,4,0.2,10,38733,7
Facebook Penn94,highest_degree,4,0.2,11,38709,8
Facebook Penn94,highest_degree,4,0.2,12,38787,8
Facebook Penn94,highest_degree,4,0.2,13,38775,8
Facebook Penn94,highest_degree,4,0.2,14,38757,7
Facebook Penn94,highest_degree,4,0.2,15,38724,7
Facebook Penn94,highest_degree,4,0.2,16,38782,7
Facebook Penn94,highest_degree,4,0.2,17,38763,7
Facebook Penn94,highest_degree,4,0.2,18,38760,7
Facebook Penn94,highest_degree,4,0.2,19,38794,6
Facebook Penn94,highest_degree,4,0.2,20,38727,7
Facebook Penn94,highest_degree,4,0.2,21,38713,7
Facebook Penn94,highest_degree,4,0.2,22,38753,6
Facebook Penn94,highest_degree,4,0.2,23,38730,7
Facebook Penn94,highest_degree,4,0.2,24,38725,6
Facebook Penn94,highest_degree,4,0.2,25,38729,6
Facebook Penn94,highest_degree,4,0.2,26,38710,6
Facebook Penn94,highest_degree,4,0.2,27,38704,6
Facebook Penn94,highest_degree,4,0.2,28,38775,7
Facebook Penn94,highest_degree,4,0.2,29,38723,6
Facebook Penn94,highest_degree,4,0.2,30,38691,7
Facebook Penn94,highest_degree,4,0.2,31,38670,7
Facebook Penn94,highest_degree,4,0.2,32,38740,6
Facebook Penn94,highest_degree,4,0.2,33,38756,6
Facebook Penn94,highest_degree,4,0.2,34,38744,7
Facebook Penn94,highest_degree,4,0.2,35,38741,6
Facebook Penn94,highest_degree,4,0.2,36,38766,7
Facebook Penn94,highest_degree,4,0.2,37,38713,6
Facebook Penn94,highest_degree,4,0.2,38,38750,6
Facebook Penn94,highest_degree,4,0.2,39,38796,6
Facebook Penn94,highest_degree,4,0.2,40,38761,7
Facebook Penn94,highest_degree,4,0.2,41,38739,7
Facebook Penn94,highest_degree,4,0.2,42,38804,6
Facebook Penn94,highest_degree,4,0.2,43,38703,7
Facebook Penn94,highest_degree,4,0.2,44,38727,7
Facebook Penn94,highest_degree,4,0.2,45,38756,7
Facebook Penn94,highest_degree,4,0.2,46,38772,7
Facebook Penn94,highest_degree,4,0.2,47,38772,7
Facebook Penn94,highest_degree,4,0.2,48,38714,6
Facebook Penn94,highest_degree,4,0.2,49,38705,6
Facebook Penn94,highest_degree,4,0.2,50,38771,6
Facebook Penn94,highest_degree,4,0.2,51,38794,7
Facebook Penn94,highest_degree,4,0.2,52,38814,7
Facebook Penn94,highest_degree,4,0.2,53,38740,6
Facebook Penn94,highest_degree,4,0.2,54,38740,6
Facebook Penn94,highest_degree,4,0.2,55,38708,7
Facebook Penn94,highest_degree,4,0.2,56,38704,7
Facebook Penn94,highest_degree,4,0.2,57,38767,7
Facebook Penn94,highest_degree,4,0.2,58,38742,6
Facebook Penn94,highest_degree,4,0.2,59,38696,7
Facebook Penn94,highest_degree,4,0.2,60,38730,6
Facebook Penn94,highest_degree,4,0.2,61,38746,7
Facebook Penn94,highest_degree,4,0.2,62,38722,6
Facebook Penn94,highest_degree,4,0.2,63,38713,7
Facebook Penn94,highest_degree,4,0.2,64,38746,6
Facebook Penn94,highest_degree,4,0.2,65,38716,6
Facebook Penn94,highest_degree,4,0.2,66,38805,8
Facebook Penn94,highest_degree,4,0.2,67,38739,7
Facebook Penn94,highest_degree,4,0.2,68,38760,8
Facebook Penn94,highest_degree,4,0.2,69,38764,7
Facebook Penn94,highest_degree,4,0.2,70,38757,6
Facebook Penn94,highest_degree,4,0.2,71,38768,6
Facebook Penn94,highest_degree,4,0.2,72,38715,6
Facebook Penn94,highest_degree,4,0.2,73,38729,6
Facebook Penn94,highest_degree,4,0.2,74,38756,6
Facebook Penn94,highest_degree,4,0.2,75,38724,6
Facebook Penn94,highest_degree,4,0.2,76,38766,6
Facebook Penn94,highest_degree,4,0.2,77,38759,6
Facebook Penn94,highest_degree,4,0.2,78,38721,7
Facebook Penn94,highest_degree,4,0.2,79,38739,6
Facebook Penn94,highest_degree,4,0.2,80,38728,8
Facebook Penn94,highest_degree,4,0.2,81,38689,6
Facebook Penn94,highest_degree,4,0.2,82,38774,6
Facebook Penn94,highest_degree,4,0.2,83,38788,7
Facebook Penn94,highest_degree,4,0.2,84,38677,7
Facebook Penn94,highest_degree,4,0.2,85,38768,6
Facebook Penn94,highest_degree,4,0.2,86,38693,8
Facebook Penn94,highest_degree,4,0.2,87,38760,6
Facebook Penn94,highest_degree,4,0.2,88,38796,8
Facebook Penn94,highest_degree,4,0.2,89,38818,8
Facebook Penn94,highest_degree,4,0.2,90,38744,7
Facebook Penn94,highest_degree,4,0.2,91,38702,6
Facebook Penn94,highest_degree,4,0.2,92,38781,7
Facebook Penn94,highest_degree,4,0.2,93,38781,6
Facebook Penn94,highest_degree,4,0.2,94,38716,7
Facebook Penn94,highest_degree,4,0.2,95,38763,8
Facebook Penn94,highest_degree,4,0.2,96,38783,6
Facebook Penn94,highest_degree,4,0.2,97,38706,7
Facebook Penn94,highest_degree,4,0.2,98,38740,6
Facebook Penn94,highest_degree,4,0.2,99,38702,7
Facebook Penn94,highest_degree,4,0.2,100,38642,6
Facebook Penn94,highest_degree,4,0.2,101,38790,7
Facebook Penn94,highest_degree,4,0.2,102,38700,7
Facebook Penn94,highest_degree,4,0.2,103,38745,7
Facebook Penn94,highest_degree,4,0.2,104,38766,6
Facebook Penn94,highest_degree,4,0.2,105,38740,6
Facebook Penn94,highest_degree,4,0.2,106,38759,6
Facebook Penn94,highest_degree,4,0.2,107,38728,7
Facebook Penn94,highest_degree,4,0.2,108,38723,6
Facebook Penn94,highest_degree,4,0.2,109,38754,6
Facebook Penn94,highest_degree,4,0.2,110,38752,6
Facebook Penn94,highest_degree,4,0.2,111,38765,6
Facebook Penn94,highest_degree,4,0.2,112,38748,7
Facebook Penn94,highest_degree,4,0.2,113,38762,6
Facebook Penn94,highest_degree,4,0.2,114,38749,7
Facebook Penn94,highest_degree,4,0.2,115,38769,6
Facebook Penn94,highest_degree,4,0.2,116,38780,6
Facebook Penn94,highest_degree,4,0.2,117,38691,7
Facebook Penn94,highest_degree,4,0.2,118,38734,8
Facebook Penn94,highest_degree,4,0.2,119,38753,6
Facebook Penn94,highest_degree,4,0.2,120,38714,7
Facebook Penn94,highest_degree,4,0.2,121,38830,6
Facebook Penn94,highest_degree,4,0.2,122,38759,6
Facebook Penn94,highest_degree,4,0.2,123,38761,6
Facebook Penn94,highest_degree,4,0.2,124,38722,7
Facebook Penn94,highest_degree,4,0.2,125,38742,6
Facebook Penn94,highest_degree,4,0.2,126,38752,6
Facebook Penn94,highest_degree,4,0.2,127,38799,6
Facebook Penn94,highest_degree,4,0.2,128,38736,6
Facebook Penn94,highest_degree,4,0.2,129,38684,6
Facebook Penn94,highest_degree,4,0.2,130,38760,7
Facebook Penn94,highest_degree,4,0.2,131,38726,6
Facebook Penn94,highest_degree,4,0.2,132,38728,7
Facebook Penn94,highest_degree,4,0.2,133,38726,7
Facebook Penn94,highest_degree,4,0.2,134,38738,7
Facebook Penn94,highest_degree,4,0.2,135,38730,7
Facebook Penn94,highest_degree,4,0.2,136,38822,6
Facebook Penn94,highest_degree,4,0.2,137,38739,8
Facebook Penn94,highest_degree,4,0.2,138,38746,8
Facebook Penn94,highest_degree,4,0.2,139,38699,6
Facebook Penn94,highest_degree,4,0.2,140,38712,6
Facebook Penn94,highest_degree,4,0.2,141,38716,7
Facebook Penn94,highest_degree,4,0.2,142,38708,6
Facebook Penn94,highest_degree,4,0.2,143,38746,7
Facebook Penn94,highest_degree,4,0.2,144,38695,6
Facebook Penn94,highest_degree,4,0.2,145,38716,7
Facebook Penn94,highest_degree,4,0.2,146,38783,7
Facebook Penn94,highest_degree,4,0.2,147,38831,7
Facebook Penn94,highest_degree,4,0.2,148,38714,6
Facebook Penn94,highest_degree,4,0.2,149,38716,7
Facebook Penn94,highest_degree,4,0.2,150,38763,6
Facebook Penn94,highest_degree,4,0.2,151,38734,6
Facebook Penn94,highest_degree,4,0.2,152,38743,7
Facebook Penn94,highest_degree,4,0.2,153,38825,6
Facebook Penn94,highest_degree,4,0.2,154,38694,6
Facebook Penn94,highest_degree,4,0.2,155,38777,7
Facebook Penn94,highest_degree,4,0.2,156,38714,6
Facebook Penn94,highest_degree,4,0.2,157,38726,7
Facebook Penn94,highest_degree,4,0.2,158,38733,8
Facebook Penn94,highest_degree,4,0.2,159,38773,7
Facebook Penn94,highest_degree,4,0.2,160,38734,6
Facebook Penn94,highest_degree,4,0.2,161,38734,7
Facebook Penn94,highest_degree,4,0.2,162,38768,7
Facebook Penn94,highest_degree,4,0.2,163,38754,7
Facebook Penn94,highest_degree,4,0.2,164,38714,6
Facebook Penn94,highest_degree,4,0.2,165,38665,7
Facebook Penn94,highest_degree,4,0.2,166,38708,7
Facebook Penn94,highest_degree,4,0.2,167,38733,7
Facebook Penn94,highest_degree,4,0.2,168,38784,6
Facebook Penn94,highest_degree,4,0.2,169,38813,6
Facebook Penn94,highest_degree,4,0.2,170,38757,7
Facebook Penn94,highest_degree,4,0.2,171,38744,7
Facebook Penn94,highest_degree,4,0.2,172,38717,6
Facebook Penn94,highest_degree,4,0.2,173,38725,6
Facebook Penn94,highest_degree,4,0.2,174,38813,6
Facebook Penn94,highest_degree,4,0.2,175,38680,7
Facebook Penn94,highest_degree,4,0.2,176,38682,7
Facebook Penn94,highest_degree,4,0.2,177,38673,6
Facebook Penn94,highest_degree,4,0.2,178,38713,7
Facebook Penn94,highest_degree,4,0.2,179,38643,7
Facebook Penn94,highest_degree,4,0.2,180,38706,6
Facebook Penn94,highest_degree,4,0.2,181,38768,6
Facebook Penn94,highest_degree,4,0.2,182,38716,6
Facebook Penn94,highest_degree,4,0.2,183,38781,7
Facebook Penn94,highest_degree,4,0.2,184,38769,6
Facebook Penn94,highest_degree,4,0.2,185,38757,6
Facebook Penn94,highest_degree,4,0.2,186,38786,8
Facebook Penn94,highest_degree,4,0.2,187,38826,7
Facebook Penn94,highest_degree,4,0.2,188,38705,6
Facebook Penn94,highest_degree,4,0.2,189,38711,7
Facebook Penn94,highest_degree,4,0.2,190,38674,7
Facebook Penn94,highest_degree,4,0.2,191,38765,7
Facebook Penn94,highest_degree,4,0.2,192,38790,6
Facebook Penn94,highest_degree,4,0.2,193,38721,8
Facebook Penn94,highest_degree,4,0.2,194,38777,7
Facebook Penn94,highest_degree,4,0.2,195,38723,7
Facebook Penn94,highest_degree,4,0.2,196,38728,6
Facebook Penn94,highest_degree,4,0.2,197,38745,7
Facebook Penn94,highest_degree,4,0.2,198,38746,7
Facebook Penn94,highest_degree,4,0.2,199,38765,6
Facebook Penn94,highest_degree,4,0.2,200,38720,8
Facebook Penn94,highest_degree,4,0.2,201,38823,6
Facebook Penn94,highest_degree,4,0.2,202,38728,8
Facebook Penn94,highest_degree,4,0.2,203,38708,7
Facebook Penn94,highest_degree,4,0.2,204,38767,6
Facebook Penn94,highest_degree,4,0.2,205,38786,8
Facebook Penn94,highest_degree,4,0.2,206,38811,6
Facebook Penn94,highest_degree,4,0.2,207,38736,6
Facebook Penn94,highest_degree,4,0.2,208,38806,6
Facebook Penn94,highest_degree,4,0.2,209,38727,7
Facebook Penn94,highest_degree,4,0.2,210,38734,6
Facebook Penn94,highest_degree,4,0.2,211,38733,6
Facebook Penn94,highest_degree,4,0.2,212,38761,7
Facebook Penn94,highest_degree,4,0.2,213,38703,7
Facebook Penn94,highest_degree,4,0.2,214,38781,7
Facebook Penn94,highest_degree,4,0.2,215,38772,7
Facebook Penn94,highest_degree,4,0.2,216,38782,7
Facebook Penn94,highest_degree,4,0.2,217,38758,6
Facebook Penn94,highest_degree,4,0.2,218,38801,7
Facebook Penn94,highest_degree,4,0.2,219,38782,6
Facebook Penn94,highest_degree,4,0.2,220,38761,7
Facebook Penn94,highest_degree,4,0.2,221,38725,7
Facebook Penn94,highest_degree,4,0.2,222,38737,6
Facebook Penn94,highest_degree,4,0.2,223,38728,7
Facebook Penn94,highest_degree,4,0.2,224,38749,6
Facebook Penn94,highest_degree,4,0.2,225,38752,6
Facebook Penn94,highest_degree,4,0.2,226,38674,7
Facebook Penn94,highest_degree,4,0.2,227,38714,6
Facebook Penn94,highest_degree,4,0.2,228,38770,7
Facebook Penn94,highest_degree,4,0.2,229,38761,8
Facebook Penn94,highest_degree,4,0.2,230,38780,7
Facebook Penn94,highest_degree,4,0.2,231,38741,7
Facebook Penn94,highest_degree,4,0.2,232,38738,8
Facebook Penn94,highest_degree,4,0.2,233,38806,6
Facebook Penn94,highest_degree,4,0.2,234,38788,7
Facebook Penn94,highest_degree,4,0.2,235,38757,7
Facebook Penn94,highest_degree,4,0.2,236,38767,6
Facebook Penn94,highest_degree,4,0.2,237,38718,6
Facebook Penn94,highest_degree,4,0.2,238,38692,6
Facebook Penn94,highest_degree,4,0.2,239,38782,7
Facebook Penn94,highest_degree,4,0.2,240,38712,7
Facebook Penn94,highest_degree,4,0.2,241,38707,7
Facebook Penn94,highest_degree,4,0.2,242,38711,7
Facebook Penn94,highest_degree,4,0.2,243,38701,7
Facebook Penn94,highest_degree,4,0.2,244,38805,7
Facebook Penn94,highest_degree,4,0.2,245,38759,6
Facebook Penn94,highest_degree,4,0.2,246,38746,7
Facebook Penn94,highest_degree,4,0.2,247,38725,7
Facebook Penn94,highest_degree,4,0.2,248,38775,8
Facebook Penn94,highest_degree,4,0.2,249,38716,7
Facebook Penn94,highest_degree,4,0.2,250,38805,6
Facebook Penn94,highest_degree,4,0.2,251,38717,7
Facebook Penn94,highest_degree,4,0.2,252,38774,7
Facebook Penn94,highest_degree,4,0.2,253,38734,6
Facebook Penn94,highest_degree,4,0.2,254,38813,7
Facebook Penn94,highest_degree,4,0.2,255,38768,6
Facebook Penn94,highest_degree,4,0.2,256,38753,7
Facebook Penn94,highest_degree,4,0.2,257,38712,7
Facebook Penn94,highest_degree,4,0.2,258,38728,7
Facebook Penn94,highest_degree,4,0.2,259,38800,6
Facebook Penn94,highest_degree,4,0.2,260,38747,7
Facebook Penn94,highest_degree,4,0.2,261,38830,6
Facebook Penn94,highest_degree,4,0.2,262,38869,7
Facebook Penn94,highest_degree,4,0.2,263,38726,6
Facebook Penn94,highest_degree,4,0.2,264,38742,7
Facebook Penn94,highest_degree,4,0.2,265,38796,6
Facebook Penn94,highest_degree,4,0.2,266,38735,6
Facebook Penn94,highest_degree,4,0.2,267,38748,7
Facebook Penn94,highest_degree,4,0.2,268,38802,8
Facebook Penn94,highest_degree,4,0.2,269,38693,7
Facebook Penn94,highest_degree,4,0.2,270,38776,6
Facebook Penn94,highest_degree,4,0.2,271,38749,7
Facebook Penn94,highest_degree,4,0.2,272,38755,8
Facebook Penn94,highest_degree,4,0.2,273,38765,6
Facebook Penn94,highest_degree,4,0.2,274,38769,6
Facebook Penn94,highest_degree,4,0.2,275,38720,6
Facebook Penn94,highest_degree,4,0.2,276,38716,7
Facebook Penn94,highest_degree,4,0.2,277,38738,6
Facebook Penn94,highest_degree,4,0.2,278,38831,6
Facebook Penn94,highest_degree,4,0.2,279,38765,6
Facebook Penn94,highest_degree,4,0.2,280,38702,6
Facebook Penn94,highest_degree,4,0.2,281,38715,7
Facebook Penn94,highest_degree,4,0.2,282,38730,6
Facebook Penn94,highest_degree,4,0.2,283,38726,6
Facebook Penn94,highest_degree,4,0.2,284,38742,7
Facebook Penn94,highest_degree,4,0.2,285,38763,7
Facebook Penn94,highest_degree,4,0.2,286,38795,7
Facebook Penn94,highest_degree,4,0.2,287,38624,6
Facebook Penn94,highest_degree,4,0.2,288,38762,7
Facebook Penn94,highest_degree,4,0.2,289,38741,7
Facebook Penn94,highest_degree,4,0.2,290,38742,7
Facebook Penn94,highest_degree,4,0.2,291,38754,7
Facebook Penn94,highest_degree,4,0.2,292,38731,7
Facebook Penn94,highest_degree,4,0.2,293,38749,7
Facebook Penn94,highest_degree,4,0.2,294,38771,6
Facebook Penn94,highest_degree,4,0.2,295,38777,6
Facebook Penn94,highest_degree,4,0.2,296,38700,6
Facebook Penn94,highest_degree,4,0.2,297,38691,6
Facebook Penn94,highest_degree,4,0.2,298,38685,7
Facebook Penn94,highest_degree,4,0.2,299,38760,7
Facebook Penn94,highest_degree,4,0.2,300,38710,6
Facebook Penn94,highest_degree,4,0.2,301,38717,8
Facebook Penn94,highest_degree,4,0.2,302,38704,6
Facebook Penn94,highest_degree,4,0.2,303,38727,6
Facebook Penn94,highest_degree,4,0.2,304,38772,6
Facebook Penn94,highest_degree,4,0.2,305,38752,7
Facebook Penn94,highest_degree,4,0.2,306,38743,6
Facebook Penn94,highest_degree,4,0.2,307,38733,6
Facebook Penn94,highest_degree,4,0.2,308,38700,6
Facebook Penn94,highest_degree,4,0.2,309,38756,6
Facebook Penn94,highest_degree,4,0.2,310,38733,6
Facebook Penn94,highest_degree,4,0.2,311,38774,6
Facebook Penn94,highest_degree,4,0.2,312,38784,7
Facebook Penn94,highest_degree,4,0.2,313,38714,7
Facebook Penn94,highest_degree,4,0.2,314,38733,6
Facebook Penn94,highest_degree,4,0.2,315,38744,7
Facebook Penn94,highest_degree,4,0.2,316,38709,6
Facebook Penn94,highest_degree,4,0.2,317,38842,7
Facebook Penn94,highest_degree,4,0.2,318,38753,7
Facebook Penn94,highest_degree,4,0.2,319,38679,6
Facebook Penn94,highest_degree,4,0.2,320,38758,7
Facebook Penn94,highest_degree,4,0.2,321,38787,6
Facebook Penn94,highest_degree,4,0.2,322,38730,6
Facebook Penn94,highest_degree,4,0.2,323,38761,8
Facebook Penn94,highest_degree,4,0.2,324,38740,7
Facebook Penn94,highest_degree,4,0.2,325,38713,8
Facebook Penn94,highest_degree,4,0.2,326,38748,6
Facebook Penn94,highest_degree,4,0.2,327,38736,7
Facebook Penn94,highest_degree,4,0.2,328,38682,7
Facebook Penn94,highest_degree,4,0.2,329,38685,7
Facebook Penn94,highest_degree,4,0.2,330,38709,7
Facebook Penn94,highest_degree,4,0.2,331,38720,6
Facebook Penn94,highest_degree,4,0.2,332,38762,7
Facebook Penn94,highest_degree,4,0.2,333,38741,6
Facebook Penn94,highest_degree,4,0.2,334,38794,7
Facebook Penn94,highest_degree,4,0.2,335,38715,7
Facebook Penn94,highest_degree,4,0.2,336,38750,7
Facebook Penn94,highest_degree,4,0.2,337,38810,7
Facebook Penn94,highest_degree,4,0.2,338,38698,7
Facebook Penn94,highest_degree,4,0.2,339,38709,6
Facebook Penn94,highest_degree,4,0.2,340,38799,6
Facebook Penn94,highest_degree,4,0.2,341,38790,7
Facebook Penn94,highest_degree,4,0.2,342,38781,6
Facebook Penn94,highest_degree,4,0.2,343,38718,7
Facebook Penn94,highest_degree,4,0.2,344,38764,7
Facebook Penn94,highest_degree,4,0.2,345,38778,7
Facebook Penn94,highest_degree,4,0.2,346,38735,7
Facebook Penn94,highest_degree,4,0.2,347,38760,6
Facebook Penn94,highest_degree,4,0.2,348,38762,7
Facebook Penn94,highest_degree,4,0.2,349,38762,7
Facebook Penn94,highest_degree,4,0.2,350,38786,7
Facebook Penn94,highest_degree,4,0.2,351,38731,6
Facebook Penn94,highest_degree,4,0.2,352,38749,8
Facebook Penn94,highest_degree,4,0.2,353,38758,7
Facebook Penn94,highest_degree,4,0.2,354,38726,6
Facebook Penn94,highest_degree,4,0.2,355,38744,7
Facebook Penn94,highest_degree,4,0.2,356,38758,6
Facebook Penn94,highest_degree,4,0.2,357,38743,7
Facebook Penn94,highest_degree,4,0.2,358,38698,8
Facebook Penn94,highest_degree,4,0.2,359,38778,6
Facebook Penn94,highest_degree,4,0.2,360,38742,6
Facebook Penn94,highest_degree,4,0.2,361,38711,7
Facebook Penn94,highest_degree,4,0.2,362,38789,7
Facebook Penn94,highest_degree,4,0.2,363,38801,7
Facebook Penn94,highest_degree,4,0.2,364,38649,6
Facebook Penn94,highest_degree,4,0.2,365,38732,6
Facebook Penn94,highest_degree,4,0.2,366,38733,6
Facebook Penn94,highest_degree,4,0.2,367,38764,7
Facebook Penn94,highest_degree,4,0.2,368,38788,7
Facebook Penn94,highest_degree,4,0.2,369,38757,6
Facebook Penn94,highest_degree,4,0.2,370,38687,7
Facebook Penn94,highest_degree,4,0.2,371,38711,7
Facebook Penn94,highest_degree,4,0.2,372,38709,8
Facebook Penn94,highest_degree,4,0.2,373,38787,6
Facebook Penn94,highest_degree,4,0.2,374,38750,6
Facebook Penn94,highest_degree,4,0.2,375,38736,6
Facebook Penn94,highest_degree,4,0.2,376,38742,6
Facebook Penn94,highest_degree,4,0.2,377,38728,7
Facebook Penn94,highest_degree,4,0.2,378,38780,7
Facebook Penn94,highest_degree,4,0.2,379,38752,6
Facebook Penn94,highest_degree,4,0.2,380,38719,7
Facebook Penn94,highest_degree,4,0.2,381,38714,6
Facebook Penn94,highest_degree,4,0.2,382,38739,7
Facebook Penn94,highest_degree,4,0.2,383,38778,7
Facebook Penn94,highest_degree,4,0.2,384,38699,6
Facebook Penn94,highest_degree,4,0.2,385,38707,7
Facebook Penn94,highest_degree,4,0.2,386,38741,6
Facebook Penn94,highest_degree,4,0.2,387,38742,7
Facebook Penn94,highest_degree,4,0.2,388,38714,7
Facebook Penn94,highest_degree,4,0.2,389,38739,7
Facebook Penn94,highest_degree,4,0.2,390,38773,7
Facebook Penn94,highest_degree,4,0.2,391,38796,8
Facebook Penn94,highest_degree,4,0.2,392,38741,6
Facebook Penn94,highest_degree,4,0.2,393,38759,6
Facebook Penn94,highest_degree,4,0.2,394,38772,6
Facebook Penn94,highest_degree,4,0.2,395,38763,6
Facebook Penn94,highest_degree,4,0.2,396,38727,7
Facebook Penn94,highest_degree,4,0.2,397,38736,8
Facebook Penn94,highest_degree,4,0.2,398,38647,7
Facebook Penn94,highest_degree,4,0.2,399,38775,6
Facebook Penn94,highest_degree,4,0.2,400,38773,7
Facebook Penn94,highest_degree,4,0.2,401,38793,6
Facebook Penn94,highest_degree,4,0.2,402,38750,7
Facebook Penn94,highest_degree,4,0.2,403,38790,7
Facebook Penn94,highest_degree,4,0.2,404,38708,6
Facebook Penn94,highest_degree,4,0.2,405,38713,6
Facebook Penn94,highest_degree,4,0.2,406,38695,6
Facebook Penn94,highest_degree,4,0.2,407,38757,7
Facebook Penn94,highest_degree,4,0.2,408,38730,6
Facebook Penn94,highest_degree,4,0.2,409,38773,7
Facebook Penn94,highest_degree,4,0.2,410,38790,7
Facebook Penn94,highest_degree,4,0.2,411,38807,7
Facebook Penn94,highest_degree,4,0.2,412,38821,7
Facebook Penn94,highest_degree,4,0.2,413,38724,6
Facebook Penn94,highest_degree,4,0.2,414,38797,7
Facebook Penn94,highest_degree,4,0.2,415,38784,7
Facebook Penn94,highest_degree,4,0.2,416,38737,8
Facebook Penn94,highest_degree,4,0.2,417,38731,6
Facebook Penn94,highest_degree,4,0.2,418,38787,7
Facebook Penn94,highest_degree,4,0.2,419,38648,7
Facebook Penn94,highest_degree,4,0.2,420,38747,7
Facebook Penn94,highest_degree,4,0.2,421,38687,7
Facebook Penn94,highest_degree,4,0.2,422,38772,6
Facebook Penn94,highest_degree,4,0.2,423,38750,6
Facebook Penn94,highest_degree,4,0.2,424,38772,7
Facebook Penn94,highest_degree,4,0.2,425,38747,7
Facebook Penn94,highest_degree,4,0.2,426,38688,7
Facebook Penn94,highest_degree,4,0.2,427,38807,6
Facebook Penn94,highest_degree,4,0.2,428,38663,6
Facebook Penn94,highest_degree,4,0.2,429,38687,7
Facebook Penn94,highest_degree,4,0.2,430,38732,6
Facebook Penn94,highest_degree,4,0.2,431,38760,6
Facebook Penn94,highest_degree,4,0.2,432,38735,7
Facebook Penn94,highest_degree,4,0.2,433,38792,6
Facebook Penn94,highest_degree,4,0.2,434,38780,7
Facebook Penn94,highest_degree,4,0.2,435,38742,6
Facebook Penn94,highest_degree,4,0.2,436,38722,7
Facebook Penn94,highest_degree,4,0.2,437,38734,6
Facebook Penn94,highest_degree,4,0.2,438,38758,8
Facebook Penn94,highest_degree,4,0.2,439,38734,7
Facebook Penn94,highest_degree,4,0.2,440,38762,6
Facebook Penn94,highest_degree,4,0.2,441,38724,8
Facebook Penn94,highest_degree,4,0.2,442,38743,7
Facebook Penn94,highest_degree,4,0.2,443,38771,6
Facebook Penn94,highest_degree,4,0.2,444,38762,7
Facebook Penn94,highest_degree,4,0.2,445,38791,6
Facebook Penn94,highest_degree,4,0.2,446,38769,6
Facebook Penn94,highest_degree,4,0.2,447,38725,6
Facebook Penn94,highest_degree,4,0.2,448,38688,7
Facebook Penn94,highest_degree,4,0.2,449,38720,6
Facebook Penn94,highest_degree,4,0.2,450,38804,6
Facebook Penn94,highest_degree,4,0.2,451,38753,7
Facebook Penn94,highest_degree,4,0.2,452,38797,6
Facebook Penn94,highest_degree,4,0.2,453,38762,6
Facebook Penn94,highest_degree,4,0.2,454,38759,7
Facebook Penn94,highest_degree,4,0.2,455,38782,7
Facebook Penn94,highest_degree,4,0.2,456,38745,6
Facebook Penn94,highest_degree,4,0.2,457,38841,7
Facebook Penn94,highest_degree,4,0.2,458,38733,6
Facebook Penn94,highest_degree,4,0.2,459,38799,7
Facebook Penn94,highest_degree,4,0.2,460,38746,6
Facebook Penn94,highest_degree,4,0.2,461,38696,6
Facebook Penn94,highest_degree,4,0.2,462,38739,7
Facebook Penn94,highest_degree,4,0.2,463,38827,7
Facebook Penn94,highest_degree,4,0.2,464,38710,7
Facebook Penn94,highest_degree,4,0.2,465,38812,6
Facebook Penn94,highest_degree,4,0.2,466,38716,6
Facebook Penn94,highest_degree,4,0.2,467,38744,7
Facebook Penn94,highest_degree,4,0.2,468,38774,7
Facebook Penn94,highest_degree,4,0.2,469,38712,6
Facebook Penn94,highest_degree,4,0.2,470,38795,6
Facebook Penn94,highest_degree,4,0.2,471,38781,8
Facebook Penn94,highest_degree,4,0.2,472,38691,11
Facebook Penn94,highest_degree,4,0.2,473,38796,6
Facebook Penn94,highest_degree,4,0.2,474,38763,7
Facebook Penn94,highest_degree,4,0.2,475,38710,6
Facebook Penn94,highest_degree,4,0.2,476,38733,6
Facebook Penn94,highest_degree,4,0.2,477,38707,6
Facebook Penn94,highest_degree,4,0.2,478,38735,7
Facebook Penn94,highest_degree,4,0.2,479,38748,8
Facebook Penn94,highest_degree,4,0.2,480,38779,7
Facebook Penn94,highest_degree,4,0.2,481,38860,7
Facebook Penn94,highest_degree,4,0.2,482,38812,6
Facebook Penn94,highest_degree,4,0.2,483,38770,7
Facebook Penn94,highest_degree,4,0.2,484,38798,7
Facebook Penn94,highest_degree,4,0.2,485,38779,7
Facebook Penn94,highest_degree,4,0.2,486,38757,6
Facebook Penn94,highest_degree,4,0.2,487,38702,7
Facebook Penn94,highest_degree,4,0.2,488,38786,7
Facebook Penn94,highest_degree,4,0.2,489,38756,7
Facebook Penn94,highest_degree,4,0.2,490,38788,7
Facebook Penn94,highest_degree,4,0.2,491,38771,7
Facebook Penn94,highest_degree,4,0.2,492,38705,7
Facebook Penn94,highest_degree,4,0.2,493,38763,6
Facebook Penn94,highest_degree,4,0.2,494,38672,7
Facebook Penn94,highest_degree,4,0.2,495,38748,7
Facebook Penn94,highest_degree,4,0.2,496,38720,6
Facebook Penn94,highest_degree,4,0.2,497,38740,6
Facebook Penn94,highest_degree,4,0.2,498,38735,8
Facebook Penn94,highest_degree,4,0.2,499,38775,6
Facebook Penn94,highest_degree,4,0.2,500,38741,7
Facebook Penn94,highest_degree,4,0.2,501,38749,7
Facebook Penn94,highest_degree,4,0.2,502,38749,6
Facebook Penn94,highest_degree,4,0.2,503,38772,7
Facebook Penn94,highest_degree,4,0.2,504,38771,6
Facebook Penn94,highest_degree,4,0.2,505,38746,6
Facebook Penn94,highest_degree,4,0.2,506,38701,6
Facebook Penn94,highest_degree,4,0.2,507,38702,7
Facebook Penn94,highest_degree,4,0.2,508,38770,8
Facebook Penn94,highest_degree,4,0.2,509,38745,6
Facebook Penn94,highest_degree,4,0.2,510,38747,7
Facebook Penn94,highest_degree,4,0.2,511,38748,6
Facebook Penn94,highest_degree,4,0.2,512,38809,6
Facebook Penn94,highest_degree,4,0.2,513,38708,6
Facebook Penn94,highest_degree,4,0.2,514,38781,7
Facebook Penn94,highest_degree,4,0.2,515,38754,8
Facebook Penn94,highest_degree,4,0.2,516,38749,7
Facebook Penn94,highest_degree,4,0.2,517,38729,7
Facebook Penn94,highest_degree,4,0.2,518,38738,6
Facebook Penn94,highest_degree,4,0.2,519,38709,6
Facebook Penn94,highest_degree,4,0.2,520,38743,7
Facebook Penn94,highest_degree,4,0.2,521,38799,7
Facebook Penn94,highest_degree,4,0.2,522,38696,7
Facebook Penn94,highest_degree,4,0.2,523,38729,6
Facebook Penn94,highest_degree,4,0.2,524,38679,6
Facebook Penn94,highest_degree,4,0.2,525,38783,7
Facebook Penn94,highest_degree,4,0.2,526,38738,6
Facebook Penn94,highest_degree,4,0.2,527,38776,8
Facebook Penn94,highest_degree,4,0.2,528,38696,6
Facebook Penn94,highest_degree,4,0.2,529,38720,5
Facebook Penn94,highest_degree,4,0.2,530,38762,8
Facebook Penn94,highest_degree,4,0.2,531,38750,7
Facebook Penn94,highest_degree,4,0.2,532,38797,7
Facebook Penn94,highest_degree,4,0.2,533,38757,7
Facebook Penn94,highest_degree,4,0.2,534,38741,7
Facebook Penn94,highest_degree,4,0.2,535,38762,6
Facebook Penn94,highest_degree,4,0.2,536,38761,7
Facebook Penn94,highest_degree,4,0.2,537,38769,7
Facebook Penn94,highest_degree,4,0.2,538,38774,6
Facebook Penn94,highest_degree,4,0.2,539,38736,6
Facebook Penn94,highest_degree,4,0.2,540,38716,7
Facebook Penn94,highest_degree,4,0.2,541,38743,6
Facebook Penn94,highest_degree,4,0.2,542,38771,6
Facebook Penn94,highest_degree,4,0.2,543,38689,7
Facebook Penn94,highest_degree,4,0.2,544,38766,7
Facebook Penn94,highest_degree,4,0.2,545,38792,7
Facebook Penn94,highest_degree,4,0.2,546,38674,6
Facebook Penn94,highest_degree,4,0.2,547,38751,7
Facebook Penn94,highest_degree,4,0.2,548,38713,6
Facebook Penn94,highest_degree,4,0.2,549,38745,7
Facebook Penn94,highest_degree,4,0.2,550,38761,8
Facebook Penn94,highest_degree,4,0.2,551,38720,6
Facebook Penn94,highest_degree,4,0.2,552,38784,7
Facebook Penn94,highest_degree,4,0.2,553,38783,6
Facebook Penn94,highest_degree,4,0.2,554,38699,7
Facebook Penn94,highest_degree,4,0.2,555,38748,8
Facebook Penn94,highest_degree,4,0.2,556,38695,6
Facebook Penn94,highest_degree,4,0.2,557,38773,7
Facebook Penn94,highest_degree,4,0.2,558,38773,8
Facebook Penn94,highest_degree,4,0.2,559,38713,6
Facebook Penn94,highest_degree,4,0.2,560,38705,6
Facebook Penn94,highest_degree,4,0.2,561,38799,7
Facebook Penn94,highest_degree,4,0.2,562,38735,7
Facebook Penn94,highest_degree,4,0.2,563,38772,7
Facebook Penn94,highest_degree,4,0.2,564,38714,7
Facebook Penn94,highest_degree,4,0.2,565,38755,6
Facebook Penn94,highest_degree,4,0.2,566,38800,8
Facebook Penn94,highest_degree,4,0.2,567,38798,6
Facebook Penn94,highest_degree,4,0.2,568,38759,7
Facebook Penn94,highest_degree,4,0.2,569,38690,8
Facebook Penn94,highest_degree,4,0.2,570,38733,6
Facebook Penn94,highest_degree,4,0.2,571,38696,6
Facebook Penn94,highest_degree,4,0.2,572,38753,6
Facebook Penn94,highest_degree,4,0.2,573,38747,7
Facebook Penn94,highest_degree,4,0.2,574,38698,6
Facebook Penn94,highest_degree,4,0.2,575,38767,6
Facebook Penn94,highest_degree,4,0.2,576,38766,6
Facebook Penn94,highest_degree,4,0.2,577,38721,7
Facebook Penn94,highest_degree,4,0.2,578,38737,7
Facebook Penn94,highest_degree,4,0.2,579,38700,7
Facebook Penn94,highest_degree,4,0.2,580,38785,7
Facebook Penn94,highest_degree,4,0.2,581,38756,7
Facebook Penn94,highest_degree,4,0.2,582,38712,7
Facebook Penn94,highest_degree,4,0.2,583,38741,7
Facebook Penn94,highest_degree,4,0.2,584,38777,6
Facebook Penn94,highest_degree,4,0.2,585,38789,6
Facebook Penn94,highest_degree,4,0.2,586,38714,6
Facebook Penn94,highest_degree,4,0.2,587,38776,7
Facebook Penn94,highest_degree,4,0.2,588,38706,7
Facebook Penn94,highest_degree,4,0.2,589,38735,7
Facebook Penn94,highest_degree,4,0.2,590,38748,7
Facebook Penn94,highest_degree,4,0.2,591,38777,7
Facebook Penn94,highest_degree,4,0.2,592,38738,7
Facebook Penn94,highest_degree,4,0.2,593,38756,7
Facebook Penn94,highest_degree,4,0.2,594,38798,6
Facebook Penn94,highest_degree,4,0.2,595,38740,7
Facebook Penn94,highest_degree,4,0.2,596,38770,6
Facebook Penn94,highest_degree,4,0.2,597,38700,6
Facebook Penn94,highest_degree,4,0.2,598,38740,7
Facebook Penn94,highest_degree,4,0.2,599,38702,7
Facebook Penn94,highest_degree,4,0.2,600,38734,8
Facebook Penn94,highest_degree,4,0.2,601,38724,6
Facebook Penn94,highest_degree,4,0.2,602,38745,6
Facebook Penn94,highest_degree,4,0.2,603,38725,6
Facebook Penn94,highest_degree,4,0.2,604,38733,7
Facebook Penn94,highest_degree,4,0.2,605,38746,6
Facebook Penn94,highest_degree,4,0.2,606,38828,6
Facebook Penn94,highest_degree,4,0.2,607,38768,7
Facebook Penn94,highest_degree,4,0.2,608,38746,7
Facebook Penn94,highest_degree,4,0.2,609,38839,6
Facebook Penn94,highest_degree,4,0.2,610,38719,7
Facebook Penn94,highest_degree,4,0.2,611,38765,7
Facebook Penn94,highest_degree,4,0.2,612,38707,7
Facebook Penn94,highest_degree,4,0.2,613,38743,7
Facebook Penn94,highest_degree,4,0.2,614,38669,6
Facebook Penn94,highest_degree,4,0.2,615,38707,6
Facebook Penn94,highest_degree,4,0.2,616,38840,8
Facebook Penn94,highest_degree,4,0.2,617,38723,6
Facebook Penn94,highest_degree,4,0.2,618,38769,7
Facebook Penn94,highest_degree,4,0.2,619,38728,6
Facebook Penn94,highest_degree,4,0.2,620,38693,7
Facebook Penn94,highest_degree,4,0.2,621,38741,6
Facebook Penn94,highest_degree,4,0.2,622,38721,7
Facebook Penn94,highest_degree,4,0.2,623,38775,7
Facebook Penn94,highest_degree,4,0.2,624,38778,6
Facebook Penn94,highest_degree,4,0.2,625,38821,7
Facebook Penn94,highest_degree,4,0.2,626,38747,7
Facebook Penn94,highest_degree,4,0.2,627,38804,7
Facebook Penn94,highest_degree,4,0.2,628,38708,7
Facebook Penn94,highest_degree,4,0.2,629,38711,8
Facebook Penn94,highest_degree,4,0.2,630,38757,7
Facebook Penn94,highest_degree,4,0.2,631,38786,7
Facebook Penn94,highest_degree,4,0.2,632,38732,6
Facebook Penn94,highest_degree,4,0.2,633,38709,6
Facebook Penn94,highest_degree,4,0.2,634,38678,6
Facebook Penn94,highest_degree,4,0.2,635,38719,7
Facebook Penn94,highest_degree,4,0.2,636,38752,6
Facebook Penn94,highest_degree,4,0.2,637,38713,7
Facebook Penn94,highest_degree,4,0.2,638,38737,6
Facebook Penn94,highest_degree,4,0.2,639,38770,7
Facebook Penn94,highest_degree,4,0.2,640,38752,7
Facebook Penn94,highest_degree,4,0.2,641,38691,7
Facebook Penn94,highest_degree,4,0.2,642,38704,7
Facebook Penn94,highest_degree,4,0.2,643,38789,7
Facebook Penn94,highest_degree,4,0.2,644,38761,7
Facebook Penn94,highest_degree,4,0.2,645,38790,6
Facebook Penn94,highest_degree,4,0.2,646,38723,8
Facebook Penn94,highest_degree,4,0.2,647,38797,5
Facebook Penn94,highest_degree,4,0.2,648,38793,6
Facebook Penn94,highest_degree,4,0.2,649,38749,6
Facebook Penn94,highest_degree,4,0.2,650,38733,7
Facebook Penn94,highest_degree,4,0.2,651,38740,7
Facebook Penn94,highest_degree,4,0.2,652,38769,7
Facebook Penn94,highest_degree,4,0.2,653,38822,6
Facebook Penn94,highest_degree,4,0.2,654,38719,6
Facebook Penn94,highest_degree,4,0.2,655,38654,7
Facebook Penn94,highest_degree,4,0.2,656,38702,7
Facebook Penn94,highest_degree,4,0.2,657,38792,6
Facebook Penn94,highest_degree,4,0.2,658,38785,7
Facebook Penn94,highest_degree,4,0.2,659,38705,7
Facebook Penn94,highest_degree,4,0.2,660,38728,7
Facebook Penn94,highest_degree,4,0.2,661,38705,7
Facebook Penn94,highest_degree,4,0.2,662,38737,6
Facebook Penn94,highest_degree,4,0.2,663,38711,7
Facebook Penn94,highest_degree,4,0.2,664,38749,7
Facebook Penn94,highest_degree,4,0.2,665,38769,7
Facebook Penn94,highest_degree,4,0.2,666,38797,7
Facebook Penn94,highest_degree,4,0.2,667,38760,6
Facebook Penn94,highest_degree,4,0.2,668,38780,6
Facebook Penn94,highest_degree,4,0.2,669,38697,6
Facebook Penn94,highest_degree,4,0.2,670,38751,7
Facebook Penn94,highest_degree,4,0.2,671,38746,7
Facebook Penn94,highest_degree,4,0.2,672,38755,6
Facebook Penn94,highest_degree,4,0.2,673,38782,7
Facebook Penn94,highest_degree,4,0.2,674,38695,6
Facebook Penn94,highest_degree,4,0.2,675,38746,6
Facebook Penn94,highest_degree,4,0.2,676,38740,8
Facebook Penn94,highest_degree,4,0.2,677,38788,7
Facebook Penn94,highest_degree,4,0.2,678,38764,7
Facebook Penn94,highest_degree,4,0.2,679,38637,7
Facebook Penn94,highest_degree,4,0.2,680,38704,6
Facebook Penn94,highest_degree,4,0.2,681,38737,7
Facebook Penn94,highest_degree,4,0.2,682,38762,8
Facebook Penn94,highest_degree,4,0.2,683,38744,8
Facebook Penn94,highest_degree,4,0.2,684,38777,6
Facebook Penn94,highest_degree,4,0.2,685,38785,7
Facebook Penn94,highest_degree,4,0.2,686,38671,7
Facebook Penn94,highest_degree,4,0.2,687,38729,6
Facebook Penn94,highest_degree,4,0.2,688,38779,7
Facebook Penn94,highest_degree,4,0.2,689,38801,7
Facebook Penn94,highest_degree,4,0.2,690,38782,6
Facebook Penn94,highest_degree,4,0.2,691,38740,7
Facebook Penn94,highest_degree,4,0.2,692,38740,6
Facebook Penn94,highest_degree,4,0.2,693,38796,6
Facebook Penn94,highest_degree,4,0.2,694,38676,7
Facebook Penn94,highest_degree,4,0.2,695,38722,7
Facebook Penn94,highest_degree,4,0.2,696,38727,6
Facebook Penn94,highest_degree,4,0.2,697,38792,8
Facebook Penn94,highest_degree,4,0.2,698,38718,6
Facebook Penn94,highest_degree,4,0.2,699,38699,6
Facebook Penn94,highest_degree,4,0.2,700,38724,7
Facebook Penn94,highest_degree,4,0.2,701,38735,7
Facebook Penn94,highest_degree,4,0.2,702,38731,7
Facebook Penn94,highest_degree,4,0.2,703,38732,6
Facebook Penn94,highest_degree,4,0.2,704,38770,8
Facebook Penn94,highest_degree,4,0.2,705,38718,7
Facebook Penn94,highest_degree,4,0.2,706,38726,7
Facebook Penn94,highest_degree,4,0.2,707,38794,6
Facebook Penn94,highest_degree,4,0.2,708,38783,8
Facebook Penn94,highest_degree,4,0.2,709,38703,6
Facebook Penn94,highest_degree,4,0.2,710,38780,7
Facebook Penn94,highest_degree,4,0.2,711,38776,6
Facebook Penn94,highest_degree,4,0.2,712,38728,7
Facebook Penn94,highest_degree,4,0.2,713,38726,6
Facebook Penn94,highest_degree,4,0.2,714,38751,6
Facebook Penn94,highest_degree,4,0.2,715,38745,7
Facebook Penn94,highest_degree,4,0.2,716,38764,7
Facebook Penn94,highest_degree,4,0.2,717,38711,6
Facebook Penn94,highest_degree,4,0.2,718,38727,6
Facebook Penn94,highest_degree,4,0.2,719,38765,6
Facebook Penn94,highest_degree,4,0.2,720,38734,7
Facebook Penn94,highest_degree,4,0.2,721,38712,7
Facebook Penn94,highest_degree,4,0.2,722,38760,7
Facebook Penn94,highest_degree,4,0.2,723,38731,7
Facebook Penn94,highest_degree,4,0.2,724,38790,7
Facebook Penn94,highest_degree,4,0.2,725,38799,6
Facebook Penn94,highest_degree,4,0.2,726,38731,7
Facebook Penn94,highest_degree,4,0.2,727,38689,6
Facebook Penn94,highest_degree,4,0.2,728,38754,6
Facebook Penn94,highest_degree,4,0.2,729,38742,6
Facebook Penn94,highest_degree,4,0.2,730,38824,6
Facebook Penn94,highest_degree,4,0.2,731,38840,6
Facebook Penn94,highest_degree,4,0.2,732,38758,6
Facebook Penn94,highest_degree,4,0.2,733,38656,6
Facebook Penn94,highest_degree,4,0.2,734,38766,7
Facebook Penn94,highest_degree,4,0.2,735,38755,7
Facebook Penn94,highest_degree,4,0.2,736,38760,7
Facebook Penn94,highest_degree,4,0.2,737,38712,7
Facebook Penn94,highest_degree,4,0.2,738,38766,6
Facebook Penn94,highest_degree,4,0.2,739,38727,7
Facebook Penn94,highest_degree,4,0.2,740,38696,7
Facebook Penn94,highest_degree,4,0.2,741,38754,7
Facebook Penn94,highest_degree,4,0.2,742,38755,6
Facebook Penn94,highest_degree,4,0.2,743,38768,8
Facebook Penn94,highest_degree,4,0.2,744,38670,8
Facebook Penn94,highest_degree,4,0.2,745,38792,7
Facebook Penn94,highest_degree,4,0.2,746,38724,7
Facebook Penn94,highest_degree,4,0.2,747,38783,7
Facebook Penn94,highest_degree,4,0.2,748,38717,7
Facebook Penn94,highest_degree,4,0.2,749,38707,6
Facebook Penn94,highest_degree,4,0.2,750,38745,6
Facebook Penn94,highest_degree,4,0.2,751,38698,6
Facebook Penn94,highest_degree,4,0.2,752,38795,7
Facebook Penn94,highest_degree,4,0.2,753,38803,6
Facebook Penn94,highest_degree,4,0.2,754,38776,7
Facebook Penn94,highest_degree,4,0.2,755,38760,7
Facebook Penn94,highest_degree,4,0.2,756,38726,6
Facebook Penn94,highest_degree,4,0.2,757,38791,8
Facebook Penn94,highest_degree,4,0.2,758,38792,7
Facebook Penn94,highest_degree,4,0.2,759,38762,7
Facebook Penn94,highest_degree,4,0.2,760,38781,7
Facebook Penn94,highest_degree,4,0.2,761,38702,7
Facebook Penn94,highest_degree,4,0.2,762,38786,6
Facebook Penn94,highest_degree,4,0.2,763,38745,7
Facebook Penn94,highest_degree,4,0.2,764,38721,8
Facebook Penn94,highest_degree,4,0.2,765,38723,6
Facebook Penn94,highest_degree,4,0.2,766,38809,7
Facebook Penn94,highest_degree,4,0.2,767,38679,7
Facebook Penn94,highest_degree,4,0.2,768,38750,6
Facebook Penn94,highest_degree,4,0.2,769,38767,6
Facebook Penn94,highest_degree,4,0.2,770,38746,7
Facebook Penn94,highest_degree,4,0.2,771,38738,6
Facebook Penn94,highest_degree,4,0.2,772,38709,6
Facebook Penn94,highest_degree,4,0.2,773,38779,7
Facebook Penn94,highest_degree,4,0.2,774,38758,7
Facebook Penn94,highest_degree,4,0.2,775,38769,7
Facebook Penn94,highest_degree,4,0.2,776,38716,8
Facebook Penn94,highest_degree,4,0.2,777,38806,7
Facebook Penn94,highest_degree,4,0.2,778,38790,6
Facebook Penn94,highest_degree,4,0.2,779,38788,6
Facebook Penn94,highest_degree,4,0.2,780,38736,6
Facebook Penn94,highest_degree,4,0.2,781,38745,7
Facebook Penn94,highest_degree,4,0.2,782,38768,7
Facebook Penn94,highest_degree,4,0.2,783,38788,6
Facebook Penn94,highest_degree,4,0.2,784,38741,7
Facebook Penn94,highest_degree,4,0.2,785,38754,6
Facebook Penn94,highest_degree,4,0.2,786,38688,7
Facebook Penn94,highest_degree,4,0.2,787,38692,6
Facebook Penn94,highest_degree,4,0.2,788,38768,7
Facebook Penn94,highest_degree,4,0.2,789,38689,6
Facebook Penn94,highest_degree,4,0.2,790,38775,6
Facebook Penn94,highest_degree,4,0.2,791,38701,7
Facebook Penn94,highest_degree,4,0.2,792,38715,7
Facebook Penn94,highest_degree,4,0.2,793,38745,6
Facebook Penn94,highest_degree,4,0.2,794,38709,6
Facebook Penn94,highest_degree,4,0.2,795,38724,7
Facebook Penn94,highest_degree,4,0.2,796,38691,6
Facebook Penn94,highest_degree,4,0.2,797,38760,6
Facebook Penn94,highest_degree,4,0.2,798,38726,7
Facebook Penn94,highest_degree,4,0.2,799,38747,6
Facebook Penn94,highest_degree,4,0.2,800,38778,7
Facebook Penn94,highest_degree,4,0.2,801,38749,6
Facebook Penn94,highest_degree,4,0.2,802,38704,6
Facebook Penn94,highest_degree,4,0.2,803,38758,7
Facebook Penn94,highest_degree,4,0.2,804,38645,7
Facebook Penn94,highest_degree,4,0.2,805,38798,7
Facebook Penn94,highest_degree,4,0.2,806,38747,7
Facebook Penn94,highest_degree,4,0.2,807,38750,6
Facebook Penn94,highest_degree,4,0.2,808,38734,7
Facebook Penn94,highest_degree,4,0.2,809,38772,8
Facebook Penn94,highest_degree,4,0.2,810,38744,7
Facebook Penn94,highest_degree,4,0.2,811,38676,6
Facebook Penn94,highest_degree,4,0.2,812,38727,6
Facebook Penn94,highest_degree,4,0.2,813,38661,7
Facebook Penn94,highest_degree,4,0.2,814,38740,7
Facebook Penn94,highest_degree,4,0.2,815,38701,6
Facebook Penn94,highest_degree,4,0.2,816,38788,6
Facebook Penn94,highest_degree,4,0.2,817,38759,7
Facebook Penn94,highest_degree,4,0.2,818,38738,7
Facebook Penn94,highest_degree,4,0.2,819,38762,7
Facebook Penn94,highest_degree,4,0.2,820,38781,6
Facebook Penn94,highest_degree,4,0.2,821,38784,6
Facebook Penn94,highest_degree,4,0.2,822,38776,6
Facebook Penn94,highest_degree,4,0.2,823,38787,6
Facebook Penn94,highest_degree,4,0.2,824,38694,7
Facebook Penn94,highest_degree,4,0.2,825,38772,7
Facebook Penn94,highest_degree,4,0.2,826,38749,6
Facebook Penn94,highest_degree,4,0.2,827,38760,6
Facebook Penn94,highest_degree,4,0.2,828,38760,7
Facebook Penn94,highest_degree,4,0.2,829,38817,7
Facebook Penn94,highest_degree,4,0.2,830,38705,6
Facebook Penn94,highest_degree,4,0.2,831,38760,6
Facebook Penn94,highest_degree,4,0.2,832,38738,6
Facebook Penn94,highest_degree,4,0.2,833,38697,6
Facebook Penn94,highest_degree,4,0.2,834,38760,6
Facebook Penn94,highest_degree,4,0.2,835,38754,7
Facebook Penn94,highest_degree,4,0.2,836,38684,8
Facebook Penn94,highest_degree,4,0.2,837,38762,6
Facebook Penn94,highest_degree,4,0.2,838,38770,6
Facebook Penn94,highest_degree,4,0.2,839,38783,7
Facebook Penn94,highest_degree,4,0.2,840,38832,7
Facebook Penn94,highest_degree,4,0.2,841,38682,7
Facebook Penn94,highest_degree,4,0.2,842,38767,6
Facebook Penn94,highest_degree,4,0.2,843,38732,6
Facebook Penn94,highest_degree,4,0.2,844,38768,6
Facebook Penn94,highest_degree,4,0.2,845,38794,7
Facebook Penn94,highest_degree,4,0.2,846,38795,9
Facebook Penn94,highest_degree,4,0.2,847,38819,7
Facebook Penn94,highest_degree,4,0.2,848,38701,7
Facebook Penn94,highest_degree,4,0.2,849,38714,6
Facebook Penn94,highest_degree,4,0.2,850,38725,7
Facebook Penn94,highest_degree,4,0.2,851,38757,7
Facebook Penn94,highest_degree,4,0.2,852,38701,7
Facebook Penn94,highest_degree,4,0.2,853,38714,7
Facebook Penn94,highest_degree,4,0.2,854,38732,6
Facebook Penn94,highest_degree,4,0.2,855,38696,8
Facebook Penn94,highest_degree,4,0.2,856,38751,6
Facebook Penn94,highest_degree,4,0.2,857,38745,6
Facebook Penn94,highest_degree,4,0.2,858,38789,6
Facebook Penn94,highest_degree,4,0.2,859,38769,6
Facebook Penn94,highest_degree,4,0.2,860,38778,7
Facebook Penn94,highest_degree,4,0.2,861,38808,7
Facebook Penn94,highest_degree,4,0.2,862,38722,7
Facebook Penn94,highest_degree,4,0.2,863,38736,7
Facebook Penn94,highest_degree,4,0.2,864,38708,7
Facebook Penn94,highest_degree,4,0.2,865,38757,9
Facebook Penn94,highest_degree,4,0.2,866,38738,7
Facebook Penn94,highest_degree,4,0.2,867,38778,6
Facebook Penn94,highest_degree,4,0.2,868,38734,8
Facebook Penn94,highest_degree,4,0.2,869,38726,7
Facebook Penn94,highest_degree,4,0.2,870,38838,8
Facebook Penn94,highest_degree,4,0.2,871,38770,6
Facebook Penn94,highest_degree,4,0.2,872,38724,6
Facebook Penn94,highest_degree,4,0.2,873,38760,6
Facebook Penn94,highest_degree,4,0.2,874,38787,7
Facebook Penn94,highest_degree,4,0.2,875,38758,6
Facebook Penn94,highest_degree,4,0.2,876,38744,7
Facebook Penn94,highest_degree,4,0.2,877,38748,8
Facebook Penn94,highest_degree,4,0.2,878,38689,7
Facebook Penn94,highest_degree,4,0.2,879,38766,7
Facebook Penn94,highest_degree,4,0.2,880,38794,6
Facebook Penn94,highest_degree,4,0.2,881,38762,7
Facebook Penn94,highest_degree,4,0.2,882,38691,7
Facebook Penn94,highest_degree,4,0.2,883,38710,6
Facebook Penn94,highest_degree,4,0.2,884,38767,8
Facebook Penn94,highest_degree,4,0.2,885,38729,7
Facebook Penn94,highest_degree,4,0.2,886,38806,7
Facebook Penn94,highest_degree,4,0.2,887,38749,7
Facebook Penn94,highest_degree,4,0.2,888,38788,7
Facebook Penn94,highest_degree,4,0.2,889,38771,8
Facebook Penn94,highest_degree,4,0.2,890,38692,7
Facebook Penn94,highest_degree,4,0.2,891,38781,6
Facebook Penn94,highest_degree,4,0.2,892,38648,9
Facebook Penn94,highest_degree,4,0.2,893,38685,7
Facebook Penn94,highest_degree,4,0.2,894,38746,6
Facebook Penn94,highest_degree,4,0.2,895,38737,6
Facebook Penn94,highest_degree,4,0.2,896,38770,7
Facebook Penn94,highest_degree,4,0.2,897,38788,6
Facebook Penn94,highest_degree,4,0.2,898,38791,6
Facebook Penn94,highest_degree,4,0.2,899,38772,6
Facebook Penn94,highest_degree,4,0.2,900,38744,6
Facebook Penn94,highest_degree,4,0.2,901,38786,7
Facebook Penn94,highest_degree,4,0.2,902,38800,7
Facebook Penn94,highest_degree,4,0.2,903,38748,8
Facebook Penn94,highest_degree,4,0.2,904,38758,7
Facebook Penn94,highest_degree,4,0.2,905,38677,7
Facebook Penn94,highest_degree,4,0.2,906,38739,7
Facebook Penn94,highest_degree,4,0.2,907,38749,6
Facebook Penn94,highest_degree,4,0.2,908,38714,7
Facebook Penn94,highest_degree,4,0.2,909,38738,7
Facebook Penn94,highest_degree,4,0.2,910,38758,7
Facebook Penn94,highest_degree,4,0.2,911,38770,7
Facebook Penn94,highest_degree,4,0.2,912,38776,6
Facebook Penn94,highest_degree,4,0.2,913,38737,6
Facebook Penn94,highest_degree,4,0.2,914,38691,6
Facebook Penn94,highest_degree,4,0.2,915,38663,6
Facebook Penn94,highest_degree,4,0.2,916,38738,6
Facebook Penn94,highest_degree,4,0.2,917,38714,6
Facebook Penn94,highest_degree,4,0.2,918,38759,7
Facebook Penn94,highest_degree,4,0.2,919,38747,6
Facebook Penn94,highest_degree,4,0.2,920,38724,6
Facebook Penn94,highest_degree,4,0.2,921,38684,7
Facebook Penn94,highest_degree,4,0.2,922,38770,6
Facebook Penn94,highest_degree,4,0.2,923,38772,8
Facebook Penn94,highest_degree,4,0.2,924,38821,7
Facebook Penn94,highest_degree,4,0.2,925,38699,7
Facebook Penn94,highest_degree,4,0.2,926,38725,6
Facebook Penn94,highest_degree,4,0.2,927,38794,6
Facebook Penn94,highest_degree,4,0.2,928,38752,7
Facebook Penn94,highest_degree,4,0.2,929,38780,6
Facebook Penn94,highest_degree,4,0.2,930,38777,8
Facebook Penn94,highest_degree,4,0.2,931,38799,6
Facebook Penn94,highest_degree,4,0.2,932,38752,6
Facebook Penn94,highest_degree,4,0.2,933,38768,7
Facebook Penn94,highest_degree,4,0.2,934,38822,6
Facebook Penn94,highest_degree,4,0.2,935,38728,7
Facebook Penn94,highest_degree,4,0.2,936,38760,6
Facebook Penn94,highest_degree,4,0.2,937,38775,7
Facebook Penn94,highest_degree,4,0.2,938,38774,7
Facebook Penn94,highest_degree,4,0.2,939,38698,6
Facebook Penn94,highest_degree,4,0.2,940,38698,6
Facebook Penn94,highest_degree,4,0.2,941,38749,7
Facebook Penn94,highest_degree,4,0.2,942,38731,6
Facebook Penn94,highest_degree,4,0.2,943,38760,7
Facebook Penn94,highest_degree,4,0.2,944,38738,7
Facebook Penn94,highest_degree,4,0.2,945,38741,6
Facebook Penn94,highest_degree,4,0.2,946,38751,6
Facebook Penn94,highest_degree,4,0.2,947,38755,6
Facebook Penn94,highest_degree,4,0.2,948,38751,7
Facebook Penn94,highest_degree,4,0.2,949,38723,7
Facebook Penn94,highest_degree,4,0.2,950,38773,6
Facebook Penn94,highest_degree,4,0.2,951,38730,7
Facebook Penn94,highest_degree,4,0.2,952,38765,6
Facebook Penn94,highest_degree,4,0.2,953,38762,7
Facebook Penn94,highest_degree,4,0.2,954,38692,6
Facebook Penn94,highest_degree,4,0.2,955,38705,6
Facebook Penn94,highest_degree,4,0.2,956,38814,6
Facebook Penn94,highest_degree,4,0.2,957,38705,7
Facebook Penn94,highest_degree,4,0.2,958,38763,7
Facebook Penn94,highest_degree,4,0.2,959,38717,6
Facebook Penn94,highest_degree,4,0.2,960,38755,6
Facebook Penn94,highest_degree,4,0.2,961,38684,6
Facebook Penn94,highest_degree,4,0.2,962,38824,6
Facebook Penn94,highest_degree,4,0.2,963,38761,6
Facebook Penn94,highest_degree,4,0.2,964,38742,7
Facebook Penn94,highest_degree,4,0.2,965,38745,7
Facebook Penn94,highest_degree,4,0.2,966,38759,8
Facebook Penn94,highest_degree,4,0.2,967,38759,6
Facebook Penn94,highest_degree,4,0.2,968,38710,7
Facebook Penn94,highest_degree,4,0.2,969,38764,7
Facebook Penn94,highest_degree,4,0.2,970,38728,7
Facebook Penn94,highest_degree,4,0.2,971,38718,7
Facebook Penn94,highest_degree,4,0.2,972,38690,6
Facebook Penn94,highest_degree,4,0.2,973,38772,8
Facebook Penn94,highest_degree,4,0.2,974,38723,7
Facebook Penn94,highest_degree,4,0.2,975,38726,6
Facebook Penn94,highest_degree,4,0.2,976,38718,7
Facebook Penn94,highest_degree,4,0.2,977,38739,10
Facebook Penn94,highest_degree,4,0.2,978,38735,7
Facebook Penn94,highest_degree,4,0.2,979,38763,6
Facebook Penn94,highest_degree,4,0.2,980,38746,7
Facebook Penn94,highest_degree,4,0.2,981,38699,6
Facebook Penn94,highest_degree,4,0.2,982,38779,6
Facebook Penn94,highest_degree,4,0.2,983,38775,6
Facebook Penn94,highest_degree,4,0.2,984,38739,7
Facebook Penn94,highest_degree,4,0.2,985,38642,6
Facebook Penn94,highest_degree,4,0.2,986,38779,7
Facebook Penn94,highest_degree,4,0.2,987,38712,6
Facebook Penn94,highest_degree,4,0.2,988,38714,7
Facebook Penn94,highest_degree,4,0.2,989,38788,7
Facebook Penn94,highest_degree,4,0.2,990,38724,6
Facebook Penn94,highest_degree,4,0.2,991,38721,7
Facebook Penn94,highest_degree,4,0.2,992,38767,7
Facebook Penn94,highest_degree,4,0.2,993,38745,7
Facebook Penn94,highest_degree,4,0.2,994,38761,8
Facebook Penn94,highest_degree,4,0.2,995,38728,7
Facebook Penn94,highest_degree,4,0.2,996,38740,7
Facebook Penn94,highest_degree,4,0.2,997,38771,6
Facebook Penn94,highest_degree,4,0.2,998,38735,7
Facebook Penn94,highest_degree,4,0.2,999,38737,6
Facebook Penn94,highest_degree,10,0.2,0,38747,6
Facebook Penn94,highest_degree,10,0.2,1,38763,6
Facebook Penn94,highest_degree,10,0.2,2,38718,7
Facebook Penn94,highest_degree,10,0.2,3,38796,6
Facebook Penn94,highest_degree,10,0.2,4,38725,6
Facebook Penn94,highest_degree,10,0.2,5,38794,8
Facebook Penn94,highest_degree,10,0.2,6,38781,7
Facebook Penn94,highest_degree,10,0.2,7,38775,6
Facebook Penn94,highest_degree,10,0.2,8,38719,6
Facebook Penn94,highest_degree,10,0.2,9,38772,6
Facebook Penn94,highest_degree,10,0.2,10,38740,6
Facebook Penn94,highest_degree,10,0.2,11,38807,7
Facebook Penn94,highest_degree,10,0.2,12,38801,6
Facebook Penn94,highest_degree,10,0.2,13,38779,6
Facebook Penn94,highest_degree,10,0.2,14,38775,7
Facebook Penn94,highest_degree,10,0.2,15,38756,7
Facebook Penn94,highest_degree,10,0.2,16,38785,7
Facebook Penn94,highest_degree,10,0.2,17,38790,6
Facebook Penn94,highest_degree,10,0.2,18,38745,8
Facebook Penn94,highest_degree,10,0.2,19,38760,8
Facebook Penn94,highest_degree,10,0.2,20,38689,6
Facebook Penn94,highest_degree,10,0.2,21,38719,7
Facebook Penn94,highest_degree,10,0.2,22,38787,6
Facebook Penn94,highest_degree,10,0.2,23,38835,6
Facebook Penn94,highest_degree,10,0.2,24,38748,6
Facebook Penn94,highest_degree,10,0.2,25,38769,6
Facebook Penn94,highest_degree,10,0.2,26,38744,7
Facebook Penn94,highest_degree,10,0.2,27,38720,6
Facebook Penn94,highest_degree,10,0.2,28,38768,6
Facebook Penn94,highest_degree,10,0.2,29,38778,7
Facebook Penn94,highest_degree,10,0.2,30,38688,6
Facebook Penn94,highest_degree,10,0.2,31,38780,6
Facebook Penn94,highest_degree,10,0.2,32,38798,7
Facebook Penn94,highest_degree,10,0.2,33,38750,6
Facebook Penn94,highest_degree,10,0.2,34,38805,6
Facebook Penn94,highest_degree,10,0.2,35,38733,6
Facebook Penn94,highest_degree,10,0.2,36,38696,7
Facebook Penn94,highest_degree,10,0.2,37,38764,6
Facebook Penn94,highest_degree,10,0.2,38,38671,6
Facebook Penn94,highest_degree,10,0.2,39,38722,6
Facebook Penn94,highest_degree,10,0.2,40,38710,7
Facebook Penn94,highest_degree,10,0.2,41,38754,6
Facebook Penn94,highest_degree,10,0.2,42,38726,7
Facebook Penn94,highest_degree,10,0.2,43,38730,6
Facebook Penn94,highest_degree,10,0.2,44,38743,6
Facebook Penn94,highest_degree,10,0.2,45,38738,8
Facebook Penn94,highest_degree,10,0.2,46,38698,6
Facebook Penn94,highest_degree,10,0.2,47,38727,7
Facebook Penn94,highest_degree,10,0.2,48,38735,6
Facebook Penn94,highest_degree,10,0.2,49,38764,8
Facebook Penn94,highest_degree,10,0.2,50,38735,6
Facebook Penn94,highest_degree,10,0.2,51,38771,6
Facebook Penn94,highest_degree,10,0.2,52,38720,6
Facebook Penn94,highest_degree,10,0.2,53,38779,7
Facebook Penn94,highest_degree,10,0.2,54,38748,6
Facebook Penn94,highest_degree,10,0.2,55,38730,6
Facebook Penn94,highest_degree,10,0.2,56,38690,6
Facebook Penn94,highest_degree,10,0.2,57,38673,6
Facebook Penn94,highest_degree,10,0.2,58,38749,8
Facebook Penn94,highest_degree,10,0.2,59,38821,7
Facebook Penn94,highest_degree,10,0.2,60,38708,6
Facebook Penn94,highest_degree,10,0.2,61,38770,9
Facebook Penn94,highest_degree,10,0.2,62,38741,6
Facebook Penn94,highest_degree,10,0.2,63,38801,7
Facebook Penn94,highest_degree,10,0.2,64,38723,7
Facebook Penn94,highest_degree,10,0.2,65,38790,6
Facebook Penn94,highest_degree,10,0.2,66,38837,6
Facebook Penn94,highest_degree,10,0.2,67,38765,7
Facebook Penn94,highest_degree,10,0.2,68,38719,6
Facebook Penn94,highest_degree,10,0.2,69,38714,6
Facebook Penn94,highest_degree,10,0.2,70,38778,6
Facebook Penn94,highest_degree,10,0.2,71,38738,6
Facebook Penn94,highest_degree,10,0.2,72,38824,6
Facebook Penn94,highest_degree,10,0.2,73,38719,7
Facebook Penn94,highest_degree,10,0.2,74,38748,7
Facebook Penn94,highest_degree,10,0.2,75,38782,6
Facebook Penn94,highest_degree,10,0.2,76,38792,7
Facebook Penn94,highest_degree,10,0.2,77,38777,6
Facebook Penn94,highest_degree,10,0.2,78,38787,6
Facebook Penn94,highest_degree,10,0.2,79,38766,6
Facebook Penn94,highest_degree,10,0.2,80,38752,7
Facebook Penn94,highest_degree,10,0.2,81,38724,6
Facebook Penn94,highest_degree,10,0.2,82,38775,7
Facebook Penn94,highest_degree,10,0.2,83,38796,6
Facebook Penn94,highest_degree,10,0.2,84,38794,6
Facebook Penn94,highest_degree,10,0.2,85,38703,6
Facebook Penn94,highest_degree,10,0.2,86,38699,6
Facebook Penn94,highest_degree,10,0.2,87,38770,8
Facebook Penn94,highest_degree,10,0.2,88,38793,6
Facebook Penn94,highest_degree,10,0.2,89,38701,6
Facebook Penn94,highest_degree,10,0.2,90,38802,6
Facebook Penn94,highest_degree,10,0.2,91,38693,7
Facebook Penn94,highest_degree,10,0.2,92,38743,7
Facebook Penn94,highest_degree,10,0.2,93,38778,7
Facebook Penn94,highest_degree,10,0.2,94,38738,6
Facebook Penn94,highest_degree,10,0.2,95,38752,6
Facebook Penn94,highest_degree,10,0.2,96,38723,6
Facebook Penn94,highest_degree,10,0.2,97,38716,6
Facebook Penn94,highest_degree,10,0.2,98,38722,7
Facebook Penn94,highest_degree,10,0.2,99,38737,6
Facebook Penn94,highest_degree,10,0.2,100,38823,7
Facebook Penn94,highest_degree,10,0.2,101,38774,6
Facebook Penn94,highest_degree,10,0.2,102,38715,7
Facebook Penn94,highest_degree,10,0.2,103,38796,6
Facebook Penn94,highest_degree,10,0.2,104,38733,6
Facebook Penn94,highest_degree,10,0.2,105,38784,7
Facebook Penn94,highest_degree,10,0.2,106,38767,6
Facebook Penn94,highest_degree,10,0.2,107,38654,7
Facebook Penn94,highest_degree,10,0.2,108,38728,6
Facebook Penn94,highest_degree,10,0.2,109,38763,7
Facebook Penn94,highest_degree,10,0.2,110,38748,6
Facebook Penn94,highest_degree,10,0.2,111,38764,6
Facebook Penn94,highest_degree,10,0.2,112,38762,7
Facebook Penn94,highest_degree,10,0.2,113,38755,8
Facebook Penn94,highest_degree,10,0.2,114,38781,6
Facebook Penn94,highest_degree,10,0.2,115,38733,6
Facebook Penn94,highest_degree,10,0.2,116,38750,7
Facebook Penn94,highest_degree,10,0.2,117,38752,7
Facebook Penn94,highest_degree,10,0.2,118,38741,7
Facebook Penn94,highest_degree,10,0.2,119,38742,6
Facebook Penn94,highest_degree,10,0.2,120,38783,7
Facebook Penn94,highest_degree,10,0.2,121,38738,8
Facebook Penn94,highest_degree,10,0.2,122,38781,7
Facebook Penn94,highest_degree,10,0.2,123,38790,6
Facebook Penn94,highest_degree,10,0.2,124,38736,7
Facebook Penn94,highest_degree,10,0.2,125,38770,6
Facebook Penn94,highest_degree,10,0.2,126,38706,8
Facebook Penn94,highest_degree,10,0.2,127,38769,7
Facebook Penn94,highest_degree,10,0.2,128,38703,6
Facebook Penn94,highest_degree,10,0.2,129,38637,6
Facebook Penn94,highest_degree,10,0.2,130,38743,6
Facebook Penn94,highest_degree,10,0.2,131,38708,6
Facebook Penn94,highest_degree,10,0.2,132,38720,6
Facebook Penn94,highest_degree,10,0.2,133,38714,7
Facebook Penn94,highest_degree,10,0.2,134,38751,7
Facebook Penn94,highest_degree,10,0.2,135,38712,6
Facebook Penn94,highest_degree,10,0.2,136,38761,7
Facebook Penn94,highest_degree,10,0.2,137,38757,7
Facebook Penn94,highest_degree,10,0.2,138,38791,6
Facebook Penn94,highest_degree,10,0.2,139,38774,7
Facebook Penn94,highest_degree,10,0.2,140,38697,6
Facebook Penn94,highest_degree,10,0.2,141,38771,7
Facebook Penn94,highest_degree,10,0.2,142,38727,6
Facebook Penn94,highest_degree,10,0.2,143,38733,8
Facebook Penn94,highest_degree,10,0.2,144,38789,6
Facebook Penn94,highest_degree,10,0.2,145,38796,6
Facebook Penn94,highest_degree,10,0.2,146,38766,8
Facebook Penn94,highest_degree,10,0.2,147,38825,6
Facebook Penn94,highest_degree,10,0.2,148,38710,6
Facebook Penn94,highest_degree,10,0.2,149,38722,6
Facebook Penn94,highest_degree,10,0.2,150,38734,6
Facebook Penn94,highest_degree,10,0.2,151,38714,6
Facebook Penn94,highest_degree,10,0.2,152,38697,6
Facebook Penn94,highest_degree,10,0.2,153,38727,7
Facebook Penn94,highest_degree,10,0.2,154,38701,7
Facebook Penn94,highest_degree,10,0.2,155,38751,6
Facebook Penn94,highest_degree,10,0.2,156,38739,6
Facebook Penn94,highest_degree,10,0.2,157,38708,6
Facebook Penn94,highest_degree,10,0.2,158,38638,7
Facebook Penn94,highest_degree,10,0.2,159,38672,7
Facebook Penn94,highest_degree,10,0.2,160,38739,7
Facebook Penn94,highest_degree,10,0.2,161,38743,5
Facebook Penn94,highest_degree,10,0.2,162,38696,7
Facebook Penn94,highest_degree,10,0.2,163,38759,6
Facebook Penn94,highest_degree,10,0.2,164,38690,6
Facebook Penn94,highest_degree,10,0.2,165,38707,7
Facebook Penn94,highest_degree,10,0.2,166,38754,8
Facebook Penn94,highest_degree,10,0.2,167,38720,6
Facebook Penn94,highest_degree,10,0.2,168,38761,6
Facebook Penn94,highest_degree,10,0.2,169,38705,7
Facebook Penn94,highest_degree,10,0.2,170,38706,6
Facebook Penn94,highest_degree,10,0.2,171,38812,8
Facebook Penn94,highest_degree,10,0.2,172,38770,6
Facebook Penn94,highest_degree,10,0.2,173,38765,7
Facebook Penn94,highest_degree,10,0.2,174,38720,6
Facebook Penn94,highest_degree,10,0.2,175,38730,6
Facebook Penn94,highest_degree,10,0.2,176,38765,6
Facebook Penn94,highest_degree,10,0.2,177,38687,7
Facebook Penn94,highest_degree,10,0.2,178,38696,6
Facebook Penn94,highest_degree,10,0.2,179,38770,6
Facebook Penn94,highest_degree,10,0.2,180,38727,7
Facebook Penn94,highest_degree,10,0.2,181,38761,6
Facebook Penn94,highest_degree,10,0.2,182,38750,7
Facebook Penn94,highest_degree,10,0.2,183,38739,6
Facebook Penn94,highest_degree,10,0.2,184,38796,7
Facebook Penn94,highest_degree,10,0.2,185,38836,6
Facebook Penn94,highest_degree,10,0.2,186,38788,6
Facebook Penn94,highest_degree,10,0.2,187,38735,6
Facebook Penn94,highest_degree,10,0.2,188,38726,7
Facebook Penn94,highest_degree,10,0.2,189,38741,7
Facebook Penn94,highest_degree,10,0.2,190,38702,7
Facebook Penn94,highest_degree,10,0.2,191,38714,6
Facebook Penn94,highest_degree,10,0.2,192,38755,6
Facebook Penn94,highest_degree,10,0.2,193,38774,6
Facebook Penn94,highest_degree,10,0.2,194,38761,7
Facebook Penn94,highest_degree,10,0.2,195,38726,6
Facebook Penn94,highest_degree,10,0.2,196,38821,7
Facebook Penn94,highest_degree,10,0.2,197,38720,7
Facebook Penn94,highest_degree,10,0.2,198,38722,6
Facebook Penn94,highest_degree,10,0.2,199,38782,6
Facebook Penn94,highest_degree,10,0.2,200,38732,6
Facebook Penn94,highest_degree,10,0.2,201,38723,6
Facebook Penn94,highest_degree,10,0.2,202,38744,6
Facebook Penn94,highest_degree,10,0.2,203,38685,7
Facebook Penn94,highest_degree,10,0.2,204,38769,7
Facebook Penn94,highest_degree,10,0.2,205,38767,8
Facebook Penn94,highest_degree,10,0.2,206,38758,7
Facebook Penn94,highest_degree,10,0.2,207,38744,7
Facebook Penn94,highest_degree,10,0.2,208,38685,6
Facebook Penn94,highest_degree,10,0.2,209,38706,8
Facebook Penn94,highest_degree,10,0.2,210,38755,6
Facebook Penn94,highest_degree,10,0.2,211,38729,7
Facebook Penn94,highest_degree,10,0.2,212,38812,6
Facebook Penn94,highest_degree,10,0.2,213,38753,6
Facebook Penn94,highest_degree,10,0.2,214,38749,6
Facebook Penn94,highest_degree,10,0.2,215,38779,7
Facebook Penn94,highest_degree,10,0.2,216,38837,6
Facebook Penn94,highest_degree,10,0.2,217,38706,6
Facebook Penn94,highest_degree,10,0.2,218,38781,7
Facebook Penn94,highest_degree,10,0.2,219,38732,6
Facebook Penn94,highest_degree,10,0.2,220,38723,6
Facebook Penn94,highest_degree,10,0.2,221,38762,6
Facebook Penn94,highest_degree,10,0.2,222,38731,7
Facebook Penn94,highest_degree,10,0.2,223,38740,7
Facebook Penn94,highest_degree,10,0.2,224,38715,6
Facebook Penn94,highest_degree,10,0.2,225,38754,6
Facebook Penn94,highest_degree,10,0.2,226,38727,7
Facebook Penn94,highest_degree,10,0.2,227,38705,6
Facebook Penn94,highest_degree,10,0.2,228,38712,6
Facebook Penn94,highest_degree,10,0.2,229,38737,6
Facebook Penn94,highest_degree,10,0.2,230,38687,6
Facebook Penn94,highest_degree,10,0.2,231,38702,7
Facebook Penn94,highest_degree,10,0.2,232,38735,7
Facebook Penn94,highest_degree,10,0.2,233,38778,6
Facebook Penn94,highest_degree,10,0.2,234,38744,6
Facebook Penn94,highest_degree,10,0.2,235,38748,6
Facebook Penn94,highest_degree,10,0.2,236,38758,10
Facebook Penn94,highest_degree,10,0.2,237,38684,6
Facebook Penn94,highest_degree,10,0.2,238,38810,6
Facebook Penn94,highest_degree,10,0.2,239,38762,6
Facebook Penn94,highest_degree,10,0.2,240,38804,6
Facebook Penn94,highest_degree,10,0.2,241,38727,7
Facebook Penn94,highest_degree,10,0.2,242,38744,6
Facebook Penn94,highest_degree,10,0.2,243,38711,6
Facebook Penn94,highest_degree,10,0.2,244,38720,6
Facebook Penn94,highest_degree,10,0.2,245,38767,6
Facebook Penn94,highest_degree,10,0.2,246,38772,6
Facebook Penn94,highest_degree,10,0.2,247,38798,7
Facebook Penn94,highest_degree,10,0.2,248,38705,7
Facebook Penn94,highest_degree,10,0.2,249,38655,6
Facebook Penn94,highest_degree,10,0.2,250,38739,5
Facebook Penn94,highest_degree,10,0.2,251,38728,6
Facebook Penn94,highest_degree,10,0.2,252,38718,6
Facebook Penn94,highest_degree,10,0.2,253,38781,7
Facebook Penn94,highest_degree,10,0.2,254,38750,7
Facebook Penn94,highest_degree,10,0.2,255,38763,6
Facebook Penn94,highest_degree,10,0.2,256,38774,6
Facebook Penn94,highest_degree,10,0.2,257,38750,6
Facebook Penn94,highest_degree,10,0.2,258,38770,6
Facebook Penn94,highest_degree,10,0.2,259,38800,6
Facebook Penn94,highest_degree,10,0.2,260,38873,7
Facebook Penn94,highest_degree,10,0.2,261,38817,7
Facebook Penn94,highest_degree,10,0.2,262,38723,5
Facebook Penn94,highest_degree,10,0.2,263,38765,6
Facebook Penn94,highest_degree,10,0.2,264,38761,6
Facebook Penn94,highest_degree,10,0.2,265,38783,6
Facebook Penn94,highest_degree,10,0.2,266,38768,7
Facebook Penn94,highest_degree,10,0.2,267,38767,6
Facebook Penn94,highest_degree,10,0.2,268,38751,6
Facebook Penn94,highest_degree,10,0.2,269,38691,6
Facebook Penn94,highest_degree,10,0.2,270,38733,6
Facebook Penn94,highest_degree,10,0.2,271,38755,6
Facebook Penn94,highest_degree,10,0.2,272,38738,6
Facebook Penn94,highest_degree,10,0.2,273,38704,6
Facebook Penn94,highest_degree,10,0.2,274,38739,6
Facebook Penn94,highest_degree,10,0.2,275,38787,6
Facebook Penn94,highest_degree,10,0.2,276,38699,7
Facebook Penn94,highest_degree,10,0.2,277,38739,6
Facebook Penn94,highest_degree,10,0.2,278,38731,6
Facebook Penn94,highest_degree,10,0.2,279,38754,7
Facebook Penn94,highest_degree,10,0.2,280,38759,7
Facebook Penn94,highest_degree,10,0.2,281,38738,6
Facebook Penn94,highest_degree,10,0.2,282,38758,6
Facebook Penn94,highest_degree,10,0.2,283,38791,8
Facebook Penn94,highest_degree,10,0.2,284,38765,6
Facebook Penn94,highest_degree,10,0.2,285,38687,6
Facebook Penn94,highest_degree,10,0.2,286,38791,6
Facebook Penn94,highest_degree,10,0.2,287,38758,6
Facebook Penn94,highest_degree,10,0.2,288,38744,6
Facebook Penn94,highest_degree,10,0.2,289,38759,7
Facebook Penn94,highest_degree,10,0.2,290,38752,6
Facebook Penn94,highest_degree,10,0.2,291,38730,6
Facebook Penn94,highest_degree,10,0.2,292,38782,7
Facebook Penn94,highest_degree,10,0.2,293,38767,7
Facebook Penn94,highest_degree,10,0.2,294,38737,6
Facebook Penn94,highest_degree,10,0.2,295,38750,6
Facebook Penn94,highest_degree,10,0.2,296,38634,7
Facebook Penn94,highest_degree,10,0.2,297,38752,6
Facebook Penn94,highest_degree,10,0.2,298,38688,6
Facebook Penn94,highest_degree,10,0.2,299,38769,6
Facebook Penn94,highest_degree,10,0.2,300,38792,8
Facebook Penn94,highest_degree,10,0.2,301,38749,6
Facebook Penn94,highest_degree,10,0.2,302,38717,6
Facebook Penn94,highest_degree,10,0.2,303,38744,6
Facebook Penn94,highest_degree,10,0.2,304,38740,6
Facebook Penn94,highest_degree,10,0.2,305,38814,5
Facebook Penn94,highest_degree,10,0.2,306,38760,7
Facebook Penn94,highest_degree,10,0.2,307,38704,6
Facebook Penn94,highest_degree,10,0.2,308,38749,7
Facebook Penn94,highest_degree,10,0.2,309,38772,7
Facebook Penn94,highest_degree,10,0.2,310,38727,6
Facebook Penn94,highest_degree,10,0.2,311,38719,7
Facebook Penn94,highest_degree,10,0.2,312,38742,6
Facebook Penn94,highest_degree,10,0.2,313,38727,6
Facebook Penn94,highest_degree,10,0.2,314,38727,6
Facebook Penn94,highest_degree,10,0.2,315,38753,6
Facebook Penn94,highest_degree,10,0.2,316,38767,7
Facebook Penn94,highest_degree,10,0.2,317,38726,6
Facebook Penn94,highest_degree,10,0.2,318,38795,6
Facebook Penn94,highest_degree,10,0.2,319,38812,7
Facebook Penn94,highest_degree,10,0.2,320,38692,6
Facebook Penn94,highest_degree,10,0.2,321,38766,7
Facebook Penn94,highest_degree,10,0.2,322,38734,6
Facebook Penn94,highest_degree,10,0.2,323,38715,6
Facebook Penn94,highest_degree,10,0.2,324,38707,6
Facebook Penn94,highest_degree,10,0.2,325,38714,6
Facebook Penn94,highest_degree,10,0.2,326,38721,7
Facebook Penn94,highest_degree,10,0.2,327,38731,9
Facebook Penn94,highest_degree,10,0.2,328,38701,7
Facebook Penn94,highest_degree,10,0.2,329,38828,7
Facebook Penn94,highest_degree,10,0.2,330,38701,6
Facebook Penn94,highest_degree,10,0.2,331,38673,6
Facebook Penn94,highest_degree,10,0.2,332,38734,7
Facebook Penn94,highest_degree,10,0.2,333,38761,6
Facebook Penn94,highest_degree,10,0.2,334,38733,6
Facebook Penn94,highest_degree,10,0.2,335,38722,8
Facebook Penn94,highest_degree,10,0.2,336,38766,6
Facebook Penn94,highest_degree,10,0.2,337,38752,6
Facebook Penn94,highest_degree,10,0.2,338,38772,6
Facebook Penn94,highest_degree,10,0.2,339,38812,6
Facebook Penn94,highest_degree,10,0.2,340,38791,6
Facebook Penn94,highest_degree,10,0.2,341,38719,7
Facebook Penn94,highest_degree,10,0.2,342,38773,6
Facebook Penn94,highest_degree,10,0.2,343,38645,6
Facebook Penn94,highest_degree,10,0.2,344,38731,6
Facebook Penn94,highest_degree,10,0.2,345,38739,6
Facebook Penn94,highest_degree,10,0.2,346,38728,7
Facebook Penn94,highest_degree,10,0.2,347,38738,6
Facebook Penn94,highest_degree,10,0.2,348,38818,8
Facebook Penn94,highest_degree,10,0.2,349,38751,7
Facebook Penn94,highest_degree,10,0.2,350,38711,7
Facebook Penn94,highest_degree,10,0.2,351,38695,6
Facebook Penn94,highest_degree,10,0.2,352,38740,6
Facebook Penn94,highest_degree,10,0.2,353,38722,5
Facebook Penn94,highest_degree,10,0.2,354,38759,6
Facebook Penn94,highest_degree,10,0.2,355,38786,6
Facebook Penn94,highest_degree,10,0.2,356,38815,6
Facebook Penn94,highest_degree,10,0.2,357,38772,6
Facebook Penn94,highest_degree,10,0.2,358,38734,6
Facebook Penn94,highest_degree,10,0.2,359,38733,7
Facebook Penn94,highest_degree,10,0.2,360,38783,7
Facebook Penn94,highest_degree,10,0.2,361,38692,6
Facebook Penn94,highest_degree,10,0.2,362,38746,6
Facebook Penn94,highest_degree,10,0.2,363,38721,7
Facebook Penn94,highest_degree,10,0.2,364,38726,6
Facebook Penn94,highest_degree,10,0.2,365,38745,7
Facebook Penn94,highest_degree,10,0.2,366,38700,6
Facebook Penn94,highest_degree,10,0.2,367,38780,6
Facebook Penn94,highest_degree,10,0.2,368,38783,6
Facebook Penn94,highest_degree,10,0.2,369,38788,8
Facebook Penn94,highest_degree,10,0.2,370,38707,6
Facebook Penn94,highest_degree,10,0.2,371,38749,6
Facebook Penn94,highest_degree,10,0.2,372,38803,6
Facebook Penn94,highest_degree,10,0.2,373,38753,6
Facebook Penn94,highest_degree,10,0.2,374,38738,6
Facebook Penn94,highest_degree,10,0.2,375,38713,8
Facebook Penn94,highest_degree,10,0.2,376,38735,6
Facebook Penn94,highest_degree,10,0.2,377,38720,6
Facebook Penn94,highest_degree,10,0.2,378,38736,6
Facebook Penn94,highest_degree,10,0.2,379,38755,7
Facebook Penn94,highest_degree,10,0.2,380,38707,6
Facebook Penn94,highest_degree,10,0.2,381,38724,6
Facebook Penn94,highest_degree,10,0.2,382,38717,6
Facebook Penn94,highest_degree,10,0.2,383,38729,7
Facebook Penn94,highest_degree,10,0.2,384,38793,6
Facebook Penn94,highest_degree,10,0.2,385,38698,8
Facebook Penn94,highest_degree,10,0.2,386,38754,6
Facebook Penn94,highest_degree,10,0.2,387,38778,6
Facebook Penn94,highest_degree,10,0.2,388,38774,6
Facebook Penn94,highest_degree,10,0.2,389,38776,6
Facebook Penn94,highest_degree,10,0.2,390,38745,6
Facebook Penn94,highest_degree,10,0.2,391,38729,6
Facebook Penn94,highest_degree,10,0.2,392,38751,6
Facebook Penn94,highest_degree,10,0.2,393,38762,6
Facebook Penn94,highest_degree,10,0.2,394,38771,7
Facebook Penn94,highest_degree,10,0.2,395,38740,6
Facebook Penn94,highest_degree,10,0.2,396,38802,6
Facebook Penn94,highest_degree,10,0.2,397,38715,6
Facebook Penn94,highest_degree,10,0.2,398,38761,6
Facebook Penn94,highest_degree,10,0.2,399,38744,6
Facebook Penn94,highest_degree,10,0.2,400,38726,6
Facebook Penn94,highest_degree,10,0.2,401,38730,6
Facebook Penn94,highest_degree,10,0.2,402,38695,6
Facebook Penn94,highest_degree,10,0.2,403,38738,6
Facebook Penn94,highest_degree,10,0.2,404,38731,7
Facebook Penn94,highest_degree,10,0.2,405,38685,7
Facebook Penn94,highest_degree,10,0.2,406,38717,7
Facebook Penn94,highest_degree,10,0.2,407,38748,6
Facebook Penn94,highest_degree,10,0.2,408,38758,6
Facebook Penn94,highest_degree,10,0.2,409,38820,6
Facebook Penn94,highest_degree,10,0.2,410,38773,6
Facebook Penn94,highest_degree,10,0.2,411,38855,7
Facebook Penn94,highest_degree,10,0.2,412,38843,7
Facebook Penn94,highest_degree,10,0.2,413,38724,6
Facebook Penn94,highest_degree,10,0.2,414,38749,7
Facebook Penn94,highest_degree,10,0.2,415,38741,8
Facebook Penn94,highest_degree,10,0.2,416,38747,6
Facebook Penn94,highest_degree,10,0.2,417,38719,7
Facebook Penn94,highest_degree,10,0.2,418,38774,6
Facebook Penn94,highest_degree,10,0.2,419,38764,7
Facebook Penn94,highest_degree,10,0.2,420,38803,9
Facebook Penn94,highest_degree,10,0.2,421,38707,10
Facebook Penn94,highest_degree,10,0.2,422,38703,8
Facebook Penn94,highest_degree,10,0.2,423,38752,7
Facebook Penn94,highest_degree,10,0.2,424,38801,7
Facebook Penn94,highest_degree,10,0.2,425,38754,6
Facebook Penn94,highest_degree,10,0.2,426,38780,6
Facebook Penn94,highest_degree,10,0.2,427,38712,7
Facebook Penn94,highest_degree,10,0.2,428,38760,6
Facebook Penn94,highest_degree,10,0.2,429,38701,6
Facebook Penn94,highest_degree,10,0.2,430,38721,6
Facebook Penn94,highest_degree,10,0.2,431,38804,6
Facebook Penn94,highest_degree,10,0.2,432,38743,6
Facebook Penn94,highest_degree,10,0.2,433,38793,6
Facebook Penn94,highest_degree,10,0.2,434,38754,7
Facebook Penn94,highest_degree,10,0.2,435,38733,6
Facebook Penn94,highest_degree,10,0.2,436,38740,7
Facebook Penn94,highest_degree,10,0.2,437,38737,6
Facebook Penn94,highest_degree,10,0.2,438,38736,6
Facebook Penn94,highest_degree,10,0.2,439,38694,7
Facebook Penn94,highest_degree,10,0.2,440,38795,6
Facebook Penn94,highest_degree,10,0.2,441,38721,6
Facebook Penn94,highest_degree,10,0.2,442,38770,8
Facebook Penn94,highest_degree,10,0.2,443,38781,6
Facebook Penn94,highest_degree,10,0.2,444,38680,6
Facebook Penn94,highest_degree,10,0.2,445,38709,6
Facebook Penn94,highest_degree,10,0.2,446,38697,7
Facebook Penn94,highest_degree,10,0.2,447,38727,6
Facebook Penn94,highest_degree,10,0.2,448,38769,8
Facebook Penn94,highest_degree,10,0.2,449,38752,6
Facebook Penn94,highest_degree,10,0.2,450,38789,6
Facebook Penn94,highest_degree,10,0.2,451,38713,5
Facebook Penn94,highest_degree,10,0.2,452,38770,7
Facebook Penn94,highest_degree,10,0.2,453,38782,7
Facebook Penn94,highest_degree,10,0.2,454,38703,6
Facebook Penn94,highest_degree,10,0.2,455,38773,7
Facebook Penn94,highest_degree,10,0.2,456,38756,6
Facebook Penn94,highest_degree,10,0.2,457,38714,6
Facebook Penn94,highest_degree,10,0.2,458,38772,6
Facebook Penn94,highest_degree,10,0.2,459,38798,7
Facebook Penn94,highest_degree,10,0.2,460,38736,7
Facebook Penn94,highest_degree,10,0.2,461,38735,7
Facebook Penn94,highest_degree,10,0.2,462,38710,7
Facebook Penn94,highest_degree,10,0.2,463,38745,6
Facebook Penn94,highest_degree,10,0.2,464,38750,7
Facebook Penn94,highest_degree,10,0.2,465,38737,6
Facebook Penn94,highest_degree,10,0.2,466,38703,7
Facebook Penn94,highest_degree,10,0.2,467,38759,7
Facebook Penn94,highest_degree,10,0.2,468,38741,6
Facebook Penn94,highest_degree,10,0.2,469,38773,8
Facebook Penn94,highest_degree,10,0.2,470,38777,6
Facebook Penn94,highest_degree,10,0.2,471,38795,7
Facebook Penn94,highest_degree,10,0.2,472,38755,6
Facebook Penn94,highest_degree,10,0.2,473,38774,7
Facebook Penn94,highest_degree,10,0.2,474,38742,6
Facebook Penn94,highest_degree,10,0.2,475,38750,6
Facebook Penn94,highest_degree,10,0.2,476,38697,6
Facebook Penn94,highest_degree,10,0.2,477,38677,6
Facebook Penn94,highest_degree,10,0.2,478,38690,6
Facebook Penn94,highest_degree,10,0.2,479,38720,6
Facebook Penn94,highest_degree,10,0.2,480,38749,7
Facebook Penn94,highest_degree,10,0.2,481,38744,7
Facebook Penn94,highest_degree,10,0.2,482,38725,6
Facebook Penn94,highest_degree,10,0.2,483,38765,6
Facebook Penn94,highest_degree,10,0.2,484,38733,6
Facebook Penn94,highest_degree,10,0.2,485,38780,6
Facebook Penn94,highest_degree,10,0.2,486,38734,6
Facebook Penn94,highest_degree,10,0.2,487,38787,6
Facebook Penn94,highest_degree,10,0.2,488,38677,7
Facebook Penn94,highest_degree,10,0.2,489,38781,7
Facebook Penn94,highest_degree,10,0.2,490,38779,6
Facebook Penn94,highest_degree,10,0.2,491,38774,6
Facebook Penn94,highest_degree,10,0.2,492,38830,6
Facebook Penn94,highest_degree,10,0.2,493,38788,6
Facebook Penn94,highest_degree,10,0.2,494,38769,6
Facebook Penn94,highest_degree,10,0.2,495,38729,6
Facebook Penn94,highest_degree,10,0.2,496,38681,6
Facebook Penn94,highest_degree,10,0.2,497,38704,6
Facebook Penn94,highest_degree,10,0.2,498,38745,6
Facebook Penn94,highest_degree,10,0.2,499,38749,7
Facebook Penn94,highest_degree,10,0.2,500,38713,7
Facebook Penn94,highest_degree,10,0.2,501,38718,6
Facebook Penn94,highest_degree,10,0.2,502,38796,7
Facebook Penn94,highest_degree,10,0.2,503,38701,6
Facebook Penn94,highest_degree,10,0.2,504,38753,7
Facebook Penn94,highest_degree,10,0.2,505,38766,7
Facebook Penn94,highest_degree,10,0.2,506,38707,7
Facebook Penn94,highest_degree,10,0.2,507,38669,6
Facebook Penn94,highest_degree,10,0.2,508,38729,7
Facebook Penn94,highest_degree,10,0.2,509,38734,7
Facebook Penn94,highest_degree,10,0.2,510,38673,7
Facebook Penn94,highest_degree,10,0.2,511,38727,7
Facebook Penn94,highest_degree,10,0.2,512,38780,9
Facebook Penn94,highest_degree,10,0.2,513,38715,7
Facebook Penn94,highest_degree,10,0.2,514,38753,6
Facebook Penn94,highest_degree,10,0.2,515,38717,6
Facebook Penn94,highest_degree,10,0.2,516,38779,6
Facebook Penn94,highest_degree,10,0.2,517,38735,8
Facebook Penn94,highest_degree,10,0.2,518,38805,7
Facebook Penn94,highest_degree,10,0.2,519,38720,7
Facebook Penn94,highest_degree,10,0.2,520,38736,6
Facebook Penn94,highest_degree,10,0.2,521,38781,6
Facebook Penn94,highest_degree,10,0.2,522,38792,6
Facebook Penn94,highest_degree,10,0.2,523,38810,6
Facebook Penn94,highest_degree,10,0.2,524,38723,6
Facebook Penn94,highest_degree,10,0.2,525,38757,7
Facebook Penn94,highest_degree,10,0.2,526,38710,7
Facebook Penn94,highest_degree,10,0.2,527,38733,6
Facebook Penn94,highest_degree,10,0.2,528,38715,6
Facebook Penn94,highest_degree,10,0.2,529,38825,6
Facebook Penn94,highest_degree,10,0.2,530,38777,6
Facebook Penn94,highest_degree,10,0.2,531,38723,7
Facebook Penn94,highest_degree,10,0.2,532,38734,7
Facebook Penn94,highest_degree,10,0.2,533,38731,8
Facebook Penn94,highest_degree,10,0.2,534,38679,8
Facebook Penn94,highest_degree,10,0.2,535,38771,6
Facebook Penn94,highest_degree,10,0.2,536,38720,6
Facebook Penn94,highest_degree,10,0.2,537,38772,6
Facebook Penn94,highest_degree,10,0.2,538,38787,7
Facebook Penn94,highest_degree,10,0.2,539,38816,7
Facebook Penn94,highest_degree,10,0.2,540,38708,6
Facebook Penn94,highest_degree,10,0.2,541,38734,7
Facebook Penn94,highest_degree,10,0.2,542,38784,6
Facebook Penn94,highest_degree,10,0.2,543,38771,6
Facebook Penn94,highest_degree,10,0.2,544,38734,7
Facebook Penn94,highest_degree,10,0.2,545,38760,6
Facebook Penn94,highest_degree,10,0.2,546,38805,7
Facebook Penn94,highest_degree,10,0.2,547,38804,6
Facebook Penn94,highest_degree,10,0.2,548,38745,6
Facebook Penn94,highest_degree,10,0.2,549,38729,7
Facebook Penn94,highest_degree,10,0.2,550,38789,6
Facebook Penn94,highest_degree,10,0.2,551,38730,7
Facebook Penn94,highest_degree,10,0.2,552,38705,6
Facebook Penn94,highest_degree,10,0.2,553,38721,6
Facebook Penn94,highest_degree,10,0.2,554,38655,6
Facebook Penn94,highest_degree,10,0.2,555,38716,7
Facebook Penn94,highest_degree,10,0.2,556,38717,7
Facebook Penn94,highest_degree,10,0.2,557,38659,7
Facebook Penn94,highest_degree,10,0.2,558,38749,7
Facebook Penn94,highest_degree,10,0.2,559,38680,7
Facebook Penn94,highest_degree,10,0.2,560,38767,7
Facebook Penn94,highest_degree,10,0.2,561,38777,6
Facebook Penn94,highest_degree,10,0.2,562,38719,7
Facebook Penn94,highest_degree,10,0.2,563,38721,6
Facebook Penn94,highest_degree,10,0.2,564,38760,6
Facebook Penn94,highest_degree,10,0.2,565,38716,6
Facebook Penn94,highest_degree,10,0.2,566,38699,6
Facebook Penn94,highest_degree,10,0.2,567,38780,6
Facebook Penn94,highest_degree,10,0.2,568,38758,6
Facebook Penn94,highest_degree,10,0.2,569,38729,6
Facebook Penn94,highest_degree,10,0.2,570,38786,7
Facebook Penn94,highest_degree,10,0.2,571,38801,6
Facebook Penn94,highest_degree,10,0.2,572,38768,6
Facebook Penn94,highest_degree,10,0.2,573,38809,7
Facebook Penn94,highest_degree,10,0.2,574,38715,6
Facebook Penn94,highest_degree,10,0.2,575,38768,8
Facebook Penn94,highest_degree,10,0.2,576,38749,7
Facebook Penn94,highest_degree,10,0.2,577,38765,7
Facebook Penn94,highest_degree,10,0.2,578,38704,7
Facebook Penn94,highest_degree,10,0.2,579,38712,6
Facebook Penn94,highest_degree,10,0.2,580,38791,6
Facebook Penn94,highest_degree,10,0.2,581,38736,6
Facebook Penn94,highest_degree,10,0.2,582,38768,6
Facebook Penn94,highest_degree,10,0.2,583,38783,6
Facebook Penn94,highest_degree,10,0.2,584,38758,6
Facebook Penn94,highest_degree,10,0.2,585,38754,6
Facebook Penn94,highest_degree,10,0.2,586,38705,6
Facebook Penn94,highest_degree,10,0.2,587,38763,8
Facebook Penn94,highest_degree,10,0.2,588,38745,6
Facebook Penn94,highest_degree,10,0.2,589,38773,6
Facebook Penn94,highest_degree,10,0.2,590,38799,6
Facebook Penn94,highest_degree,10,0.2,591,38779,6
Facebook Penn94,highest_degree,10,0.2,592,38740,7
Facebook Penn94,highest_degree,10,0.2,593,38799,6
Facebook Penn94,highest_degree,10,0.2,594,38768,6
Facebook Penn94,highest_degree,10,0.2,595,38848,7
Facebook Penn94,highest_degree,10,0.2,596,38713,8
Facebook Penn94,highest_degree,10,0.2,597,38726,6
Facebook Penn94,highest_degree,10,0.2,598,38686,7
Facebook Penn94,highest_degree,10,0.2,599,38740,8
Facebook Penn94,highest_degree,10,0.2,600,38771,6
Facebook Penn94,highest_degree,10,0.2,601,38675,7
Facebook Penn94,highest_degree,10,0.2,602,38765,6
Facebook Penn94,highest_degree,10,0.2,603,38771,6
Facebook Penn94,highest_degree,10,0.2,604,38725,6
Facebook Penn94,highest_degree,10,0.2,605,38745,6
Facebook Penn94,highest_degree,10,0.2,606,38722,6
Facebook Penn94,highest_degree,10,0.2,607,38697,6
Facebook Penn94,highest_degree,10,0.2,608,38695,9
Facebook Penn94,highest_degree,10,0.2,609,38751,6
Facebook Penn94,highest_degree,10,0.2,610,38760,7
Facebook Penn94,highest_degree,10,0.2,611,38755,6
Facebook Penn94,highest_degree,10,0.2,612,38725,6
Facebook Penn94,highest_degree,10,0.2,613,38748,6
Facebook Penn94,highest_degree,10,0.2,614,38704,7
Facebook Penn94,highest_degree,10,0.2,615,38772,6
Facebook Penn94,highest_degree,10,0.2,616,38764,8
Facebook Penn94,highest_degree,10,0.2,617,38763,7
Facebook Penn94,highest_degree,10,0.2,618,38728,6
Facebook Penn94,highest_degree,10,0.2,619,38670,6
Facebook Penn94,highest_degree,10,0.2,620,38676,7
Facebook Penn94,highest_degree,10,0.2,621,38653,7
Facebook Penn94,highest_degree,10,0.2,622,38727,7
Facebook Penn94,highest_degree,10,0.2,623,38786,8
Facebook Penn94,highest_degree,10,0.2,624,38773,6
Facebook Penn94,highest_degree,10,0.2,625,38773,6
Facebook Penn94,highest_degree,10,0.2,626,38776,6
Facebook Penn94,highest_degree,10,0.2,627,38814,7
Facebook Penn94,highest_degree,10,0.2,628,38756,6
Facebook Penn94,highest_degree,10,0.2,629,38722,6
Facebook Penn94,highest_degree,10,0.2,630,38741,7
Facebook Penn94,highest_degree,10,0.2,631,38792,6
Facebook Penn94,highest_degree,10,0.2,632,38723,6
Facebook Penn94,highest_degree,10,0.2,633,38772,6
Facebook Penn94,highest_degree,10,0.2,634,38700,7
Facebook Penn94,highest_degree,10,0.2,635,38754,7
Facebook Penn94,highest_degree,10,0.2,636,38741,7
Facebook Penn94,highest_degree,10,0.2,637,38722,7
Facebook Penn94,highest_degree,10,0.2,638,38746,7
Facebook Penn94,highest_degree,10,0.2,639,38742,6
Facebook Penn94,highest_degree,10,0.2,640,38720,7
Facebook Penn94,highest_degree,10,0.2,641,38719,6
Facebook Penn94,highest_degree,10,0.2,642,38706,7
Facebook Penn94,highest_degree,10,0.2,643,38744,7
Facebook Penn94,highest_degree,10,0.2,644,38766,6
Facebook Penn94,highest_degree,10,0.2,645,38732,6
Facebook Penn94,highest_degree,10,0.2,646,38759,6
Facebook Penn94,highest_degree,10,0.2,647,38713,6
Facebook Penn94,highest_degree,10,0.2,648,38775,6
Facebook Penn94,highest_degree,10,0.2,649,38793,7
Facebook Penn94,highest_degree,10,0.2,650,38771,7
Facebook Penn94,highest_degree,10,0.2,651,38728,6
Facebook Penn94,highest_degree,10,0.2,652,38794,7
Facebook Penn94,highest_degree,10,0.2,653,38795,7
Facebook Penn94,highest_degree,10,0.2,654,38744,7
Facebook Penn94,highest_degree,10,0.2,655,38753,7
Facebook Penn94,highest_degree,10,0.2,656,38660,7
Facebook Penn94,highest_degree,10,0.2,657,38754,7
Facebook Penn94,highest_degree,10,0.2,658,38712,8
Facebook Penn94,highest_degree,10,0.2,659,38745,7
Facebook Penn94,highest_degree,10,0.2,660,38743,6
Facebook Penn94,highest_degree,10,0.2,661,38727,6
Facebook Penn94,highest_degree,10,0.2,662,38749,8
Facebook Penn94,highest_degree,10,0.2,663,38728,8
Facebook Penn94,highest_degree,10,0.2,664,38746,7
Facebook Penn94,highest_degree,10,0.2,665,38726,6
Facebook Penn94,highest_degree,10,0.2,666,38745,6
Facebook Penn94,highest_degree,10,0.2,667,38703,6
Facebook Penn94,highest_degree,10,0.2,668,38751,6
Facebook Penn94,highest_degree,10,0.2,669,38710,6
Facebook Penn94,highest_degree,10,0.2,670,38744,6
Facebook Penn94,highest_degree,10,0.2,671,38747,6
Facebook Penn94,highest_degree,10,0.2,672,38798,7
Facebook Penn94,highest_degree,10,0.2,673,38757,7
Facebook Penn94,highest_degree,10,0.2,674,38792,6
Facebook Penn94,highest_degree,10,0.2,675,38667,7
Facebook Penn94,highest_degree,10,0.2,676,38821,7
Facebook Penn94,highest_degree,10,0.2,677,38741,7
Facebook Penn94,highest_degree,10,0.2,678,38719,6
Facebook Penn94,highest_degree,10,0.2,679,38721,6
Facebook Penn94,highest_degree,10,0.2,680,38694,6
Facebook Penn94,highest_degree,10,0.2,681,38757,6
Facebook Penn94,highest_degree,10,0.2,682,38716,6
Facebook Penn94,highest_degree,10,0.2,683,38751,7
Facebook Penn94,highest_degree,10,0.2,684,38762,6
Facebook Penn94,highest_degree,10,0.2,685,38713,6
Facebook Penn94,highest_degree,10,0.2,686,38802,7
Facebook Penn94,highest_degree,10,0.2,687,38770,7
Facebook Penn94,highest_degree,10,0.2,688,38800,7
Facebook Penn94,highest_degree,10,0.2,689,38798,6
Facebook Penn94,highest_degree,10,0.2,690,38715,6
Facebook Penn94,highest_degree,10,0.2,691,38742,7
Facebook Penn94,highest_degree,10,0.2,692,38744,6
Facebook Penn94,highest_degree,10,0.2,693,38686,6
Facebook Penn94,highest_degree,10,0.2,694,38792,7
Facebook Penn94,highest_degree,10,0.2,695,38701,6
Facebook Penn94,highest_degree,10,0.2,696,38792,7
Facebook Penn94,highest_degree,10,0.2,697,38698,6
Facebook Penn94,highest_degree,10,0.2,698,38710,7
Facebook Penn94,highest_degree,10,0.2,699,38704,6
Facebook Penn94,highest_degree,10,0.2,700,38759,7
Facebook Penn94,highest_degree,10,0.2,701,38682,6
Facebook Penn94,highest_degree,10,0.2,702,38704,7
Facebook Penn94,highest_degree,10,0.2,703,38724,6
Facebook Penn94,highest_degree,10,0.2,704,38796,7
Facebook Penn94,highest_degree,10,0.2,705,38783,6
Facebook Penn94,highest_degree,10,0.2,706,38723,6
Facebook Penn94,highest_degree,10,0.2,707,38724,6
Facebook Penn94,highest_degree,10,0.2,708,38827,6
Facebook Penn94,highest_degree,10,0.2,709,38733,6
Facebook Penn94,highest_degree,10,0.2,710,38733,6
Facebook Penn94,highest_degree,10,0.2,711,38768,6
Facebook Penn94,highest_degree,10,0.2,712,38755,6
Facebook Penn94,highest_degree,10,0.2,713,38647,6
Facebook Penn94,highest_degree,10,0.2,714,38728,6
Facebook Penn94,highest_degree,10,0.2,715,38734,7
Facebook Penn94,highest_degree,10,0.2,716,38774,6
Facebook Penn94,highest_degree,10,0.2,717,38741,8
Facebook Penn94,highest_degree,10,0.2,718,38782,7
Facebook Penn94,highest_degree,10,0.2,719,38758,7
Facebook Penn94,highest_degree,10,0.2,720,38778,6
Facebook Penn94,highest_degree,10,0.2,721,38696,7
Facebook Penn94,highest_degree,10,0.2,722,38748,7
Facebook Penn94,highest_degree,10,0.2,723,38728,7
Facebook Penn94,highest_degree,10,0.2,724,38728,6
Facebook Penn94,highest_degree,10,0.2,725,38761,7
Facebook Penn94,highest_degree,10,0.2,726,38775,6
Facebook Penn94,highest_degree,10,0.2,727,38740,7
Facebook Penn94,highest_degree,10,0.2,728,38698,6
Facebook Penn94,highest_degree,10,0.2,729,38731,6
Facebook Penn94,highest_degree,10,0.2,730,38814,6
Facebook Penn94,highest_degree,10,0.2,731,38717,7
Facebook Penn94,highest_degree,10,0.2,732,38789,7
Facebook Penn94,highest_degree,10,0.2,733,38694,6
Facebook Penn94,highest_degree,10,0.2,734,38725,6
Facebook Penn94,highest_degree,10,0.2,735,38689,6
Facebook Penn94,highest_degree,10,0.2,736,38778,6
Facebook Penn94,highest_degree,10,0.2,737,38786,6
Facebook Penn94,highest_degree,10,0.2,738,38732,8
Facebook Penn94,highest_degree,10,0.2,739,38745,6
Facebook Penn94,highest_degree,10,0.2,740,38716,7
Facebook Penn94,highest_degree,10,0.2,741,38752,6
Facebook Penn94,highest_degree,10,0.2,742,38760,7
Facebook Penn94,highest_degree,10,0.2,743,38697,6
Facebook Penn94,highest_degree,10,0.2,744,38689,6
Facebook Penn94,highest_degree,10,0.2,745,38744,6
Facebook Penn94,highest_degree,10,0.2,746,38764,6
Facebook Penn94,highest_degree,10,0.2,747,38772,6
Facebook Penn94,highest_degree,10,0.2,748,38735,6
Facebook Penn94,highest_degree,10,0.2,749,38733,6
Facebook Penn94,highest_degree,10,0.2,750,38795,6
Facebook Penn94,highest_degree,10,0.2,751,38778,6
Facebook Penn94,highest_degree,10,0.2,752,38698,6
Facebook Penn94,highest_degree,10,0.2,753,38789,7
Facebook Penn94,highest_degree,10,0.2,754,38756,6
Facebook Penn94,highest_degree,10,0.2,755,38762,6
Facebook Penn94,highest_degree,10,0.2,756,38696,6
Facebook Penn94,highest_degree,10,0.2,757,38721,6
Facebook Penn94,highest_degree,10,0.2,758,38770,6
Facebook Penn94,highest_degree,10,0.2,759,38740,7
Facebook Penn94,highest_degree,10,0.2,760,38781,6
Facebook Penn94,highest_degree,10,0.2,761,38750,7
Facebook Penn94,highest_degree,10,0.2,762,38739,6
Facebook Penn94,highest_degree,10,0.2,763,38693,6
Facebook Penn94,highest_degree,10,0.2,764,38763,8
Facebook Penn94,highest_degree,10,0.2,765,38777,6
Facebook Penn94,highest_degree,10,0.2,766,38768,7
Facebook Penn94,highest_degree,10,0.2,767,38728,6
Facebook Penn94,highest_degree,10,0.2,768,38743,7
Facebook Penn94,highest_degree,10,0.2,769,38799,7
Facebook Penn94,highest_degree,10,0.2,770,38737,7
Facebook Penn94,highest_degree,10,0.2,771,38680,6
Facebook Penn94,highest_degree,10,0.2,772,38761,7
Facebook Penn94,highest_degree,10,0.2,773,38668,6
Facebook Penn94,highest_degree,10,0.2,774,38746,7
Facebook Penn94,highest_degree,10,0.2,775,38718,6
Facebook Penn94,highest_degree,10,0.2,776,38680,6
Facebook Penn94,highest_degree,10,0.2,777,38775,8
Facebook Penn94,highest_degree,10,0.2,778,38779,7
Facebook Penn94,highest_degree,10,0.2,779,38775,7
Facebook Penn94,highest_degree,10,0.2,780,38792,7
Facebook Penn94,highest_degree,10,0.2,781,38664,7
Facebook Penn94,highest_degree,10,0.2,782,38663,6
Facebook Penn94,highest_degree,10,0.2,783,38766,7
Facebook Penn94,highest_degree,10,0.2,784,38741,6
Facebook Penn94,highest_degree,10,0.2,785,38719,6
Facebook Penn94,highest_degree,10,0.2,786,38786,6
Facebook Penn94,highest_degree,10,0.2,787,38708,6
Facebook Penn94,highest_degree,10,0.2,788,38683,7
Facebook Penn94,highest_degree,10,0.2,789,38706,6
Facebook Penn94,highest_degree,10,0.2,790,38724,6
Facebook Penn94,highest_degree,10,0.2,791,38817,7
Facebook Penn94,highest_degree,10,0.2,792,38755,7
Facebook Penn94,highest_degree,10,0.2,793,38768,7
Facebook Penn94,highest_degree,10,0.2,794,38726,7
Facebook Penn94,highest_degree,10,0.2,795,38711,8
Facebook Penn94,highest_degree,10,0.2,796,38741,6
Facebook Penn94,highest_degree,10,0.2,797,38735,6
Facebook Penn94,highest_degree,10,0.2,798,38719,6
Facebook Penn94,highest_degree,10,0.2,799,38804,7
Facebook Penn94,highest_degree,10,0.2,800,38790,6
Facebook Penn94,highest_degree,10,0.2,801,38744,6
Facebook Penn94,highest_degree,10,0.2,802,38755,7
Facebook Penn94,highest_degree,10,0.2,803,38770,6
Facebook Penn94,highest_degree,10,0.2,804,38665,6
Facebook Penn94,highest_degree,10,0.2,805,38745,7
Facebook Penn94,highest_degree,10,0.2,806,38871,6
Facebook Penn94,highest_degree,10,0.2,807,38790,7
Facebook Penn94,highest_degree,10,0.2,808,38764,6
Facebook Penn94,highest_degree,10,0.2,809,38762,7
Facebook Penn94,highest_degree,10,0.2,810,38680,6
Facebook Penn94,highest_degree,10,0.2,811,38710,6
Facebook Penn94,highest_degree,10,0.2,812,38765,6
Facebook Penn94,highest_degree,10,0.2,813,38739,7
Facebook Penn94,highest_degree,10,0.2,814,38717,7
Facebook Penn94,highest_degree,10,0.2,815,38677,7
Facebook Penn94,highest_degree,10,0.2,816,38753,7
Facebook Penn94,highest_degree,10,0.2,817,38761,6
Facebook Penn94,highest_degree,10,0.2,818,38678,8
Facebook Penn94,highest_degree,10,0.2,819,38743,6
Facebook Penn94,highest_degree,10,0.2,820,38791,6
Facebook Penn94,highest_degree,10,0.2,821,38763,7
Facebook Penn94,highest_degree,10,0.2,822,38726,7
Facebook Penn94,highest_degree,10,0.2,823,38833,6
Facebook Penn94,highest_degree,10,0.2,824,38726,6
Facebook Penn94,highest_degree,10,0.2,825,38814,6
Facebook Penn94,highest_degree,10,0.2,826,38772,7
Facebook Penn94,highest_degree,10,0.2,827,38747,6
Facebook Penn94,highest_degree,10,0.2,828,38765,6
Facebook Penn94,highest_degree,10,0.2,829,38761,9
Facebook Penn94,highest_degree,10,0.2,830,38835,8
Facebook Penn94,highest_degree,10,0.2,831,38760,6
Facebook Penn94,highest_degree,10,0.2,832,38714,6
Facebook Penn94,highest_degree,10,0.2,833,38723,6
Facebook Penn94,highest_degree,10,0.2,834,38771,6
Facebook Penn94,highest_degree,10,0.2,835,38772,7
Facebook Penn94,highest_degree,10,0.2,836,38694,7
Facebook Penn94,highest_degree,10,0.2,837,38731,6
Facebook Penn94,highest_degree,10,0.2,838,38784,7
Facebook Penn94,highest_degree,10,0.2,839,38782,6
Facebook Penn94,highest_degree,10,0.2,840,38835,6
Facebook Penn94,highest_degree,10,0.2,841,38753,8
Facebook Penn94,highest_degree,10,0.2,842,38745,7
Facebook Penn94,highest_degree,10,0.2,843,38701,6
Facebook Penn94,highest_degree,10,0.2,844,38784,6
Facebook Penn94,highest_degree,10,0.2,845,38755,7
Facebook Penn94,highest_degree,10,0.2,846,38816,7
Facebook Penn94,highest_degree,10,0.2,847,38797,6
Facebook Penn94,highest_degree,10,0.2,848,38702,6
Facebook Penn94,highest_degree,10,0.2,849,38770,7
Facebook Penn94,highest_degree,10,0.2,850,38736,9
Facebook Penn94,highest_degree,10,0.2,851,38734,6
Facebook Penn94,highest_degree,10,0.2,852,38714,6
Facebook Penn94,highest_degree,10,0.2,853,38777,6
Facebook Penn94,highest_degree,10,0.2,854,38709,7
Facebook Penn94,highest_degree,10,0.2,855,38795,6
Facebook Penn94,highest_degree,10,0.2,856,38701,6
Facebook Penn94,highest_degree,10,0.2,857,38755,7
Facebook Penn94,highest_degree,10,0.2,858,38714,7
Facebook Penn94,highest_degree,10,0.2,859,38753,7
Facebook Penn94,highest_degree,10,0.2,860,38806,6
Facebook Penn94,highest_degree,10,0.2,861,38727,6
Facebook Penn94,highest_degree,10,0.2,862,38731,7
Facebook Penn94,highest_degree,10,0.2,863,38739,6
Facebook Penn94,highest_degree,10,0.2,864,38731,6
Facebook Penn94,highest_degree,10,0.2,865,38672,6
Facebook Penn94,highest_degree,10,0.2,866,38737,6
Facebook Penn94,highest_degree,10,0.2,867,38757,6
Facebook Penn94,highest_degree,10,0.2,868,38796,6
Facebook Penn94,highest_degree,10,0.2,869,38752,6
Facebook Penn94,highest_degree,10,0.2,870,38828,6
Facebook Penn94,highest_degree,10,0.2,871,38741,7
Facebook Penn94,highest_degree,10,0.2,872,38695,7
Facebook Penn94,highest_degree,10,0.2,873,38775,6
Facebook Penn94,highest_degree,10,0.2,874,38762,6
Facebook Penn94,highest_degree,10,0.2,875,38768,6
Facebook Penn94,highest_degree,10,0.2,876,38774,6
Facebook Penn94,highest_degree,10,0.2,877,38762,6
Facebook Penn94,highest_degree,10,0.2,878,38739,6
Facebook Penn94,highest_degree,10,0.2,879,38694,7
Facebook Penn94,highest_degree,10,0.2,880,38740,6
Facebook Penn94,highest_degree,10,0.2,881,38804,7
Facebook Penn94,highest_degree,10,0.2,882,38723,6
Facebook Penn94,highest_degree,10,0.2,883,38750,7
Facebook Penn94,highest_degree,10,0.2,884,38763,7
Facebook Penn94,highest_degree,10,0.2,885,38684,6
Facebook Penn94,highest_degree,10,0.2,886,38768,6
Facebook Penn94,highest_degree,10,0.2,887,38754,6
Facebook Penn94,highest_degree,10,0.2,888,38736,7
Facebook Penn94,highest_degree,10,0.2,889,38748,7
Facebook Penn94,highest_degree,10,0.2,890,38685,7
Facebook Penn94,highest_degree,10,0.2,891,38759,6
Facebook Penn94,highest_degree,10,0.2,892,38705,6
Facebook Penn94,highest_degree,10,0.2,893,38703,7
Facebook Penn94,highest_degree,10,0.2,894,38746,7
Facebook Penn94,highest_degree,10,0.2,895,38706,6
Facebook Penn94,highest_degree,10,0.2,896,38715,6
Facebook Penn94,highest_degree,10,0.2,897,38735,7
Facebook Penn94,highest_degree,10,0.2,898,38748,7
Facebook Penn94,highest_degree,10,0.2,899,38833,7
Facebook Penn94,highest_degree,10,0.2,900,38672,6
Facebook Penn94,highest_degree,10,0.2,901,38783,6
Facebook Penn94,highest_degree,10,0.2,902,38666,6
Facebook Penn94,highest_degree,10,0.2,903,38817,7
Facebook Penn94,highest_degree,10,0.2,904,38757,6
Facebook Penn94,highest_degree,10,0.2,905,38803,6
Facebook Penn94,highest_degree,10,0.2,906,38723,6
Facebook Penn94,highest_degree,10,0.2,907,38804,6
Facebook Penn94,highest_degree,10,0.2,908,38789,7
Facebook Penn94,highest_degree,10,0.2,909,38709,6
Facebook Penn94,highest_degree,10,0.2,910,38663,7
Facebook Penn94,highest_degree,10,0.2,911,38708,6
Facebook Penn94,highest_degree,10,0.2,912,38767,7
Facebook Penn94,highest_degree,10,0.2,913,38667,7
Facebook Penn94,highest_degree,10,0.2,914,38729,6
Facebook Penn94,highest_degree,10,0.2,915,38743,6
Facebook Penn94,highest_degree,10,0.2,916,38712,6
Facebook Penn94,highest_degree,10,0.2,917,38691,8
Facebook Penn94,highest_degree,10,0.2,918,38712,7
Facebook Penn94,highest_degree,10,0.2,919,38720,6
Facebook Penn94,highest_degree,10,0.2,920,38755,7
Facebook Penn94,highest_degree,10,0.2,921,38728,7
Facebook Penn94,highest_degree,10,0.2,922,38818,7
Facebook Penn94,highest_degree,10,0.2,923,38715,6
Facebook Penn94,highest_degree,10,0.2,924,38701,6
Facebook Penn94,highest_degree,10,0.2,925,38750,6
Facebook Penn94,highest_degree,10,0.2,926,38790,6
Facebook Penn94,highest_degree,10,0.2,927,38737,6
Facebook Penn94,highest_degree,10,0.2,928,38748,7
Facebook Penn94,highest_degree,10,0.2,929,38832,6
Facebook Penn94,highest_degree,10,0.2,930,38709,6
Facebook Penn94,highest_degree,10,0.2,931,38753,5
Facebook Penn94,highest_degree,10,0.2,932,38750,6
Facebook Penn94,highest_degree,10,0.2,933,38743,7
Facebook Penn94,highest_degree,10,0.2,934,38741,6
Facebook Penn94,highest_degree,10,0.2,935,38742,8
Facebook Penn94,highest_degree,10,0.2,936,38793,6
Facebook Penn94,highest_degree,10,0.2,937,38721,7
Facebook Penn94,highest_degree,10,0.2,938,38757,7
Facebook Penn94,highest_degree,10,0.2,939,38737,6
Facebook Penn94,highest_degree,10,0.2,940,38771,6
Facebook Penn94,highest_degree,10,0.2,941,38769,8
Facebook Penn94,highest_degree,10,0.2,942,38709,6
Facebook Penn94,highest_degree,10,0.2,943,38765,6
Facebook Penn94,highest_degree,10,0.2,944,38721,6
Facebook Penn94,highest_degree,10,0.2,945,38749,7
Facebook Penn94,highest_degree,10,0.2,946,38753,6
Facebook Penn94,highest_degree,10,0.2,947,38733,6
Facebook Penn94,highest_degree,10,0.2,948,38673,6
Facebook Penn94,highest_degree,10,0.2,949,38704,7
Facebook Penn94,highest_degree,10,0.2,950,38723,6
Facebook Penn94,highest_degree,10,0.2,951,38743,6
Facebook Penn94,highest_degree,10,0.2,952,38835,6
Facebook Penn94,highest_degree,10,0.2,953,38729,6
Facebook Penn94,highest_degree,10,0.2,954,38776,6
Facebook Penn94,highest_degree,10,0.2,955,38788,7
Facebook Penn94,highest_degree,10,0.2,956,38779,6
Facebook Penn94,highest_degree,10,0.2,957,38674,6
Facebook Penn94,highest_degree,10,0.2,958,38799,7
Facebook Penn94,highest_degree,10,0.2,959,38724,7
Facebook Penn94,highest_degree,10,0.2,960,38759,6
Facebook Penn94,highest_degree,10,0.2,961,38799,6
Facebook Penn94,highest_degree,10,0.2,962,38750,6
Facebook Penn94,highest_degree,10,0.2,963,38779,6
Facebook Penn94,highest_degree,10,0.2,964,38737,6
Facebook Penn94,highest_degree,10,0.2,965,38745,7
Facebook Penn94,highest_degree,10,0.2,966,38780,6
Facebook Penn94,highest_degree,10,0.2,967,38708,6
Facebook Penn94,highest_degree,10,0.2,968,38736,8
Facebook Penn94,highest_degree,10,0.2,969,38740,6
Facebook Penn94,highest_degree,10,0.2,970,38746,6
Facebook Penn94,highest_degree,10,0.2,971,38806,6
Facebook Penn94,highest_degree,10,0.2,972,38779,7
Facebook Penn94,highest_degree,10,0.2,973,38682,6
Facebook Penn94,highest_degree,10,0.2,974,38738,6
Facebook Penn94,highest_degree,10,0.2,975,38667,6
Facebook Penn94,highest_degree,10,0.2,976,38706,6
Facebook Penn94,highest_degree,10,0.2,977,38753,6
Facebook Penn94,highest_degree,10,0.2,978,38734,6
Facebook Penn94,highest_degree,10,0.2,979,38707,6
Facebook Penn94,highest_degree,10,0.2,980,38786,6
Facebook Penn94,highest_degree,10,0.2,981,38713,8
Facebook Penn94,highest_degree,10,0.2,982,38781,6
Facebook Penn94,highest_degree,10,0.2,983,38730,7
Facebook Penn94,highest_degree,10,0.2,984,38760,6
Facebook Penn94,highest_degree,10,0.2,985,38805,7
Facebook Penn94,highest_degree,10,0.2,986,38723,6
Facebook Penn94,highest_degree,10,0.2,987,38724,6
Facebook Penn94,highest_degree,10,0.2,988,38720,6
Facebook Penn94,highest_degree,10,0.2,989,38792,6
Facebook Penn94,highest_degree,10,0.2,990,38757,6
Facebook Penn94,highest_degree,10,0.2,991,38664,6
Facebook Penn94,highest_degree,10,0.2,992,38787,6
Facebook Penn94,highest_degree,10,0.2,993,38742,6
Facebook Penn94,highest_degree,10,0.2,994,38783,8
Facebook Penn94,highest_degree,10,0.2,995,38711,6
Facebook Penn94,highest_degree,10,0.2,996,38778,6
Facebook Penn94,highest_degree,10,0.2,997,38776,6
Facebook Penn94,highest_degree,10,0.2,998,38681,6
Facebook Penn94,highest_degree,10,0.2,999,38772,6
Facebook Penn94,distance_greedy,2,0.2,0,38736,7
Facebook Penn94,distance_greedy,2,0.2,1,38758,7
Facebook Penn94,distance_greedy,2,0.2,2,38736,7
Facebook Penn94,distance_greedy,2,0.2,3,38743,8
Facebook Penn94,distance_greedy,2,0.2,4,38755,7
Facebook Penn94,distance_greedy,2,0.2,5,38756,6
Facebook Penn94,distance_greedy,2,0.2,6,38710,8
Facebook Penn94,distance_greedy,2,0.2,7,38765,6
Facebook Penn94,distance_greedy,2,0.2,8,38753,8
Facebook Penn94,distance_greedy,2,0.2,9,38699,7
Facebook Penn94,distance_greedy,2,0.2,10,38747,7
Facebook Penn94,distance_greedy,2,0.2,11,38765,6
Facebook Penn94,distance_greedy,2,0.2,12,38751,7
Facebook Penn94,distance_greedy,2,0.2,13,38725,8
Facebook Penn94,distance_greedy,2,0.2,14,38790,7
Facebook Penn94,distance_greedy,2,0.2,15,38787,7
Facebook Penn94,distance_greedy,2,0.2,16,38799,7
Facebook Penn94,distance_greedy,2,0.2,17,38770,8
Facebook Penn94,distance_greedy,2,0.2,18,38754,7
Facebook Penn94,distance_greedy,2,0.2,19,38730,6
Facebook Penn94,distance_greedy,2,0.2,20,38730,6
Facebook Penn94,distance_greedy,2,0.2,21,38840,8
Facebook Penn94,distance_greedy,2,0.2,22,38788,7
Facebook Penn94,distance_greedy,2,0.2,23,38711,7
Facebook Penn94,distance_greedy,2,0.2,24,38739,7
Facebook Penn94,distance_greedy,2,0.2,25,38767,7
Facebook Penn94,distance_greedy,2,0.2,26,38784,8
Facebook Penn94,distance_greedy,2,0.2,27,38709,6
Facebook Penn94,distance_greedy,2,0.2,28,38718,7
Facebook Penn94,distance_greedy,2,0.2,29,38840,7
Facebook Penn94,distance_greedy,2,0.2,30,38750,7
Facebook Penn94,distance_greedy,2,0.2,31,38742,6
Facebook Penn94,distance_greedy,2,0.2,32,38727,8
Facebook Penn94,distance_greedy,2,0.2,33,38829,7
Facebook Penn94,distance_greedy,2,0.2,34,38696,7
Facebook Penn94,distance_greedy,2,0.2,35,38787,7
Facebook Penn94,distance_greedy,2,0.2,36,38776,7
Facebook Penn94,distance_greedy,2,0.2,37,38707,6
Facebook Penn94,distance_greedy,2,0.2,38,38744,8
Facebook Penn94,distance_greedy,2,0.2,39,38809,8
Facebook Penn94,distance_greedy,2,0.2,40,38776,7
Facebook Penn94,distance_greedy,2,0.2,41,38764,9
Facebook Penn94,distance_greedy,2,0.2,42,38749,7
Facebook Penn94,distance_greedy,2,0.2,43,38787,7
Facebook Penn94,distance_greedy,2,0.2,44,38833,6
Facebook Penn94,distance_greedy,2,0.2,45,38711,8
Facebook Penn94,distance_greedy,2,0.2,46,38748,8
Facebook Penn94,distance_greedy,2,0.2,47,38725,6
Facebook Penn94,distance_greedy,2,0.2,48,38755,7
Facebook Penn94,distance_greedy,2,0.2,49,38756,7
Facebook Penn94,distance_greedy,2,0.2,50,38781,7
Facebook Penn94,distance_greedy,2,0.2,51,38797,6
Facebook Penn94,distance_greedy,2,0.2,52,38723,7
Facebook Penn94,distance_greedy,2,0.2,53,38738,8
Facebook Penn94,distance_greedy,2,0.2,54,38767,7
Facebook Penn94,distance_greedy,2,0.2,55,38664,7
Facebook Penn94,distance_greedy,2,0.2,56,38705,7
Facebook Penn94,distance_greedy,2,0.2,57,38741,8
Facebook Penn94,distance_greedy,2,0.2,58,38770,6
Facebook Penn94,distance_greedy,2,0.2,59,38759,6
Facebook Penn94,distance_greedy,2,0.2,60,38756,7
Facebook Penn94,distance_greedy,2,0.2,61,38752,7
Facebook Penn94,distance_greedy,2,0.2,62,38713,6
Facebook Penn94,distance_greedy,2,0.2,63,38777,7
Facebook Penn94,distance_greedy,2,0.2,64,38741,8
Facebook Penn94,distance_greedy,2,0.2,65,38785,7
Facebook Penn94,distance_greedy,2,0.2,66,38718,6
Facebook Penn94,distance_greedy,2,0.2,67,38712,6
Facebook Penn94,distance_greedy,2,0.2,68,38729,6
Facebook Penn94,distance_greedy,2,0.2,69,38746,7
Facebook Penn94,distance_greedy,2,0.2,70,38762,6
Facebook Penn94,distance_greedy,2,0.2,71,38750,7
Facebook Penn94,distance_greedy,2,0.2,72,38729,6
Facebook Penn94,distance_greedy,2,0.2,73,38718,6
Facebook Penn94,distance_greedy,2,0.2,74,38676,7
Facebook Penn94,distance_greedy,2,0.2,75,38734,7
Facebook Penn94,distance_greedy,2,0.2,76,38734,7
Facebook Penn94,distance_greedy,2,0.2,77,38767,7
Facebook Penn94,distance_greedy,2,0.2,78,38748,7
Facebook Penn94,distance_greedy,2,0.2,79,38751,7
Facebook Penn94,distance_greedy,2,0.2,80,38755,7
Facebook Penn94,distance_greedy,2,0.2,81,38676,7
Facebook Penn94,distance_greedy,2,0.2,82,38796,6
Facebook Penn94,distance_greedy,2,0.2,83,38789,6
Facebook Penn94,distance_greedy,2,0.2,84,38659,6
Facebook Penn94,distance_greedy,2,0.2,85,38777,7
Facebook Penn94,distance_greedy,2,0.2,86,38801,8
Facebook Penn94,distance_greedy,2,0.2,87,38755,6
Facebook Penn94,distance_greedy,2,0.2,88,38739,7
Facebook Penn94,distance_greedy,2,0.2,89,38653,8
Facebook Penn94,distance_greedy,2,0.2,90,38784,7
Facebook Penn94,distance_greedy,2,0.2,91,38787,6
Facebook Penn94,distance_greedy,2,0.2,92,38763,9
Facebook Penn94,distance_greedy,2,0.2,93,38781,7
Facebook Penn94,distance_greedy,2,0.2,94,38701,7
Facebook Penn94,distance_greedy,2,0.2,95,38741,7
Facebook Penn94,distance_greedy,2,0.2,96,38713,7
Facebook Penn94,distance_greedy,2,0.2,97,38701,7
Facebook Penn94,distance_greedy,2,0.2,98,38677,7
Facebook Penn94,distance_greedy,2,0.2,99,38735,7
Facebook Penn94,distance_greedy,2,0.2,100,38761,7
Facebook Penn94,distance_greedy,2,0.2,101,38729,6
Facebook Penn94,distance_greedy,2,0.2,102,38751,8
Facebook Penn94,distance_greedy,2,0.2,103,38728,7
Facebook Penn94,distance_greedy,2,0.2,104,38744,7
Facebook Penn94,distance_greedy,2,0.2,105,38764,6
Facebook Penn94,distance_greedy,2,0.2,106,38763,6
Facebook Penn94,distance_greedy,2,0.2,107,38710,6
Facebook Penn94,distance_greedy,2,0.2,108,38808,6
Facebook Penn94,distance_greedy,2,0.2,109,38729,7
Facebook Penn94,distance_greedy,2,0.2,110,38669,7
Facebook Penn94,distance_greedy,2,0.2,111,38842,6
Facebook Penn94,distance_greedy,2,0.2,112,38724,7
Facebook Penn94,distance_greedy,2,0.2,113,38714,7
Facebook Penn94,distance_greedy,2,0.2,114,38771,7
Facebook Penn94,distance_greedy,2,0.2,115,38775,7
Facebook Penn94,distance_greedy,2,0.2,116,38787,7
Facebook Penn94,distance_greedy,2,0.2,117,38765,7
Facebook Penn94,distance_greedy,2,0.2,118,38732,7
Facebook Penn94,distance_greedy,2,0.2,119,38688,6
Facebook Penn94,distance_greedy,2,0.2,120,38741,6
Facebook Penn94,distance_greedy,2,0.2,121,38818,8
Facebook Penn94,distance_greedy,2,0.2,122,38771,7
Facebook Penn94,distance_greedy,2,0.2,123,38764,7
Facebook Penn94,distance_greedy,2,0.2,124,38760,7
Facebook Penn94,distance_greedy,2,0.2,125,38807,7
Facebook Penn94,distance_greedy,2,0.2,126,38808,8
Facebook Penn94,distance_greedy,2,0.2,127,38747,7
Facebook Penn94,distance_greedy,2,0.2,128,38727,6
Facebook Penn94,distance_greedy,2,0.2,129,38763,8
Facebook Penn94,distance_greedy,2,0.2,130,38745,7
Facebook Penn94,distance_greedy,2,0.2,131,38729,7
Facebook Penn94,distance_greedy,2,0.2,132,38687,6
Facebook Penn94,distance_greedy,2,0.2,133,38724,6
Facebook Penn94,distance_greedy,2,0.2,134,38769,8
Facebook Penn94,distance_greedy,2,0.2,135,38789,7
Facebook Penn94,distance_greedy,2,0.2,136,38735,6
Facebook Penn94,distance_greedy,2,0.2,137,38752,6
Facebook Penn94,distance_greedy,2,0.2,138,38775,6
Facebook Penn94,distance_greedy,2,0.2,139,38718,7
Facebook Penn94,distance_greedy,2,0.2,140,38701,8
Facebook Penn94,distance_greedy,2,0.2,141,38751,6
Facebook Penn94,distance_greedy,2,0.2,142,38727,8
Facebook Penn94,distance_greedy,2,0.2,143,38741,8
Facebook Penn94,distance_greedy,2,0.2,144,38705,6
Facebook Penn94,distance_greedy,2,0.2,145,38748,7
Facebook Penn94,distance_greedy,2,0.2,146,38752,7
Facebook Penn94,distance_greedy,2,0.2,147,38750,6
Facebook Penn94,distance_greedy,2,0.2,148,38772,7
Facebook Penn94,distance_greedy,2,0.2,149,38672,6
Facebook Penn94,distance_greedy,2,0.2,150,38748,6
Facebook Penn94,distance_greedy,2,0.2,151,38783,6
Facebook Penn94,distance_greedy,2,0.2,152,38769,7
Facebook Penn94,distance_greedy,2,0.2,153,38684,11
Facebook Penn94,distance_greedy,2,0.2,154,38695,7
Facebook Penn94,distance_greedy,2,0.2,155,38727,7
Facebook Penn94,distance_greedy,2,0.2,156,38760,6
Facebook Penn94,distance_greedy,2,0.2,157,38747,7
Facebook Penn94,distance_greedy,2,0.2,158,38735,6
Facebook Penn94,distance_greedy,2,0.2,159,38719,8
Facebook Penn94,distance_greedy,2,0.2,160,38731,7
Facebook Penn94,distance_greedy,2,0.2,161,38772,6
Facebook Penn94,distance_greedy,2,0.2,162,38728,7
Facebook Penn94,distance_greedy,2,0.2,163,38818,6
Facebook Penn94,distance_greedy,2,0.2,164,38739,7
Facebook Penn94,distance_greedy,2,0.2,165,38789,6
Facebook Penn94,distance_greedy,2,0.2,166,38673,7
Facebook Penn94,distance_greedy,2,0.2,167,38748,7
Facebook Penn94,distance_greedy,2,0.2,168,38775,6
Facebook Penn94,distance_greedy,2,0.2,169,38768,7
Facebook Penn94,distance_greedy,2,0.2,170,38778,7
Facebook Penn94,distance_greedy,2,0.2,171,38725,6
Facebook Penn94,distance_greedy,2,0.2,172,38713,7
Facebook Penn94,distance_greedy,2,0.2,173,38708,7
Facebook Penn94,distance_greedy,2,0.2,174,38762,6
Facebook Penn94,distance_greedy,2,0.2,175,38783,7
Facebook Penn94,distance_greedy,2,0.2,176,38765,7
Facebook Penn94,distance_greedy,2,0.2,177,38756,7
Facebook Penn94,distance_greedy,2,0.2,178,38783,9
Facebook Penn94,distance_greedy,2,0.2,179,38717,8
Facebook Penn94,distance_greedy,2,0.2,180,38705,6
Facebook Penn94,distance_greedy,2,0.2,181,38794,7
Facebook Penn94,distance_greedy,2,0.2,182,38785,7
Facebook Penn94,distance_greedy,2,0.2,183,38746,6
Facebook Penn94,distance_greedy,2,0.2,184,38672,6
Facebook Penn94,distance_greedy,2,0.2,185,38709,7
Facebook Penn94,distance_greedy,2,0.2,186,38715,7
Facebook Penn94,distance_greedy,2,0.2,187,38721,7
Facebook Penn94,distance_greedy,2,0.2,188,38747,7
Facebook Penn94,distance_greedy,2,0.2,189,38686,8
Facebook Penn94,distance_greedy,2,0.2,190,38821,7
Facebook Penn94,distance_greedy,2,0.2,191,38769,8
Facebook Penn94,distance_greedy,2,0.2,192,38829,7
Facebook Penn94,distance_greedy,2,0.2,193,38746,7
Facebook Penn94,distance_greedy,2,0.2,194,38734,7
Facebook Penn94,distance_greedy,2,0.2,195,38806,7
Facebook Penn94,distance_greedy,2,0.2,196,38749,6
Facebook Penn94,distance_greedy,2,0.2,197,38657,6
Facebook Penn94,distance_greedy,2,0.2,198,38731,7
Facebook Penn94,distance_greedy,2,0.2,199,38664,6
Facebook Penn94,distance_greedy,2,0.2,200,38755,7
Facebook Penn94,distance_greedy,2,0.2,201,38728,7
Facebook Penn94,distance_greedy,2,0.2,202,38747,7
Facebook Penn94,distance_greedy,2,0.2,203,38740,7
Facebook Penn94,distance_greedy,2,0.2,204,38686,7
Facebook Penn94,distance_greedy,2,0.2,205,38757,6
Facebook Penn94,distance_greedy,2,0.2,206,38713,7
Facebook Penn94,distance_greedy,2,0.2,207,38809,7
Facebook Penn94,distance_greedy,2,0.2,208,38750,7
Facebook Penn94,distance_greedy,2,0.2,209,38742,7
Facebook Penn94,distance_greedy,2,0.2,210,38717,6
Facebook Penn94,distance_greedy,2,0.2,211,38714,7
Facebook Penn94,distance_greedy,2,0.2,212,38810,7
Facebook Penn94,distance_greedy,2,0.2,213,38792,7
Facebook Penn94,distance_greedy,2,0.2,214,38792,7
Facebook Penn94,distance_greedy,2,0.2,215,38725,6
Facebook Penn94,distance_greedy,2,0.2,216,38734,7
Facebook Penn94,distance_greedy,2,0.2,217,38728,7
Facebook Penn94,distance_greedy,2,0.2,218,38754,7
Facebook Penn94,distance_greedy,2,0.2,219,38827,7
Facebook Penn94,distance_greedy,2,0.2,220,38780,7
Facebook Penn94,distance_greedy,2,0.2,221,38755,8
Facebook Penn94,distance_greedy,2,0.2,222,38808,6
Facebook Penn94,distance_greedy,2,0.2,223,38751,6
Facebook Penn94,distance_greedy,2,0.2,224,38733,7
Facebook Penn94,distance_greedy,2,0.2,225,38778,7
Facebook Penn94,distance_greedy,2,0.2,226,38773,6
Facebook Penn94,distance_greedy,2,0.2,227,38778,6
Facebook Penn94,distance_greedy,2,0.2,228,38701,7
Facebook Penn94,distance_greedy,2,0.2,229,38734,7
Facebook Penn94,distance_greedy,2,0.2,230,38782,6
Facebook Penn94,distance_greedy,2,0.2,231,38753,7
Facebook Penn94,distance_greedy,2,0.2,232,38765,7
Facebook Penn94,distance_greedy,2,0.2,233,38750,7
Facebook Penn94,distance_greedy,2,0.2,234,38742,6
Facebook Penn94,distance_greedy,2,0.2,235,38721,8
Facebook Penn94,distance_greedy,2,0.2,236,38746,6
Facebook Penn94,distance_greedy,2,0.2,237,38734,7
Facebook Penn94,distance_greedy,2,0.2,238,38787,7
Facebook Penn94,distance_greedy,2,0.2,239,38780,7
Facebook Penn94,distance_greedy,2,0.2,240,38712,6
Facebook Penn94,distance_greedy,2,0.2,241,38735,7
Facebook Penn94,distance_greedy,2,0.2,242,38713,7
Facebook Penn94,distance_greedy,2,0.2,243,38732,7
Facebook Penn94,distance_greedy,2,0.2,244,38815,6
Facebook Penn94,distance_greedy,2,0.2,245,38726,8
Facebook Penn94,distance_greedy,2,0.2,246,38759,6
Facebook Penn94,distance_greedy,2,0.2,247,38778,7
Facebook Penn94,distance_greedy,2,0.2,248,38792,8
Facebook Penn94,distance_greedy,2,0.2,249,38759,7
Facebook Penn94,distance_greedy,2,0.2,250,38779,8
Facebook Penn94,distance_greedy,2,0.2,251,38710,7
Facebook Penn94,distance_greedy,2,0.2,252,38753,6
Facebook Penn94,distance_greedy,2,0.2,253,38759,7
Facebook Penn94,distance_greedy,2,0.2,254,38694,6
Facebook Penn94,distance_greedy,2,0.2,255,38781,7
Facebook Penn94,distance_greedy,2,0.2,256,38680,7
Facebook Penn94,distance_greedy,2,0.2,257,38719,7
Facebook Penn94,distance_greedy,2,0.2,258,38696,7
Facebook Penn94,distance_greedy,2,0.2,259,38752,7
Facebook Penn94,distance_greedy,2,0.2,260,38730,8
Facebook Penn94,distance_greedy,2,0.2,261,38695,8
Facebook Penn94,distance_greedy,2,0.2,262,38785,7
Facebook Penn94,distance_greedy,2,0.2,263,38681,6
Facebook Penn94,distance_greedy,2,0.2,264,38729,6
Facebook Penn94,distance_greedy,2,0.2,265,38764,8
Facebook Penn94,distance_greedy,2,0.2,266,38687,6
Facebook Penn94,distance_greedy,2,0.2,267,38700,7
Facebook Penn94,distance_greedy,2,0.2,268,38792,8
Facebook Penn94,distance_greedy,2,0.2,269,38720,7
Facebook Penn94,distance_greedy,2,0.2,270,38777,6
Facebook Penn94,distance_greedy,2,0.2,271,38777,7
Facebook Penn94,distance_greedy,2,0.2,272,38769,9
Facebook Penn94,distance_greedy,2,0.2,273,38763,6
Facebook Penn94,distance_greedy,2,0.2,274,38688,8
Facebook Penn94,distance_greedy,2,0.2,275,38796,7
Facebook Penn94,distance_greedy,2,0.2,276,38703,10
Facebook Penn94,distance_greedy,2,0.2,277,38773,7
Facebook Penn94,distance_greedy,2,0.2,278,38725,7
Facebook Penn94,distance_greedy,2,0.2,279,38792,7
Facebook Penn94,distance_greedy,2,0.2,280,38769,7
Facebook Penn94,distance_greedy,2,0.2,281,38825,7
Facebook Penn94,distance_greedy,2,0.2,282,38795,7
Facebook Penn94,distance_greedy,2,0.2,283,38780,6
Facebook Penn94,distance_greedy,2,0.2,284,38724,8
Facebook Penn94,distance_greedy,2,0.2,285,38756,6
Facebook Penn94,distance_greedy,2,0.2,286,38710,7
Facebook Penn94,distance_greedy,2,0.2,287,38740,7
Facebook Penn94,distance_greedy,2,0.2,288,38819,7
Facebook Penn94,distance_greedy,2,0.2,289,38800,7
Facebook Penn94,distance_greedy,2,0.2,290,38764,7
Facebook Penn94,distance_greedy,2,0.2,291,38736,7
Facebook Penn94,distance_greedy,2,0.2,292,38702,6
Facebook Penn94,distance_greedy,2,0.2,293,38728,7
Facebook Penn94,distance_greedy,2,0.2,294,38810,6
Facebook Penn94,distance_greedy,2,0.2,295,38699,7
Facebook Penn94,distance_greedy,2,0.2,296,38756,6
Facebook Penn94,distance_greedy,2,0.2,297,38724,6
Facebook Penn94,distance_greedy,2,0.2,298,38793,8
Facebook Penn94,distance_greedy,2,0.2,299,38758,7
Facebook Penn94,distance_greedy,2,0.2,300,38740,8
Facebook Penn94,distance_greedy,2,0.2,301,38718,7
Facebook Penn94,distance_greedy,2,0.2,302,38689,7
Facebook Penn94,distance_greedy,2,0.2,303,38731,7
Facebook Penn94,distance_greedy,2,0.2,304,38786,7
Facebook Penn94,distance_greedy,2,0.2,305,38825,7
Facebook Penn94,distance_greedy,2,0.2,306,38789,7
Facebook Penn94,distance_greedy,2,0.2,307,38766,7
Facebook Penn94,distance_greedy,2,0.2,308,38635,9
Facebook Penn94,distance_greedy,2,0.2,309,38795,6
Facebook Penn94,distance_greedy,2,0.2,310,38829,8
Facebook Penn94,distance_greedy,2,0.2,311,38669,7
Facebook Penn94,distance_greedy,2,0.2,312,38719,7
Facebook Penn94,distance_greedy,2,0.2,313,38736,7
Facebook Penn94,distance_greedy,2,0.2,314,38767,6
Facebook Penn94,distance_greedy,2,0.2,315,38771,6
Facebook Penn94,distance_greedy,2,0.2,316,38745,6
Facebook Penn94,distance_greedy,2,0.2,317,38766,7
Facebook Penn94,distance_greedy,2,0.2,318,38693,7
Facebook Penn94,distance_greedy,2,0.2,319,38838,7
Facebook Penn94,distance_greedy,2,0.2,320,38689,7
Facebook Penn94,distance_greedy,2,0.2,321,38763,6
Facebook Penn94,distance_greedy,2,0.2,322,38752,7
Facebook Penn94,distance_greedy,2,0.2,323,38672,7
Facebook Penn94,distance_greedy,2,0.2,324,38708,7
Facebook Penn94,distance_greedy,2,0.2,325,38781,6
Facebook Penn94,distance_greedy,2,0.2,326,38812,7
Facebook Penn94,distance_greedy,2,0.2,327,38682,7
Facebook Penn94,distance_greedy,2,0.2,328,38740,6
Facebook Penn94,distance_greedy,2,0.2,329,38685,6
Facebook Penn94,distance_greedy,2,0.2,330,38753,7
Facebook Penn94,distance_greedy,2,0.2,331,38717,7
Facebook Penn94,distance_greedy,2,0.2,332,38733,7
Facebook Penn94,distance_greedy,2,0.2,333,38732,7
Facebook Penn94,distance_greedy,2,0.2,334,38748,7
Facebook Penn94,distance_greedy,2,0.2,335,38723,6
Facebook Penn94,distance_greedy,2,0.2,336,38711,6
Facebook Penn94,distance_greedy,2,0.2,337,38742,7
Facebook Penn94,distance_greedy,2,0.2,338,38669,7
Facebook Penn94,distance_greedy,2,0.2,339,38724,7
Facebook Penn94,distance_greedy,2,0.2,340,38736,7
Facebook Penn94,distance_greedy,2,0.2,341,38775,7
Facebook Penn94,distance_greedy,2,0.2,342,38688,7
Facebook Penn94,distance_greedy,2,0.2,343,38807,8
Facebook Penn94,distance_greedy,2,0.2,344,38785,6
Facebook Penn94,distance_greedy,2,0.2,345,38691,6
Facebook Penn94,distance_greedy,2,0.2,346,38726,6
Facebook Penn94,distance_greedy,2,0.2,347,38773,7
Facebook Penn94,distance_greedy,2,0.2,348,38760,7
Facebook Penn94,distance_greedy,2,0.2,349,38751,7
Facebook Penn94,distance_greedy,2,0.2,350,38753,8
Facebook Penn94,distance_greedy,2,0.2,351,38790,6
Facebook Penn94,distance_greedy,2,0.2,352,38732,7
Facebook Penn94,distance_greedy,2,0.2,353,38735,7
Facebook Penn94,distance_greedy,2,0.2,354,38780,6
Facebook Penn94,distance_greedy,2,0.2,355,38753,6
Facebook Penn94,distance_greedy,2,0.2,356,38703,7
Facebook Penn94,distance_greedy,2,0.2,357,38795,8
Facebook Penn94,distance_greedy,2,0.2,358,38761,7
Facebook Penn94,distance_greedy,2,0.2,359,38717,9
Facebook Penn94,distance_greedy,2,0.2,360,38757,6
Facebook Penn94,distance_greedy,2,0.2,361,38820,6
Facebook Penn94,distance_greedy,2,0.2,362,38752,6
Facebook Penn94,distance_greedy,2,0.2,363,38740,7
Facebook Penn94,distance_greedy,2,0.2,364,38778,7
Facebook Penn94,distance_greedy,2,0.2,365,38733,6
Facebook Penn94,distance_greedy,2,0.2,366,38736,6
Facebook Penn94,distance_greedy,2,0.2,367,38756,6
Facebook Penn94,distance_greedy,2,0.2,368,38755,8
Facebook Penn94,distance_greedy,2,0.2,369,38773,7
Facebook Penn94,distance_greedy,2,0.2,370,38756,7
Facebook Penn94,distance_greedy,2,0.2,371,38763,6
Facebook Penn94,distance_greedy,2,0.2,372,38704,7
Facebook Penn94,distance_greedy,2,0.2,373,38675,7
Facebook Penn94,distance_greedy,2,0.2,374,38752,7
Facebook Penn94,distance_greedy,2,0.2,375,38768,8
Facebook Penn94,distance_greedy,2,0.2,376,38742,6
Facebook Penn94,distance_greedy,2,0.2,377,38760,7
Facebook Penn94,distance_greedy,2,0.2,378,38750,7
Facebook Penn94,distance_greedy,2,0.2,379,38735,6
Facebook Penn94,distance_greedy,2,0.2,380,38657,6
Facebook Penn94,distance_greedy,2,0.2,381,38782,7
Facebook Penn94,distance_greedy,2,0.2,382,38730,7
Facebook Penn94,distance_greedy,2,0.2,383,38742,7
Facebook Penn94,distance_greedy,2,0.2,384,38722,6
Facebook Penn94,distance_greedy,2,0.2,385,38746,7
Facebook Penn94,distance_greedy,2,0.2,386,38814,7
Facebook Penn94,distance_greedy,2,0.2,387,38670,7
Facebook Penn94,distance_greedy,2,0.2,388,38679,6
Facebook Penn94,distance_greedy,2,0.2,389,38715,7
Facebook Penn94,distance_greedy,2,0.2,390,38706,7
Facebook Penn94,distance_greedy,2,0.2,391,38788,8
Facebook Penn94,distance_greedy,2,0.2,392,38714,6
Facebook Penn94,distance_greedy,2,0.2,393,38737,7
Facebook Penn94,distance_greedy,2,0.2,394,38719,6
Facebook Penn94,distance_greedy,2,0.2,395,38779,7
Facebook Penn94,distance_greedy,2,0.2,396,38731,7
Facebook Penn94,distance_greedy,2,0.2,397,38823,6
Facebook Penn94,distance_greedy,2,0.2,398,38726,7
Facebook Penn94,distance_greedy,2,0.2,399,38780,6
Facebook Penn94,distance_greedy,2,0.2,400,38726,6
Facebook Penn94,distance_greedy,2,0.2,401,38692,7
Facebook Penn94,distance_greedy,2,0.2,402,38718,6
Facebook Penn94,distance_greedy,2,0.2,403,38711,7
Facebook Penn94,distance_greedy,2,0.2,404,38782,7
Facebook Penn94,distance_greedy,2,0.2,405,38689,6
Facebook Penn94,distance_greedy,2,0.2,406,38714,8
Facebook Penn94,distance_greedy,2,0.2,407,38789,7
Facebook Penn94,distance_greedy,2,0.2,408,38742,7
Facebook Penn94,distance_greedy,2,0.2,409,38713,7
Facebook Penn94,distance_greedy,2,0.2,410,38779,7
Facebook Penn94,distance_greedy,2,0.2,411,38748,7
Facebook Penn94,distance_greedy,2,0.2,412,38700,7
Facebook Penn94,distance_greedy,2,0.2,413,38748,6
Facebook Penn94,distance_greedy,2,0.2,414,38709,6
Facebook Penn94,distance_greedy,2,0.2,415,38757,7
Facebook Penn94,distance_greedy,2,0.2,416,38726,6
Facebook Penn94,distance_greedy,2,0.2,417,38712,7
Facebook Penn94,distance_greedy,2,0.2,418,38709,6
Facebook Penn94,distance_greedy,2,0.2,419,38758,6
Facebook Penn94,distance_greedy,2,0.2,420,38786,7
Facebook Penn94,distance_greedy,2,0.2,421,38697,6
Facebook Penn94,distance_greedy,2,0.2,422,38774,7
Facebook Penn94,distance_greedy,2,0.2,423,38712,6
Facebook Penn94,distance_greedy,2,0.2,424,38742,7
Facebook Penn94,distance_greedy,2,0.2,425,38759,7
Facebook Penn94,distance_greedy,2,0.2,426,38731,6
Facebook Penn94,distance_greedy,2,0.2,427,38831,8
Facebook Penn94,distance_greedy,2,0.2,428,38772,7
Facebook Penn94,distance_greedy,2,0.2,429,38723,6
Facebook Penn94,distance_greedy,2,0.2,430,38761,7
Facebook Penn94,distance_greedy,2,0.2,431,38742,6
Facebook Penn94,distance_greedy,2,0.2,432,38790,6
Facebook Penn94,distance_greedy,2,0.2,433,38737,6
Facebook Penn94,distance_greedy,2,0.2,434,38770,7
Facebook Penn94,distance_greedy,2,0.2,435,38687,7
Facebook Penn94,distance_greedy,2,0.2,436,38722,6
Facebook Penn94,distance_greedy,2,0.2,437,38775,7
Facebook Penn94,distance_greedy,2,0.2,438,38712,6
Facebook Penn94,distance_greedy,2,0.2,439,38741,7
Facebook Penn94,distance_greedy,2,0.2,440,38738,7
Facebook Penn94,distance_greedy,2,0.2,441,38719,7
Facebook Penn94,distance_greedy,2,0.2,442,38724,6
Facebook Penn94,distance_greedy,2,0.2,443,38784,7
Facebook Penn94,distance_greedy,2,0.2,444,38738,7
Facebook Penn94,distance_greedy,2,0.2,445,38768,7
Facebook Penn94,distance_greedy,2,0.2,446,38832,7
Facebook Penn94,distance_greedy,2,0.2,447,38699,6
Facebook Penn94,distance_greedy,2,0.2,448,38722,7
Facebook Penn94,distance_greedy,2,0.2,449,38766,7
Facebook Penn94,distance_greedy,2,0.2,450,38728,6
Facebook Penn94,distance_greedy,2,0.2,451,38735,7
Facebook Penn94,distance_greedy,2,0.2,452,38725,6
Facebook Penn94,distance_greedy,2,0.2,453,38731,7
Facebook Penn94,distance_greedy,2,0.2,454,38746,10
Facebook Penn94,distance_greedy,2,0.2,455,38754,7
Facebook Penn94,distance_greedy,2,0.2,456,38749,6
Facebook Penn94,distance_greedy,2,0.2,457,38807,6
Facebook Penn94,distance_greedy,2,0.2,458,38822,7
Facebook Penn94,distance_greedy,2,0.2,459,38708,7
Facebook Penn94,distance_greedy,2,0.2,460,38799,8
Facebook Penn94,distance_greedy,2,0.2,461,38677,7
Facebook Penn94,distance_greedy,2,0.2,462,38728,8
Facebook Penn94,distance_greedy,2,0.2,463,38804,7
Facebook Penn94,distance_greedy,2,0.2,464,38835,7
Facebook Penn94,distance_greedy,2,0.2,465,38736,7
Facebook Penn94,distance_greedy,2,0.2,466,38777,6
Facebook Penn94,distance_greedy,2,0.2,467,38801,7
Facebook Penn94,distance_greedy,2,0.2,468,38755,7
Facebook Penn94,distance_greedy,2,0.2,469,38749,6
Facebook Penn94,distance_greedy,2,0.2,470,38758,8
Facebook Penn94,distance_greedy,2,0.2,471,38774,7
Facebook Penn94,distance_greedy,2,0.2,472,38749,7
Facebook Penn94,distance_greedy,2,0.2,473,38790,7
Facebook Penn94,distance_greedy,2,0.2,474,38697,7
Facebook Penn94,distance_greedy,2,0.2,475,38777,8
Facebook Penn94,distance_greedy,2,0.2,476,38782,7
Facebook Penn94,distance_greedy,2,0.2,477,38785,7
Facebook Penn94,distance_greedy,2,0.2,478,38793,6
Facebook Penn94,distance_greedy,2,0.2,479,38699,7
Facebook Penn94,distance_greedy,2,0.2,480,38757,8
Facebook Penn94,distance_greedy,2,0.2,481,38687,7
Facebook Penn94,distance_greedy,2,0.2,482,38802,6
Facebook Penn94,distance_greedy,2,0.2,483,38754,7
Facebook Penn94,distance_greedy,2,0.2,484,38724,6
Facebook Penn94,distance_greedy,2,0.2,485,38701,7
Facebook Penn94,distance_greedy,2,0.2,486,38733,6
Facebook Penn94,distance_greedy,2,0.2,487,38778,7
Facebook Penn94,distance_greedy,2,0.2,488,38780,7
Facebook Penn94,distance_greedy,2,0.2,489,38714,6
Facebook Penn94,distance_greedy,2,0.2,490,38745,7
Facebook Penn94,distance_greedy,2,0.2,491,38851,7
Facebook Penn94,distance_greedy,2,0.2,492,38792,8
Facebook Penn94,distance_greedy,2,0.2,493,38743,7
Facebook Penn94,distance_greedy,2,0.2,494,38680,6
Facebook Penn94,distance_greedy,2,0.2,495,38756,8
Facebook Penn94,distance_greedy,2,0.2,496,38722,6
Facebook Penn94,distance_greedy,2,0.2,497,38690,7
Facebook Penn94,distance_greedy,2,0.2,498,38786,7
Facebook Penn94,distance_greedy,2,0.2,499,38783,7
Facebook Penn94,distance_greedy,2,0.2,500,38700,7
Facebook Penn94,distance_greedy,2,0.2,501,38721,9
Facebook Penn94,distance_greedy,2,0.2,502,38686,7
Facebook Penn94,distance_greedy,2,0.2,503,38770,7
Facebook Penn94,distance_greedy,2,0.2,504,38740,6
Facebook Penn94,distance_greedy,2,0.2,505,38781,7
Facebook Penn94,distance_greedy,2,0.2,506,38760,7
Facebook Penn94,distance_greedy,2,0.2,507,38721,7
Facebook Penn94,distance_greedy,2,0.2,508,38737,7
Facebook Penn94,distance_greedy,2,0.2,509,38816,6
Facebook Penn94,distance_greedy,2,0.2,510,38700,7
Facebook Penn94,distance_greedy,2,0.2,511,38800,6
Facebook Penn94,distance_greedy,2,0.2,512,38711,7
Facebook Penn94,distance_greedy,2,0.2,513,38731,7
Facebook Penn94,distance_greedy,2,0.2,514,38699,7
Facebook Penn94,distance_greedy,2,0.2,515,38695,7
Facebook Penn94,distance_greedy,2,0.2,516,38768,7
Facebook Penn94,distance_greedy,2,0.2,517,38708,6
Facebook Penn94,distance_greedy,2,0.2,518,38751,6
Facebook Penn94,distance_greedy,2,0.2,519,38725,7
Facebook Penn94,distance_greedy,2,0.2,520,38759,8
Facebook Penn94,distance_greedy,2,0.2,521,38712,7
Facebook Penn94,distance_greedy,2,0.2,522,38696,7
Facebook Penn94,distance_greedy,2,0.2,523,38761,7
Facebook Penn94,distance_greedy,2,0.2,524,38741,7
Facebook Penn94,distance_greedy,2,0.2,525,38803,7
Facebook Penn94,distance_greedy,2,0.2,526,38793,7
Facebook Penn94,distance_greedy,2,0.2,527,38696,6
Facebook Penn94,distance_greedy,2,0.2,528,38766,10
Facebook Penn94,distance_greedy,2,0.2,529,38779,7
Facebook Penn94,distance_greedy,2,0.2,530,38730,7
Facebook Penn94,distance_greedy,2,0.2,531,38710,7
Facebook Penn94,distance_greedy,2,0.2,532,38790,7
Facebook Penn94,distance_greedy,2,0.2,533,38787,7
Facebook Penn94,distance_greedy,2,0.2,534,38651,7
Facebook Penn94,distance_greedy,2,0.2,535,38718,6
Facebook Penn94,distance_greedy,2,0.2,536,38691,6
Facebook Penn94,distance_greedy,2,0.2,537,38775,7
Facebook Penn94,distance_greedy,2,0.2,538,38804,7
Facebook Penn94,distance_greedy,2,0.2,539,38785,6
Facebook Penn94,distance_greedy,2,0.2,540,38798,7
Facebook Penn94,distance_greedy,2,0.2,541,38679,8
Facebook Penn94,distance_greedy,2,0.2,542,38733,6
Facebook Penn94,distance_greedy,2,0.2,543,38774,7
Facebook Penn94,distance_greedy,2,0.2,544,38738,6
Facebook Penn94,distance_greedy,2,0.2,545,38834,6
Facebook Penn94,distance_greedy,2,0.2,546,38752,6
Facebook Penn94,distance_greedy,2,0.2,547,38779,8
Facebook Penn94,distance_greedy,2,0.2,548,38762,6
Facebook Penn94,distance_greedy,2,0.2,549,38756,7
Facebook Penn94,distance_greedy,2,0.2,550,38760,7
Facebook Penn94,distance_greedy,2,0.2,551,38715,7
Facebook Penn94,distance_greedy,2,0.2,552,38749,6
Facebook Penn94,distance_greedy,2,0.2,553,38744,6
Facebook Penn94,distance_greedy,2,0.2,554,38775,7
Facebook Penn94,distance_greedy,2,0.2,555,38731,7
Facebook Penn94,distance_greedy,2,0.2,556,38695,7
Facebook Penn94,distance_greedy,2,0.2,557,38790,6
Facebook Penn94,distance_greedy,2,0.2,558,38710,7
Facebook Penn94,distance_greedy,2,0.2,559,38768,7
Facebook Penn94,distance_greedy,2,0.2,560,38810,7
Facebook Penn94,distance_greedy,2,0.2,561,38745,6
Facebook Penn94,distance_greedy,2,0.2,562,38746,8
Facebook Penn94,distance_greedy,2,0.2,563,38778,7
Facebook Penn94,distance_greedy,2,0.2,564,38746,7
Facebook Penn94,distance_greedy,2,0.2,565,38717,7
Facebook Penn94,distance_greedy,2,0.2,566,38722,7
Facebook Penn94,distance_greedy,2,0.2,567,38779,7
Facebook Penn94,distance_greedy,2,0.2,568,38780,7
Facebook Penn94,distance_greedy,2,0.2,569,38712,7
Facebook Penn94,distance_greedy,2,0.2,570,38746,7
Facebook Penn94,distance_greedy,2,0.2,571,38723,6
Facebook Penn94,distance_greedy,2,0.2,572,38748,6
Facebook Penn94,distance_greedy,2,0.2,573,38663,7
Facebook Penn94,distance_greedy,2,0.2,574,38806,7
Facebook Penn94,distance_greedy,2,0.2,575,38787,6
Facebook Penn94,distance_greedy,2,0.2,576,38752,6
Facebook Penn94,distance_greedy,2,0.2,577,38741,7
Facebook Penn94,distance_greedy,2,0.2,578,38804,7
Facebook Penn94,distance_greedy,2,0.2,579,38653,8
Facebook Penn94,distance_greedy,2,0.2,580,38771,8
Facebook Penn94,distance_greedy,2,0.2,581,38812,8
Facebook Penn94,distance_greedy,2,0.2,582,38716,8
Facebook Penn94,distance_greedy,2,0.2,583,38696,7
Facebook Penn94,distance_greedy,2,0.2,584,38732,7
Facebook Penn94,distance_greedy,2,0.2,585,38697,9
Facebook Penn94,distance_greedy,2,0.2,586,38731,6
Facebook Penn94,distance_greedy,2,0.2,587,38698,7
Facebook Penn94,distance_greedy,2,0.2,588,38776,8
Facebook Penn94,distance_greedy,2,0.2,589,38747,7
Facebook Penn94,distance_greedy,2,0.2,590,38735,6
Facebook Penn94,distance_greedy,2,0.2,591,38722,6
Facebook Penn94,distance_greedy,2,0.2,592,38786,7
Facebook Penn94,distance_greedy,2,0.2,593,38774,7
Facebook Penn94,distance_greedy,2,0.2,594,38695,6
Facebook Penn94,distance_greedy,2,0.2,595,38740,7
Facebook Penn94,distance_greedy,2,0.2,596,38836,8
Facebook Penn94,distance_greedy,2,0.2,597,38756,7
Facebook Penn94,distance_greedy,2,0.2,598,38786,7
Facebook Penn94,distance_greedy,2,0.2,599,38760,7
Facebook Penn94,distance_greedy,2,0.2,600,38701,8
Facebook Penn94,distance_greedy,2,0.2,601,38740,6
Facebook Penn94,distance_greedy,2,0.2,602,38666,8
Facebook Penn94,distance_greedy,2,0.2,603,38725,7
Facebook Penn94,distance_greedy,2,0.2,604,38760,7
Facebook Penn94,distance_greedy,2,0.2,605,38730,7
Facebook Penn94,distance_greedy,2,0.2,606,38812,7
Facebook Penn94,distance_greedy,2,0.2,607,38761,7
Facebook Penn94,distance_greedy,2,0.2,608,38755,6
Facebook Penn94,distance_greedy,2,0.2,609,38679,7
Facebook Penn94,distance_greedy,2,0.2,610,38737,7
Facebook Penn94,distance_greedy,2,0.2,611,38735,6
Facebook Penn94,distance_greedy,2,0.2,612,38775,6
Facebook Penn94,distance_greedy,2,0.2,613,38708,8
Facebook Penn94,distance_greedy,2,0.2,614,38698,7
Facebook Penn94,distance_greedy,2,0.2,615,38727,7
Facebook Penn94,distance_greedy,2,0.2,616,38744,7
Facebook Penn94,distance_greedy,2,0.2,617,38758,7
Facebook Penn94,distance_greedy,2,0.2,618,38767,7
Facebook Penn94,distance_greedy,2,0.2,619,38663,6
Facebook Penn94,distance_greedy,2,0.2,620,38659,8
Facebook Penn94,distance_greedy,2,0.2,621,38757,6
Facebook Penn94,distance_greedy,2,0.2,622,38733,6
Facebook Penn94,distance_greedy,2,0.2,623,38759,7
Facebook Penn94,distance_greedy,2,0.2,624,38754,7
Facebook Penn94,distance_greedy,2,0.2,625,38734,6
Facebook Penn94,distance_greedy,2,0.2,626,38802,7
Facebook Penn94,distance_greedy,2,0.2,627,38782,7
Facebook Penn94,distance_greedy,2,0.2,628,38705,6
Facebook Penn94,distance_greedy,2,0.2,629,38758,7
Facebook Penn94,distance_greedy,2,0.2,630,38785,6
Facebook Penn94,distance_greedy,2,0.2,631,38760,6
Facebook Penn94,distance_greedy,2,0.2,632,38658,10
Facebook Penn94,distance_greedy,2,0.2,633,38734,6
Facebook Penn94,distance_greedy,2,0.2,634,38690,7
Facebook Penn94,distance_greedy,2,0.2,635,38767,7
Facebook Penn94,distance_greedy,2,0.2,636,38750,7
Facebook Penn94,distance_greedy,2,0.2,637,38842,7
Facebook Penn94,distance_greedy,2,0.2,638,38783,7
Facebook Penn94,distance_greedy,2,0.2,639,38712,7
Facebook Penn94,distance_greedy,2,0.2,640,38701,6
Facebook Penn94,distance_greedy,2,0.2,641,38759,7
Facebook Penn94,distance_greedy,2,0.2,642,38732,7
Facebook Penn94,distance_greedy,2,0.2,643,38764,7
Facebook Penn94,distance_greedy,2,0.2,644,38757,7
Facebook Penn94,distance_greedy,2,0.2,645,38717,7
Facebook Penn94,distance_greedy,2,0.2,646,38742,8
Facebook Penn94,distance_greedy,2,0.2,647,38667,7
Facebook Penn94,distance_greedy,2,0.2,648,38673,7
Facebook Penn94,distance_greedy,2,0.2,649,38784,7
Facebook Penn94,distance_greedy,2,0.2,650,38748,7
Facebook Penn94,distance_greedy,2,0.2,651,38731,8
Facebook Penn94,distance_greedy,2,0.2,652,38734,6
Facebook Penn94,distance_greedy,2,0.2,653,38780,6
Facebook Penn94,distance_greedy,2,0.2,654,38769,6
Facebook Penn94,distance_greedy,2,0.2,655,38761,6
Facebook Penn94,distance_greedy,2,0.2,656,38731,6
Facebook Penn94,distance_greedy,2,0.2,657,38797,6
Facebook Penn94,distance_greedy,2,0.2,658,38677,7
Facebook Penn94,distance_greedy,2,0.2,659,38741,7
Facebook Penn94,distance_greedy,2,0.2,660,38737,8
Facebook Penn94,distance_greedy,2,0.2,661,38788,6
Facebook Penn94,distance_greedy,2,0.2,662,38729,8
Facebook Penn94,distance_greedy,2,0.2,663,38658,6
Facebook Penn94,distance_greedy,2,0.2,664,38767,7
Facebook Penn94,distance_greedy,2,0.2,665,38722,7
Facebook Penn94,distance_greedy,2,0.2,666,38733,7
Facebook Penn94,distance_greedy,2,0.2,667,38722,7
Facebook Penn94,distance_greedy,2,0.2,668,38841,7
Facebook Penn94,distance_greedy,2,0.2,669,38709,7
Facebook Penn94,distance_greedy,2,0.2,670,38756,7
Facebook Penn94,distance_greedy,2,0.2,671,38692,6
Facebook Penn94,distance_greedy,2,0.2,672,38789,7
Facebook Penn94,distance_greedy,2,0.2,673,38753,6
Facebook Penn94,distance_greedy,2,0.2,674,38698,7
Facebook Penn94,distance_greedy,2,0.2,675,38766,6
Facebook Penn94,distance_greedy,2,0.2,676,38672,7
Facebook Penn94,distance_greedy,2,0.2,677,38724,6
Facebook Penn94,distance_greedy,2,0.2,678,38758,6
Facebook Penn94,distance_greedy,2,0.2,679,38714,7
Facebook Penn94,distance_greedy,2,0.2,680,38746,7
Facebook Penn94,distance_greedy,2,0.2,681,38793,7
Facebook Penn94,distance_greedy,2,0.2,682,38785,6
Facebook Penn94,distance_greedy,2,0.2,683,38712,7
Facebook Penn94,distance_greedy,2,0.2,684,38720,8
Facebook Penn94,distance_greedy,2,0.2,685,38769,7
Facebook Penn94,distance_greedy,2,0.2,686,38702,6
Facebook Penn94,distance_greedy,2,0.2,687,38729,7
Facebook Penn94,distance_greedy,2,0.2,688,38758,7
Facebook Penn94,distance_greedy,2,0.2,689,38758,7
Facebook Penn94,distance_greedy,2,0.2,690,38703,7
Facebook Penn94,distance_greedy,2,0.2,691,38775,7
Facebook Penn94,distance_greedy,2,0.2,692,38757,6
Facebook Penn94,distance_greedy,2,0.2,693,38733,7
Facebook Penn94,distance_greedy,2,0.2,694,38790,7
Facebook Penn94,distance_greedy,2,0.2,695,38780,7
Facebook Penn94,distance_greedy,2,0.2,696,38716,7
Facebook Penn94,distance_greedy,2,0.2,697,38777,6
Facebook Penn94,distance_greedy,2,0.2,698,38668,7
Facebook Penn94,distance_greedy,2,0.2,699,38713,7
Facebook Penn94,distance_greedy,2,0.2,700,38758,7
Facebook Penn94,distance_greedy,2,0.2,701,38737,7
Facebook Penn94,distance_greedy,2,0.2,702,38765,6
Facebook Penn94,distance_greedy,2,0.2,703,38770,7
Facebook Penn94,distance_greedy,2,0.2,704,38710,6
Facebook Penn94,distance_greedy,2,0.2,705,38731,7
Facebook Penn94,distance_greedy,2,0.2,706,38756,7
Facebook Penn94,distance_greedy,2,0.2,707,38786,7
Facebook Penn94,distance_greedy,2,0.2,708,38738,7
Facebook Penn94,distance_greedy,2,0.2,709,38688,7
Facebook Penn94,distance_greedy,2,0.2,710,38748,7
Facebook Penn94,distance_greedy,2,0.2,711,38749,7
Facebook Penn94,distance_greedy,2,0.2,712,38700,6
Facebook Penn94,distance_greedy,2,0.2,713,38734,6
Facebook Penn94,distance_greedy,2,0.2,714,38712,7
Facebook Penn94,distance_greedy,2,0.2,715,38720,7
Facebook Penn94,distance_greedy,2,0.2,716,38737,6
Facebook Penn94,distance_greedy,2,0.2,717,38755,8
Facebook Penn94,distance_greedy,2,0.2,718,38740,7
Facebook Penn94,distance_greedy,2,0.2,719,38792,8
Facebook Penn94,distance_greedy,2,0.2,720,38764,7
Facebook Penn94,distance_greedy,2,0.2,721,38673,7
Facebook Penn94,distance_greedy,2,0.2,722,38690,6
Facebook Penn94,distance_greedy,2,0.2,723,38691,7
Facebook Penn94,distance_greedy,2,0.2,724,38657,7
Facebook Penn94,distance_greedy,2,0.2,725,38731,7
Facebook Penn94,distance_greedy,2,0.2,726,38735,7
Facebook Penn94,distance_greedy,2,0.2,727,38807,6
Facebook Penn94,distance_greedy,2,0.2,728,38760,7
Facebook Penn94,distance_greedy,2,0.2,729,38720,6
Facebook Penn94,distance_greedy,2,0.2,730,38795,7
Facebook Penn94,distance_greedy,2,0.2,731,38779,8
Facebook Penn94,distance_greedy,2,0.2,732,38710,7
Facebook Penn94,distance_greedy,2,0.2,733,38768,7
Facebook Penn94,distance_greedy,2,0.2,734,38757,7
Facebook Penn94,distance_greedy,2,0.2,735,38748,6
Facebook Penn94,distance_greedy,2,0.2,736,38740,7
Facebook Penn94,distance_greedy,2,0.2,737,38782,6
Facebook Penn94,distance_greedy,2,0.2,738,38716,6
Facebook Penn94,distance_greedy,2,0.2,739,38725,7
Facebook Penn94,distance_greedy,2,0.2,740,38747,7
Facebook Penn94,distance_greedy,2,0.2,741,38698,6
Facebook Penn94,distance_greedy,2,0.2,742,38747,7
Facebook Penn94,distance_greedy,2,0.2,743,38696,7
Facebook Penn94,distance_greedy,2,0.2,744,38722,7
Facebook Penn94,distance_greedy,2,0.2,745,38703,6
Facebook Penn94,distance_greedy,2,0.2,746,38688,7
Facebook Penn94,distance_greedy,2,0.2,747,38778,7
Facebook Penn94,distance_greedy,2,0.2,748,38786,7
Facebook Penn94,distance_greedy,2,0.2,749,38773,7
Facebook Penn94,distance_greedy,2,0.2,750,38787,6
Facebook Penn94,distance_greedy,2,0.2,751,38682,7
Facebook Penn94,distance_greedy,2,0.2,752,38778,7
Facebook Penn94,distance_greedy,2,0.2,753,38678,7
Facebook Penn94,distance_greedy,2,0.2,754,38607,7
Facebook Penn94,distance_greedy,2,0.2,755,38705,7
Facebook Penn94,distance_greedy,2,0.2,756,38708,6
Facebook Penn94,distance_greedy,2,0.2,757,38726,8
Facebook Penn94,distance_greedy,2,0.2,758,38705,8
Facebook Penn94,distance_greedy,2,0.2,759,38762,7
Facebook Penn94,distance_greedy,2,0.2,760,38748,6
Facebook Penn94,distance_greedy,2,0.2,761,38719,6
Facebook Penn94,distance_greedy,2,0.2,762,38685,6
Facebook Penn94,distance_greedy,2,0.2,763,38755,6
Facebook Penn94,distance_greedy,2,0.2,764,38785,9
Facebook Penn94,distance_greedy,2,0.2,765,38752,6
Facebook Penn94,distance_greedy,2,0.2,766,38670,7
Facebook Penn94,distance_greedy,2,0.2,767,38721,6
Facebook Penn94,distance_greedy,2,0.2,768,38737,6
Facebook Penn94,distance_greedy,2,0.2,769,38700,6
Facebook Penn94,distance_greedy,2,0.2,770,38757,7
Facebook Penn94,distance_greedy,2,0.2,771,38701,6
Facebook Penn94,distance_greedy,2,0.2,772,38779,6
Facebook Penn94,distance_greedy,2,0.2,773,38725,7
Facebook Penn94,distance_greedy,2,0.2,774,38720,8
Facebook Penn94,distance_greedy,2,0.2,775,38851,7
Facebook Penn94,distance_greedy,2,0.2,776,38771,7
Facebook Penn94,distance_greedy,2,0.2,777,38759,7
Facebook Penn94,distance_greedy,2,0.2,778,38807,8
Facebook Penn94,distance_greedy,2,0.2,779,38712,8
Facebook Penn94,distance_greedy,2,0.2,780,38815,8
Facebook Penn94,distance_greedy,2,0.2,781,38768,8
Facebook Penn94,distance_greedy,2,0.2,782,38831,7
Facebook Penn94,distance_greedy,2,0.2,783,38710,7
Facebook Penn94,distance_greedy,2,0.2,784,38773,7
Facebook Penn94,distance_greedy,2,0.2,785,38761,6
Facebook Penn94,distance_greedy,2,0.2,786,38726,6
Facebook Penn94,distance_greedy,2,0.2,787,38722,7
Facebook Penn94,distance_greedy,2,0.2,788,38724,7
Facebook Penn94,distance_greedy,2,0.2,789,38756,7
Facebook Penn94,distance_greedy,2,0.2,790,38707,8
Facebook Penn94,distance_greedy,2,0.2,791,38727,7
Facebook Penn94,distance_greedy,2,0.2,792,38764,7
Facebook Penn94,distance_greedy,2,0.2,793,38734,8
Facebook Penn94,distance_greedy,2,0.2,794,38760,7
Facebook Penn94,distance_greedy,2,0.2,795,38766,7
Facebook Penn94,distance_greedy,2,0.2,796,38721,7
Facebook Penn94,distance_greedy,2,0.2,797,38752,6
Facebook Penn94,distance_greedy,2,0.2,798,38808,7
Facebook Penn94,distance_greedy,2,0.2,799,38726,7
Facebook Penn94,distance_greedy,2,0.2,800,38649,6
Facebook Penn94,distance_greedy,2,0.2,801,38749,7
Facebook Penn94,distance_greedy,2,0.2,802,38758,7
Facebook Penn94,distance_greedy,2,0.2,803,38757,7
Facebook Penn94,distance_greedy,2,0.2,804,38818,7
Facebook Penn94,distance_greedy,2,0.2,805,38667,6
Facebook Penn94,distance_greedy,2,0.2,806,38744,7
Facebook Penn94,distance_greedy,2,0.2,807,38792,6
Facebook Penn94,distance_greedy,2,0.2,808,38774,6
Facebook Penn94,distance_greedy,2,0.2,809,38804,7
Facebook Penn94,distance_greedy,2,0.2,810,38709,7
Facebook Penn94,distance_greedy,2,0.2,811,38739,7
Facebook Penn94,distance_greedy,2,0.2,812,38821,7
Facebook Penn94,distance_greedy,2,0.2,813,38701,7
Facebook Penn94,distance_greedy,2,0.2,814,38730,6
Facebook Penn94,distance_greedy,2,0.2,815,38760,6
Facebook Penn94,distance_greedy,2,0.2,816,38727,8
Facebook Penn94,distance_greedy,2,0.2,817,38728,8
Facebook Penn94,distance_greedy,2,0.2,818,38700,7
Facebook Penn94,distance_greedy,2,0.2,819,38731,7
Facebook Penn94,distance_greedy,2,0.2,820,38685,6
Facebook Penn94,distance_greedy,2,0.2,821,38821,7
Facebook Penn94,distance_greedy,2,0.2,822,38716,6
Facebook Penn94,distance_greedy,2,0.2,823,38773,6
Facebook Penn94,distance_greedy,2,0.2,824,38719,8
Facebook Penn94,distance_greedy,2,0.2,825,38722,7
Facebook Penn94,distance_greedy,2,0.2,826,38725,7
Facebook Penn94,distance_greedy,2,0.2,827,38701,7
Facebook Penn94,distance_greedy,2,0.2,828,38709,6
Facebook Penn94,distance_greedy,2,0.2,829,38741,7
Facebook Penn94,distance_greedy,2,0.2,830,38720,7
Facebook Penn94,distance_greedy,2,0.2,831,38718,7
Facebook Penn94,distance_greedy,2,0.2,832,38795,7
Facebook Penn94,distance_greedy,2,0.2,833,38788,7
Facebook Penn94,distance_greedy,2,0.2,834,38801,7
Facebook Penn94,distance_greedy,2,0.2,835,38750,7
Facebook Penn94,distance_greedy,2,0.2,836,38831,7
Facebook Penn94,distance_greedy,2,0.2,837,38748,7
Facebook Penn94,distance_greedy,2,0.2,838,38700,7
Facebook Penn94,distance_greedy,2,0.2,839,38799,7
Facebook Penn94,distance_greedy,2,0.2,840,38721,7
Facebook Penn94,distance_greedy,2,0.2,841,38702,7
Facebook Penn94,distance_greedy,2,0.2,842,38732,7
Facebook Penn94,distance_greedy,2,0.2,843,38735,8
Facebook Penn94,distance_greedy,2,0.2,844,38725,7
Facebook Penn94,distance_greedy,2,0.2,845,38781,6
Facebook Penn94,distance_greedy,2,0.2,846,38789,6
Facebook Penn94,distance_greedy,2,0.2,847,38741,6
Facebook Penn94,distance_greedy,2,0.2,848,38753,6
Facebook Penn94,distance_greedy,2,0.2,849,38802,7
Facebook Penn94,distance_greedy,2,0.2,850,38769,8
Facebook Penn94,distance_greedy,2,0.2,851,38712,7
Facebook Penn94,distance_greedy,2,0.2,852,38730,7
Facebook Penn94,distance_greedy,2,0.2,853,38756,7
Facebook Penn94,distance_greedy,2,0.2,854,38714,7
Facebook Penn94,distance_greedy,2,0.2,855,38767,7
Facebook Penn94,distance_greedy,2,0.2,856,38776,7
Facebook Penn94,distance_greedy,2,0.2,857,38744,7
Facebook Penn94,distance_greedy,2,0.2,858,38709,7
Facebook Penn94,distance_greedy,2,0.2,859,38749,8
Facebook Penn94,distance_greedy,2,0.2,860,38796,7
Facebook Penn94,distance_greedy,2,0.2,861,38734,6
Facebook Penn94,distance_greedy,2,0.2,862,38716,7
Facebook Penn94,distance_greedy,2,0.2,863,38766,7
Facebook Penn94,distance_greedy,2,0.2,864,38794,7
Facebook Penn94,distance_greedy,2,0.2,865,38731,7
Facebook Penn94,distance_greedy,2,0.2,866,38782,6
Facebook Penn94,distance_greedy,2,0.2,867,38664,6
Facebook Penn94,distance_greedy,2,0.2,868,38748,7
Facebook Penn94,distance_greedy,2,0.2,869,38743,7
Facebook Penn94,distance_greedy,2,0.2,870,38739,7
Facebook Penn94,distance_greedy,2,0.2,871,38749,8
Facebook Penn94,distance_greedy,2,0.2,872,38750,7
Facebook Penn94,distance_greedy,2,0.2,873,38714,8
Facebook Penn94,distance_greedy,2,0.2,874,38739,7
Facebook Penn94,distance_greedy,2,0.2,875,38634,6
Facebook Penn94,distance_greedy,2,0.2,876,38747,7
Facebook Penn94,distance_greedy,2,0.2,877,38717,7
Facebook Penn94,distance_greedy,2,0.2,878,38724,7
Facebook Penn94,distance_greedy,2,0.2,879,38741,7
Facebook Penn94,distance_greedy,2,0.2,880,38807,8
Facebook Penn94,distance_greedy,2,0.2,881,38779,7
Facebook Penn94,distance_greedy,2,0.2,882,38765,7
Facebook Penn94,distance_greedy,2,0.2,883,38720,8
Facebook Penn94,distance_greedy,2,0.2,884,38709,7
Facebook Penn94,distance_greedy,2,0.2,885,38722,6
Facebook Penn94,distance_greedy,2,0.2,886,38771,6
Facebook Penn94,distance_greedy,2,0.2,887,38704,6
Facebook Penn94,distance_greedy,2,0.2,888,38700,6
Facebook Penn94,distance_greedy,2,0.2,889,38713,6
Facebook Penn94,distance_greedy,2,0.2,890,38700,6
Facebook Penn94,distance_greedy,2,0.2,891,38717,7
Facebook Penn94,distance_greedy,2,0.2,892,38712,6
Facebook Penn94,distance_greedy,2,0.2,893,38778,7
Facebook Penn94,distance_greedy,2,0.2,894,38749,6
Facebook Penn94,distance_greedy,2,0.2,895,38769,6
Facebook Penn94,distance_greedy,2,0.2,896,38733,6
Facebook Penn94,distance_greedy,2,0.2,897,38758,7
Facebook Penn94,distance_greedy,2,0.2,898,38705,6
Facebook Penn94,distance_greedy,2,0.2,899,38672,6
Facebook Penn94,distance_greedy,2,0.2,900,38742,6
Facebook Penn94,distance_greedy,2,0.2,901,38657,7
Facebook Penn94,distance_greedy,2,0.2,902,38717,6
Facebook Penn94,distance_greedy,2,0.2,903,38745,6
Facebook Penn94,distance_greedy,2,0.2,904,38741,7
Facebook Penn94,distance_greedy,2,0.2,905,38739,7
Facebook Penn94,distance_greedy,2,0.2,906,38686,7
Facebook Penn94,distance_greedy,2,0.2,907,38764,6
Facebook Penn94,distance_greedy,2,0.2,908,38731,7
Facebook Penn94,distance_greedy,2,0.2,909,38758,6
Facebook Penn94,distance_greedy,2,0.2,910,38793,7
Facebook Penn94,distance_greedy,2,0.2,911,38718,7
Facebook Penn94,distance_greedy,2,0.2,912,38724,7
Facebook Penn94,distance_greedy,2,0.2,913,38803,6
Facebook Penn94,distance_greedy,2,0.2,914,38678,6
Facebook Penn94,distance_greedy,2,0.2,915,38675,7
Facebook Penn94,distance_greedy,2,0.2,916,38753,8
Facebook Penn94,distance_greedy,2,0.2,917,38732,7
Facebook Penn94,distance_greedy,2,0.2,918,38713,7
Facebook Penn94,distance_greedy,2,0.2,919,38746,8
Facebook Penn94,distance_greedy,2,0.2,920,38739,7
Facebook Penn94,distance_greedy,2,0.2,921,38681,7
Facebook Penn94,distance_greedy,2,0.2,922,38683,7
Facebook Penn94,distance_greedy,2,0.2,923,38736,7
Facebook Penn94,distance_greedy,2,0.2,924,38781,8
Facebook Penn94,distance_greedy,2,0.2,925,38711,7
Facebook Penn94,distance_greedy,2,0.2,926,38734,7
Facebook Penn94,distance_greedy,2,0.2,927,38792,7
Facebook Penn94,distance_greedy,2,0.2,928,38768,7
Facebook Penn94,distance_greedy,2,0.2,929,38780,7
Facebook Penn94,distance_greedy,2,0.2,930,38685,7
Facebook Penn94,distance_greedy,2,0.2,931,38818,8
Facebook Penn94,distance_greedy,2,0.2,932,38701,7
Facebook Penn94,distance_greedy,2,0.2,933,38774,7
Facebook Penn94,distance_greedy,2,0.2,934,38702,8
Facebook Penn94,distance_greedy,2,0.2,935,38761,8
Facebook Penn94,distance_greedy,2,0.2,936,38784,7
Facebook Penn94,distance_greedy,2,0.2,937,38760,7
Facebook Penn94,distance_greedy,2,0.2,938,38762,6
Facebook Penn94,distance_greedy,2,0.2,939,38764,6
Facebook Penn94,distance_greedy,2,0.2,940,38688,7
Facebook Penn94,distance_greedy,2,0.2,941,38776,6
Facebook Penn94,distance_greedy,2,0.2,942,38735,7
Facebook Penn94,distance_greedy,2,0.2,943,38735,6
Facebook Penn94,distance_greedy,2,0.2,944,38709,7
Facebook Penn94,distance_greedy,2,0.2,945,38794,7
Facebook Penn94,distance_greedy,2,0.2,946,38733,7
Facebook Penn94,distance_greedy,2,0.2,947,38754,7
Facebook Penn94,distance_greedy,2,0.2,948,38732,7
Facebook Penn94,distance_greedy,2,0.2,949,38775,6
Facebook Penn94,distance_greedy,2,0.2,950,38765,6
Facebook Penn94,distance_greedy,2,0.2,951,38803,7
Facebook Penn94,distance_greedy,2,0.2,952,38781,7
Facebook Penn94,distance_greedy,2,0.2,953,38736,6
Facebook Penn94,distance_greedy,2,0.2,954,38783,8
Facebook Penn94,distance_greedy,2,0.2,955,38763,7
Facebook Penn94,distance_greedy,2,0.2,956,38732,7
Facebook Penn94,distance_greedy,2,0.2,957,38770,6
Facebook Penn94,distance_greedy,2,0.2,958,38765,7
Facebook Penn94,distance_greedy,2,0.2,959,38746,7
Facebook Penn94,distance_greedy,2,0.2,960,38746,8
Facebook Penn94,distance_greedy,2,0.2,961,38784,6
Facebook Penn94,distance_greedy,2,0.2,962,38724,6
Facebook Penn94,distance_greedy,2,0.2,963,38758,7
Facebook Penn94,distance_greedy,2,0.2,964,38743,7
Facebook Penn94,distance_greedy,2,0.2,965,38754,7
Facebook Penn94,distance_greedy,2,0.2,966,38744,7
Facebook Penn94,distance_greedy,2,0.2,967,38752,7
Facebook Penn94,distance_greedy,2,0.2,968,38792,7
Facebook Penn94,distance_greedy,2,0.2,969,38732,7
Facebook Penn94,distance_greedy,2,0.2,970,38755,6
Facebook Penn94,distance_greedy,2,0.2,971,38742,7
Facebook Penn94,distance_greedy,2,0.2,972,38780,6
Facebook Penn94,distance_greedy,2,0.2,973,38723,6
Facebook Penn94,distance_greedy,2,0.2,974,38699,7
Facebook Penn94,distance_greedy,2,0.2,975,38815,7
Facebook Penn94,distance_greedy,2,0.2,976,38819,6
Facebook Penn94,distance_greedy,2,0.2,977,38742,7
Facebook Penn94,distance_greedy,2,0.2,978,38736,7
Facebook Penn94,distance_greedy,2,0.2,979,38704,7
Facebook Penn94,distance_greedy,2,0.2,980,38733,7
Facebook Penn94,distance_greedy,2,0.2,981,38709,7
Facebook Penn94,distance_greedy,2,0.2,982,38755,7
Facebook Penn94,distance_greedy,2,0.2,983,38753,7
Facebook Penn94,distance_greedy,2,0.2,984,38749,7
Facebook Penn94,distance_greedy,2,0.2,985,38758,9
Facebook Penn94,distance_greedy,2,0.2,986,38807,6
Facebook Penn94,distance_greedy,2,0.2,987,38714,6
Facebook Penn94,distance_greedy,2,0.2,988,38748,6
Facebook Penn94,distance_greedy,2,0.2,989,38682,7
Facebook Penn94,distance_greedy,2,0.2,990,38666,7
Facebook Penn94,distance_greedy,2,0.2,991,38663,7
Facebook Penn94,distance_greedy,2,0.2,992,38775,7
Facebook Penn94,distance_greedy,2,0.2,993,38808,7
Facebook Penn94,distance_greedy,2,0.2,994,38637,6
Facebook Penn94,distance_greedy,2,0.2,995,38698,6
Facebook Penn94,distance_greedy,2,0.2,996,38828,7
Facebook Penn94,distance_greedy,2,0.2,997,38738,8
Facebook Penn94,distance_greedy,2,0.2,998,38729,6
Facebook Penn94,distance_greedy,2,0.2,999,38717,7
Facebook Penn94,distance_greedy,4,0.2,0,38802,6
Facebook Penn94,distance_greedy,4,0.2,1,38696,7
Facebook Penn94,distance_greedy,4,0.2,2,38710,6
Facebook Penn94,distance_greedy,4,0.2,3,38744,6
Facebook Penn94,distance_greedy,4,0.2,4,38792,7
Facebook Penn94,distance_greedy,4,0.2,5,38773,6
Facebook Penn94,distance_greedy,4,0.2,6,38744,6
Facebook Penn94,distance_greedy,4,0.2,7,38778,6
Facebook Penn94,distance_greedy,4,0.2,8,38827,6
Facebook Penn94,distance_greedy,4,0.2,9,38785,6
Facebook Penn94,distance_greedy,4,0.2,10,38716,7
Facebook Penn94,distance_greedy,4,0.2,11,38808,6
Facebook Penn94,distance_greedy,4,0.2,12,38779,7
Facebook Penn94,distance_greedy,4,0.2,13,38751,7
Facebook Penn94,distance_greedy,4,0.2,14,38713,6
Facebook Penn94,distance_greedy,4,0.2,15,38736,7
Facebook Penn94,distance_greedy,4,0.2,16,38762,9
Facebook Penn94,distance_greedy,4,0.2,17,38770,6
Facebook Penn94,distance_greedy,4,0.2,18,38816,7
Facebook Penn94,distance_greedy,4,0.2,19,38809,6
Facebook Penn94,distance_greedy,4,0.2,20,38733,6
Facebook Penn94,distance_greedy,4,0.2,21,38714,7
Facebook Penn94,distance_greedy,4,0.2,22,38724,6
Facebook Penn94,distance_greedy,4,0.2,23,38776,7
Facebook Penn94,distance_greedy,4,0.2,24,38781,7
Facebook Penn94,distance_greedy,4,0.2,25,38776,7
Facebook Penn94,distance_greedy,4,0.2,26,38783,6
Facebook Penn94,distance_greedy,4,0.2,27,38792,7
Facebook Penn94,distance_greedy,4,0.2,28,38814,6
Facebook Penn94,distance_greedy,4,0.2,29,38794,7
Facebook Penn94,distance_greedy,4,0.2,30,38858,7
Facebook Penn94,distance_greedy,4,0.2,31,38812,6
Facebook Penn94,distance_greedy,4,0.2,32,38754,7
Facebook Penn94,distance_greedy,4,0.2,33,38775,7
Facebook Penn94,distance_greedy,4,0.2,34,38752,6
Facebook Penn94,distance_greedy,4,0.2,35,38712,6
Facebook Penn94,distance_greedy,4,0.2,36,38758,7
Facebook Penn94,distance_greedy,4,0.2,37,38785,6
Facebook Penn94,distance_greedy,4,0.2,38,38732,7
Facebook Penn94,distance_greedy,4,0.2,39,38735,6
Facebook Penn94,distance_greedy,4,0.2,40,38725,8
Facebook Penn94,distance_greedy,4,0.2,41,38723,7
Facebook Penn94,distance_greedy,4,0.2,42,38687,7
Facebook Penn94,distance_greedy,4,0.2,43,38819,7
Facebook Penn94,distance_greedy,4,0.2,44,38771,7
Facebook Penn94,distance_greedy,4,0.2,45,38743,7
Facebook Penn94,distance_greedy,4,0.2,46,38789,6
Facebook Penn94,distance_greedy,4,0.2,47,38701,6
Facebook Penn94,distance_greedy,4,0.2,48,38747,7
Facebook Penn94,distance_greedy,4,0.2,49,38783,8
Facebook Penn94,distance_greedy,4,0.2,50,38731,6
Facebook Penn94,distance_greedy,4,0.2,51,38804,7
Facebook Penn94,distance_greedy,4,0.2,52,38804,6
Facebook Penn94,distance_greedy,4,0.2,53,38790,7
Facebook Penn94,distance_greedy,4,0.2,54,38727,7
Facebook Penn94,distance_greedy,4,0.2,55,38754,7
Facebook Penn94,distance_greedy,4,0.2,56,38768,8
Facebook Penn94,distance_greedy,4,0.2,57,38761,8
Facebook Penn94,distance_greedy,4,0.2,58,38750,6
Facebook Penn94,distance_greedy,4,0.2,59,38716,6
Facebook Penn94,distance_greedy,4,0.2,60,38705,7
Facebook Penn94,distance_greedy,4,0.2,61,38731,6
Facebook Penn94,distance_greedy,4,0.2,62,38686,6
Facebook Penn94,distance_greedy,4,0.2,63,38717,7
Facebook Penn94,distance_greedy,4,0.2,64,38703,6
Facebook Penn94,distance_greedy,4,0.2,65,38788,10
Facebook Penn94,distance_greedy,4,0.2,66,38753,6
Facebook Penn94,distance_greedy,4,0.2,67,38749,6
Facebook Penn94,distance_greedy,4,0.2,68,38743,8
Facebook Penn94,distance_greedy,4,0.2,69,38704,7
Facebook Penn94,distance_greedy,4,0.2,70,38704,6
Facebook Penn94,distance_greedy,4,0.2,71,38793,6
Facebook Penn94,distance_greedy,4,0.2,72,38793,6
Facebook Penn94,distance_greedy,4,0.2,73,38709,7
Facebook Penn94,distance_greedy,4,0.2,74,38757,6
Facebook Penn94,distance_greedy,4,0.2,75,38777,7
Facebook Penn94,distance_greedy,4,0.2,76,38797,7
Facebook Penn94,distance_greedy,4,0.2,77,38781,7
Facebook Penn94,distance_greedy,4,0.2,78,38733,6
Facebook Penn94,distance_greedy,4,0.2,79,38711,7
Facebook Penn94,distance_greedy,4,0.2,80,38808,6
Facebook Penn94,distance_greedy,4,0.2,81,38796,6
Facebook Penn94,distance_greedy,4,0.2,82,38675,7
Facebook Penn94,distance_greedy,4,0.2,83,38741,6
Facebook Penn94,distance_greedy,4,0.2,84,38657,8
Facebook Penn94,distance_greedy,4,0.2,85,38760,7
Facebook Penn94,distance_greedy,4,0.2,86,38762,7
Facebook Penn94,distance_greedy,4,0.2,87,38751,7
Facebook Penn94,distance_greedy,4,0.2,88,38776,6
Facebook Penn94,distance_greedy,4,0.2,89,38731,7
Facebook Penn94,distance_greedy,4,0.2,90,38770,7
Facebook Penn94,distance_greedy,4,0.2,91,38773,6
Facebook Penn94,distance_greedy,4,0.2,92,38721,7
Facebook Penn94,distance_greedy,4,0.2,93,38818,7
Facebook Penn94,distance_greedy,4,0.2,94,38700,6
Facebook Penn94,distance_greedy,4,0.2,95,38683,6
Facebook Penn94,distance_greedy,4,0.2,96,38738,7
Facebook Penn94,distance_greedy,4,0.2,97,38694,6
Facebook Penn94,distance_greedy,4,0.2,98,38734,6
Facebook Penn94,distance_greedy,4,0.2,99,38704,7
Facebook Penn94,distance_greedy,4,0.2,100,38757,7
Facebook Penn94,distance_greedy,4,0.2,101,38764,7
Facebook Penn94,distance_greedy,4,0.2,102,38771,7
Facebook Penn94,distance_greedy,4,0.2,103,38725,6
Facebook Penn94,distance_greedy,4,0.2,104,38721,6
Facebook Penn94,distance_greedy,4,0.2,105,38797,7
Facebook Penn94,distance_greedy,4,0.2,106,38740,7
Facebook Penn94,distance_greedy,4,0.2,107,38791,7
Facebook Penn94,distance_greedy,4,0.2,108,38748,6
Facebook Penn94,distance_greedy,4,0.2,109,38797,6
Facebook Penn94,distance_greedy,4,0.2,110,38683,6
Facebook Penn94,distance_greedy,4,0.2,111,38756,6
Facebook Penn94,distance_greedy,4,0.2,112,38742,6
Facebook Penn94,distance_greedy,4,0.2,113,38813,7
Facebook Penn94,distance_greedy,4,0.2,114,38740,6
Facebook Penn94,distance_greedy,4,0.2,115,38794,6
Facebook Penn94,distance_greedy,4,0.2,116,38775,7
Facebook Penn94,distance_greedy,4,0.2,117,38770,7
Facebook Penn94,distance_greedy,4,0.2,118,38740,7
Facebook Penn94,distance_greedy,4,0.2,119,38713,7
Facebook Penn94,distance_greedy,4,0.2,120,38704,6
Facebook Penn94,distance_greedy,4,0.2,121,38744,6
Facebook Penn94,distance_greedy,4,0.2,122,38774,6
Facebook Penn94,distance_greedy,4,0.2,123,38769,8
Facebook Penn94,distance_greedy,4,0.2,124,38704,6
Facebook Penn94,distance_greedy,4,0.2,125,38805,6
Facebook Penn94,distance_greedy,4,0.2,126,38765,7
Facebook Penn94,distance_greedy,4,0.2,127,38694,8
Facebook Penn94,distance_greedy,4,0.2,128,38781,8
Facebook Penn94,distance_greedy,4,0.2,129,38702,7
Facebook Penn94,distance_greedy,4,0.2,130,38689,8
Facebook Penn94,distance_greedy,4,0.2,131,38759,7
Facebook Penn94,distance_greedy,4,0.2,132,38687,7
Facebook Penn94,distance_greedy,4,0.2,133,38691,6
Facebook Penn94,distance_greedy,4,0.2,134,38769,7
Facebook Penn94,distance_greedy,4,0.2,135,38779,6
Facebook Penn94,distance_greedy,4,0.2,136,38770,7
Facebook Penn94,distance_greedy,4,0.2,137,38751,7
Facebook Penn94,distance_greedy,4,0.2,138,38733,8
Facebook Penn94,distance_greedy,4,0.2,139,38800,7
Facebook Penn94,distance_greedy,4,0.2,140,38755,6
Facebook Penn94,distance_greedy,4,0.2,141,38723,6
Facebook Penn94,distance_greedy,4,0.2,142,38756,8
Facebook Penn94,distance_greedy,4,0.2,143,38760,6
Facebook Penn94,distance_greedy,4,0.2,144,38787,7
Facebook Penn94,distance_greedy,4,0.2,145,38706,6
Facebook Penn94,distance_greedy,4,0.2,146,38729,6
Facebook Penn94,distance_greedy,4,0.2,147,38789,7
Facebook Penn94,distance_greedy,4,0.2,148,38740,7
Facebook Penn94,distance_greedy,4,0.2,149,38715,7
Facebook Penn94,distance_greedy,4,0.2,150,38707,7
Facebook Penn94,distance_greedy,4,0.2,151,38763,6
Facebook Penn94,distance_greedy,4,0.2,152,38761,6
Facebook Penn94,distance_greedy,4,0.2,153,38738,6
Facebook Penn94,distance_greedy,4,0.2,154,38804,7
Facebook Penn94,distance_greedy,4,0.2,155,38784,7
Facebook Penn94,distance_greedy,4,0.2,156,38737,6
Facebook Penn94,distance_greedy,4,0.2,157,38702,6
Facebook Penn94,distance_greedy,4,0.2,158,38774,6
Facebook Penn94,distance_greedy,4,0.2,159,38772,6
Facebook Penn94,distance_greedy,4,0.2,160,38734,6
Facebook Penn94,distance_greedy,4,0.2,161,38761,8
Facebook Penn94,distance_greedy,4,0.2,162,38757,6
Facebook Penn94,distance_greedy,4,0.2,163,38731,7
Facebook Penn94,distance_greedy,4,0.2,164,38668,7
Facebook Penn94,distance_greedy,4,0.2,165,38749,7
Facebook Penn94,distance_greedy,4,0.2,166,38763,7
Facebook Penn94,distance_greedy,4,0.2,167,38726,6
Facebook Penn94,distance_greedy,4,0.2,168,38769,6
Facebook Penn94,distance_greedy,4,0.2,169,38794,7
Facebook Penn94,distance_greedy,4,0.2,170,38732,7
Facebook Penn94,distance_greedy,4,0.2,171,38763,6
Facebook Penn94,distance_greedy,4,0.2,172,38754,7
Facebook Penn94,distance_greedy,4,0.2,173,38716,6
Facebook Penn94,distance_greedy,4,0.2,174,38783,7
Facebook Penn94,distance_greedy,4,0.2,175,38732,7
Facebook Penn94,distance_greedy,4,0.2,176,38730,6
Facebook Penn94,distance_greedy,4,0.2,177,38718,7
Facebook Penn94,distance_greedy,4,0.2,178,38729,8
Facebook Penn94,distance_greedy,4,0.2,179,38779,7
Facebook Penn94,distance_greedy,4,0.2,180,38758,6
Facebook Penn94,distance_greedy,4,0.2,181,38715,6
Facebook Penn94,distance_greedy,4,0.2,182,38729,8
Facebook Penn94,distance_greedy,4,0.2,183,38819,7
Facebook Penn94,distance_greedy,4,0.2,184,38830,7
Facebook Penn94,distance_greedy,4,0.2,185,38803,7
Facebook Penn94,distance_greedy,4,0.2,186,38769,7
Facebook Penn94,distance_greedy,4,0.2,187,38779,6
Facebook Penn94,distance_greedy,4,0.2,188,38765,7
Facebook Penn94,distance_greedy,4,0.2,189,38715,7
Facebook Penn94,distance_greedy,4,0.2,190,38727,7
Facebook Penn94,distance_greedy,4,0.2,191,38657,7
Facebook Penn94,distance_greedy,4,0.2,192,38775,7
Facebook Penn94,distance_greedy,4,0.2,193,38717,7
Facebook Penn94,distance_greedy,4,0.2,194,38679,8
Facebook Penn94,distance_greedy,4,0.2,195,38699,6
Facebook Penn94,distance_greedy,4,0.2,196,38721,7
Facebook Penn94,distance_greedy,4,0.2,197,38731,6
Facebook Penn94,distance_greedy,4,0.2,198,38735,7
Facebook Penn94,distance_greedy,4,0.2,199,38762,7
Facebook Penn94,distance_greedy,4,0.2,200,38800,7
Facebook Penn94,distance_greedy,4,0.2,201,38738,8
Facebook Penn94,distance_greedy,4,0.2,202,38767,6
Facebook Penn94,distance_greedy,4,0.2,203,38751,7
Facebook Penn94,distance_greedy,4,0.2,204,38808,6
Facebook Penn94,distance_greedy,4,0.2,205,38732,8
Facebook Penn94,distance_greedy,4,0.2,206,38796,6
Facebook Penn94,distance_greedy,4,0.2,207,38805,9
Facebook Penn94,distance_greedy,4,0.2,208,38694,7
Facebook Penn94,distance_greedy,4,0.2,209,38732,6
Facebook Penn94,distance_greedy,4,0.2,210,38835,7
Facebook Penn94,distance_greedy,4,0.2,211,38724,7
Facebook Penn94,distance_greedy,4,0.2,212,38700,7
Facebook Penn94,distance_greedy,4,0.2,213,38742,6
Facebook Penn94,distance_greedy,4,0.2,214,38726,6
Facebook Penn94,distance_greedy,4,0.2,215,38726,7
Facebook Penn94,distance_greedy,4,0.2,216,38719,7
Facebook Penn94,distance_greedy,4,0.2,217,38776,7
Facebook Penn94,distance_greedy,4,0.2,218,38780,6
Facebook Penn94,distance_greedy,4,0.2,219,38722,7
Facebook Penn94,distance_greedy,4,0.2,220,38673,6
Facebook Penn94,distance_greedy,4,0.2,221,38692,6
Facebook Penn94,distance_greedy,4,0.2,222,38698,6
Facebook Penn94,distance_greedy,4,0.2,223,38749,6
Facebook Penn94,distance_greedy,4,0.2,224,38729,9
Facebook Penn94,distance_greedy,4,0.2,225,38767,6
Facebook Penn94,distance_greedy,4,0.2,226,38727,6
Facebook Penn94,distance_greedy,4,0.2,227,38742,6
Facebook Penn94,distance_greedy,4,0.2,228,38764,6
Facebook Penn94,distance_greedy,4,0.2,229,38742,7
Facebook Penn94,distance_greedy,4,0.2,230,38765,6
Facebook Penn94,distance_greedy,4,0.2,231,38685,6
Facebook Penn94,distance_greedy,4,0.2,232,38758,6
Facebook Penn94,distance_greedy,4,0.2,233,38796,6
Facebook Penn94,distance_greedy,4,0.2,234,38632,7
Facebook Penn94,distance_greedy,4,0.2,235,38727,6
Facebook Penn94,distance_greedy,4,0.2,236,38673,6
Facebook Penn94,distance_greedy,4,0.2,237,38779,7
Facebook Penn94,distance_greedy,4,0.2,238,38808,6
Facebook Penn94,distance_greedy,4,0.2,239,38733,7
Facebook Penn94,distance_greedy,4,0.2,240,38833,8
Facebook Penn94,distance_greedy,4,0.2,241,38793,8
Facebook Penn94,distance_greedy,4,0.2,242,38735,8
Facebook Penn94,distance_greedy,4,0.2,243,38773,6
Facebook Penn94,distance_greedy,4,0.2,244,38758,6
Facebook Penn94,distance_greedy,4,0.2,245,38712,7
Facebook Penn94,distance_greedy,4,0.2,246,38762,8
Facebook Penn94,distance_greedy,4,0.2,247,38732,6
Facebook Penn94,distance_greedy,4,0.2,248,38689,6
Facebook Penn94,distance_greedy,4,0.2,249,38775,7
Facebook Penn94,distance_greedy,4,0.2,250,38794,7
Facebook Penn94,distance_greedy,4,0.2,251,38720,9
Facebook Penn94,distance_greedy,4,0.2,252,38700,6
Facebook Penn94,distance_greedy,4,0.2,253,38791,7
Facebook Penn94,distance_greedy,4,0.2,254,38704,6
Facebook Penn94,distance_greedy,4,0.2,255,38729,6
Facebook Penn94,distance_greedy,4,0.2,256,38709,7
Facebook Penn94,distance_greedy,4,0.2,257,38772,7
Facebook Penn94,distance_greedy,4,0.2,258,38801,8
Facebook Penn94,distance_greedy,4,0.2,259,38814,7
Facebook Penn94,distance_greedy,4,0.2,260,38807,8
Facebook Penn94,distance_greedy,4,0.2,261,38754,6
Facebook Penn94,distance_greedy,4,0.2,262,38725,7
Facebook Penn94,distance_greedy,4,0.2,263,38683,6
Facebook Penn94,distance_greedy,4,0.2,264,38811,6
Facebook Penn94,distance_greedy,4,0.2,265,38735,6
Facebook Penn94,distance_greedy,4,0.2,266,38856,6
Facebook Penn94,distance_greedy,4,0.2,267,38685,7
Facebook Penn94,distance_greedy,4,0.2,268,38696,7
Facebook Penn94,distance_greedy,4,0.2,269,38727,7
Facebook Penn94,distance_greedy,4,0.2,270,38699,8
Facebook Penn94,distance_greedy,4,0.2,271,38760,7
Facebook Penn94,distance_greedy,4,0.2,272,38840,6
Facebook Penn94,distance_greedy,4,0.2,273,38711,6
Facebook Penn94,distance_greedy,4,0.2,274,38799,7
Facebook Penn94,distance_greedy,4,0.2,275,38742,7
Facebook Penn94,distance_greedy,4,0.2,276,38764,7
Facebook Penn94,distance_greedy,4,0.2,277,38774,6
Facebook Penn94,distance_greedy,4,0.2,278,38755,6
Facebook Penn94,distance_greedy,4,0.2,279,38757,7
Facebook Penn94,distance_greedy,4,0.2,280,38756,7
Facebook Penn94,distance_greedy,4,0.2,281,38801,7
Facebook Penn94,distance_greedy,4,0.2,282,38719,7
Facebook Penn94,distance_greedy,4,0.2,283,38728,7
Facebook Penn94,distance_greedy,4,0.2,284,38725,7
Facebook Penn94,distance_greedy,4,0.2,285,38745,7
Facebook Penn94,distance_greedy,4,0.2,286,38809,7
Facebook Penn94,distance_greedy,4,0.2,287,38757,6
Facebook Penn94,distance_greedy,4,0.2,288,38737,7
Facebook Penn94,distance_greedy,4,0.2,289,38743,6
Facebook Penn94,distance_greedy,4,0.2,290,38762,6
Facebook Penn94,distance_greedy,4,0.2,291,38795,8
Facebook Penn94,distance_greedy,4,0.2,292,38767,7
Facebook Penn94,distance_greedy,4,0.2,293,38762,6
Facebook Penn94,distance_greedy,4,0.2,294,38769,7
Facebook Penn94,distance_greedy,4,0.2,295,38715,7
Facebook Penn94,distance_greedy,4,0.2,296,38721,7
Facebook Penn94,distance_greedy,4,0.2,297,38766,8
Facebook Penn94,distance_greedy,4,0.2,298,38777,7
Facebook Penn94,distance_greedy,4,0.2,299,38800,11
Facebook Penn94,distance_greedy,4,0.2,300,38771,6
Facebook Penn94,distance_greedy,4,0.2,301,38726,7
Facebook Penn94,distance_greedy,4,0.2,302,38744,7
Facebook Penn94,distance_greedy,4,0.2,303,38740,6
Facebook Penn94,distance_greedy,4,0.2,304,38657,7
Facebook Penn94,distance_greedy,4,0.2,305,38715,6
Facebook Penn94,distance_greedy,4,0.2,306,38720,6
Facebook Penn94,distance_greedy,4,0.2,307,38721,7
Facebook Penn94,distance_greedy,4,0.2,308,38766,6
Facebook Penn94,distance_greedy,4,0.2,309,38724,6
Facebook Penn94,distance_greedy,4,0.2,310,38785,7
Facebook Penn94,distance_greedy,4,0.2,311,38763,7
Facebook Penn94,distance_greedy,4,0.2,312,38720,6
Facebook Penn94,distance_greedy,4,0.2,313,38757,8
Facebook Penn94,distance_greedy,4,0.2,314,38714,7
Facebook Penn94,distance_greedy,4,0.2,315,38731,7
Facebook Penn94,distance_greedy,4,0.2,316,38686,8
Facebook Penn94,distance_greedy,4,0.2,317,38815,7
Facebook Penn94,distance_greedy,4,0.2,318,38754,6
Facebook Penn94,distance_greedy,4,0.2,319,38735,6
Facebook Penn94,distance_greedy,4,0.2,320,38720,6
Facebook Penn94,distance_greedy,4,0.2,321,38750,7
Facebook Penn94,distance_greedy,4,0.2,322,38667,8
Facebook Penn94,distance_greedy,4,0.2,323,38759,7
Facebook Penn94,distance_greedy,4,0.2,324,38765,7
Facebook Penn94,distance_greedy,4,0.2,325,38761,7
Facebook Penn94,distance_greedy,4,0.2,326,38761,7
Facebook Penn94,distance_greedy,4,0.2,327,38763,7
Facebook Penn94,distance_greedy,4,0.2,328,38741,6
Facebook Penn94,distance_greedy,4,0.2,329,38782,7
Facebook Penn94,distance_greedy,4,0.2,330,38726,7
Facebook Penn94,distance_greedy,4,0.2,331,38751,6
Facebook Penn94,distance_greedy,4,0.2,332,38662,6
Facebook Penn94,distance_greedy,4,0.2,333,38718,6
Facebook Penn94,distance_greedy,4,0.2,334,38750,6
Facebook Penn94,distance_greedy,4,0.2,335,38796,7
Facebook Penn94,distance_greedy,4,0.2,336,38724,7
Facebook Penn94,distance_greedy,4,0.2,337,38782,7
Facebook Penn94,distance_greedy,4,0.2,338,38716,8
Facebook Penn94,distance_greedy,4,0.2,339,38723,7
Facebook Penn94,distance_greedy,4,0.2,340,38772,7
Facebook Penn94,distance_greedy,4,0.2,341,38760,7
Facebook Penn94,distance_greedy,4,0.2,342,38750,7
Facebook Penn94,distance_greedy,4,0.2,343,38753,7
Facebook Penn94,distance_greedy,4,0.2,344,38802,7
Facebook Penn94,distance_greedy,4,0.2,345,38757,8
Facebook Penn94,distance_greedy,4,0.2,346,38760,7
Facebook Penn94,distance_greedy,4,0.2,347,38759,7
Facebook Penn94,distance_greedy,4,0.2,348,38753,7
Facebook Penn94,distance_greedy,4,0.2,349,38792,8
Facebook Penn94,distance_greedy,4,0.2,350,38714,6
Facebook Penn94,distance_greedy,4,0.2,351,38751,7
Facebook Penn94,distance_greedy,4,0.2,352,38755,7
Facebook Penn94,distance_greedy,4,0.2,353,38757,7
Facebook Penn94,distance_greedy,4,0.2,354,38714,7
Facebook Penn94,distance_greedy,4,0.2,355,38756,6
Facebook Penn94,distance_greedy,4,0.2,356,38641,7
Facebook Penn94,distance_greedy,4,0.2,357,38769,7
Facebook Penn94,distance_greedy,4,0.2,358,38755,7
Facebook Penn94,distance_greedy,4,0.2,359,38818,8
Facebook Penn94,distance_greedy,4,0.2,360,38753,7
Facebook Penn94,distance_greedy,4,0.2,361,38684,8
Facebook Penn94,distance_greedy,4,0.2,362,38814,7
Facebook Penn94,distance_greedy,4,0.2,363,38688,7
Facebook Penn94,distance_greedy,4,0.2,364,38756,7
Facebook Penn94,distance_greedy,4,0.2,365,38778,6
Facebook Penn94,distance_greedy,4,0.2,366,38687,7
Facebook Penn94,distance_greedy,4,0.2,367,38682,6
Facebook Penn94,distance_greedy,4,0.2,368,38707,6
Facebook Penn94,distance_greedy,4,0.2,369,38721,6
Facebook Penn94,distance_greedy,4,0.2,370,38699,9
Facebook Penn94,distance_greedy,4,0.2,371,38696,7
Facebook Penn94,distance_greedy,4,0.2,372,38753,6
Facebook Penn94,distance_greedy,4,0.2,373,38780,6
Facebook Penn94,distance_greedy,4,0.2,374,38702,6
Facebook Penn94,distance_greedy,4,0.2,375,38755,6
Facebook Penn94,distance_greedy,4,0.2,376,38758,7
Facebook Penn94,distance_greedy,4,0.2,377,38792,7
Facebook Penn94,distance_greedy,4,0.2,378,38720,6
Facebook Penn94,distance_greedy,4,0.2,379,38774,7
Facebook Penn94,distance_greedy,4,0.2,380,38735,7
Facebook Penn94,distance_greedy,4,0.2,381,38690,7
Facebook Penn94,distance_greedy,4,0.2,382,38719,7
Facebook Penn94,distance_greedy,4,0.2,383,38703,7
Facebook Penn94,distance_greedy,4,0.2,384,38701,6
Facebook Penn94,distance_greedy,4,0.2,385,38760,7
Facebook Penn94,distance_greedy,4,0.2,386,38751,7
Facebook Penn94,distance_greedy,4,0.2,387,38734,7
Facebook Penn94,distance_greedy,4,0.2,388,38721,6
Facebook Penn94,distance_greedy,4,0.2,389,38782,7
Facebook Penn94,distance_greedy,4,0.2,390,38753,7
Facebook Penn94,distance_greedy,4,0.2,391,38720,7
Facebook Penn94,distance_greedy,4,0.2,392,38763,6
Facebook Penn94,distance_greedy,4,0.2,393,38746,6
Facebook Penn94,distance_greedy,4,0.2,394,38724,7
Facebook Penn94,distance_greedy,4,0.2,395,38731,8
Facebook Penn94,distance_greedy,4,0.2,396,38744,7
Facebook Penn94,distance_greedy,4,0.2,397,38733,7
Facebook Penn94,distance_greedy,4,0.2,398,38721,6
Facebook Penn94,distance_greedy,4,0.2,399,38753,6
Facebook Penn94,distance_greedy,4,0.2,400,38731,7
Facebook Penn94,distance_greedy,4,0.2,401,38722,7
Facebook Penn94,distance_greedy,4,0.2,402,38717,7
Facebook Penn94,distance_greedy,4,0.2,403,38764,7
Facebook Penn94,distance_greedy,4,0.2,404,38726,6
Facebook Penn94,distance_greedy,4,0.2,405,38754,7
Facebook Penn94,distance_greedy,4,0.2,406,38722,6
Facebook Penn94,distance_greedy,4,0.2,407,38759,7
Facebook Penn94,distance_greedy,4,0.2,408,38713,7
Facebook Penn94,distance_greedy,4,0.2,409,38791,7
Facebook Penn94,distance_greedy,4,0.2,410,38775,7
Facebook Penn94,distance_greedy,4,0.2,411,38691,8
Facebook Penn94,distance_greedy,4,0.2,412,38706,8
Facebook Penn94,distance_greedy,4,0.2,413,38788,7
Facebook Penn94,distance_greedy,4,0.2,414,38697,7
Facebook Penn94,distance_greedy,4,0.2,415,38759,7
Facebook Penn94,distance_greedy,4,0.2,416,38731,7
Facebook Penn94,distance_greedy,4,0.2,417,38768,6
Facebook Penn94,distance_greedy,4,0.2,418,38733,7
Facebook Penn94,distance_greedy,4,0.2,419,38791,6
Facebook Penn94,distance_greedy,4,0.2,420,38704,7
Facebook Penn94,distance_greedy,4,0.2,421,38733,7
Facebook Penn94,distance_greedy,4,0.2,422,38748,7
Facebook Penn94,distance_greedy,4,0.2,423,38718,6
Facebook Penn94,distance_greedy,4,0.2,424,38804,6
Facebook Penn94,distance_greedy,4,0.2,425,38680,8
Facebook Penn94,distance_greedy,4,0.2,426,38759,7
Facebook Penn94,distance_greedy,4,0.2,427,38734,8
Facebook Penn94,distance_greedy,4,0.2,428,38777,6
Facebook Penn94,distance_greedy,4,0.2,429,38723,6
Facebook Penn94,distance_greedy,4,0.2,430,38772,8
Facebook Penn94,distance_greedy,4,0.2,431,38734,7
Facebook Penn94,distance_greedy,4,0.2,432,38780,8
Facebook Penn94,distance_greedy,4,0.2,433,38745,7
Facebook Penn94,distance_greedy,4,0.2,434,38717,7
Facebook Penn94,distance_greedy,4,0.2,435,38759,6
Facebook Penn94,distance_greedy,4,0.2,436,38726,6
Facebook Penn94,distance_greedy,4,0.2,437,38745,7
Facebook Penn94,distance_greedy,4,0.2,438,38738,7
Facebook Penn94,distance_greedy,4,0.2,439,38695,7
Facebook Penn94,distance_greedy,4,0.2,440,38798,7
Facebook Penn94,distance_greedy,4,0.2,441,38742,7
Facebook Penn94,distance_greedy,4,0.2,442,38749,6
Facebook Penn94,distance_greedy,4,0.2,443,38787,7
Facebook Penn94,distance_greedy,4,0.2,444,38760,8
Facebook Penn94,distance_greedy,4,0.2,445,38733,7
Facebook Penn94,distance_greedy,4,0.2,446,38801,7
Facebook Penn94,distance_greedy,4,0.2,447,38744,7
Facebook Penn94,distance_greedy,4,0.2,448,38750,6
Facebook Penn94,distance_greedy,4,0.2,449,38710,7
Facebook Penn94,distance_greedy,4,0.2,450,38814,7
Facebook Penn94,distance_greedy,4,0.2,451,38716,6
Facebook Penn94,distance_greedy,4,0.2,452,38741,7
Facebook Penn94,distance_greedy,4,0.2,453,38714,8
Facebook Penn94,distance_greedy,4,0.2,454,38770,8
Facebook Penn94,distance_greedy,4,0.2,455,38758,6
Facebook Penn94,distance_greedy,4,0.2,456,38738,6
Facebook Penn94,distance_greedy,4,0.2,457,38752,7
Facebook Penn94,distance_greedy,4,0.2,458,38758,6
Facebook Penn94,distance_greedy,4,0.2,459,38723,9
Facebook Penn94,distance_greedy,4,0.2,460,38738,10
Facebook Penn94,distance_greedy,4,0.2,461,38759,6
Facebook Penn94,distance_greedy,4,0.2,462,38744,7
Facebook Penn94,distance_greedy,4,0.2,463,38753,8
Facebook Penn94,distance_greedy,4,0.2,464,38801,7
Facebook Penn94,distance_greedy,4,0.2,465,38768,6
Facebook Penn94,distance_greedy,4,0.2,466,38700,7
Facebook Penn94,distance_greedy,4,0.2,467,38720,7
Facebook Penn94,distance_greedy,4,0.2,468,38733,6
Facebook Penn94,distance_greedy,4,0.2,469,38820,7
Facebook Penn94,distance_greedy,4,0.2,470,38819,8
Facebook Penn94,distance_greedy,4,0.2,471,38737,6
Facebook Penn94,distance_greedy,4,0.2,472,38721,7
Facebook Penn94,distance_greedy,4,0.2,473,38789,7
Facebook Penn94,distance_greedy,4,0.2,474,38763,7
Facebook Penn94,distance_greedy,4,0.2,475,38723,6
Facebook Penn94,distance_greedy,4,0.2,476,38755,7
Facebook Penn94,distance_greedy,4,0.2,477,38708,7
Facebook Penn94,distance_greedy,4,0.2,478,38755,7
Facebook Penn94,distance_greedy,4,0.2,479,38803,6
Facebook Penn94,distance_greedy,4,0.2,480,38756,6
Facebook Penn94,distance_greedy,4,0.2,481,38682,7
Facebook Penn94,distance_greedy,4,0.2,482,38680,6
Facebook Penn94,distance_greedy,4,0.2,483,38718,7
Facebook Penn94,distance_greedy,4,0.2,484,38741,6
Facebook Penn94,distance_greedy,4,0.2,485,38753,6
Facebook Penn94,distance_greedy,4,0.2,486,38757,8
Facebook Penn94,distance_greedy,4,0.2,487,38793,7
Facebook Penn94,distance_greedy,4,0.2,488,38750,6
Facebook Penn94,distance_greedy,4,0.2,489,38765,7
Facebook Penn94,distance_greedy,4,0.2,490,38709,8
Facebook Penn94,distance_greedy,4,0.2,491,38702,7
Facebook Penn94,distance_greedy,4,0.2,492,38760,7
Facebook Penn94,distance_greedy,4,0.2,493,38754,7
Facebook Penn94,distance_greedy,4,0.2,494,38724,7
Facebook Penn94,distance_greedy,4,0.2,495,38705,6
Facebook Penn94,distance_greedy,4,0.2,496,38726,6
Facebook Penn94,distance_greedy,4,0.2,497,38791,7
Facebook Penn94,distance_greedy,4,0.2,498,38776,7
Facebook Penn94,distance_greedy,4,0.2,499,38739,6
Facebook Penn94,distance_greedy,4,0.2,500,38768,6
Facebook Penn94,distance_greedy,4,0.2,501,38697,6
Facebook Penn94,distance_greedy,4,0.2,502,38729,6
Facebook Penn94,distance_greedy,4,0.2,503,38697,7
Facebook Penn94,distance_greedy,4,0.2,504,38694,8
Facebook Penn94,distance_greedy,4,0.2,505,38712,7
Facebook Penn94,distance_greedy,4,0.2,506,38763,6
Facebook Penn94,distance_greedy,4,0.2,507,38791,7
Facebook Penn94,distance_greedy,4,0.2,508,38783,8
Facebook Penn94,distance_greedy,4,0.2,509,38772,7
Facebook Penn94,distance_greedy,4,0.2,510,38741,6
Facebook Penn94,distance_greedy,4,0.2,511,38711,6
Facebook Penn94,distance_greedy,4,0.2,512,38716,7
Facebook Penn94,distance_greedy,4,0.2,513,38727,6
Facebook Penn94,distance_greedy,4,0.2,514,38702,6
Facebook Penn94,distance_greedy,4,0.2,515,38698,7
Facebook Penn94,distance_greedy,4,0.2,516,38812,7
Facebook Penn94,distance_greedy,4,0.2,517,38771,6
Facebook Penn94,distance_greedy,4,0.2,518,38739,6
Facebook Penn94,distance_greedy,4,0.2,519,38793,8
Facebook Penn94,distance_greedy,4,0.2,520,38763,8
Facebook Penn94,distance_greedy,4,0.2,521,38807,7
Facebook Penn94,distance_greedy,4,0.2,522,38698,7
Facebook Penn94,distance_greedy,4,0.2,523,38714,7
Facebook Penn94,distance_greedy,4,0.2,524,38736,6
Facebook Penn94,distance_greedy,4,0.2,525,38710,6
Facebook Penn94,distance_greedy,4,0.2,526,38802,7
Facebook Penn94,distance_greedy,4,0.2,527,38774,8
Facebook Penn94,distance_greedy,4,0.2,528,38756,6
Facebook Penn94,distance_greedy,4,0.2,529,38816,7
Facebook Penn94,distance_greedy,4,0.2,530,38735,7
Facebook Penn94,distance_greedy,4,0.2,531,38732,7
Facebook Penn94,distance_greedy,4,0.2,532,38732,7
Facebook Penn94,distance_greedy,4,0.2,533,38779,6
Facebook Penn94,distance_greedy,4,0.2,534,38727,7
Facebook Penn94,distance_greedy,4,0.2,535,38717,7
Facebook Penn94,distance_greedy,4,0.2,536,38729,7
Facebook Penn94,distance_greedy,4,0.2,537,38699,7
Facebook Penn94,distance_greedy,4,0.2,538,38732,8
Facebook Penn94,distance_greedy,4,0.2,539,38789,6
Facebook Penn94,distance_greedy,4,0.2,540,38708,7
Facebook Penn94,distance_greedy,4,0.2,541,38742,7
Facebook Penn94,distance_greedy,4,0.2,542,38721,8
Facebook Penn94,distance_greedy,4,0.2,543,38740,6
Facebook Penn94,distance_greedy,4,0.2,544,38734,6
Facebook Penn94,distance_greedy,4,0.2,545,38814,6
Facebook Penn94,distance_greedy,4,0.2,546,38792,7
Facebook Penn94,distance_greedy,4,0.2,547,38784,7
Facebook Penn94,distance_greedy,4,0.2,548,38743,7
Facebook Penn94,distance_greedy,4,0.2,549,38765,7
Facebook Penn94,distance_greedy,4,0.2,550,38713,7
Facebook Penn94,distance_greedy,4,0.2,551,38714,8
Facebook Penn94,distance_greedy,4,0.2,552,38710,6
Facebook Penn94,distance_greedy,4,0.2,553,38657,7
Facebook Penn94,distance_greedy,4,0.2,554,38743,8
Facebook Penn94,distance_greedy,4,0.2,555,38721,7
Facebook Penn94,distance_greedy,4,0.2,556,38768,6
Facebook Penn94,distance_greedy,4,0.2,557,38762,8
Facebook Penn94,distance_greedy,4,0.2,558,38688,6
Facebook Penn94,distance_greedy,4,0.2,559,38749,6
Facebook Penn94,distance_greedy,4,0.2,560,38776,6
Facebook Penn94,distance_greedy,4,0.2,561,38762,6
Facebook Penn94,distance_greedy,4,0.2,562,38749,8
Facebook Penn94,distance_greedy,4,0.2,563,38752,7
Facebook Penn94,distance_greedy,4,0.2,564,38819,7
Facebook Penn94,distance_greedy,4,0.2,565,38711,8
Facebook Penn94,distance_greedy,4,0.2,566,38755,6
Facebook Penn94,distance_greedy,4,0.2,567,38776,7
Facebook Penn94,distance_greedy,4,0.2,568,38771,6
Facebook Penn94,distance_greedy,4,0.2,569,38723,7
Facebook Penn94,distance_greedy,4,0.2,570,38741,8
Facebook Penn94,distance_greedy,4,0.2,571,38737,7
Facebook Penn94,distance_greedy,4,0.2,572,38813,6
Facebook Penn94,distance_greedy,4,0.2,573,38760,6
Facebook Penn94,distance_greedy,4,0.2,574,38729,7
Facebook Penn94,distance_greedy,4,0.2,575,38786,7
Facebook Penn94,distance_greedy,4,0.2,576,38742,7
Facebook Penn94,distance_greedy,4,0.2,577,38829,6
Facebook Penn94,distance_greedy,4,0.2,578,38746,6
Facebook Penn94,distance_greedy,4,0.2,579,38753,7
Facebook Penn94,distance_greedy,4,0.2,580,38719,6
Facebook Penn94,distance_greedy,4,0.2,581,38764,6
Facebook Penn94,distance_greedy,4,0.2,582,38720,6
Facebook Penn94,distance_greedy,4,0.2,583,38767,7
Facebook Penn94,distance_greedy,4,0.2,584,38750,6
Facebook Penn94,distance_greedy,4,0.2,585,38740,6
Facebook Penn94,distance_greedy,4,0.2,586,38709,6
Facebook Penn94,distance_greedy,4,0.2,587,38684,6
Facebook Penn94,distance_greedy,4,0.2,588,38819,7
Facebook Penn94,distance_greedy,4,0.2,589,38705,8
Facebook Penn94,distance_greedy,4,0.2,590,38760,7
Facebook Penn94,distance_greedy,4,0.2,591,38801,6
Facebook Penn94,distance_greedy,4,0.2,592,38668,6
Facebook Penn94,distance_greedy,4,0.2,593,38752,7
Facebook Penn94,distance_greedy,4,0.2,594,38659,6
Facebook Penn94,distance_greedy,4,0.2,595,38764,6
Facebook Penn94,distance_greedy,4,0.2,596,38702,7
Facebook Penn94,distance_greedy,4,0.2,597,38780,9
Facebook Penn94,distance_greedy,4,0.2,598,38755,7
Facebook Penn94,distance_greedy,4,0.2,599,38735,7
Facebook Penn94,distance_greedy,4,0.2,600,38748,6
Facebook Penn94,distance_greedy,4,0.2,601,38775,7
Facebook Penn94,distance_greedy,4,0.2,602,38787,7
Facebook Penn94,distance_greedy,4,0.2,603,38761,7
Facebook Penn94,distance_greedy,4,0.2,604,38723,7
Facebook Penn94,distance_greedy,4,0.2,605,38760,6
Facebook Penn94,distance_greedy,4,0.2,606,38733,7
Facebook Penn94,distance_greedy,4,0.2,607,38763,7
Facebook Penn94,distance_greedy,4,0.2,608,38804,7
Facebook Penn94,distance_greedy,4,0.2,609,38759,6
Facebook Penn94,distance_greedy,4,0.2,610,38686,7
Facebook Penn94,distance_greedy,4,0.2,611,38755,7
Facebook Penn94,distance_greedy,4,0.2,612,38779,6
Facebook Penn94,distance_greedy,4,0.2,613,38719,6
Facebook Penn94,distance_greedy,4,0.2,614,38786,7
Facebook Penn94,distance_greedy,4,0.2,615,38785,7
Facebook Penn94,distance_greedy,4,0.2,616,38759,6
Facebook Penn94,distance_greedy,4,0.2,617,38738,7
Facebook Penn94,distance_greedy,4,0.2,618,38729,7
Facebook Penn94,distance_greedy,4,0.2,619,38767,8
Facebook Penn94,distance_greedy,4,0.2,620,38798,7
Facebook Penn94,distance_greedy,4,0.2,621,38819,6
Facebook Penn94,distance_greedy,4,0.2,622,38745,7
Facebook Penn94,distance_greedy,4,0.2,623,38759,8
Facebook Penn94,distance_greedy,4,0.2,624,38780,7
Facebook Penn94,distance_greedy,4,0.2,625,38695,8
Facebook Penn94,distance_greedy,4,0.2,626,38788,6
Facebook Penn94,distance_greedy,4,0.2,627,38677,8
Facebook Penn94,distance_greedy,4,0.2,628,38752,8
Facebook Penn94,distance_greedy,4,0.2,629,38819,7
Facebook Penn94,distance_greedy,4,0.2,630,38785,7
Facebook Penn94,distance_greedy,4,0.2,631,38770,6
Facebook Penn94,distance_greedy,4,0.2,632,38727,7
Facebook Penn94,distance_greedy,4,0.2,633,38734,7
Facebook Penn94,distance_greedy,4,0.2,634,38740,8
Facebook Penn94,distance_greedy,4,0.2,635,38736,7
Facebook Penn94,distance_greedy,4,0.2,636,38730,7
Facebook Penn94,distance_greedy,4,0.2,637,38747,7
Facebook Penn94,distance_greedy,4,0.2,638,38757,7
Facebook Penn94,distance_greedy,4,0.2,639,38781,6
Facebook Penn94,distance_greedy,4,0.2,640,38751,6
Facebook Penn94,distance_greedy,4,0.2,641,38777,7
Facebook Penn94,distance_greedy,4,0.2,642,38756,7
Facebook Penn94,distance_greedy,4,0.2,643,38731,6
Facebook Penn94,distance_greedy,4,0.2,644,38740,7
Facebook Penn94,distance_greedy,4,0.2,645,38720,7
Facebook Penn94,distance_greedy,4,0.2,646,38805,7
Facebook Penn94,distance_greedy,4,0.2,647,38732,7
Facebook Penn94,distance_greedy,4,0.2,648,38660,6
Facebook Penn94,distance_greedy,4,0.2,649,38831,6
Facebook Penn94,distance_greedy,4,0.2,650,38723,7
Facebook Penn94,distance_greedy,4,0.2,651,38741,6
Facebook Penn94,distance_greedy,4,0.2,652,38734,7
Facebook Penn94,distance_greedy,4,0.2,653,38744,6
Facebook Penn94,distance_greedy,4,0.2,654,38696,7
Facebook Penn94,distance_greedy,4,0.2,655,38727,7
Facebook Penn94,distance_greedy,4,0.2,656,38697,7
Facebook Penn94,distance_greedy,4,0.2,657,38751,7
Facebook Penn94,distance_greedy,4,0.2,658,38734,7
Facebook Penn94,distance_greedy,4,0.2,659,38701,7
Facebook Penn94,distance_greedy,4,0.2,660,38697,8
Facebook Penn94,distance_greedy,4,0.2,661,38750,6
Facebook Penn94,distance_greedy,4,0.2,662,38734,6
Facebook Penn94,distance_greedy,4,0.2,663,38761,7
Facebook Penn94,distance_greedy,4,0.2,664,38722,6
Facebook Penn94,distance_greedy,4,0.2,665,38734,6
Facebook Penn94,distance_greedy,4,0.2,666,38747,7
Facebook Penn94,distance_greedy,4,0.2,667,38710,7
Facebook Penn94,distance_greedy,4,0.2,668,38784,7
Facebook Penn94,distance_greedy,4,0.2,669,38709,6
Facebook Penn94,distance_greedy,4,0.2,670,38706,7
Facebook Penn94,distance_greedy,4,0.2,671,38757,7
Facebook Penn94,distance_greedy,4,0.2,672,38735,6
Facebook Penn94,distance_greedy,4,0.2,673,38821,6
Facebook Penn94,distance_greedy,4,0.2,674,38760,8
Facebook Penn94,distance_greedy,4,0.2,675,38721,7
Facebook Penn94,distance_greedy,4,0.2,676,38670,7
Facebook Penn94,distance_greedy,4,0.2,677,38791,7
Facebook Penn94,distance_greedy,4,0.2,678,38691,7
Facebook Penn94,distance_greedy,4,0.2,679,38789,6
Facebook Penn94,distance_greedy,4,0.2,680,38723,7
Facebook Penn94,distance_greedy,4,0.2,681,38749,7
Facebook Penn94,distance_greedy,4,0.2,682,38728,7
Facebook Penn94,distance_greedy,4,0.2,683,38749,7
Facebook Penn94,distance_greedy,4,0.2,684,38772,7
Facebook Penn94,distance_greedy,4,0.2,685,38764,6
Facebook Penn94,distance_greedy,4,0.2,686,38742,7
Facebook Penn94,distance_greedy,4,0.2,687,38722,7
Facebook Penn94,distance_greedy,4,0.2,688,38790,6
Facebook Penn94,distance_greedy,4,0.2,689,38782,6
Facebook Penn94,distance_greedy,4,0.2,690,38729,7
Facebook Penn94,distance_greedy,4,0.2,691,38739,7
Facebook Penn94,distance_greedy,4,0.2,692,38768,6
Facebook Penn94,distance_greedy,4,0.2,693,38771,7
Facebook Penn94,distance_greedy,4,0.2,694,38705,9
Facebook Penn94,distance_greedy,4,0.2,695,38702,7
Facebook Penn94,distance_greedy,4,0.2,696,38765,7
Facebook Penn94,distance_greedy,4,0.2,697,38751,6
Facebook Penn94,distance_greedy,4,0.2,698,38720,6
Facebook Penn94,distance_greedy,4,0.2,699,38792,7
Facebook Penn94,distance_greedy,4,0.2,700,38724,6
Facebook Penn94,distance_greedy,4,0.2,701,38706,7
Facebook Penn94,distance_greedy,4,0.2,702,38772,6
Facebook Penn94,distance_greedy,4,0.2,703,38757,6
Facebook Penn94,distance_greedy,4,0.2,704,38649,6
Facebook Penn94,distance_greedy,4,0.2,705,38737,7
Facebook Penn94,distance_greedy,4,0.2,706,38746,7
Facebook Penn94,distance_greedy,4,0.2,707,38721,8
Facebook Penn94,distance_greedy,4,0.2,708,38724,7
Facebook Penn94,distance_greedy,4,0.2,709,38731,7
Facebook Penn94,distance_greedy,4,0.2,710,38824,7
Facebook Penn94,distance_greedy,4,0.2,711,38729,7
Facebook Penn94,distance_greedy,4,0.2,712,38731,6
Facebook Penn94,distance_greedy,4,0.2,713,38764,7
Facebook Penn94,distance_greedy,4,0.2,714,38669,7
Facebook Penn94,distance_greedy,4,0.2,715,38720,8
Facebook Penn94,distance_greedy,4,0.2,716,38710,6
Facebook Penn94,distance_greedy,4,0.2,717,38721,6
Facebook Penn94,distance_greedy,4,0.2,718,38715,7
Facebook Penn94,distance_greedy,4,0.2,719,38631,6
Facebook Penn94,distance_greedy,4,0.2,720,38822,7
Facebook Penn94,distance_greedy,4,0.2,721,38751,7
Facebook Penn94,distance_greedy,4,0.2,722,38733,7
Facebook Penn94,distance_greedy,4,0.2,723,38765,7
Facebook Penn94,distance_greedy,4,0.2,724,38752,6
Facebook Penn94,distance_greedy,4,0.2,725,38772,8
Facebook Penn94,distance_greedy,4,0.2,726,38814,7
Facebook Penn94,distance_greedy,4,0.2,727,38680,7
Facebook Penn94,distance_greedy,4,0.2,728,38772,7
Facebook Penn94,distance_greedy,4,0.2,729,38746,8
Facebook Penn94,distance_greedy,4,0.2,730,38735,7
Facebook Penn94,distance_greedy,4,0.2,731,38800,7
Facebook Penn94,distance_greedy,4,0.2,732,38689,8
Facebook Penn94,distance_greedy,4,0.2,733,38597,8
Facebook Penn94,distance_greedy,4,0.2,734,38781,7
Facebook Penn94,distance_greedy,4,0.2,735,38743,7
Facebook Penn94,distance_greedy,4,0.2,736,38750,6
Facebook Penn94,distance_greedy,4,0.2,737,38723,6
Facebook Penn94,distance_greedy,4,0.2,738,38717,7
Facebook Penn94,distance_greedy,4,0.2,739,38679,6
Facebook Penn94,distance_greedy,4,0.2,740,38776,7
Facebook Penn94,distance_greedy,4,0.2,741,38739,7
Facebook Penn94,distance_greedy,4,0.2,742,38744,7
Facebook Penn94,distance_greedy,4,0.2,743,38733,7
Facebook Penn94,distance_greedy,4,0.2,744,38778,8
Facebook Penn94,distance_greedy,4,0.2,745,38796,6
Facebook Penn94,distance_greedy,4,0.2,746,38784,7
Facebook Penn94,distance_greedy,4,0.2,747,38781,7
Facebook Penn94,distance_greedy,4,0.2,748,38777,6
Facebook Penn94,distance_greedy,4,0.2,749,38735,6
Facebook Penn94,distance_greedy,4,0.2,750,38766,7
Facebook Penn94,distance_greedy,4,0.2,751,38739,7
Facebook Penn94,distance_greedy,4,0.2,752,38749,7
Facebook Penn94,distance_greedy,4,0.2,753,38754,7
Facebook Penn94,distance_greedy,4,0.2,754,38760,7
Facebook Penn94,distance_greedy,4,0.2,755,38802,6
Facebook Penn94,distance_greedy,4,0.2,756,38830,6
Facebook Penn94,distance_greedy,4,0.2,757,38795,7
Facebook Penn94,distance_greedy,4,0.2,758,38734,8
Facebook Penn94,distance_greedy,4,0.2,759,38774,7
Facebook Penn94,distance_greedy,4,0.2,760,38742,7
Facebook Penn94,distance_greedy,4,0.2,761,38680,7
Facebook Penn94,distance_greedy,4,0.2,762,38697,7
Facebook Penn94,distance_greedy,4,0.2,763,38752,7
Facebook Penn94,distance_greedy,4,0.2,764,38772,9
Facebook Penn94,distance_greedy,4,0.2,765,38806,7
Facebook Penn94,distance_greedy,4,0.2,766,38743,7
Facebook Penn94,distance_greedy,4,0.2,767,38760,7
Facebook Penn94,distance_greedy,4,0.2,768,38789,7
Facebook Penn94,distance_greedy,4,0.2,769,38675,7
Facebook Penn94,distance_greedy,4,0.2,770,38799,7
Facebook Penn94,distance_greedy,4,0.2,771,38714,7
Facebook Penn94,distance_greedy,4,0.2,772,38679,7
Facebook Penn94,distance_greedy,4,0.2,773,38734,7
Facebook Penn94,distance_greedy,4,0.2,774,38758,8
Facebook Penn94,distance_greedy,4,0.2,775,38822,6
Facebook Penn94,distance_greedy,4,0.2,776,38726,7
Facebook Penn94,distance_greedy,4,0.2,777,38732,7
Facebook Penn94,distance_greedy,4,0.2,778,38688,9
Facebook Penn94,distance_greedy,4,0.2,779,38730,6
Facebook Penn94,distance_greedy,4,0.2,780,38782,7
Facebook Penn94,distance_greedy,4,0.2,781,38770,6
Facebook Penn94,distance_greedy,4,0.2,782,38736,7
Facebook Penn94,distance_greedy,4,0.2,783,38764,7
Facebook Penn94,distance_greedy,4,0.2,784,38709,7
Facebook Penn94,distance_greedy,4,0.2,785,38738,7
Facebook Penn94,distance_greedy,4,0.2,786,38708,7
Facebook Penn94,distance_greedy,4,0.2,787,38708,7
Facebook Penn94,distance_greedy,4,0.2,788,38765,6
Facebook Penn94,distance_greedy,4,0.2,789,38737,8
Facebook Penn94,distance_greedy,4,0.2,790,38747,9
Facebook Penn94,distance_greedy,4,0.2,791,38732,6
Facebook Penn94,distance_greedy,4,0.2,792,38731,6
Facebook Penn94,distance_greedy,4,0.2,793,38691,6
Facebook Penn94,distance_greedy,4,0.2,794,38819,7
Facebook Penn94,distance_greedy,4,0.2,795,38697,6
Facebook Penn94,distance_greedy,4,0.2,796,38702,7
Facebook Penn94,distance_greedy,4,0.2,797,38754,7
Facebook Penn94,distance_greedy,4,0.2,798,38730,7
Facebook Penn94,distance_greedy,4,0.2,799,38784,7
Facebook Penn94,distance_greedy,4,0.2,800,38831,6
Facebook Penn94,distance_greedy,4,0.2,801,38766,7
Facebook Penn94,distance_greedy,4,0.2,802,38718,6
Facebook Penn94,distance_greedy,4,0.2,803,38731,6
Facebook Penn94,distance_greedy,4,0.2,804,38713,6
Facebook Penn94,distance_greedy,4,0.2,805,38755,7
Facebook Penn94,distance_greedy,4,0.2,806,38795,6
Facebook Penn94,distance_greedy,4,0.2,807,38766,6
Facebook Penn94,distance_greedy,4,0.2,808,38704,6
Facebook Penn94,distance_greedy,4,0.2,809,38753,7
Facebook Penn94,distance_greedy,4,0.2,810,38729,7
Facebook Penn94,distance_greedy,4,0.2,811,38771,6
Facebook Penn94,distance_greedy,4,0.2,812,38750,7
Facebook Penn94,distance_greedy,4,0.2,813,38744,6
Facebook Penn94,distance_greedy,4,0.2,814,38780,6
Facebook Penn94,distance_greedy,4,0.2,815,38759,7
Facebook Penn94,distance_greedy,4,0.2,816,38686,6
Facebook Penn94,distance_greedy,4,0.2,817,38727,7
Facebook Penn94,distance_greedy,4,0.2,818,38739,8
Facebook Penn94,distance_greedy,4,0.2,819,38787,6
Facebook Penn94,distance_greedy,4,0.2,820,38713,7
Facebook Penn94,distance_greedy,4,0.2,821,38762,7
Facebook Penn94,distance_greedy,4,0.2,822,38737,7
Facebook Penn94,distance_greedy,4,0.2,823,38739,7
Facebook Penn94,distance_greedy,4,0.2,824,38661,7
Facebook Penn94,distance_greedy,4,0.2,825,38716,7
Facebook Penn94,distance_greedy,4,0.2,826,38716,7
Facebook Penn94,distance_greedy,4,0.2,827,38752,9
Facebook Penn94,distance_greedy,4,0.2,828,38790,6
Facebook Penn94,distance_greedy,4,0.2,829,38738,7
Facebook Penn94,distance_greedy,4,0.2,830,38711,7
Facebook Penn94,distance_greedy,4,0.2,831,38705,7
Facebook Penn94,distance_greedy,4,0.2,832,38798,7
Facebook Penn94,distance_greedy,4,0.2,833,38745,7
Facebook Penn94,distance_greedy,4,0.2,834,38823,7
Facebook Penn94,distance_greedy,4,0.2,835,38766,6
Facebook Penn94,distance_greedy,4,0.2,836,38764,8
Facebook Penn94,distance_greedy,4,0.2,837,38735,8
Facebook Penn94,distance_greedy,4,0.2,838,38721,8
Facebook Penn94,distance_greedy,4,0.2,839,38810,7
Facebook Penn94,distance_greedy,4,0.2,840,38735,6
Facebook Penn94,distance_greedy,4,0.2,841,38747,7
Facebook Penn94,distance_greedy,4,0.2,842,38779,6
Facebook Penn94,distance_greedy,4,0.2,843,38755,6
Facebook Penn94,distance_greedy,4,0.2,844,38733,6
Facebook Penn94,distance_greedy,4,0.2,845,38725,8
Facebook Penn94,distance_greedy,4,0.2,846,38739,7
Facebook Penn94,distance_greedy,4,0.2,847,38733,6
Facebook Penn94,distance_greedy,4,0.2,848,38783,6
Facebook Penn94,distance_greedy,4,0.2,849,38740,7
Facebook Penn94,distance_greedy,4,0.2,850,38800,7
Facebook Penn94,distance_greedy,4,0.2,851,38739,6
Facebook Penn94,distance_greedy,4,0.2,852,38723,8
Facebook Penn94,distance_greedy,4,0.2,853,38789,8
Facebook Penn94,distance_greedy,4,0.2,854,38781,6
Facebook Penn94,distance_greedy,4,0.2,855,38733,9
Facebook Penn94,distance_greedy,4,0.2,856,38733,6
Facebook Penn94,distance_greedy,4,0.2,857,38707,6
Facebook Penn94,distance_greedy,4,0.2,858,38752,6
Facebook Penn94,distance_greedy,4,0.2,859,38722,6
Facebook Penn94,distance_greedy,4,0.2,860,38751,6
Facebook Penn94,distance_greedy,4,0.2,861,38759,6
Facebook Penn94,distance_greedy,4,0.2,862,38713,7
Facebook Penn94,distance_greedy,4,0.2,863,38719,7
Facebook Penn94,distance_greedy,4,0.2,864,38735,7
Facebook Penn94,distance_greedy,4,0.2,865,38802,6
Facebook Penn94,distance_greedy,4,0.2,866,38763,6
Facebook Penn94,distance_greedy,4,0.2,867,38698,7
Facebook Penn94,distance_greedy,4,0.2,868,38744,7
Facebook Penn94,distance_greedy,4,0.2,869,38696,9
Facebook Penn94,distance_greedy,4,0.2,870,38784,6
Facebook Penn94,distance_greedy,4,0.2,871,38745,6
Facebook Penn94,distance_greedy,4,0.2,872,38733,7
Facebook Penn94,distance_greedy,4,0.2,873,38713,8
Facebook Penn94,distance_greedy,4,0.2,874,38757,6
Facebook Penn94,distance_greedy,4,0.2,875,38772,7
Facebook Penn94,distance_greedy,4,0.2,876,38708,6
Facebook Penn94,distance_greedy,4,0.2,877,38702,6
Facebook Penn94,distance_greedy,4,0.2,878,38785,7
Facebook Penn94,distance_greedy,4,0.2,879,38735,6
Facebook Penn94,distance_greedy,4,0.2,880,38653,6
Facebook Penn94,distance_greedy,4,0.2,881,38807,7
Facebook Penn94,distance_greedy,4,0.2,882,38777,6
Facebook Penn94,distance_greedy,4,0.2,883,38740,6
Facebook Penn94,distance_greedy,4,0.2,884,38752,6
Facebook Penn94,distance_greedy,4,0.2,885,38725,6
Facebook Penn94,distance_greedy,4,0.2,886,38750,7
Facebook Penn94,distance_greedy,4,0.2,887,38688,6
Facebook Penn94,distance_greedy,4,0.2,888,38744,7
Facebook Penn94,distance_greedy,4,0.2,889,38733,7
Facebook Penn94,distance_greedy,4,0.2,890,38652,6
Facebook Penn94,distance_greedy,4,0.2,891,38765,6
Facebook Penn94,distance_greedy,4,0.2,892,38771,6
Facebook Penn94,distance_greedy,4,0.2,893,38740,6
Facebook Penn94,distance_greedy,4,0.2,894,38691,8
Facebook Penn94,distance_greedy,4,0.2,895,38739,8
Facebook Penn94,distance_greedy,4,0.2,896,38714,8
Facebook Penn94,distance_greedy,4,0.2,897,38729,6
Facebook Penn94,distance_greedy,4,0.2,898,38768,9
Facebook Penn94,distance_greedy,4,0.2,899,38759,6
Facebook Penn94,distance_greedy,4,0.2,900,38761,7
Facebook Penn94,distance_greedy,4,0.2,901,38719,7
Facebook Penn94,distance_greedy,4,0.2,902,38798,7
Facebook Penn94,distance_greedy,4,0.2,903,38702,8
Facebook Penn94,distance_greedy,4,0.2,904,38743,6
Facebook Penn94,distance_greedy,4,0.2,905,38720,7
Facebook Penn94,distance_greedy,4,0.2,906,38737,6
Facebook Penn94,distance_greedy,4,0.2,907,38721,7
Facebook Penn94,distance_greedy,4,0.2,908,38801,6
Facebook Penn94,distance_greedy,4,0.2,909,38746,6
Facebook Penn94,distance_greedy,4,0.2,910,38792,6
Facebook Penn94,distance_greedy,4,0.2,911,38750,7
Facebook Penn94,distance_greedy,4,0.2,912,38724,6
Facebook Penn94,distance_greedy,4,0.2,913,38802,6
Facebook Penn94,distance_greedy,4,0.2,914,38764,6
Facebook Penn94,distance_greedy,4,0.2,915,38724,6
Facebook Penn94,distance_greedy,4,0.2,916,38711,6
Facebook Penn94,distance_greedy,4,0.2,917,38720,6
Facebook Penn94,distance_greedy,4,0.2,918,38790,7
Facebook Penn94,distance_greedy,4,0.2,919,38772,6
Facebook Penn94,distance_greedy,4,0.2,920,38723,7
Facebook Penn94,distance_greedy,4,0.2,921,38726,7
Facebook Penn94,distance_greedy,4,0.2,922,38820,9
Facebook Penn94,distance_greedy,4,0.2,923,38746,8
Facebook Penn94,distance_greedy,4,0.2,924,38791,6
Facebook Penn94,distance_greedy,4,0.2,925,38764,7
Facebook Penn94,distance_greedy,4,0.2,926,38760,7
Facebook Penn94,distance_greedy,4,0.2,927,38770,6
Facebook Penn94,distance_greedy,4,0.2,928,38727,6
Facebook Penn94,distance_greedy,4,0.2,929,38706,7
Facebook Penn94,distance_greedy,4,0.2,930,38711,7
Facebook Penn94,distance_greedy,4,0.2,931,38785,7
Facebook Penn94,distance_greedy,4,0.2,932,38651,6
Facebook Penn94,distance_greedy,4,0.2,933,38831,7
Facebook Penn94,distance_greedy,4,0.2,934,38720,6
Facebook Penn94,distance_greedy,4,0.2,935,38723,6
Facebook Penn94,distance_greedy,4,0.2,936,38725,7
Facebook Penn94,distance_greedy,4,0.2,937,38738,7
Facebook Penn94,distance_greedy,4,0.2,938,38809,7
Facebook Penn94,distance_greedy,4,0.2,939,38709,8
Facebook Penn94,distance_greedy,4,0.2,940,38706,6
Facebook Penn94,distance_greedy,4,0.2,941,38760,7
Facebook Penn94,distance_greedy,4,0.2,942,38765,6
Facebook Penn94,distance_greedy,4,0.2,943,38749,7
Facebook Penn94,distance_greedy,4,0.2,944,38741,6
Facebook Penn94,distance_greedy,4,0.2,945,38741,6
Facebook Penn94,distance_greedy,4,0.2,946,38724,7
Facebook Penn94,distance_greedy,4,0.2,947,38722,7
Facebook Penn94,distance_greedy,4,0.2,948,38770,8
Facebook Penn94,distance_greedy,4,0.2,949,38800,7
Facebook Penn94,distance_greedy,4,0.2,950,38833,7
Facebook Penn94,distance_greedy,4,0.2,951,38774,6
Facebook Penn94,distance_greedy,4,0.2,952,38699,7
Facebook Penn94,distance_greedy,4,0.2,953,38681,7
Facebook Penn94,distance_greedy,4,0.2,954,38728,6
Facebook Penn94,distance_greedy,4,0.2,955,38753,7
Facebook Penn94,distance_greedy,4,0.2,956,38742,6
Facebook Penn94,distance_greedy,4,0.2,957,38718,6
Facebook Penn94,distance_greedy,4,0.2,958,38762,8
Facebook Penn94,distance_greedy,4,0.2,959,38752,7
Facebook Penn94,distance_greedy,4,0.2,960,38725,6
Facebook Penn94,distance_greedy,4,0.2,961,38798,6
Facebook Penn94,distance_greedy,4,0.2,962,38774,7
Facebook Penn94,distance_greedy,4,0.2,963,38720,7
Facebook Penn94,distance_greedy,4,0.2,964,38716,6
Facebook Penn94,distance_greedy,4,0.2,965,38695,7
Facebook Penn94,distance_greedy,4,0.2,966,38724,6
Facebook Penn94,distance_greedy,4,0.2,967,38745,7
Facebook Penn94,distance_greedy,4,0.2,968,38776,7
Facebook Penn94,distance_greedy,4,0.2,969,38772,7
Facebook Penn94,distance_greedy,4,0.2,970,38689,7
Facebook Penn94,distance_greedy,4,0.2,971,38714,7
Facebook Penn94,distance_greedy,4,0.2,972,38830,6
Facebook Penn94,distance_greedy,4,0.2,973,38734,8
Facebook Penn94,distance_greedy,4,0.2,974,38804,7
Facebook Penn94,distance_greedy,4,0.2,975,38719,8
Facebook Penn94,distance_greedy,4,0.2,976,38759,6
Facebook Penn94,distance_greedy,4,0.2,977,38661,7
Facebook Penn94,distance_greedy,4,0.2,978,38768,6
Facebook Penn94,distance_greedy,4,0.2,979,38698,7
Facebook Penn94,distance_greedy,4,0.2,980,38736,7
Facebook Penn94,distance_greedy,4,0.2,981,38786,6
Facebook Penn94,distance_greedy,4,0.2,982,38723,6
Facebook Penn94,distance_greedy,4,0.2,983,38702,7
Facebook Penn94,distance_greedy,4,0.2,984,38798,7
Facebook Penn94,distance_greedy,4,0.2,985,38704,6
Facebook Penn94,distance_greedy,4,0.2,986,38720,6
Facebook Penn94,distance_greedy,4,0.2,987,38693,6
Facebook Penn94,distance_greedy,4,0.2,988,38725,7
Facebook Penn94,distance_greedy,4,0.2,989,38838,6
Facebook Penn94,distance_greedy,4,0.2,990,38751,6
Facebook Penn94,distance_greedy,4,0.2,991,38765,6
Facebook Penn94,distance_greedy,4,0.2,992,38718,6
Facebook Penn94,distance_greedy,4,0.2,993,38697,6
Facebook Penn94,distance_greedy,4,0.2,994,38774,7
Facebook Penn94,distance_greedy,4,0.2,995,38762,6
Facebook Penn94,distance_greedy,4,0.2,996,38710,6
Facebook Penn94,distance_greedy,4,0.2,997,38732,8
Facebook Penn94,distance_greedy,4,0.2,998,38799,6
Facebook Penn94,distance_greedy,4,0.2,999,38728,6
Facebook Penn94,distance_greedy,10,0.2,0,38720,8
Facebook Penn94,distance_greedy,10,0.2,1,38807,7
Facebook Penn94,distance_greedy,10,0.2,2,38744,6
Facebook Penn94,distance_greedy,10,0.2,3,38781,8
Facebook Penn94,distance_greedy,10,0.2,4,38695,7
Facebook Penn94,distance_greedy,10,0.2,5,38765,6
Facebook Penn94,distance_greedy,10,0.2,6,38721,7
Facebook Penn94,distance_greedy,10,0.2,7,38752,8
Facebook Penn94,distance_greedy,10,0.2,8,38728,6
Facebook Penn94,distance_greedy,10,0.2,9,38775,7
Facebook Penn94,distance_greedy,10,0.2,10,38735,7
Facebook Penn94,distance_greedy,10,0.2,11,38751,6
Facebook Penn94,distance_greedy,10,0.2,12,38728,8
Facebook Penn94,distance_greedy,10,0.2,13,38766,8
Facebook Penn94,distance_greedy,10,0.2,14,38706,6
Facebook Penn94,distance_greedy,10,0.2,15,38801,7
Facebook Penn94,distance_greedy,10,0.2,16,38803,6
Facebook Penn94,distance_greedy,10,0.2,17,38750,7
Facebook Penn94,distance_greedy,10,0.2,18,38709,6
Facebook Penn94,distance_greedy,10,0.2,19,38779,6
Facebook Penn94,distance_greedy,10,0.2,20,38735,8
Facebook Penn94,distance_greedy,10,0.2,21,38742,7
Facebook Penn94,distance_greedy,10,0.2,22,38712,6
Facebook Penn94,distance_greedy,10,0.2,23,38807,6
Facebook Penn94,distance_greedy,10,0.2,24,38810,8
Facebook Penn94,distance_greedy,10,0.2,25,38759,6
Facebook Penn94,distance_greedy,10,0.2,26,38703,6
Facebook Penn94,distance_greedy,10,0.2,27,38729,7
Facebook Penn94,distance_greedy,10,0.2,28,38661,7
Facebook Penn94,distance_greedy,10,0.2,29,38693,7
Facebook Penn94,distance_greedy,10,0.2,30,38722,7
Facebook Penn94,distance_greedy,10,0.2,31,38769,6
Facebook Penn94,distance_greedy,10,0.2,32,38785,8
Facebook Penn94,distance_greedy,10,0.2,33,38777,7
Facebook Penn94,distance_greedy,10,0.2,34,38792,6
Facebook Penn94,distance_greedy,10,0.2,35,38748,6
Facebook Penn94,distance_greedy,10,0.2,36,38777,6
Facebook Penn94,distance_greedy,10,0.2,37,38748,7
Facebook Penn94,distance_greedy,10,0.2,38,38686,6
Facebook Penn94,distance_greedy,10,0.2,39,38795,6
Facebook Penn94,distance_greedy,10,0.2,40,38736,7
Facebook Penn94,distance_greedy,10,0.2,41,38770,6
Facebook Penn94,distance_greedy,10,0.2,42,38729,7
Facebook Penn94,distance_greedy,10,0.2,43,38739,7
Facebook Penn94,distance_greedy,10,0.2,44,38696,6
Facebook Penn94,distance_greedy,10,0.2,45,38654,7
Facebook Penn94,distance_greedy,10,0.2,46,38754,6
Facebook Penn94,distance_greedy,10,0.2,47,38752,6
Facebook Penn94,distance_greedy,10,0.2,48,38696,7
Facebook Penn94,distance_greedy,10,0.2,49,38707,6
Facebook Penn94,distance_greedy,10,0.2,50,38797,6
Facebook Penn94,distance_greedy,10,0.2,51,38764,6
Facebook Penn94,distance_greedy,10,0.2,52,38776,6
Facebook Penn94,distance_greedy,10,0.2,53,38766,6
Facebook Penn94,distance_greedy,10,0.2,54,38761,7
Facebook Penn94,distance_greedy,10,0.2,55,38734,6
Facebook Penn94,distance_greedy,10,0.2,56,38721,7
Facebook Penn94,distance_greedy,10,0.2,57,38695,7
Facebook Penn94,distance_greedy,10,0.2,58,38752,6
Facebook Penn94,distance_greedy,10,0.2,59,38734,6
Facebook Penn94,distance_greedy,10,0.2,60,38762,9
Facebook Penn94,distance_greedy,10,0.2,61,38721,7
Facebook Penn94,distance_greedy,10,0.2,62,38657,6
Facebook Penn94,distance_greedy,10,0.2,63,38793,6
Facebook Penn94,distance_greedy,10,0.2,64,38734,7
Facebook Penn94,distance_greedy,10,0.2,65,38697,6
Facebook Penn94,distance_greedy,10,0.2,66,38832,6
Facebook Penn94,distance_greedy,10,0.2,67,38728,8
Facebook Penn94,distance_greedy,10,0.2,68,38762,7
Facebook Penn94,distance_greedy,10,0.2,69,38750,6
Facebook Penn94,distance_greedy,10,0.2,70,38740,7
Facebook Penn94,distance_greedy,10,0.2,71,38680,6
Facebook Penn94,distance_greedy,10,0.2,72,38722,6
Facebook Penn94,distance_greedy,10,0.2,73,38731,6
Facebook Penn94,distance_greedy,10,0.2,74,38749,7
Facebook Penn94,distance_greedy,10,0.2,75,38816,7
Facebook Penn94,distance_greedy,10,0.2,76,38783,8
Facebook Penn94,distance_greedy,10,0.2,77,38745,7
Facebook Penn94,distance_greedy,10,0.2,78,38696,7
Facebook Penn94,distance_greedy,10,0.2,79,38716,6
Facebook Penn94,distance_greedy,10,0.2,80,38700,6
Facebook Penn94,distance_greedy,10,0.2,81,38681,7
Facebook Penn94,distance_greedy,10,0.2,82,38727,6
Facebook Penn94,distance_greedy,10,0.2,83,38761,7
Facebook Penn94,distance_greedy,10,0.2,84,38726,7
Facebook Penn94,distance_greedy,10,0.2,85,38733,6
Facebook Penn94,distance_greedy,10,0.2,86,38682,7
Facebook Penn94,distance_greedy,10,0.2,87,38722,6
Facebook Penn94,distance_greedy,10,0.2,88,38689,7
Facebook Penn94,distance_greedy,10,0.2,89,38733,7
Facebook Penn94,distance_greedy,10,0.2,90,38707,6
Facebook Penn94,distance_greedy,10,0.2,91,38719,7
Facebook Penn94,distance_greedy,10,0.2,92,38730,6
Facebook Penn94,distance_greedy,10,0.2,93,38740,6
Facebook Penn94,distance_greedy,10,0.2,94,38693,8
Facebook Penn94,distance_greedy,10,0.2,95,38710,7
Facebook Penn94,distance_greedy,10,0.2,96,38757,7
Facebook Penn94,distance_greedy,10,0.2,97,38798,6
Facebook Penn94,distance_greedy,10,0.2,98,38769,7
Facebook Penn94,distance_greedy,10,0.2,99,38783,9
Facebook Penn94,distance_greedy,10,0.2,100,38734,6
Facebook Penn94,distance_greedy,10,0.2,101,38794,7
Facebook Penn94,distance_greedy,10,0.2,102,38698,8
Facebook Penn94,distance_greedy,10,0.2,103,38826,7
Facebook Penn94,distance_greedy,10,0.2,104,38774,7
Facebook Penn94,distance_greedy,10,0.2,105,38758,7
Facebook Penn94,distance_greedy,10,0.2,106,38741,6
Facebook Penn94,distance_greedy,10,0.2,107,38764,6
Facebook Penn94,distance_greedy,10,0.2,108,38694,7
Facebook Penn94,distance_greedy,10,0.2,109,38732,6
Facebook Penn94,distance_greedy,10,0.2,110,38756,8
Facebook Penn94,distance_greedy,10,0.2,111,38683,8
Facebook Penn94,distance_greedy,10,0.2,112,38751,7
Facebook Penn94,distance_greedy,10,0.2,113,38764,6
Facebook Penn94,distance_greedy,10,0.2,114,38703,6
Facebook Penn94,distance_greedy,10,0.2,115,38756,7
Facebook Penn94,distance_greedy,10,0.2,116,38788,7
Facebook Penn94,distance_greedy,10,0.2,117,38687,7
Facebook Penn94,distance_greedy,10,0.2,118,38794,6
Facebook Penn94,distance_greedy,10,0.2,119,38679,6
Facebook Penn94,distance_greedy,10,0.2,120,38758,7
Facebook Penn94,distance_greedy,10,0.2,121,38765,7
Facebook Penn94,distance_greedy,10,0.2,122,38724,6
Facebook Penn94,distance_greedy,10,0.2,123,38775,7
Facebook Penn94,distance_greedy,10,0.2,124,38688,6
Facebook Penn94,distance_greedy,10,0.2,125,38712,7
Facebook Penn94,distance_greedy,10,0.2,126,38809,6
Facebook Penn94,distance_greedy,10,0.2,127,38785,8
Facebook Penn94,distance_greedy,10,0.2,128,38752,7
Facebook Penn94,distance_greedy,10,0.2,129,38731,6
Facebook Penn94,distance_greedy,10,0.2,130,38735,9
Facebook Penn94,distance_greedy,10,0.2,131,38786,7
Facebook Penn94,distance_greedy,10,0.2,132,38770,7
Facebook Penn94,distance_greedy,10,0.2,133,38736,6
Facebook Penn94,distance_greedy,10,0.2,134,38747,6
Facebook Penn94,distance_greedy,10,0.2,135,38794,7
Facebook Penn94,distance_greedy,10,0.2,136,38725,7
Facebook Penn94,distance_greedy,10,0.2,137,38691,7
Facebook Penn94,distance_greedy,10,0.2,138,38703,7
Facebook Penn94,distance_greedy,10,0.2,139,38719,6
Facebook Penn94,distance_greedy,10,0.2,140,38734,7
Facebook Penn94,distance_greedy,10,0.2,141,38763,7
Facebook Penn94,distance_greedy,10,0.2,142,38747,7
Facebook Penn94,distance_greedy,10,0.2,143,38772,8
Facebook Penn94,distance_greedy,10,0.2,144,38715,7
Facebook Penn94,distance_greedy,10,0.2,145,38685,7
Facebook Penn94,distance_greedy,10,0.2,146,38733,7
Facebook Penn94,distance_greedy,10,0.2,147,38753,7
Facebook Penn94,distance_greedy,10,0.2,148,38743,6
Facebook Penn94,distance_greedy,10,0.2,149,38731,6
Facebook Penn94,distance_greedy,10,0.2,150,38681,6
Facebook Penn94,distance_greedy,10,0.2,151,38749,6
Facebook Penn94,distance_greedy,10,0.2,152,38722,6
Facebook Penn94,distance_greedy,10,0.2,153,38745,6
Facebook Penn94,distance_greedy,10,0.2,154,38754,6
Facebook Penn94,distance_greedy,10,0.2,155,38739,7
Facebook Penn94,distance_greedy,10,0.2,156,38691,7
Facebook Penn94,distance_greedy,10,0.2,157,38643,6
Facebook Penn94,distance_greedy,10,0.2,158,38704,6
Facebook Penn94,distance_greedy,10,0.2,159,38730,7
Facebook Penn94,distance_greedy,10,0.2,160,38741,7
Facebook Penn94,distance_greedy,10,0.2,161,38754,7
Facebook Penn94,distance_greedy,10,0.2,162,38719,6
Facebook Penn94,distance_greedy,10,0.2,163,38757,6
Facebook Penn94,distance_greedy,10,0.2,164,38747,6
Facebook Penn94,distance_greedy,10,0.2,165,38697,6
Facebook Penn94,distance_greedy,10,0.2,166,38741,6
Facebook Penn94,distance_greedy,10,0.2,167,38724,7
Facebook Penn94,distance_greedy,10,0.2,168,38764,7
Facebook Penn94,distance_greedy,10,0.2,169,38737,7
Facebook Penn94,distance_greedy,10,0.2,170,38708,6
Facebook Penn94,distance_greedy,10,0.2,171,38708,6
Facebook Penn94,distance_greedy,10,0.2,172,38769,6
Facebook Penn94,distance_greedy,10,0.2,173,38747,8
Facebook Penn94,distance_greedy,10,0.2,174,38741,6
Facebook Penn94,distance_greedy,10,0.2,175,38761,6
Facebook Penn94,distance_greedy,10,0.2,176,38729,9
Facebook Penn94,distance_greedy,10,0.2,177,38771,6
Facebook Penn94,distance_greedy,10,0.2,178,38722,7
Facebook Penn94,distance_greedy,10,0.2,179,38728,6
Facebook Penn94,distance_greedy,10,0.2,180,38701,6
Facebook Penn94,distance_greedy,10,0.2,181,38782,7
Facebook Penn94,distance_greedy,10,0.2,182,38709,7
Facebook Penn94,distance_greedy,10,0.2,183,38729,6
Facebook Penn94,distance_greedy,10,0.2,184,38757,6
Facebook Penn94,distance_greedy,10,0.2,185,38757,7
Facebook Penn94,distance_greedy,10,0.2,186,38770,6
Facebook Penn94,distance_greedy,10,0.2,187,38837,6
Facebook Penn94,distance_greedy,10,0.2,188,38726,7
Facebook Penn94,distance_greedy,10,0.2,189,38801,6
Facebook Penn94,distance_greedy,10,0.2,190,38758,7
Facebook Penn94,distance_greedy,10,0.2,191,38859,7
Facebook Penn94,distance_greedy,10,0.2,192,38701,7
Facebook Penn94,distance_greedy,10,0.2,193,38766,6
Facebook Penn94,distance_greedy,10,0.2,194,38744,6
Facebook Penn94,distance_greedy,10,0.2,195,38706,6
Facebook Penn94,distance_greedy,10,0.2,196,38626,6
Facebook Penn94,distance_greedy,10,0.2,197,38756,7
Facebook Penn94,distance_greedy,10,0.2,198,38744,6
Facebook Penn94,distance_greedy,10,0.2,199,38711,6
Facebook Penn94,distance_greedy,10,0.2,200,38778,7
Facebook Penn94,distance_greedy,10,0.2,201,38777,6
Facebook Penn94,distance_greedy,10,0.2,202,38756,7
Facebook Penn94,distance_greedy,10,0.2,203,38751,6
Facebook Penn94,distance_greedy,10,0.2,204,38732,6
Facebook Penn94,distance_greedy,10,0.2,205,38771,6
Facebook Penn94,distance_greedy,10,0.2,206,38814,7
Facebook Penn94,distance_greedy,10,0.2,207,38700,6
Facebook Penn94,distance_greedy,10,0.2,208,38760,8
Facebook Penn94,distance_greedy,10,0.2,209,38717,6
Facebook Penn94,distance_greedy,10,0.2,210,38751,7
Facebook Penn94,distance_greedy,10,0.2,211,38707,9
Facebook Penn94,distance_greedy,10,0.2,212,38732,7
Facebook Penn94,distance_greedy,10,0.2,213,38734,6
Facebook Penn94,distance_greedy,10,0.2,214,38734,6
Facebook Penn94,distance_greedy,10,0.2,215,38752,9
Facebook Penn94,distance_greedy,10,0.2,216,38772,6
Facebook Penn94,distance_greedy,10,0.2,217,38713,6
Facebook Penn94,distance_greedy,10,0.2,218,38719,6
Facebook Penn94,distance_greedy,10,0.2,219,38778,8
Facebook Penn94,distance_greedy,10,0.2,220,38653,7
Facebook Penn94,distance_greedy,10,0.2,221,38748,7
Facebook Penn94,distance_greedy,10,0.2,222,38797,7
Facebook Penn94,distance_greedy,10,0.2,223,38685,6
Facebook Penn94,distance_greedy,10,0.2,224,38700,9
Facebook Penn94,distance_greedy,10,0.2,225,38723,7
Facebook Penn94,distance_greedy,10,0.2,226,38690,6
Facebook Penn94,distance_greedy,10,0.2,227,38732,7
Facebook Penn94,distance_greedy,10,0.2,228,38696,6
Facebook Penn94,distance_greedy,10,0.2,229,38708,6
Facebook Penn94,distance_greedy,10,0.2,230,38747,7
Facebook Penn94,distance_greedy,10,0.2,231,38794,6
Facebook Penn94,distance_greedy,10,0.2,232,38750,8
Facebook Penn94,distance_greedy,10,0.2,233,38750,7
Facebook Penn94,distance_greedy,10,0.2,234,38748,8
Facebook Penn94,distance_greedy,10,0.2,235,38710,7
Facebook Penn94,distance_greedy,10,0.2,236,38703,7
Facebook Penn94,distance_greedy,10,0.2,237,38768,7
Facebook Penn94,distance_greedy,10,0.2,238,38703,6
Facebook Penn94,distance_greedy,10,0.2,239,38796,9
Facebook Penn94,distance_greedy,10,0.2,240,38753,7
Facebook Penn94,distance_greedy,10,0.2,241,38719,6
Facebook Penn94,distance_greedy,10,0.2,242,38817,9
Facebook Penn94,distance_greedy,10,0.2,243,38724,7
Facebook Penn94,distance_greedy,10,0.2,244,38743,6
Facebook Penn94,distance_greedy,10,0.2,245,38703,6
Facebook Penn94,distance_greedy,10,0.2,246,38786,6
Facebook Penn94,distance_greedy,10,0.2,247,38780,7
Facebook Penn94,distance_greedy,10,0.2,248,38781,6
Facebook Penn94,distance_greedy,10,0.2,249,38759,6
Facebook Penn94,distance_greedy,10,0.2,250,38775,6
Facebook Penn94,distance_greedy,10,0.2,251,38755,6
Facebook Penn94,distance_greedy,10,0.2,252,38735,6
Facebook Penn94,distance_greedy,10,0.2,253,38730,7
Facebook Penn94,distance_greedy,10,0.2,254,38722,7
Facebook Penn94,distance_greedy,10,0.2,255,38761,8
Facebook Penn94,distance_greedy,10,0.2,256,38736,7
Facebook Penn94,distance_greedy,10,0.2,257,38762,6
Facebook Penn94,distance_greedy,10,0.2,258,38720,7
Facebook Penn94,distance_greedy,10,0.2,259,38812,6
Facebook Penn94,distance_greedy,10,0.2,260,38781,7
Facebook Penn94,distance_greedy,10,0.2,261,38805,6
Facebook Penn94,distance_greedy,10,0.2,262,38781,7
Facebook Penn94,distance_greedy,10,0.2,263,38699,6
Facebook Penn94,distance_greedy,10,0.2,264,38739,8
Facebook Penn94,distance_greedy,10,0.2,265,38790,8
Facebook Penn94,distance_greedy,10,0.2,266,38723,6
Facebook Penn94,distance_greedy,10,0.2,267,38778,6
Facebook Penn94,distance_greedy,10,0.2,268,38748,6
Facebook Penn94,distance_greedy,10,0.2,269,38689,6
Facebook Penn94,distance_greedy,10,0.2,270,38756,6
Facebook Penn94,distance_greedy,10,0.2,271,38762,7
Facebook Penn94,distance_greedy,10,0.2,272,38794,9
Facebook Penn94,distance_greedy,10,0.2,273,38712,7
Facebook Penn94,distance_greedy,10,0.2,274,38706,6
Facebook Penn94,distance_greedy,10,0.2,275,38799,8
Facebook Penn94,distance_greedy,10,0.2,276,38762,6
Facebook Penn94,distance_greedy,10,0.2,277,38719,7
Facebook Penn94,distance_greedy,10,0.2,278,38774,6
Facebook Penn94,distance_greedy,10,0.2,279,38741,7
Facebook Penn94,distance_greedy,10,0.2,280,38782,7
Facebook Penn94,distance_greedy,10,0.2,281,38800,7
Facebook Penn94,distance_greedy,10,0.2,282,38770,6
Facebook Penn94,distance_greedy,10,0.2,283,38742,6
Facebook Penn94,distance_greedy,10,0.2,284,38741,6
Facebook Penn94,distance_greedy,10,0.2,285,38770,6
Facebook Penn94,distance_greedy,10,0.2,286,38750,7
Facebook Penn94,distance_greedy,10,0.2,287,38791,10
Facebook Penn94,distance_greedy,10,0.2,288,38753,7
Facebook Penn94,distance_greedy,10,0.2,289,38763,6
Facebook Penn94,distance_greedy,10,0.2,290,38768,6
Facebook Penn94,distance_greedy,10,0.2,291,38756,6
Facebook Penn94,distance_greedy,10,0.2,292,38722,7
Facebook Penn94,distance_greedy,10,0.2,293,38804,7
Facebook Penn94,distance_greedy,10,0.2,294,38797,6
Facebook Penn94,distance_greedy,10,0.2,295,38838,7
Facebook Penn94,distance_greedy,10,0.2,296,38838,7
Facebook Penn94,distance_greedy,10,0.2,297,38698,6
Facebook Penn94,distance_greedy,10,0.2,298,38730,6
Facebook Penn94,distance_greedy,10,0.2,299,38745,6
Facebook Penn94,distance_greedy,10,0.2,300,38776,6
Facebook Penn94,distance_greedy,10,0.2,301,38765,9
Facebook Penn94,distance_greedy,10,0.2,302,38751,7
Facebook Penn94,distance_greedy,10,0.2,303,38687,6
Facebook Penn94,distance_greedy,10,0.2,304,38756,7
Facebook Penn94,distance_greedy,10,0.2,305,38738,6
Facebook Penn94,distance_greedy,10,0.2,306,38695,8
Facebook Penn94,distance_greedy,10,0.2,307,38737,9
Facebook Penn94,distance_greedy,10,0.2,308,38760,8
Facebook Penn94,distance_greedy,10,0.2,309,38762,6
Facebook Penn94,distance_greedy,10,0.2,310,38729,6
Facebook Penn94,distance_greedy,10,0.2,311,38719,7
Facebook Penn94,distance_greedy,10,0.2,312,38751,6
Facebook Penn94,distance_greedy,10,0.2,313,38702,6
Facebook Penn94,distance_greedy,10,0.2,314,38785,7
Facebook Penn94,distance_greedy,10,0.2,315,38798,8
Facebook Penn94,distance_greedy,10,0.2,316,38715,8
Facebook Penn94,distance_greedy,10,0.2,317,38782,7
Facebook Penn94,distance_greedy,10,0.2,318,38756,6
Facebook Penn94,distance_greedy,10,0.2,319,38741,6
Facebook Penn94,distance_greedy,10,0.2,320,38856,8
Facebook Penn94,distance_greedy,10,0.2,321,38737,6
Facebook Penn94,distance_greedy,10,0.2,322,38709,7
Facebook Penn94,distance_greedy,10,0.2,323,38684,7
Facebook Penn94,distance_greedy,10,0.2,324,38725,7
Facebook Penn94,distance_greedy,10,0.2,325,38743,6
Facebook Penn94,distance_greedy,10,0.2,326,38812,7
Facebook Penn94,distance_greedy,10,0.2,327,38770,6
Facebook Penn94,distance_greedy,10,0.2,328,38704,8
Facebook Penn94,distance_greedy,10,0.2,329,38764,6
Facebook Penn94,distance_greedy,10,0.2,330,38753,6
Facebook Penn94,distance_greedy,10,0.2,331,38788,6
Facebook Penn94,distance_greedy,10,0.2,332,38785,7
Facebook Penn94,distance_greedy,10,0.2,333,38673,7
Facebook Penn94,distance_greedy,10,0.2,334,38747,7
Facebook Penn94,distance_greedy,10,0.2,335,38680,6
Facebook Penn94,distance_greedy,10,0.2,336,38678,7
Facebook Penn94,distance_greedy,10,0.2,337,38779,6
Facebook Penn94,distance_greedy,10,0.2,338,38701,9
Facebook Penn94,distance_greedy,10,0.2,339,38754,8
Facebook Penn94,distance_greedy,10,0.2,340,38757,7
Facebook Penn94,distance_greedy,10,0.2,341,38768,6
Facebook Penn94,distance_greedy,10,0.2,342,38771,7
Facebook Penn94,distance_greedy,10,0.2,343,38741,6
Facebook Penn94,distance_greedy,10,0.2,344,38769,6
Facebook Penn94,distance_greedy,10,0.2,345,38742,6
Facebook Penn94,distance_greedy,10,0.2,346,38792,7
Facebook Penn94,distance_greedy,10,0.2,347,38778,6
Facebook Penn94,distance_greedy,10,0.2,348,38749,6
Facebook Penn94,distance_greedy,10,0.2,349,38742,7
Facebook Penn94,distance_greedy,10,0.2,350,38726,7
Facebook Penn94,distance_greedy,10,0.2,351,38761,6
Facebook Penn94,distance_greedy,10,0.2,352,38698,6
Facebook Penn94,distance_greedy,10,0.2,353,38745,6
Facebook Penn94,distance_greedy,10,0.2,354,38732,7
Facebook Penn94,distance_greedy,10,0.2,355,38661,6
Facebook Penn94,distance_greedy,10,0.2,356,38760,7
Facebook Penn94,distance_greedy,10,0.2,357,38659,6
Facebook Penn94,distance_greedy,10,0.2,358,38727,7
Facebook Penn94,distance_greedy,10,0.2,359,38798,7
Facebook Penn94,distance_greedy,10,0.2,360,38748,7
Facebook Penn94,distance_greedy,10,0.2,361,38771,8
Facebook Penn94,distance_greedy,10,0.2,362,38795,6
Facebook Penn94,distance_greedy,10,0.2,363,38760,7
Facebook Penn94,distance_greedy,10,0.2,364,38740,7
Facebook Penn94,distance_greedy,10,0.2,365,38717,7
Facebook Penn94,distance_greedy,10,0.2,366,38681,8
Facebook Penn94,distance_greedy,10,0.2,367,38752,7
Facebook Penn94,distance_greedy,10,0.2,368,38737,7
Facebook Penn94,distance_greedy,10,0.2,369,38762,6
Facebook Penn94,distance_greedy,10,0.2,370,38742,7
Facebook Penn94,distance_greedy,10,0.2,371,38717,7
Facebook Penn94,distance_greedy,10,0.2,372,38768,6
Facebook Penn94,distance_greedy,10,0.2,373,38712,7
Facebook Penn94,distance_greedy,10,0.2,374,38732,7
Facebook Penn94,distance_greedy,10,0.2,375,38731,6
Facebook Penn94,distance_greedy,10,0.2,376,38787,6
Facebook Penn94,distance_greedy,10,0.2,377,38670,6
Facebook Penn94,distance_greedy,10,0.2,378,38717,6
Facebook Penn94,distance_greedy,10,0.2,379,38731,6
Facebook Penn94,distance_greedy,10,0.2,380,38692,6
Facebook Penn94,distance_greedy,10,0.2,381,38725,6
Facebook Penn94,distance_greedy,10,0.2,382,38668,7
Facebook Penn94,distance_greedy,10,0.2,383,38748,6
Facebook Penn94,distance_greedy,10,0.2,384,38737,6
Facebook Penn94,distance_greedy,10,0.2,385,38693,6
Facebook Penn94,distance_greedy,10,0.2,386,38679,7
Facebook Penn94,distance_greedy,10,0.2,387,38717,7
Facebook Penn94,distance_greedy,10,0.2,388,38784,6
Facebook Penn94,distance_greedy,10,0.2,389,38838,6
Facebook Penn94,distance_greedy,10,0.2,390,38747,6
Facebook Penn94,distance_greedy,10,0.2,391,38822,7
Facebook Penn94,distance_greedy,10,0.2,392,38819,7
Facebook Penn94,distance_greedy,10,0.2,393,38667,9
Facebook Penn94,distance_greedy,10,0.2,394,38750,8
Facebook Penn94,distance_greedy,10,0.2,395,38694,6
Facebook Penn94,distance_greedy,10,0.2,396,38768,6
Facebook Penn94,distance_greedy,10,0.2,397,38742,6
Facebook Penn94,distance_greedy,10,0.2,398,38765,7
Facebook Penn94,distance_greedy,10,0.2,399,38717,7
Facebook Penn94,distance_greedy,10,0.2,400,38804,7
Facebook Penn94,distance_greedy,10,0.2,401,38701,8
Facebook Penn94,distance_greedy,10,0.2,402,38777,6
Facebook Penn94,distance_greedy,10,0.2,403,38738,8
Facebook Penn94,distance_greedy,10,0.2,404,38657,7
Facebook Penn94,distance_greedy,10,0.2,405,38684,7
Facebook Penn94,distance_greedy,10,0.2,406,38739,6
Facebook Penn94,distance_greedy,10,0.2,407,38774,6
Facebook Penn94,distance_greedy,10,0.2,408,38722,6
Facebook Penn94,distance_greedy,10,0.2,409,38769,6
Facebook Penn94,distance_greedy,10,0.2,410,38759,7
Facebook Penn94,distance_greedy,10,0.2,411,38760,6
Facebook Penn94,distance_greedy,10,0.2,412,38801,7
Facebook Penn94,distance_greedy,10,0.2,413,38784,7
Facebook Penn94,distance_greedy,10,0.2,414,38707,6
Facebook Penn94,distance_greedy,10,0.2,415,38766,7
Facebook Penn94,distance_greedy,10,0.2,416,38781,8
Facebook Penn94,distance_greedy,10,0.2,417,38729,7
Facebook Penn94,distance_greedy,10,0.2,418,38704,7
Facebook Penn94,distance_greedy,10,0.2,419,38669,7
Facebook Penn94,distance_greedy,10,0.2,420,38747,6
Facebook Penn94,distance_greedy,10,0.2,421,38703,7
Facebook Penn94,distance_greedy,10,0.2,422,38751,7
Facebook Penn94,distance_greedy,10,0.2,423,38830,7
Facebook Penn94,distance_greedy,10,0.2,424,38783,7
Facebook Penn94,distance_greedy,10,0.2,425,38780,6
Facebook Penn94,distance_greedy,10,0.2,426,38755,6
Facebook Penn94,distance_greedy,10,0.2,427,38762,7
Facebook Penn94,distance_greedy,10,0.2,428,38738,6
Facebook Penn94,distance_greedy,10,0.2,429,38754,6
Facebook Penn94,distance_greedy,10,0.2,430,38779,6
Facebook Penn94,distance_greedy,10,0.2,431,38837,6
Facebook Penn94,distance_greedy,10,0.2,432,38728,7
Facebook Penn94,distance_greedy,10,0.2,433,38791,7
Facebook Penn94,distance_greedy,10,0.2,434,38690,7
Facebook Penn94,distance_greedy,10,0.2,435,38745,7
Facebook Penn94,distance_greedy,10,0.2,436,38708,6
Facebook Penn94,distance_greedy,10,0.2,437,38816,7
Facebook Penn94,distance_greedy,10,0.2,438,38728,6
Facebook Penn94,distance_greedy,10,0.2,439,38746,6
Facebook Penn94,distance_greedy,10,0.2,440,38808,6
Facebook Penn94,distance_greedy,10,0.2,441,38729,7
Facebook Penn94,distance_greedy,10,0.2,442,38776,7
Facebook Penn94,distance_greedy,10,0.2,443,38815,6
Facebook Penn94,distance_greedy,10,0.2,444,38692,7
Facebook Penn94,distance_greedy,10,0.2,445,38711,7
Facebook Penn94,distance_greedy,10,0.2,446,38732,6
Facebook Penn94,distance_greedy,10,0.2,447,38713,7
Facebook Penn94,distance_greedy,10,0.2,448,38760,6
Facebook Penn94,distance_greedy,10,0.2,449,38737,6
Facebook Penn94,distance_greedy,10,0.2,450,38747,6
Facebook Penn94,distance_greedy,10,0.2,451,38790,6
Facebook Penn94,distance_greedy,10,0.2,452,38778,7
Facebook Penn94,distance_greedy,10,0.2,453,38773,7
Facebook Penn94,distance_greedy,10,0.2,454,38802,7
Facebook Penn94,distance_greedy,10,0.2,455,38658,7
Facebook Penn94,distance_greedy,10,0.2,456,38672,7
Facebook Penn94,distance_greedy,10,0.2,457,38703,7
Facebook Penn94,distance_greedy,10,0.2,458,38814,6
Facebook Penn94,distance_greedy,10,0.2,459,38709,7
Facebook Penn94,distance_greedy,10,0.2,460,38714,7
Facebook Penn94,distance_greedy,10,0.2,461,38717,6
Facebook Penn94,distance_greedy,10,0.2,462,38724,6
Facebook Penn94,distance_greedy,10,0.2,463,38717,7
Facebook Penn94,distance_greedy,10,0.2,464,38769,6
Facebook Penn94,distance_greedy,10,0.2,465,38695,8
Facebook Penn94,distance_greedy,10,0.2,466,38732,6
Facebook Penn94,distance_greedy,10,0.2,467,38775,7
Facebook Penn94,distance_greedy,10,0.2,468,38631,6
Facebook Penn94,distance_greedy,10,0.2,469,38719,6
Facebook Penn94,distance_greedy,10,0.2,470,38746,6
Facebook Penn94,distance_greedy,10,0.2,471,38786,6
Facebook Penn94,distance_greedy,10,0.2,472,38802,6
Facebook Penn94,distance_greedy,10,0.2,473,38783,7
Facebook Penn94,distance_greedy,10,0.2,474,38775,7
Facebook Penn94,distance_greedy,10,0.2,475,38699,7
Facebook Penn94,distance_greedy,10,0.2,476,38777,7
Facebook Penn94,distance_greedy,10,0.2,477,38773,7
Facebook Penn94,distance_greedy,10,0.2,478,38749,6
Facebook Penn94,distance_greedy,10,0.2,479,38748,7
Facebook Penn94,distance_greedy,10,0.2,480,38780,6
Facebook Penn94,distance_greedy,10,0.2,481,38790,6
Facebook Penn94,distance_greedy,10,0.2,482,38775,6
Facebook Penn94,distance_greedy,10,0.2,483,38782,7
Facebook Penn94,distance_greedy,10,0.2,484,38738,7
Facebook Penn94,distance_greedy,10,0.2,485,38773,8
Facebook Penn94,distance_greedy,10,0.2,486,38790,8
Facebook Penn94,distance_greedy,10,0.2,487,38793,6
Facebook Penn94,distance_greedy,10,0.2,488,38748,6
Facebook Penn94,distance_greedy,10,0.2,489,38699,6
Facebook Penn94,distance_greedy,10,0.2,490,38854,8
Facebook Penn94,distance_greedy,10,0.2,491,38724,6
Facebook Penn94,distance_greedy,10,0.2,492,38773,7
Facebook Penn94,distance_greedy,10,0.2,493,38726,6
Facebook Penn94,distance_greedy,10,0.2,494,38694,7
Facebook Penn94,distance_greedy,10,0.2,495,38737,7
Facebook Penn94,distance_greedy,10,0.2,496,38730,7
Facebook Penn94,distance_greedy,10,0.2,497,38698,6
Facebook Penn94,distance_greedy,10,0.2,498,38739,7
Facebook Penn94,distance_greedy,10,0.2,499,38756,6
Facebook Penn94,distance_greedy,10,0.2,500,38761,6
Facebook Penn94,distance_greedy,10,0.2,501,38770,7
Facebook Penn94,distance_greedy,10,0.2,502,38807,6
Facebook Penn94,distance_greedy,10,0.2,503,38706,7
Facebook Penn94,distance_greedy,10,0.2,504,38751,9
Facebook Penn94,distance_greedy,10,0.2,505,38750,7
Facebook Penn94,distance_greedy,10,0.2,506,38719,6
Facebook Penn94,distance_greedy,10,0.2,507,38699,6
Facebook Penn94,distance_greedy,10,0.2,508,38719,7
Facebook Penn94,distance_greedy,10,0.2,509,38712,7
Facebook Penn94,distance_greedy,10,0.2,510,38747,9
Facebook Penn94,distance_greedy,10,0.2,511,38775,8
Facebook Penn94,distance_greedy,10,0.2,512,38775,8
Facebook Penn94,distance_greedy,10,0.2,513,38729,6
Facebook Penn94,distance_greedy,10,0.2,514,38732,7
Facebook Penn94,distance_greedy,10,0.2,515,38778,6
Facebook Penn94,distance_greedy,10,0.2,516,38776,7
Facebook Penn94,distance_greedy,10,0.2,517,38758,7
Facebook Penn94,distance_greedy,10,0.2,518,38704,7
Facebook Penn94,distance_greedy,10,0.2,519,38710,7
Facebook Penn94,distance_greedy,10,0.2,520,38754,7
Facebook Penn94,distance_greedy,10,0.2,521,38832,6
Facebook Penn94,distance_greedy,10,0.2,522,38720,6
Facebook Penn94,distance_greedy,10,0.2,523,38816,6
Facebook Penn94,distance_greedy,10,0.2,524,38687,8
Facebook Penn94,distance_greedy,10,0.2,525,38776,8
Facebook Penn94,distance_greedy,10,0.2,526,38672,6
Facebook Penn94,distance_greedy,10,0.2,527,38735,7
Facebook Penn94,distance_greedy,10,0.2,528,38746,6
Facebook Penn94,distance_greedy,10,0.2,529,38844,8
Facebook Penn94,distance_greedy,10,0.2,530,38761,7
Facebook Penn94,distance_greedy,10,0.2,531,38732,7
Facebook Penn94,distance_greedy,10,0.2,532,38750,7
Facebook Penn94,distance_greedy,10,0.2,533,38736,7
Facebook Penn94,distance_greedy,10,0.2,534,38736,7
Facebook Penn94,distance_greedy,10,0.2,535,38761,8
Facebook Penn94,distance_greedy,10,0.2,536,38690,6
Facebook Penn94,distance_greedy,10,0.2,537,38747,6
Facebook Penn94,distance_greedy,10,0.2,538,38778,6
Facebook Penn94,distance_greedy,10,0.2,539,38800,6
Facebook Penn94,distance_greedy,10,0.2,540,38737,7
Facebook Penn94,distance_greedy,10,0.2,541,38820,6
Facebook Penn94,distance_greedy,10,0.2,542,38706,7
Facebook Penn94,distance_greedy,10,0.2,543,38728,7
Facebook Penn94,distance_greedy,10,0.2,544,38743,6
Facebook Penn94,distance_greedy,10,0.2,545,38803,6
Facebook Penn94,distance_greedy,10,0.2,546,38738,6
Facebook Penn94,distance_greedy,10,0.2,547,38700,7
Facebook Penn94,distance_greedy,10,0.2,548,38679,7
Facebook Penn94,distance_greedy,10,0.2,549,38736,7
Facebook Penn94,distance_greedy,10,0.2,550,38709,6
Facebook Penn94,distance_greedy,10,0.2,551,38775,7
Facebook Penn94,distance_greedy,10,0.2,552,38778,6
Facebook Penn94,distance_greedy,10,0.2,553,38801,7
Facebook Penn94,distance_greedy,10,0.2,554,38789,6
Facebook Penn94,distance_greedy,10,0.2,555,38748,8
Facebook Penn94,distance_greedy,10,0.2,556,38735,6
Facebook Penn94,distance_greedy,10,0.2,557,38686,7
Facebook Penn94,distance_greedy,10,0.2,558,38804,6
Facebook Penn94,distance_greedy,10,0.2,559,38657,6
Facebook Penn94,distance_greedy,10,0.2,560,38663,7
Facebook Penn94,distance_greedy,10,0.2,561,38771,6
Facebook Penn94,distance_greedy,10,0.2,562,38732,6
Facebook Penn94,distance_greedy,10,0.2,563,38753,6
Facebook Penn94,distance_greedy,10,0.2,564,38759,9
Facebook Penn94,distance_greedy,10,0.2,565,38714,8
Facebook Penn94,distance_greedy,10,0.2,566,38799,6
Facebook Penn94,distance_greedy,10,0.2,567,38717,6
Facebook Penn94,distance_greedy,10,0.2,568,38754,7
Facebook Penn94,distance_greedy,10,0.2,569,38713,6
Facebook Penn94,distance_greedy,10,0.2,570,38745,7
Facebook Penn94,distance_greedy,10,0.2,571,38733,6
Facebook Penn94,distance_greedy,10,0.2,572,38737,6
Facebook Penn94,distance_greedy,10,0.2,573,38759,6
Facebook Penn94,distance_greedy,10,0.2,574,38741,7
Facebook Penn94,distance_greedy,10,0.2,575,38719,7
Facebook Penn94,distance_greedy,10,0.2,576,38726,7
Facebook Penn94,distance_greedy,10,0.2,577,38774,6
Facebook Penn94,distance_greedy,10,0.2,578,38743,7
Facebook Penn94,distance_greedy,10,0.2,579,38704,6
Facebook Penn94,distance_greedy,10,0.2,580,38754,7
Facebook Penn94,distance_greedy,10,0.2,581,38777,7
Facebook Penn94,distance_greedy,10,0.2,582,38755,7
Facebook Penn94,distance_greedy,10,0.2,583,38724,6
Facebook Penn94,distance_greedy,10,0.2,584,38757,6
Facebook Penn94,distance_greedy,10,0.2,585,38703,6
Facebook Penn94,distance_greedy,10,0.2,586,38760,6
Facebook Penn94,distance_greedy,10,0.2,587,38678,7
Facebook Penn94,distance_greedy,10,0.2,588,38725,7
Facebook Penn94,distance_greedy,10,0.2,589,38796,6
Facebook Penn94,distance_greedy,10,0.2,590,38807,7
Facebook Penn94,distance_greedy,10,0.2,591,38748,6
Facebook Penn94,distance_greedy,10,0.2,592,38749,6
Facebook Penn94,distance_greedy,10,0.2,593,38764,6
Facebook Penn94,distance_greedy,10,0.2,594,38747,8
Facebook Penn94,distance_greedy,10,0.2,595,38785,7
Facebook Penn94,distance_greedy,10,0.2,596,38705,6
Facebook Penn94,distance_greedy,10,0.2,597,38762,6
Facebook Penn94,distance_greedy,10,0.2,598,38825,7
Facebook Penn94,distance_greedy,10,0.2,599,38794,7
Facebook Penn94,distance_greedy,10,0.2,600,38745,8
Facebook Penn94,distance_greedy,10,0.2,601,38721,6
Facebook Penn94,distance_greedy,10,0.2,602,38705,7
Facebook Penn94,distance_greedy,10,0.2,603,38788,7
Facebook Penn94,distance_greedy,10,0.2,604,38685,6
Facebook Penn94,distance_greedy,10,0.2,605,38778,6
Facebook Penn94,distance_greedy,10,0.2,606,38674,7
Facebook Penn94,distance_greedy,10,0.2,607,38808,6
Facebook Penn94,distance_greedy,10,0.2,608,38683,8
Facebook Penn94,distance_greedy,10,0.2,609,38752,7
Facebook Penn94,distance_greedy,10,0.2,610,38806,6
Facebook Penn94,distance_greedy,10,0.2,611,38793,7
Facebook Penn94,distance_greedy,10,0.2,612,38741,7
Facebook Penn94,distance_greedy,10,0.2,613,38712,6
Facebook Penn94,distance_greedy,10,0.2,614,38717,7
Facebook Penn94,distance_greedy,10,0.2,615,38740,9
Facebook Penn94,distance_greedy,10,0.2,616,38778,6
Facebook Penn94,distance_greedy,10,0.2,617,38662,6
Facebook Penn94,distance_greedy,10,0.2,618,38702,6
Facebook Penn94,distance_greedy,10,0.2,619,38704,8
Facebook Penn94,distance_greedy,10,0.2,620,38683,6
Facebook Penn94,distance_greedy,10,0.2,621,38735,7
Facebook Penn94,distance_greedy,10,0.2,622,38710,7
Facebook Penn94,distance_greedy,10,0.2,623,38744,7
Facebook Penn94,distance_greedy,10,0.2,624,38743,7
Facebook Penn94,distance_greedy,10,0.2,625,38788,7
Facebook Penn94,distance_greedy,10,0.2,626,38763,7
Facebook Penn94,distance_greedy,10,0.2,627,38772,7
Facebook Penn94,distance_greedy,10,0.2,628,38736,7
Facebook Penn94,distance_greedy,10,0.2,629,38714,6
Facebook Penn94,distance_greedy,10,0.2,630,38775,7
Facebook Penn94,distance_greedy,10,0.2,631,38715,6
Facebook Penn94,distance_greedy,10,0.2,632,38787,6
Facebook Penn94,distance_greedy,10,0.2,633,38750,6
Facebook Penn94,distance_greedy,10,0.2,634,38707,6
Facebook Penn94,distance_greedy,10,0.2,635,38688,6
Facebook Penn94,distance_greedy,10,0.2,636,38764,8
Facebook Penn94,distance_greedy,10,0.2,637,38714,7
Facebook Penn94,distance_greedy,10,0.2,638,38698,6
Facebook Penn94,distance_greedy,10,0.2,639,38761,7
Facebook Penn94,distance_greedy,10,0.2,640,38726,6
Facebook Penn94,distance_greedy,10,0.2,641,38709,8
Facebook Penn94,distance_greedy,10,0.2,642,38735,6
Facebook Penn94,distance_greedy,10,0.2,643,38741,6
Facebook Penn94,distance_greedy,10,0.2,644,38819,7
Facebook Penn94,distance_greedy,10,0.2,645,38745,7
Facebook Penn94,distance_greedy,10,0.2,646,38776,7
Facebook Penn94,distance_greedy,10,0.2,647,38754,7
Facebook Penn94,distance_greedy,10,0.2,648,38770,7
Facebook Penn94,distance_greedy,10,0.2,649,38728,6
Facebook Penn94,distance_greedy,10,0.2,650,38796,7
Facebook Penn94,distance_greedy,10,0.2,651,38716,6
Facebook Penn94,distance_greedy,10,0.2,652,38819,7
Facebook Penn94,distance_greedy,10,0.2,653,38787,7
Facebook Penn94,distance_greedy,10,0.2,654,38768,6
Facebook Penn94,distance_greedy,10,0.2,655,38762,7
Facebook Penn94,distance_greedy,10,0.2,656,38730,6
Facebook Penn94,distance_greedy,10,0.2,657,38726,6
Facebook Penn94,distance_greedy,10,0.2,658,38775,6
Facebook Penn94,distance_greedy,10,0.2,659,38730,6
Facebook Penn94,distance_greedy,10,0.2,660,38842,6
Facebook Penn94,distance_greedy,10,0.2,661,38744,6
Facebook Penn94,distance_greedy,10,0.2,662,38780,7
Facebook Penn94,distance_greedy,10,0.2,663,38760,6
Facebook Penn94,distance_greedy,10,0.2,664,38759,7
Facebook Penn94,distance_greedy,10,0.2,665,38724,7
Facebook Penn94,distance_greedy,10,0.2,666,38791,7
Facebook Penn94,distance_greedy,10,0.2,667,38752,7
Facebook Penn94,distance_greedy,10,0.2,668,38682,8
Facebook Penn94,distance_greedy,10,0.2,669,38729,7
Facebook Penn94,distance_greedy,10,0.2,670,38774,6
Facebook Penn94,distance_greedy,10,0.2,671,38729,7
Facebook Penn94,distance_greedy,10,0.2,672,38802,6
Facebook Penn94,distance_greedy,10,0.2,673,38760,6
Facebook Penn94,distance_greedy,10,0.2,674,38710,6
Facebook Penn94,distance_greedy,10,0.2,675,38722,6
Facebook Penn94,distance_greedy,10,0.2,676,38766,7
Facebook Penn94,distance_greedy,10,0.2,677,38771,7
Facebook Penn94,distance_greedy,10,0.2,678,38731,7
Facebook Penn94,distance_greedy,10,0.2,679,38697,6
Facebook Penn94,distance_greedy,10,0.2,680,38746,7
Facebook Penn94,distance_greedy,10,0.2,681,38691,6
Facebook Penn94,distance_greedy,10,0.2,682,38635,7
Facebook Penn94,distance_greedy,10,0.2,683,38761,9
Facebook Penn94,distance_greedy,10,0.2,684,38861,6
Facebook Penn94,distance_greedy,10,0.2,685,38702,7
Facebook Penn94,distance_greedy,10,0.2,686,38711,6
Facebook Penn94,distance_greedy,10,0.2,687,38706,6
Facebook Penn94,distance_greedy,10,0.2,688,38766,7
Facebook Penn94,distance_greedy,10,0.2,689,38768,7
Facebook Penn94,distance_greedy,10,0.2,690,38731,6
Facebook Penn94,distance_greedy,10,0.2,691,38774,6
Facebook Penn94,distance_greedy,10,0.2,692,38708,6
Facebook Penn94,distance_greedy,10,0.2,693,38780,6
Facebook Penn94,distance_greedy,10,0.2,694,38685,6
Facebook Penn94,distance_greedy,10,0.2,695,38730,6
Facebook Penn94,distance_greedy,10,0.2,696,38794,6
Facebook Penn94,distance_greedy,10,0.2,697,38738,7
Facebook Penn94,distance_greedy,10,0.2,698,38734,6
Facebook Penn94,distance_greedy,10,0.2,699,38744,6
Facebook Penn94,distance_greedy,10,0.2,700,38759,6
Facebook Penn94,distance_greedy,10,0.2,701,38765,7
Facebook Penn94,distance_greedy,10,0.2,702,38804,7
Facebook Penn94,distance_greedy,10,0.2,703,38738,6
Facebook Penn94,distance_greedy,10,0.2,704,38805,7
Facebook Penn94,distance_greedy,10,0.2,705,38748,7
Facebook Penn94,distance_greedy,10,0.2,706,38778,7
Facebook Penn94,distance_greedy,10,0.2,707,38770,6
Facebook Penn94,distance_greedy,10,0.2,708,38809,7
Facebook Penn94,distance_greedy,10,0.2,709,38771,7
Facebook Penn94,distance_greedy,10,0.2,710,38763,7
Facebook Penn94,distance_greedy,10,0.2,711,38756,7
Facebook Penn94,distance_greedy,10,0.2,712,38750,6
Facebook Penn94,distance_greedy,10,0.2,713,38753,7
Facebook Penn94,distance_greedy,10,0.2,714,38707,6
Facebook Penn94,distance_greedy,10,0.2,715,38756,6
Facebook Penn94,distance_greedy,10,0.2,716,38724,7
Facebook Penn94,distance_greedy,10,0.2,717,38699,6
Facebook Penn94,distance_greedy,10,0.2,718,38791,6
Facebook Penn94,distance_greedy,10,0.2,719,38759,7
Facebook Penn94,distance_greedy,10,0.2,720,38840,9
Facebook Penn94,distance_greedy,10,0.2,721,38761,6
Facebook Penn94,distance_greedy,10,0.2,722,38780,6
Facebook Penn94,distance_greedy,10,0.2,723,38702,7
Facebook Penn94,distance_greedy,10,0.2,724,38702,7
Facebook Penn94,distance_greedy,10,0.2,725,38716,7
Facebook Penn94,distance_greedy,10,0.2,726,38780,7
Facebook Penn94,distance_greedy,10,0.2,727,38727,6
Facebook Penn94,distance_greedy,10,0.2,728,38759,7
Facebook Penn94,distance_greedy,10,0.2,729,38743,7
Facebook Penn94,distance_greedy,10,0.2,730,38780,6
Facebook Penn94,distance_greedy,10,0.2,731,38781,7
Facebook Penn94,distance_greedy,10,0.2,732,38755,7
Facebook Penn94,distance_greedy,10,0.2,733,38678,6
Facebook Penn94,distance_greedy,10,0.2,734,38700,7
Facebook Penn94,distance_greedy,10,0.2,735,38808,6
Facebook Penn94,distance_greedy,10,0.2,736,38737,7
Facebook Penn94,distance_greedy,10,0.2,737,38733,6
Facebook Penn94,distance_greedy,10,0.2,738,38778,6
Facebook Penn94,distance_greedy,10,0.2,739,38808,6
Facebook Penn94,distance_greedy,10,0.2,740,38741,7
Facebook Penn94,distance_greedy,10,0.2,741,38778,7
Facebook Penn94,distance_greedy,10,0.2,742,38706,7
Facebook Penn94,distance_greedy,10,0.2,743,38692,7
Facebook Penn94,distance_greedy,10,0.2,744,38776,7
Facebook Penn94,distance_greedy,10,0.2,745,38750,7
Facebook Penn94,distance_greedy,10,0.2,746,38794,7
Facebook Penn94,distance_greedy,10,0.2,747,38769,7
Facebook Penn94,distance_greedy,10,0.2,748,38697,6
Facebook Penn94,distance_greedy,10,0.2,749,38701,8
Facebook Penn94,distance_greedy,10,0.2,750,38782,7
Facebook Penn94,distance_greedy,10,0.2,751,38705,7
Facebook Penn94,distance_greedy,10,0.2,752,38746,6
Facebook Penn94,distance_greedy,10,0.2,753,38780,6
Facebook Penn94,distance_greedy,10,0.2,754,38782,7
Facebook Penn94,distance_greedy,10,0.2,755,38731,8
Facebook Penn94,distance_greedy,10,0.2,756,38733,7
Facebook Penn94,distance_greedy,10,0.2,757,38787,7
Facebook Penn94,distance_greedy,10,0.2,758,38708,6
Facebook Penn94,distance_greedy,10,0.2,759,38792,8
Facebook Penn94,distance_greedy,10,0.2,760,38705,7
Facebook Penn94,distance_greedy,10,0.2,761,38781,6
Facebook Penn94,distance_greedy,10,0.2,762,38766,6
Facebook Penn94,distance_greedy,10,0.2,763,38759,7
Facebook Penn94,distance_greedy,10,0.2,764,38756,6
Facebook Penn94,distance_greedy,10,0.2,765,38730,6
Facebook Penn94,distance_greedy,10,0.2,766,38750,7
Facebook Penn94,distance_greedy,10,0.2,767,38648,6
Facebook Penn94,distance_greedy,10,0.2,768,38766,6
Facebook Penn94,distance_greedy,10,0.2,769,38746,6
Facebook Penn94,distance_greedy,10,0.2,770,38823,7
Facebook Penn94,distance_greedy,10,0.2,771,38720,7
Facebook Penn94,distance_greedy,10,0.2,772,38728,7
Facebook Penn94,distance_greedy,10,0.2,773,38783,6
Facebook Penn94,distance_greedy,10,0.2,774,38800,7
Facebook Penn94,distance_greedy,10,0.2,775,38709,6
Facebook Penn94,distance_greedy,10,0.2,776,38739,7
Facebook Penn94,distance_greedy,10,0.2,777,38818,7
Facebook Penn94,distance_greedy,10,0.2,778,38809,7
Facebook Penn94,distance_greedy,10,0.2,779,38743,7
Facebook Penn94,distance_greedy,10,0.2,780,38773,6
Facebook Penn94,distance_greedy,10,0.2,781,38782,6
Facebook Penn94,distance_greedy,10,0.2,782,38749,6
Facebook Penn94,distance_greedy,10,0.2,783,38728,6
Facebook Penn94,distance_greedy,10,0.2,784,38728,6
Facebook Penn94,distance_greedy,10,0.2,785,38780,6
Facebook Penn94,distance_greedy,10,0.2,786,38777,6
Facebook Penn94,distance_greedy,10,0.2,787,38725,7
Facebook Penn94,distance_greedy,10,0.2,788,38805,7
Facebook Penn94,distance_greedy,10,0.2,789,38723,7
Facebook Penn94,distance_greedy,10,0.2,790,38753,6
Facebook Penn94,distance_greedy,10,0.2,791,38718,7
Facebook Penn94,distance_greedy,10,0.2,792,38706,6
Facebook Penn94,distance_greedy,10,0.2,793,38697,7
Facebook Penn94,distance_greedy,10,0.2,794,38696,6
Facebook Penn94,distance_greedy,10,0.2,795,38721,6
Facebook Penn94,distance_greedy,10,0.2,796,38717,6
Facebook Penn94,distance_greedy,10,0.2,797,38748,6
Facebook Penn94,distance_greedy,10,0.2,798,38681,7
Facebook Penn94,distance_greedy,10,0.2,799,38723,6
Facebook Penn94,distance_greedy,10,0.2,800,38771,7
Facebook Penn94,distance_greedy,10,0.2,801,38738,7
Facebook Penn94,distance_greedy,10,0.2,802,38719,9
Facebook Penn94,distance_greedy,10,0.2,803,38754,6
Facebook Penn94,distance_greedy,10,0.2,804,38661,7
Facebook Penn94,distance_greedy,10,0.2,805,38754,6
Facebook Penn94,distance_greedy,10,0.2,806,38813,8
Facebook Penn94,distance_greedy,10,0.2,807,38748,6
Facebook Penn94,distance_greedy,10,0.2,808,38793,7
Facebook Penn94,distance_greedy,10,0.2,809,38843,7
Facebook Penn94,distance_greedy,10,0.2,810,38733,6
Facebook Penn94,distance_greedy,10,0.2,811,38714,6
Facebook Penn94,distance_greedy,10,0.2,812,38724,6
Facebook Penn94,distance_greedy,10,0.2,813,38754,6
Facebook Penn94,distance_greedy,10,0.2,814,38737,7
Facebook Penn94,distance_greedy,10,0.2,815,38808,7
Facebook Penn94,distance_greedy,10,0.2,816,38733,7
Facebook Penn94,distance_greedy,10,0.2,817,38728,6
Facebook Penn94,distance_greedy,10,0.2,818,38760,7
Facebook Penn94,distance_greedy,10,0.2,819,38715,7
Facebook Penn94,distance_greedy,10,0.2,820,38735,6
Facebook Penn94,distance_greedy,10,0.2,821,38733,6
Facebook Penn94,distance_greedy,10,0.2,822,38758,6
Facebook Penn94,distance_greedy,10,0.2,823,38773,6
Facebook Penn94,distance_greedy,10,0.2,824,38707,6
Facebook Penn94,distance_greedy,10,0.2,825,38727,8
Facebook Penn94,distance_greedy,10,0.2,826,38761,6
Facebook Penn94,distance_greedy,10,0.2,827,38749,7
Facebook Penn94,distance_greedy,10,0.2,828,38733,6
Facebook Penn94,distance_greedy,10,0.2,829,38759,7
Facebook Penn94,distance_greedy,10,0.2,830,38745,6
Facebook Penn94,distance_greedy,10,0.2,831,38785,6
Facebook Penn94,distance_greedy,10,0.2,832,38800,7
Facebook Penn94,distance_greedy,10,0.2,833,38804,7
Facebook Penn94,distance_greedy,10,0.2,834,38796,6
Facebook Penn94,distance_greedy,10,0.2,835,38754,6
Facebook Penn94,distance_greedy,10,0.2,836,38772,7
Facebook Penn94,distance_greedy,10,0.2,837,38757,6
Facebook Penn94,distance_greedy,10,0.2,838,38714,7
Facebook Penn94,distance_greedy,10,0.2,839,38766,7
Facebook Penn94,distance_greedy,10,0.2,840,38776,6
Facebook Penn94,distance_greedy,10,0.2,841,38753,7
Facebook Penn94,distance_greedy,10,0.2,842,38651,6
Facebook Penn94,distance_greedy,10,0.2,843,38722,6
Facebook Penn94,distance_greedy,10,0.2,844,38772,7
Facebook Penn94,distance_greedy,10,0.2,845,38752,7
Facebook Penn94,distance_greedy,10,0.2,846,38723,6
Facebook Penn94,distance_greedy,10,0.2,847,38811,6
Facebook Penn94,distance_greedy,10,0.2,848,38705,7
Facebook Penn94,distance_greedy,10,0.2,849,38748,7
Facebook Penn94,distance_greedy,10,0.2,850,38707,7
Facebook Penn94,distance_greedy,10,0.2,851,38671,6
Facebook Penn94,distance_greedy,10,0.2,852,38693,6
Facebook Penn94,distance_greedy,10,0.2,853,38770,7
Facebook Penn94,distance_greedy,10,0.2,854,38760,7
Facebook Penn94,distance_greedy,10,0.2,855,38746,8
Facebook Penn94,distance_greedy,10,0.2,856,38764,6
Facebook Penn94,distance_greedy,10,0.2,857,38767,6
Facebook Penn94,distance_greedy,10,0.2,858,38761,7
Facebook Penn94,distance_greedy,10,0.2,859,38784,6
Facebook Penn94,distance_greedy,10,0.2,860,38814,7
Facebook Penn94,distance_greedy,10,0.2,861,38820,7
Facebook Penn94,distance_greedy,10,0.2,862,38756,7
Facebook Penn94,distance_greedy,10,0.2,863,38690,6
Facebook Penn94,distance_greedy,10,0.2,864,38680,7
Facebook Penn94,distance_greedy,10,0.2,865,38766,6
Facebook Penn94,distance_greedy,10,0.2,866,38749,7
Facebook Penn94,distance_greedy,10,0.2,867,38677,6
Facebook Penn94,distance_greedy,10,0.2,868,38781,7
Facebook Penn94,distance_greedy,10,0.2,869,38768,6
Facebook Penn94,distance_greedy,10,0.2,870,38751,6
Facebook Penn94,distance_greedy,10,0.2,871,38784,7
Facebook Penn94,distance_greedy,10,0.2,872,38739,6
Facebook Penn94,distance_greedy,10,0.2,873,38735,7
Facebook Penn94,distance_greedy,10,0.2,874,38752,7
Facebook Penn94,distance_greedy,10,0.2,875,38820,8
Facebook Penn94,distance_greedy,10,0.2,876,38788,6
Facebook Penn94,distance_greedy,10,0.2,877,38687,6
Facebook Penn94,distance_greedy,10,0.2,878,38752,6
Facebook Penn94,distance_greedy,10,0.2,879,38750,6
Facebook Penn94,distance_greedy,10,0.2,880,38716,8
Facebook Penn94,distance_greedy,10,0.2,881,38781,6
Facebook Penn94,distance_greedy,10,0.2,882,38684,6
Facebook Penn94,distance_greedy,10,0.2,883,38668,8
Facebook Penn94,distance_greedy,10,0.2,884,38800,6
Facebook Penn94,distance_greedy,10,0.2,885,38664,6
Facebook Penn94,distance_greedy,10,0.2,886,38745,6
Facebook Penn94,distance_greedy,10,0.2,887,38842,7
Facebook Penn94,distance_greedy,10,0.2,888,38795,8
Facebook Penn94,distance_greedy,10,0.2,889,38730,7
Facebook Penn94,distance_greedy,10,0.2,890,38700,7
Facebook Penn94,distance_greedy,10,0.2,891,38761,6
Facebook Penn94,distance_greedy,10,0.2,892,38679,7
Facebook Penn94,distance_greedy,10,0.2,893,38755,7
Facebook Penn94,distance_greedy,10,0.2,894,38761,6
Facebook Penn94,distance_greedy,10,0.2,895,38722,7
Facebook Penn94,distance_greedy,10,0.2,896,38737,7
Facebook Penn94,distance_greedy,10,0.2,897,38768,7
Facebook Penn94,distance_greedy,10,0.2,898,38709,6
Facebook Penn94,distance_greedy,10,0.2,899,38706,7
Facebook Penn94,distance_greedy,10,0.2,900,38745,6
Facebook Penn94,distance_greedy,10,0.2,901,38731,6
Facebook Penn94,distance_greedy,10,0.2,902,38701,8
Facebook Penn94,distance_greedy,10,0.2,903,38803,7
Facebook Penn94,distance_greedy,10,0.2,904,38722,6
Facebook Penn94,distance_greedy,10,0.2,905,38719,7
Facebook Penn94,distance_greedy,10,0.2,906,38780,7
Facebook Penn94,distance_greedy,10,0.2,907,38768,6
Facebook Penn94,distance_greedy,10,0.2,908,38749,6
Facebook Penn94,distance_greedy,10,0.2,909,38788,7
Facebook Penn94,distance_greedy,10,0.2,910,38760,6
Facebook Penn94,distance_greedy,10,0.2,911,38681,7
Facebook Penn94,distance_greedy,10,0.2,912,38739,7
Facebook Penn94,distance_greedy,10,0.2,913,38686,7
Facebook Penn94,distance_greedy,10,0.2,914,38687,6
Facebook Penn94,distance_greedy,10,0.2,915,38707,9
Facebook Penn94,distance_greedy,10,0.2,916,38738,6
Facebook Penn94,distance_greedy,10,0.2,917,38757,6
Facebook Penn94,distance_greedy,10,0.2,918,38740,7
Facebook Penn94,distance_greedy,10,0.2,919,38783,7
Facebook Penn94,distance_greedy,10,0.2,920,38743,11
Facebook Penn94,distance_greedy,10,0.2,921,38709,6
Facebook Penn94,distance_greedy,10,0.2,922,38753,6
Facebook Penn94,distance_greedy,10,0.2,923,38753,7
Facebook Penn94,distance_greedy,10,0.2,924,38768,7
Facebook Penn94,distance_greedy,10,0.2,925,38733,7
Facebook Penn94,distance_greedy,10,0.2,926,38665,8
Facebook Penn94,distance_greedy,10,0.2,927,38723,6
Facebook Penn94,distance_greedy,10,0.2,928,38703,6
Facebook Penn94,distance_greedy,10,0.2,929,38793,7
Facebook Penn94,distance_greedy,10,0.2,930,38720,7
Facebook Penn94,distance_greedy,10,0.2,931,38695,6
Facebook Penn94,distance_greedy,10,0.2,932,38737,6
Facebook Penn94,distance_greedy,10,0.2,933,38800,8
Facebook Penn94,distance_greedy,10,0.2,934,38742,7
Facebook Penn94,distance_greedy,10,0.2,935,38728,7
Facebook Penn94,distance_greedy,10,0.2,936,38779,6
Facebook Penn94,distance_greedy,10,0.2,937,38768,7
Facebook Penn94,distance_greedy,10,0.2,938,38730,7
Facebook Penn94,distance_greedy,10,0.2,939,38734,6
Facebook Penn94,distance_greedy,10,0.2,940,38730,7
Facebook Penn94,distance_greedy,10,0.2,941,38756,6
Facebook Penn94,distance_greedy,10,0.2,942,38794,6
Facebook Penn94,distance_greedy,10,0.2,943,38787,7
Facebook Penn94,distance_greedy,10,0.2,944,38710,7
Facebook Penn94,distance_greedy,10,0.2,945,38780,6
Facebook Penn94,distance_greedy,10,0.2,946,38782,6
Facebook Penn94,distance_greedy,10,0.2,947,38719,6
Facebook Penn94,distance_greedy,10,0.2,948,38753,9
Facebook Penn94,distance_greedy,10,0.2,949,38751,6
Facebook Penn94,distance_greedy,10,0.2,950,38753,7
Facebook Penn94,distance_greedy,10,0.2,951,38747,7
Facebook Penn94,distance_greedy,10,0.2,952,38779,7
Facebook Penn94,distance_greedy,10,0.2,953,38720,7
Facebook Penn94,distance_greedy,10,0.2,954,38740,7
Facebook Penn94,distance_greedy,10,0.2,955,38756,6
Facebook Penn94,distance_greedy,10,0.2,956,38764,6
Facebook Penn94,distance_greedy,10,0.2,957,38722,6
Facebook Penn94,distance_greedy,10,0.2,958,38768,7
Facebook Penn94,distance_greedy,10,0.2,959,38746,6
Facebook Penn94,distance_greedy,10,0.2,960,38799,6
Facebook Penn94,distance_greedy,10,0.2,961,38762,6
Facebook Penn94,distance_greedy,10,0.2,962,38772,7
Facebook Penn94,distance_greedy,10,0.2,963,38803,8
Facebook Penn94,distance_greedy,10,0.2,964,38694,6
Facebook Penn94,distance_greedy,10,0.2,965,38739,7
Facebook Penn94,distance_greedy,10,0.2,966,38763,7
Facebook Penn94,distance_greedy,10,0.2,967,38679,6
Facebook Penn94,distance_greedy,10,0.2,968,38681,6
Facebook Penn94,distance_greedy,10,0.2,969,38744,6
Facebook Penn94,distance_greedy,10,0.2,970,38756,7
Facebook Penn94,distance_greedy,10,0.2,971,38696,6
Facebook Penn94,distance_greedy,10,0.2,972,38795,7
Facebook Penn94,distance_greedy,10,0.2,973,38810,7
Facebook Penn94,distance_greedy,10,0.2,974,38737,7
Facebook Penn94,distance_greedy,10,0.2,975,38691,7
Facebook Penn94,distance_greedy,10,0.2,976,38743,7
Facebook Penn94,distance_greedy,10,0.2,977,38767,6
Facebook Penn94,distance_greedy,10,0.2,978,38718,8
Facebook Penn94,distance_greedy,10,0.2,979,38772,6
Facebook Penn94,distance_greedy,10,0.2,980,38779,8
Facebook Penn94,distance_greedy,10,0.2,981,38686,7
Facebook Penn94,distance_greedy,10,0.2,982,38707,7
Facebook Penn94,distance_greedy,10,0.2,983,38679,7
Facebook Penn94,distance_greedy,10,0.2,984,38815,6
Facebook Penn94,distance_greedy,10,0.2,985,38706,6
Facebook Penn94,distance_greedy,10,0.2,986,38717,6
Facebook Penn94,distance_greedy,10,0.2,987,38769,7
Facebook Penn94,distance_greedy,10,0.2,988,38768,6
Facebook Penn94,distance_greedy,10,0.2,989,38818,6
Facebook Penn94,distance_greedy,10,0.2,990,38717,7
Facebook Penn94,distance_greedy,10,0.2,991,38702,7
Facebook Penn94,distance_greedy,10,0.2,992,38733,6
Facebook Penn94,distance_greedy,10,0.2,993,38761,7
Facebook Penn94,distance_greedy,10,0.2,994,38731,6
Facebook Penn94,distance_greedy,10,0.2,995,38767,6
Facebook Penn94,distance_greedy,10,0.2,996,38780,7
Facebook Penn94,distance_greedy,10,0.2,997,38739,7
Facebook Penn94,distance_greedy,10,0.2,998,38766,6
Facebook Penn94,distance_greedy,10,0.2,999,38751,7
