network,method,k,p,simulation_id,final_active_count,total_steps
Facebook Penn94,highest_degree,2,0.02,0,19333,16
Facebook Penn94,highest_degree,2,0.02,1,19287,15
Facebook Penn94,highest_degree,2,0.02,2,19368,16
Facebook Penn94,highest_degree,2,0.02,3,19670,18
Facebook Penn94,highest_degree,2,0.02,4,19591,15
Facebook Penn94,highest_degree,2,0.02,5,19589,16
Facebook Penn94,highest_degree,2,0.02,6,19502,15
Facebook Penn94,highest_degree,2,0.02,7,19550,14
Facebook Penn94,highest_degree,2,0.02,8,19525,15
Facebook Penn94,highest_degree,2,0.02,9,19674,14
Facebook Penn94,highest_degree,2,0.02,10,19553,14
Facebook Penn94,highest_degree,2,0.02,11,19705,15
Facebook Penn94,highest_degree,2,0.02,12,19505,15
Facebook Penn94,highest_degree,2,0.02,13,19541,17
Facebook Penn94,highest_degree,2,0.02,14,19758,16
Facebook Penn94,highest_degree,2,0.02,15,19690,18
Facebook Penn94,highest_degree,2,0.02,16,19572,15
Facebook Penn94,highest_degree,2,0.02,17,19515,16
Facebook Penn94,highest_degree,2,0.02,18,19520,19
Facebook Penn94,highest_degree,2,0.02,19,19451,16
Facebook Penn94,highest_degree,2,0.02,20,19777,17
Facebook Penn94,highest_degree,2,0.02,21,19667,16
Facebook Penn94,highest_degree,2,0.02,22,19639,17
Facebook Penn94,highest_degree,2,0.02,23,19586,15
Facebook Penn94,highest_degree,2,0.02,24,19496,15
Facebook Penn94,highest_degree,2,0.02,25,19427,16
Facebook Penn94,highest_degree,2,0.02,26,19354,17
Facebook Penn94,highest_degree,2,0.02,27,19432,16
Facebook Penn94,highest_degree,2,0.02,28,19689,15
Facebook Penn94,highest_degree,2,0.02,29,19576,19
Facebook Penn94,highest_degree,2,0.02,30,19439,15
Facebook Penn94,highest_degree,2,0.02,31,19578,15
Facebook Penn94,highest_degree,2,0.02,32,19647,15
Facebook Penn94,highest_degree,2,0.02,33,19720,18
Facebook Penn94,highest_degree,2,0.02,34,19574,17
Facebook Penn94,highest_degree,2,0.02,35,19426,16
Facebook Penn94,highest_degree,2,0.02,36,19666,19
Facebook Penn94,highest_degree,2,0.02,37,19362,16
Facebook Penn94,highest_degree,2,0.02,38,19453,18
Facebook Penn94,highest_degree,2,0.02,39,19614,18
Facebook Penn94,highest_degree,2,0.02,40,19529,17
Facebook Penn94,highest_degree,2,0.02,41,19447,20
Facebook Penn94,highest_degree,2,0.02,42,19647,17
Facebook Penn94,highest_degree,2,0.02,43,19380,15
Facebook Penn94,highest_degree,2,0.02,44,19377,15
Facebook Penn94,highest_degree,2,0.02,45,19473,16
Facebook Penn94,highest_degree,2,0.02,46,19539,16
Facebook Penn94,highest_degree,2,0.02,47,19622,16
Facebook Penn94,highest_degree,2,0.02,48,19634,15
Facebook Penn94,highest_degree,2,0.02,49,19606,17
Facebook Penn94,highest_degree,2,0.02,50,19327,14
Facebook Penn94,highest_degree,2,0.02,51,19791,17
Facebook Penn94,highest_degree,2,0.02,52,19674,17
Facebook Penn94,highest_degree,2,0.02,53,19510,15
Facebook Penn94,highest_degree,2,0.02,54,19508,17
Facebook Penn94,highest_degree,2,0.02,55,19693,19
Facebook Penn94,highest_degree,2,0.02,56,19490,19
Facebook Penn94,highest_degree,2,0.02,57,19420,15
Facebook Penn94,highest_degree,2,0.02,58,19393,17
Facebook Penn94,highest_degree,2,0.02,59,19484,20
Facebook Penn94,highest_degree,2,0.02,60,19616,19
Facebook Penn94,highest_degree,2,0.02,61,19492,18
Facebook Penn94,highest_degree,2,0.02,62,19592,18
Facebook Penn94,highest_degree,2,0.02,63,19375,14
Facebook Penn94,highest_degree,2,0.02,64,19579,15
Facebook Penn94,highest_degree,2,0.02,65,19530,19
Facebook Penn94,highest_degree,2,0.02,66,19356,17
Facebook Penn94,highest_degree,2,0.02,67,19513,17
Facebook Penn94,highest_degree,2,0.02,68,19488,15
Facebook Penn94,highest_degree,2,0.02,69,19614,15
Facebook Penn94,highest_degree,2,0.02,70,19436,18
Facebook Penn94,highest_degree,2,0.02,71,19655,16
Facebook Penn94,highest_degree,2,0.02,72,19589,17
Facebook Penn94,highest_degree,2,0.02,73,19659,16
Facebook Penn94,highest_degree,2,0.02,74,19604,18
Facebook Penn94,highest_degree,2,0.02,75,19456,16
Facebook Penn94,highest_degree,2,0.02,76,19681,16
Facebook Penn94,highest_degree,2,0.02,77,19532,18
Facebook Penn94,highest_degree,2,0.02,78,19494,16
Facebook Penn94,highest_degree,2,0.02,79,19672,15
Facebook Penn94,highest_degree,2,0.02,80,19395,16
Facebook Penn94,highest_degree,2,0.02,81,19424,17
Facebook Penn94,highest_degree,2,0.02,82,19801,16
Facebook Penn94,highest_degree,2,0.02,83,19546,18
Facebook Penn94,highest_degree,2,0.02,84,19690,16
Facebook Penn94,highest_degree,2,0.02,85,19515,17
Facebook Penn94,highest_degree,2,0.02,86,19487,18
Facebook Penn94,highest_degree,2,0.02,87,19798,16
Facebook Penn94,highest_degree,2,0.02,88,19490,15
Facebook Penn94,highest_degree,2,0.02,89,19167,15
Facebook Penn94,highest_degree,2,0.02,90,19660,17
Facebook Penn94,highest_degree,2,0.02,91,19379,14
Facebook Penn94,highest_degree,2,0.02,92,19634,16
Facebook Penn94,highest_degree,2,0.02,93,19674,15
Facebook Penn94,highest_degree,2,0.02,94,19331,17
Facebook Penn94,highest_degree,2,0.02,95,19718,16
Facebook Penn94,highest_degree,2,0.02,96,19551,17
Facebook Penn94,highest_degree,2,0.02,97,19492,16
Facebook Penn94,highest_degree,2,0.02,98,19229,15
Facebook Penn94,highest_degree,2,0.02,99,19349,15
Facebook Penn94,highest_degree,2,0.02,100,19366,16
Facebook Penn94,highest_degree,2,0.02,101,19649,16
Facebook Penn94,highest_degree,2,0.02,102,19636,19
Facebook Penn94,highest_degree,2,0.02,103,19366,19
Facebook Penn94,highest_degree,2,0.02,104,19515,15
Facebook Penn94,highest_degree,2,0.02,105,19324,16
Facebook Penn94,highest_degree,2,0.02,106,19499,17
Facebook Penn94,highest_degree,2,0.02,107,19752,17
Facebook Penn94,highest_degree,2,0.02,108,19466,15
Facebook Penn94,highest_degree,2,0.02,109,19449,16
Facebook Penn94,highest_degree,2,0.02,110,19424,15
Facebook Penn94,highest_degree,2,0.02,111,19715,14
Facebook Penn94,highest_degree,2,0.02,112,19464,14
Facebook Penn94,highest_degree,2,0.02,113,19349,14
Facebook Penn94,highest_degree,2,0.02,114,19425,17
Facebook Penn94,highest_degree,2,0.02,115,19724,15
Facebook Penn94,highest_degree,2,0.02,116,19471,18
Facebook Penn94,highest_degree,2,0.02,117,19703,16
Facebook Penn94,highest_degree,2,0.02,118,19709,15
Facebook Penn94,highest_degree,2,0.02,119,19596,14
Facebook Penn94,highest_degree,2,0.02,120,19388,15
Facebook Penn94,highest_degree,2,0.02,121,19593,16
Facebook Penn94,highest_degree,2,0.02,122,19612,15
Facebook Penn94,highest_degree,2,0.02,123,19409,16
Facebook Penn94,highest_degree,2,0.02,124,19531,19
Facebook Penn94,highest_degree,2,0.02,125,19342,17
Facebook Penn94,highest_degree,2,0.02,126,19474,17
Facebook Penn94,highest_degree,2,0.02,127,19240,19
Facebook Penn94,highest_degree,2,0.02,128,19405,16
Facebook Penn94,highest_degree,2,0.02,129,19444,17
Facebook Penn94,highest_degree,2,0.02,130,19698,16
Facebook Penn94,highest_degree,2,0.02,131,19440,16
Facebook Penn94,highest_degree,2,0.02,132,19582,16
Facebook Penn94,highest_degree,2,0.02,133,19415,18
Facebook Penn94,highest_degree,2,0.02,134,19468,17
Facebook Penn94,highest_degree,2,0.02,135,19573,16
Facebook Penn94,highest_degree,2,0.02,136,19630,19
Facebook Penn94,highest_degree,2,0.02,137,19578,16
Facebook Penn94,highest_degree,2,0.02,138,19406,15
Facebook Penn94,highest_degree,2,0.02,139,19281,17
Facebook Penn94,highest_degree,2,0.02,140,19411,22
Facebook Penn94,highest_degree,2,0.02,141,19551,15
Facebook Penn94,highest_degree,2,0.02,142,19508,14
Facebook Penn94,highest_degree,2,0.02,143,19449,15
Facebook Penn94,highest_degree,2,0.02,144,19522,16
Facebook Penn94,highest_degree,2,0.02,145,19501,16
Facebook Penn94,highest_degree,2,0.02,146,19579,16
Facebook Penn94,highest_degree,2,0.02,147,19675,16
Facebook Penn94,highest_degree,2,0.02,148,19639,15
Facebook Penn94,highest_degree,2,0.02,149,19642,16
Facebook Penn94,highest_degree,2,0.02,150,19419,15
Facebook Penn94,highest_degree,2,0.02,151,19507,18
Facebook Penn94,highest_degree,2,0.02,152,19611,18
Facebook Penn94,highest_degree,2,0.02,153,19426,17
Facebook Penn94,highest_degree,2,0.02,154,19303,17
Facebook Penn94,highest_degree,2,0.02,155,19633,16
Facebook Penn94,highest_degree,2,0.02,156,19611,17
Facebook Penn94,highest_degree,2,0.02,157,19321,16
Facebook Penn94,highest_degree,2,0.02,158,19443,16
Facebook Penn94,highest_degree,2,0.02,159,19645,15
Facebook Penn94,highest_degree,2,0.02,160,19689,16
Facebook Penn94,highest_degree,2,0.02,161,19408,15
Facebook Penn94,highest_degree,2,0.02,162,19446,17
Facebook Penn94,highest_degree,2,0.02,163,19604,15
Facebook Penn94,highest_degree,2,0.02,164,19578,16
Facebook Penn94,highest_degree,2,0.02,165,19444,16
Facebook Penn94,highest_degree,2,0.02,166,19638,15
Facebook Penn94,highest_degree,2,0.02,167,19583,17
Facebook Penn94,highest_degree,2,0.02,168,19468,16
Facebook Penn94,highest_degree,2,0.02,169,19664,17
Facebook Penn94,highest_degree,2,0.02,170,19738,16
Facebook Penn94,highest_degree,2,0.02,171,19560,17
Facebook Penn94,highest_degree,2,0.02,172,19636,14
Facebook Penn94,highest_degree,2,0.02,173,19648,17
Facebook Penn94,highest_degree,2,0.02,174,19618,16
Facebook Penn94,highest_degree,2,0.02,175,19532,14
Facebook Penn94,highest_degree,2,0.02,176,19761,16
Facebook Penn94,highest_degree,2,0.02,177,19670,15
Facebook Penn94,highest_degree,2,0.02,178,19665,19
Facebook Penn94,highest_degree,2,0.02,179,19439,16
Facebook Penn94,highest_degree,2,0.02,180,19456,17
Facebook Penn94,highest_degree,2,0.02,181,19373,15
Facebook Penn94,highest_degree,2,0.02,182,19393,15
Facebook Penn94,highest_degree,2,0.02,183,19554,16
Facebook Penn94,highest_degree,2,0.02,184,19807,16
Facebook Penn94,highest_degree,2,0.02,185,19482,15
Facebook Penn94,highest_degree,2,0.02,186,19513,17
Facebook Penn94,highest_degree,2,0.02,187,19711,17
Facebook Penn94,highest_degree,2,0.02,188,19705,17
Facebook Penn94,highest_degree,2,0.02,189,19691,17
Facebook Penn94,highest_degree,2,0.02,190,19554,18
Facebook Penn94,highest_degree,2,0.02,191,19423,18
Facebook Penn94,highest_degree,2,0.02,192,19729,18
Facebook Penn94,highest_degree,2,0.02,193,19493,16
Facebook Penn94,highest_degree,2,0.02,194,19419,15
Facebook Penn94,highest_degree,2,0.02,195,19443,15
Facebook Penn94,highest_degree,2,0.02,196,19464,17
Facebook Penn94,highest_degree,2,0.02,197,19646,18
Facebook Penn94,highest_degree,2,0.02,198,19641,15
Facebook Penn94,highest_degree,2,0.02,199,19661,15
Facebook Penn94,highest_degree,2,0.02,200,19657,16
Facebook Penn94,highest_degree,2,0.02,201,19572,15
Facebook Penn94,highest_degree,2,0.02,202,19459,16
Facebook Penn94,highest_degree,2,0.02,203,19700,15
Facebook Penn94,highest_degree,2,0.02,204,19477,15
Facebook Penn94,highest_degree,2,0.02,205,19453,16
Facebook Penn94,highest_degree,2,0.02,206,19376,21
Facebook Penn94,highest_degree,2,0.02,207,19651,17
Facebook Penn94,highest_degree,2,0.02,208,19569,16
Facebook Penn94,highest_degree,2,0.02,209,19708,15
Facebook Penn94,highest_degree,2,0.02,210,19313,16
Facebook Penn94,highest_degree,2,0.02,211,19378,18
Facebook Penn94,highest_degree,2,0.02,212,19529,16
Facebook Penn94,highest_degree,2,0.02,213,19487,16
Facebook Penn94,highest_degree,2,0.02,214,19637,15
Facebook Penn94,highest_degree,2,0.02,215,19590,18
Facebook Penn94,highest_degree,2,0.02,216,19541,17
Facebook Penn94,highest_degree,2,0.02,217,19473,15
Facebook Penn94,highest_degree,2,0.02,218,19807,16
Facebook Penn94,highest_degree,2,0.02,219,19457,18
Facebook Penn94,highest_degree,2,0.02,220,19560,15
Facebook Penn94,highest_degree,2,0.02,221,19472,16
Facebook Penn94,highest_degree,2,0.02,222,19659,18
Facebook Penn94,highest_degree,2,0.02,223,19393,17
Facebook Penn94,highest_degree,2,0.02,224,19560,17
Facebook Penn94,highest_degree,2,0.02,225,19536,17
Facebook Penn94,highest_degree,2,0.02,226,19427,16
Facebook Penn94,highest_degree,2,0.02,227,19465,15
Facebook Penn94,highest_degree,2,0.02,228,19710,18
Facebook Penn94,highest_degree,2,0.02,229,19482,15
Facebook Penn94,highest_degree,2,0.02,230,19751,16
Facebook Penn94,highest_degree,2,0.02,231,19462,14
Facebook Penn94,highest_degree,2,0.02,232,19520,19
Facebook Penn94,highest_degree,2,0.02,233,19477,16
Facebook Penn94,highest_degree,2,0.02,234,19757,15
Facebook Penn94,highest_degree,2,0.02,235,19610,15
Facebook Penn94,highest_degree,2,0.02,236,19629,18
Facebook Penn94,highest_degree,2,0.02,237,19310,16
Facebook Penn94,highest_degree,2,0.02,238,19522,17
Facebook Penn94,highest_degree,2,0.02,239,19560,16
Facebook Penn94,highest_degree,2,0.02,240,19469,17
Facebook Penn94,highest_degree,2,0.02,241,19672,17
Facebook Penn94,highest_degree,2,0.02,242,19654,16
Facebook Penn94,highest_degree,2,0.02,243,19321,19
Facebook Penn94,highest_degree,2,0.02,244,19441,15
Facebook Penn94,highest_degree,2,0.02,245,19345,15
Facebook Penn94,highest_degree,2,0.02,246,19426,17
Facebook Penn94,highest_degree,2,0.02,247,19449,16
Facebook Penn94,highest_degree,2,0.02,248,19543,15
Facebook Penn94,highest_degree,2,0.02,249,19645,15
Facebook Penn94,highest_degree,2,0.02,250,19508,16
Facebook Penn94,highest_degree,2,0.02,251,19227,17
Facebook Penn94,highest_degree,2,0.02,252,19264,18
Facebook Penn94,highest_degree,2,0.02,253,19337,15
Facebook Penn94,highest_degree,2,0.02,254,19233,18
Facebook Penn94,highest_degree,2,0.02,255,19748,16
Facebook Penn94,highest_degree,2,0.02,256,19740,17
Facebook Penn94,highest_degree,2,0.02,257,19535,15
Facebook Penn94,highest_degree,2,0.02,258,19540,16
Facebook Penn94,highest_degree,2,0.02,259,19547,15
Facebook Penn94,highest_degree,2,0.02,260,19461,17
Facebook Penn94,highest_degree,2,0.02,261,19646,15
Facebook Penn94,highest_degree,2,0.02,262,19569,18
Facebook Penn94,highest_degree,2,0.02,263,19685,17
Facebook Penn94,highest_degree,2,0.02,264,19470,16
Facebook Penn94,highest_degree,2,0.02,265,19598,16
Facebook Penn94,highest_degree,2,0.02,266,19260,16
Facebook Penn94,highest_degree,2,0.02,267,19535,15
Facebook Penn94,highest_degree,2,0.02,268,19419,15
Facebook Penn94,highest_degree,2,0.02,269,19405,16
Facebook Penn94,highest_degree,2,0.02,270,19604,16
Facebook Penn94,highest_degree,2,0.02,271,19542,16
Facebook Penn94,highest_degree,2,0.02,272,19243,20
Facebook Penn94,highest_degree,2,0.02,273,19305,17
Facebook Penn94,highest_degree,2,0.02,274,19460,15
Facebook Penn94,highest_degree,2,0.02,275,19695,14
Facebook Penn94,highest_degree,2,0.02,276,19528,16
Facebook Penn94,highest_degree,2,0.02,277,19383,15
Facebook Penn94,highest_degree,2,0.02,278,19759,18
Facebook Penn94,highest_degree,2,0.02,279,19895,15
Facebook Penn94,highest_degree,2,0.02,280,19340,16
Facebook Penn94,highest_degree,2,0.02,281,19234,16
Facebook Penn94,highest_degree,2,0.02,282,19516,15
Facebook Penn94,highest_degree,2,0.02,283,19474,16
Facebook Penn94,highest_degree,2,0.02,284,19293,14
Facebook Penn94,highest_degree,2,0.02,285,19197,15
Facebook Penn94,highest_degree,2,0.02,286,19653,17
Facebook Penn94,highest_degree,2,0.02,287,19395,17
Facebook Penn94,highest_degree,2,0.02,288,19394,15
Facebook Penn94,highest_degree,2,0.02,289,19687,21
Facebook Penn94,highest_degree,2,0.02,290,19788,15
Facebook Penn94,highest_degree,2,0.02,291,19660,16
Facebook Penn94,highest_degree,2,0.02,292,19785,17
Facebook Penn94,highest_degree,2,0.02,293,19649,17
Facebook Penn94,highest_degree,2,0.02,294,19712,16
Facebook Penn94,highest_degree,2,0.02,295,19636,17
Facebook Penn94,highest_degree,2,0.02,296,19503,16
Facebook Penn94,highest_degree,2,0.02,297,19670,15
Facebook Penn94,highest_degree,2,0.02,298,19375,18
Facebook Penn94,highest_degree,2,0.02,299,19813,17
Facebook Penn94,highest_degree,2,0.02,300,19691,15
Facebook Penn94,highest_degree,2,0.02,301,19412,18
Facebook Penn94,highest_degree,2,0.02,302,19522,16
Facebook Penn94,highest_degree,2,0.02,303,19516,15
Facebook Penn94,highest_degree,2,0.02,304,19655,17
Facebook Penn94,highest_degree,2,0.02,305,19784,16
Facebook Penn94,highest_degree,2,0.02,306,19525,15
Facebook Penn94,highest_degree,2,0.02,307,19653,16
Facebook Penn94,highest_degree,2,0.02,308,19406,16
Facebook Penn94,highest_degree,2,0.02,309,19516,18
Facebook Penn94,highest_degree,2,0.02,310,19308,17
Facebook Penn94,highest_degree,2,0.02,311,19527,14
Facebook Penn94,highest_degree,2,0.02,312,19524,16
Facebook Penn94,highest_degree,2,0.02,313,19768,14
Facebook Penn94,highest_degree,2,0.02,314,19553,14
Facebook Penn94,highest_degree,2,0.02,315,19660,15
Facebook Penn94,highest_degree,2,0.02,316,19618,19
Facebook Penn94,highest_degree,2,0.02,317,19740,16
Facebook Penn94,highest_degree,2,0.02,318,19635,14
Facebook Penn94,highest_degree,2,0.02,319,19653,17
Facebook Penn94,highest_degree,2,0.02,320,19655,15
Facebook Penn94,highest_degree,2,0.02,321,19545,16
Facebook Penn94,highest_degree,2,0.02,322,19195,15
Facebook Penn94,highest_degree,2,0.02,323,19407,16
Facebook Penn94,highest_degree,2,0.02,324,19523,17
Facebook Penn94,highest_degree,2,0.02,325,19621,16
Facebook Penn94,highest_degree,2,0.02,326,19546,17
Facebook Penn94,highest_degree,2,0.02,327,19404,15
Facebook Penn94,highest_degree,2,0.02,328,19545,16
Facebook Penn94,highest_degree,2,0.02,329,19550,19
Facebook Penn94,highest_degree,2,0.02,330,19636,16
Facebook Penn94,highest_degree,2,0.02,331,19634,15
Facebook Penn94,highest_degree,2,0.02,332,19284,15
Facebook Penn94,highest_degree,2,0.02,333,19804,15
Facebook Penn94,highest_degree,2,0.02,334,19169,15
Facebook Penn94,highest_degree,2,0.02,335,19479,15
Facebook Penn94,highest_degree,2,0.02,336,19696,21
Facebook Penn94,highest_degree,2,0.02,337,19590,18
Facebook Penn94,highest_degree,2,0.02,338,19453,14
Facebook Penn94,highest_degree,2,0.02,339,19468,16
Facebook Penn94,highest_degree,2,0.02,340,19346,14
Facebook Penn94,highest_degree,2,0.02,341,19567,17
Facebook Penn94,highest_degree,2,0.02,342,19437,20
Facebook Penn94,highest_degree,2,0.02,343,19407,15
Facebook Penn94,highest_degree,2,0.02,344,19659,16
Facebook Penn94,highest_degree,2,0.02,345,19620,17
Facebook Penn94,highest_degree,2,0.02,346,19534,17
Facebook Penn94,highest_degree,2,0.02,347,19887,15
Facebook Penn94,highest_degree,2,0.02,348,19497,16
Facebook Penn94,highest_degree,2,0.02,349,19369,16
Facebook Penn94,highest_degree,2,0.02,350,19523,17
Facebook Penn94,highest_degree,2,0.02,351,19617,17
Facebook Penn94,highest_degree,2,0.02,352,19489,15
Facebook Penn94,highest_degree,2,0.02,353,19575,15
Facebook Penn94,highest_degree,2,0.02,354,19440,20
Facebook Penn94,highest_degree,2,0.02,355,19770,15
Facebook Penn94,highest_degree,2,0.02,356,19364,17
Facebook Penn94,highest_degree,2,0.02,357,19532,15
Facebook Penn94,highest_degree,2,0.02,358,19538,16
Facebook Penn94,highest_degree,2,0.02,359,19563,15
Facebook Penn94,highest_degree,2,0.02,360,19526,16
Facebook Penn94,highest_degree,2,0.02,361,19725,15
Facebook Penn94,highest_degree,2,0.02,362,19643,16
Facebook Penn94,highest_degree,2,0.02,363,19467,16
Facebook Penn94,highest_degree,2,0.02,364,19340,15
Facebook Penn94,highest_degree,2,0.02,365,19665,17
Facebook Penn94,highest_degree,2,0.02,366,19730,15
Facebook Penn94,highest_degree,2,0.02,367,19628,15
Facebook Penn94,highest_degree,2,0.02,368,19664,15
Facebook Penn94,highest_degree,2,0.02,369,19573,16
Facebook Penn94,highest_degree,2,0.02,370,19545,19
Facebook Penn94,highest_degree,2,0.02,371,19506,16
Facebook Penn94,highest_degree,2,0.02,372,19749,20
Facebook Penn94,highest_degree,2,0.02,373,19401,17
Facebook Penn94,highest_degree,2,0.02,374,19510,17
Facebook Penn94,highest_degree,2,0.02,375,19458,16
Facebook Penn94,highest_degree,2,0.02,376,19363,18
Facebook Penn94,highest_degree,2,0.02,377,19620,17
Facebook Penn94,highest_degree,2,0.02,378,19359,21
Facebook Penn94,highest_degree,2,0.02,379,19707,21
Facebook Penn94,highest_degree,2,0.02,380,19526,16
Facebook Penn94,highest_degree,2,0.02,381,19619,15
Facebook Penn94,highest_degree,2,0.02,382,19482,17
Facebook Penn94,highest_degree,2,0.02,383,19474,15
Facebook Penn94,highest_degree,2,0.02,384,19757,15
Facebook Penn94,highest_degree,2,0.02,385,19713,19
Facebook Penn94,highest_degree,2,0.02,386,19490,19
Facebook Penn94,highest_degree,2,0.02,387,19622,15
Facebook Penn94,highest_degree,2,0.02,388,19444,17
Facebook Penn94,highest_degree,2,0.02,389,19562,16
Facebook Penn94,highest_degree,2,0.02,390,19446,18
Facebook Penn94,highest_degree,2,0.02,391,19465,16
Facebook Penn94,highest_degree,2,0.02,392,19531,17
Facebook Penn94,highest_degree,2,0.02,393,19633,17
Facebook Penn94,highest_degree,2,0.02,394,19618,16
Facebook Penn94,highest_degree,2,0.02,395,19670,15
Facebook Penn94,highest_degree,2,0.02,396,19548,17
Facebook Penn94,highest_degree,2,0.02,397,19419,17
Facebook Penn94,highest_degree,2,0.02,398,19394,16
Facebook Penn94,highest_degree,2,0.02,399,19596,16
Facebook Penn94,highest_degree,2,0.02,400,19463,16
Facebook Penn94,highest_degree,2,0.02,401,19497,16
Facebook Penn94,highest_degree,2,0.02,402,19486,16
Facebook Penn94,highest_degree,2,0.02,403,19305,16
Facebook Penn94,highest_degree,2,0.02,404,19659,16
Facebook Penn94,highest_degree,2,0.02,405,19413,20
Facebook Penn94,highest_degree,2,0.02,406,19245,17
Facebook Penn94,highest_degree,2,0.02,407,19842,15
Facebook Penn94,highest_degree,2,0.02,408,19506,15
Facebook Penn94,highest_degree,2,0.02,409,19368,16
Facebook Penn94,highest_degree,2,0.02,410,19427,16
Facebook Penn94,highest_degree,2,0.02,411,19618,17
Facebook Penn94,highest_degree,2,0.02,412,19488,16
Facebook Penn94,highest_degree,2,0.02,413,19525,15
Facebook Penn94,highest_degree,2,0.02,414,19563,18
Facebook Penn94,highest_degree,2,0.02,415,19392,14
Facebook Penn94,highest_degree,2,0.02,416,19595,17
Facebook Penn94,highest_degree,2,0.02,417,19665,16
Facebook Penn94,highest_degree,2,0.02,418,19602,15
Facebook Penn94,highest_degree,2,0.02,419,19559,14
Facebook Penn94,highest_degree,2,0.02,420,19401,16
Facebook Penn94,highest_degree,2,0.02,421,19508,17
Facebook Penn94,highest_degree,2,0.02,422,19649,15
Facebook Penn94,highest_degree,2,0.02,423,19794,15
Facebook Penn94,highest_degree,2,0.02,424,19384,18
Facebook Penn94,highest_degree,2,0.02,425,19440,17
Facebook Penn94,highest_degree,2,0.02,426,19615,17
Facebook Penn94,highest_degree,2,0.02,427,19768,17
Facebook Penn94,highest_degree,2,0.02,428,19505,17
Facebook Penn94,highest_degree,2,0.02,429,19703,16
Facebook Penn94,highest_degree,2,0.02,430,19475,15
Facebook Penn94,highest_degree,2,0.02,431,19663,15
Facebook Penn94,highest_degree,2,0.02,432,19483,19
Facebook Penn94,highest_degree,2,0.02,433,19425,15
Facebook Penn94,highest_degree,2,0.02,434,19593,17
Facebook Penn94,highest_degree,2,0.02,435,19594,14
Facebook Penn94,highest_degree,2,0.02,436,19431,18
Facebook Penn94,highest_degree,2,0.02,437,19246,17
Facebook Penn94,highest_degree,2,0.02,438,19709,17
Facebook Penn94,highest_degree,2,0.02,439,19383,16
Facebook Penn94,highest_degree,2,0.02,440,19586,17
Facebook Penn94,highest_degree,2,0.02,441,19855,18
Facebook Penn94,highest_degree,2,0.02,442,19618,17
Facebook Penn94,highest_degree,2,0.02,443,19263,16
Facebook Penn94,highest_degree,2,0.02,444,19646,15
Facebook Penn94,highest_degree,2,0.02,445,19662,16
Facebook Penn94,highest_degree,2,0.02,446,19787,18
Facebook Penn94,highest_degree,2,0.02,447,19570,15
Facebook Penn94,highest_degree,2,0.02,448,19605,16
Facebook Penn94,highest_degree,2,0.02,449,19492,17
Facebook Penn94,highest_degree,2,0.02,450,19775,18
Facebook Penn94,highest_degree,2,0.02,451,19430,18
Facebook Penn94,highest_degree,2,0.02,452,19568,20
Facebook Penn94,highest_degree,2,0.02,453,19489,17
Facebook Penn94,highest_degree,2,0.02,454,19538,17
Facebook Penn94,highest_degree,2,0.02,455,19490,16
Facebook Penn94,highest_degree,2,0.02,456,19343,16
Facebook Penn94,highest_degree,2,0.02,457,19526,15
Facebook Penn94,highest_degree,2,0.02,458,19537,15
Facebook Penn94,highest_degree,2,0.02,459,19663,17
Facebook Penn94,highest_degree,2,0.02,460,19565,17
Facebook Penn94,highest_degree,2,0.02,461,19335,17
Facebook Penn94,highest_degree,2,0.02,462,19546,15
Facebook Penn94,highest_degree,2,0.02,463,19375,15
Facebook Penn94,highest_degree,2,0.02,464,19568,17
Facebook Penn94,highest_degree,2,0.02,465,19412,15
Facebook Penn94,highest_degree,2,0.02,466,19661,20
Facebook Penn94,highest_degree,2,0.02,467,19774,16
Facebook Penn94,highest_degree,2,0.02,468,19712,17
Facebook Penn94,highest_degree,2,0.02,469,19640,15
Facebook Penn94,highest_degree,2,0.02,470,19654,16
Facebook Penn94,highest_degree,2,0.02,471,19578,15
Facebook Penn94,highest_degree,2,0.02,472,19611,17
Facebook Penn94,highest_degree,2,0.02,473,19490,15
Facebook Penn94,highest_degree,2,0.02,474,19385,17
Facebook Penn94,highest_degree,2,0.02,475,19663,18
Facebook Penn94,highest_degree,2,0.02,476,19540,18
Facebook Penn94,highest_degree,2,0.02,477,19572,16
Facebook Penn94,highest_degree,2,0.02,478,19500,17
Facebook Penn94,highest_degree,2,0.02,479,19484,15
Facebook Penn94,highest_degree,2,0.02,480,19438,17
Facebook Penn94,highest_degree,2,0.02,481,19747,15
Facebook Penn94,highest_degree,2,0.02,482,19708,16
Facebook Penn94,highest_degree,2,0.02,483,19869,18
Facebook Penn94,highest_degree,2,0.02,484,19373,16
Facebook Penn94,highest_degree,2,0.02,485,19683,15
Facebook Penn94,highest_degree,2,0.02,486,19621,17
Facebook Penn94,highest_degree,2,0.02,487,19402,18
Facebook Penn94,highest_degree,2,0.02,488,19629,17
Facebook Penn94,highest_degree,2,0.02,489,19761,15
Facebook Penn94,highest_degree,2,0.02,490,19605,16
Facebook Penn94,highest_degree,2,0.02,491,19486,20
Facebook Penn94,highest_degree,2,0.02,492,19490,16
Facebook Penn94,highest_degree,2,0.02,493,19388,15
Facebook Penn94,highest_degree,2,0.02,494,19577,16
Facebook Penn94,highest_degree,2,0.02,495,19446,17
Facebook Penn94,highest_degree,2,0.02,496,19288,17
Facebook Penn94,highest_degree,2,0.02,497,19405,16
Facebook Penn94,highest_degree,2,0.02,498,19491,14
Facebook Penn94,highest_degree,2,0.02,499,19610,14
Facebook Penn94,highest_degree,2,0.02,500,19569,18
Facebook Penn94,highest_degree,2,0.02,501,19600,17
Facebook Penn94,highest_degree,2,0.02,502,19363,17
Facebook Penn94,highest_degree,2,0.02,503,19609,15
Facebook Penn94,highest_degree,2,0.02,504,19432,16
Facebook Penn94,highest_degree,2,0.02,505,19591,19
Facebook Penn94,highest_degree,2,0.02,506,19627,14
Facebook Penn94,highest_degree,2,0.02,507,19314,15
Facebook Penn94,highest_degree,2,0.02,508,19381,15
Facebook Penn94,highest_degree,2,0.02,509,19437,16
Facebook Penn94,highest_degree,2,0.02,510,19611,14
Facebook Penn94,highest_degree,2,0.02,511,19460,19
Facebook Penn94,highest_degree,2,0.02,512,19274,15
Facebook Penn94,highest_degree,2,0.02,513,19732,18
Facebook Penn94,highest_degree,2,0.02,514,19761,16
Facebook Penn94,highest_degree,2,0.02,515,19254,15
Facebook Penn94,highest_degree,2,0.02,516,19620,16
Facebook Penn94,highest_degree,2,0.02,517,19522,16
Facebook Penn94,highest_degree,2,0.02,518,19566,17
Facebook Penn94,highest_degree,2,0.02,519,19542,16
Facebook Penn94,highest_degree,2,0.02,520,19623,18
Facebook Penn94,highest_degree,2,0.02,521,19771,17
Facebook Penn94,highest_degree,2,0.02,522,19462,18
Facebook Penn94,highest_degree,2,0.02,523,19431,17
Facebook Penn94,highest_degree,2,0.02,524,19621,15
Facebook Penn94,highest_degree,2,0.02,525,19696,16
Facebook Penn94,highest_degree,2,0.02,526,19422,16
Facebook Penn94,highest_degree,2,0.02,527,19517,15
Facebook Penn94,highest_degree,2,0.02,528,19392,16
Facebook Penn94,highest_degree,2,0.02,529,19538,15
Facebook Penn94,highest_degree,2,0.02,530,19571,15
Facebook Penn94,highest_degree,2,0.02,531,19481,18
Facebook Penn94,highest_degree,2,0.02,532,19388,16
Facebook Penn94,highest_degree,2,0.02,533,19321,16
Facebook Penn94,highest_degree,2,0.02,534,19513,15
Facebook Penn94,highest_degree,2,0.02,535,19480,16
Facebook Penn94,highest_degree,2,0.02,536,19104,18
Facebook Penn94,highest_degree,2,0.02,537,19324,22
Facebook Penn94,highest_degree,2,0.02,538,19890,16
Facebook Penn94,highest_degree,2,0.02,539,19607,18
Facebook Penn94,highest_degree,2,0.02,540,19589,15
Facebook Penn94,highest_degree,2,0.02,541,19664,17
Facebook Penn94,highest_degree,2,0.02,542,19605,18
Facebook Penn94,highest_degree,2,0.02,543,19545,15
Facebook Penn94,highest_degree,2,0.02,544,19539,16
Facebook Penn94,highest_degree,2,0.02,545,19596,17
Facebook Penn94,highest_degree,2,0.02,546,19478,16
Facebook Penn94,highest_degree,2,0.02,547,19561,17
Facebook Penn94,highest_degree,2,0.02,548,19639,17
Facebook Penn94,highest_degree,2,0.02,549,19552,16
Facebook Penn94,highest_degree,2,0.02,550,19438,16
Facebook Penn94,highest_degree,2,0.02,551,19467,17
Facebook Penn94,highest_degree,2,0.02,552,19342,17
Facebook Penn94,highest_degree,2,0.02,553,19637,15
Facebook Penn94,highest_degree,2,0.02,554,19326,17
Facebook Penn94,highest_degree,2,0.02,555,19648,17
Facebook Penn94,highest_degree,2,0.02,556,19508,17
Facebook Penn94,highest_degree,2,0.02,557,19506,16
Facebook Penn94,highest_degree,2,0.02,558,19450,20
Facebook Penn94,highest_degree,2,0.02,559,19853,18
Facebook Penn94,highest_degree,2,0.02,560,19407,14
Facebook Penn94,highest_degree,2,0.02,561,19489,15
Facebook Penn94,highest_degree,2,0.02,562,19626,16
Facebook Penn94,highest_degree,2,0.02,563,19511,15
Facebook Penn94,highest_degree,2,0.02,564,19665,16
Facebook Penn94,highest_degree,2,0.02,565,19361,22
Facebook Penn94,highest_degree,2,0.02,566,19574,18
Facebook Penn94,highest_degree,2,0.02,567,19659,16
Facebook Penn94,highest_degree,2,0.02,568,19570,15
Facebook Penn94,highest_degree,2,0.02,569,19646,17
Facebook Penn94,highest_degree,2,0.02,570,19646,14
Facebook Penn94,highest_degree,2,0.02,571,19522,15
Facebook Penn94,highest_degree,2,0.02,572,19607,16
Facebook Penn94,highest_degree,2,0.02,573,19510,16
Facebook Penn94,highest_degree,2,0.02,574,19466,15
Facebook Penn94,highest_degree,2,0.02,575,19641,17
Facebook Penn94,highest_degree,2,0.02,576,19659,15
Facebook Penn94,highest_degree,2,0.02,577,19639,18
Facebook Penn94,highest_degree,2,0.02,578,19575,17
Facebook Penn94,highest_degree,2,0.02,579,19754,17
Facebook Penn94,highest_degree,2,0.02,580,19383,15
Facebook Penn94,highest_degree,2,0.02,581,19631,18
Facebook Penn94,highest_degree,2,0.02,582,19506,17
Facebook Penn94,highest_degree,2,0.02,583,19428,15
Facebook Penn94,highest_degree,2,0.02,584,19561,17
Facebook Penn94,highest_degree,2,0.02,585,19627,19
Facebook Penn94,highest_degree,2,0.02,586,19484,16
Facebook Penn94,highest_degree,2,0.02,587,19578,16
Facebook Penn94,highest_degree,2,0.02,588,19599,17
Facebook Penn94,highest_degree,2,0.02,589,19533,16
Facebook Penn94,highest_degree,2,0.02,590,19765,15
Facebook Penn94,highest_degree,2,0.02,591,19485,17
Facebook Penn94,highest_degree,2,0.02,592,19522,16
Facebook Penn94,highest_degree,2,0.02,593,19565,18
Facebook Penn94,highest_degree,2,0.02,594,19584,22
Facebook Penn94,highest_degree,2,0.02,595,19283,16
Facebook Penn94,highest_degree,2,0.02,596,19636,17
Facebook Penn94,highest_degree,2,0.02,597,19628,16
Facebook Penn94,highest_degree,2,0.02,598,19661,14
Facebook Penn94,highest_degree,2,0.02,599,19680,15
Facebook Penn94,highest_degree,2,0.02,600,19482,19
Facebook Penn94,highest_degree,2,0.02,601,19631,16
Facebook Penn94,highest_degree,2,0.02,602,19628,19
Facebook Penn94,highest_degree,2,0.02,603,19365,16
Facebook Penn94,highest_degree,2,0.02,604,19552,16
Facebook Penn94,highest_degree,2,0.02,605,19313,16
Facebook Penn94,highest_degree,2,0.02,606,19482,16
Facebook Penn94,highest_degree,2,0.02,607,19458,15
Facebook Penn94,highest_degree,2,0.02,608,19619,15
Facebook Penn94,highest_degree,2,0.02,609,19439,16
Facebook Penn94,highest_degree,2,0.02,610,19610,15
Facebook Penn94,highest_degree,2,0.02,611,19544,15
Facebook Penn94,highest_degree,2,0.02,612,19538,14
Facebook Penn94,highest_degree,2,0.02,613,19618,16
Facebook Penn94,highest_degree,2,0.02,614,19624,19
Facebook Penn94,highest_degree,2,0.02,615,19591,14
Facebook Penn94,highest_degree,2,0.02,616,19319,15
Facebook Penn94,highest_degree,2,0.02,617,19688,17
Facebook Penn94,highest_degree,2,0.02,618,19724,19
Facebook Penn94,highest_degree,2,0.02,619,19497,15
Facebook Penn94,highest_degree,2,0.02,620,19594,19
Facebook Penn94,highest_degree,2,0.02,621,19108,17
Facebook Penn94,highest_degree,2,0.02,622,19309,16
Facebook Penn94,highest_degree,2,0.02,623,19923,15
Facebook Penn94,highest_degree,2,0.02,624,19540,16
Facebook Penn94,highest_degree,2,0.02,625,19669,16
Facebook Penn94,highest_degree,2,0.02,626,19652,19
Facebook Penn94,highest_degree,2,0.02,627,19483,15
Facebook Penn94,highest_degree,2,0.02,628,19514,16
Facebook Penn94,highest_degree,2,0.02,629,19584,15
Facebook Penn94,highest_degree,2,0.02,630,19477,15
Facebook Penn94,highest_degree,2,0.02,631,19573,17
Facebook Penn94,highest_degree,2,0.02,632,19522,16
Facebook Penn94,highest_degree,2,0.02,633,19420,16
Facebook Penn94,highest_degree,2,0.02,634,19277,16
Facebook Penn94,highest_degree,2,0.02,635,19407,15
Facebook Penn94,highest_degree,2,0.02,636,19574,16
Facebook Penn94,highest_degree,2,0.02,637,19662,16
Facebook Penn94,highest_degree,2,0.02,638,19586,15
Facebook Penn94,highest_degree,2,0.02,639,19555,16
Facebook Penn94,highest_degree,2,0.02,640,19818,15
Facebook Penn94,highest_degree,2,0.02,641,19583,16
Facebook Penn94,highest_degree,2,0.02,642,19395,16
Facebook Penn94,highest_degree,2,0.02,643,19399,13
Facebook Penn94,highest_degree,2,0.02,644,19369,15
Facebook Penn94,highest_degree,2,0.02,645,19610,20
Facebook Penn94,highest_degree,2,0.02,646,19581,16
Facebook Penn94,highest_degree,2,0.02,647,19637,17
Facebook Penn94,highest_degree,2,0.02,648,19648,15
Facebook Penn94,highest_degree,2,0.02,649,19609,17
Facebook Penn94,highest_degree,2,0.02,650,19717,19
Facebook Penn94,highest_degree,2,0.02,651,19501,16
Facebook Penn94,highest_degree,2,0.02,652,19369,16
Facebook Penn94,highest_degree,2,0.02,653,19541,17
Facebook Penn94,highest_degree,2,0.02,654,19553,17
Facebook Penn94,highest_degree,2,0.02,655,19435,17
Facebook Penn94,highest_degree,2,0.02,656,19692,16
Facebook Penn94,highest_degree,2,0.02,657,19460,18
Facebook Penn94,highest_degree,2,0.02,658,19615,16
Facebook Penn94,highest_degree,2,0.02,659,19490,17
Facebook Penn94,highest_degree,2,0.02,660,19549,17
Facebook Penn94,highest_degree,2,0.02,661,19828,15
Facebook Penn94,highest_degree,2,0.02,662,19789,17
Facebook Penn94,highest_degree,2,0.02,663,19268,15
Facebook Penn94,highest_degree,2,0.02,664,19332,16
Facebook Penn94,highest_degree,2,0.02,665,19627,15
Facebook Penn94,highest_degree,2,0.02,666,19767,15
Facebook Penn94,highest_degree,2,0.02,667,19324,20
Facebook Penn94,highest_degree,2,0.02,668,19685,14
Facebook Penn94,highest_degree,2,0.02,669,19590,15
Facebook Penn94,highest_degree,2,0.02,670,19394,16
Facebook Penn94,highest_degree,2,0.02,671,19584,16
Facebook Penn94,highest_degree,2,0.02,672,19515,15
Facebook Penn94,highest_degree,2,0.02,673,19240,15
Facebook Penn94,highest_degree,2,0.02,674,19316,15
Facebook Penn94,highest_degree,2,0.02,675,19659,16
Facebook Penn94,highest_degree,2,0.02,676,19408,16
Facebook Penn94,highest_degree,2,0.02,677,19322,15
Facebook Penn94,highest_degree,2,0.02,678,19665,16
Facebook Penn94,highest_degree,2,0.02,679,19741,18
Facebook Penn94,highest_degree,2,0.02,680,19523,15
Facebook Penn94,highest_degree,2,0.02,681,19656,15
Facebook Penn94,highest_degree,2,0.02,682,19489,16
Facebook Penn94,highest_degree,2,0.02,683,19433,16
Facebook Penn94,highest_degree,2,0.02,684,19467,19
Facebook Penn94,highest_degree,2,0.02,685,19519,15
Facebook Penn94,highest_degree,2,0.02,686,19459,17
Facebook Penn94,highest_degree,2,0.02,687,19703,16
Facebook Penn94,highest_degree,2,0.02,688,19417,20
Facebook Penn94,highest_degree,2,0.02,689,19714,18
Facebook Penn94,highest_degree,2,0.02,690,19261,15
Facebook Penn94,highest_degree,2,0.02,691,19418,17
Facebook Penn94,highest_degree,2,0.02,692,19658,19
Facebook Penn94,highest_degree,2,0.02,693,19527,18
Facebook Penn94,highest_degree,2,0.02,694,19361,15
Facebook Penn94,highest_degree,2,0.02,695,19296,18
Facebook Penn94,highest_degree,2,0.02,696,19356,17
Facebook Penn94,highest_degree,2,0.02,697,19446,16
Facebook Penn94,highest_degree,2,0.02,698,19654,19
Facebook Penn94,highest_degree,2,0.02,699,19515,18
Facebook Penn94,highest_degree,2,0.02,700,19572,17
Facebook Penn94,highest_degree,2,0.02,701,19411,15
Facebook Penn94,highest_degree,2,0.02,702,19594,14
Facebook Penn94,highest_degree,2,0.02,703,19540,15
Facebook Penn94,highest_degree,2,0.02,704,19196,17
Facebook Penn94,highest_degree,2,0.02,705,19492,17
Facebook Penn94,highest_degree,2,0.02,706,19504,14
Facebook Penn94,highest_degree,2,0.02,707,19708,16
Facebook Penn94,highest_degree,2,0.02,708,19542,18
Facebook Penn94,highest_degree,2,0.02,709,19455,17
Facebook Penn94,highest_degree,2,0.02,710,19660,15
Facebook Penn94,highest_degree,2,0.02,711,19743,15
Facebook Penn94,highest_degree,2,0.02,712,19453,15
Facebook Penn94,highest_degree,2,0.02,713,19400,18
Facebook Penn94,highest_degree,2,0.02,714,19534,18
Facebook Penn94,highest_degree,2,0.02,715,19564,18
Facebook Penn94,highest_degree,2,0.02,716,19408,15
Facebook Penn94,highest_degree,2,0.02,717,19526,16
Facebook Penn94,highest_degree,2,0.02,718,19538,18
Facebook Penn94,highest_degree,2,0.02,719,19212,17
Facebook Penn94,highest_degree,2,0.02,720,19877,16
Facebook Penn94,highest_degree,2,0.02,721,19413,16
Facebook Penn94,highest_degree,2,0.02,722,19541,15
Facebook Penn94,highest_degree,2,0.02,723,19511,15
Facebook Penn94,highest_degree,2,0.02,724,19416,20
Facebook Penn94,highest_degree,2,0.02,725,19558,18
Facebook Penn94,highest_degree,2,0.02,726,19491,15
Facebook Penn94,highest_degree,2,0.02,727,19491,15
Facebook Penn94,highest_degree,2,0.02,728,19433,16
Facebook Penn94,highest_degree,2,0.02,729,19618,16
Facebook Penn94,highest_degree,2,0.02,730,19542,17
Facebook Penn94,highest_degree,2,0.02,731,19524,15
Facebook Penn94,highest_degree,2,0.02,732,19775,17
Facebook Penn94,highest_degree,2,0.02,733,19373,16
Facebook Penn94,highest_degree,2,0.02,734,19488,15
Facebook Penn94,highest_degree,2,0.02,735,19401,15
Facebook Penn94,highest_degree,2,0.02,736,19339,16
Facebook Penn94,highest_degree,2,0.02,737,19490,20
Facebook Penn94,highest_degree,2,0.02,738,19372,14
Facebook Penn94,highest_degree,2,0.02,739,19652,16
Facebook Penn94,highest_degree,2,0.02,740,19713,17
Facebook Penn94,highest_degree,2,0.02,741,19140,18
Facebook Penn94,highest_degree,2,0.02,742,19795,16
Facebook Penn94,highest_degree,2,0.02,743,19616,15
Facebook Penn94,highest_degree,2,0.02,744,19450,17
Facebook Penn94,highest_degree,2,0.02,745,19582,16
Facebook Penn94,highest_degree,2,0.02,746,19452,16
Facebook Penn94,highest_degree,2,0.02,747,19532,15
Facebook Penn94,highest_degree,2,0.02,748,19538,16
Facebook Penn94,highest_degree,2,0.02,749,19651,17
Facebook Penn94,highest_degree,2,0.02,750,19726,16
Facebook Penn94,highest_degree,2,0.02,751,19338,20
Facebook Penn94,highest_degree,2,0.02,752,19593,15
Facebook Penn94,highest_degree,2,0.02,753,19445,15
Facebook Penn94,highest_degree,2,0.02,754,19669,17
Facebook Penn94,highest_degree,2,0.02,755,19402,16
Facebook Penn94,highest_degree,2,0.02,756,19485,15
Facebook Penn94,highest_degree,2,0.02,757,19391,15
Facebook Penn94,highest_degree,2,0.02,758,19837,15
Facebook Penn94,highest_degree,2,0.02,759,19475,14
Facebook Penn94,highest_degree,2,0.02,760,19548,16
Facebook Penn94,highest_degree,2,0.02,761,19630,15
Facebook Penn94,highest_degree,2,0.02,762,19400,15
Facebook Penn94,highest_degree,2,0.02,763,19470,17
Facebook Penn94,highest_degree,2,0.02,764,19339,18
Facebook Penn94,highest_degree,2,0.02,765,19545,14
Facebook Penn94,highest_degree,2,0.02,766,19602,18
Facebook Penn94,highest_degree,2,0.02,767,19550,17
Facebook Penn94,highest_degree,2,0.02,768,19556,17
Facebook Penn94,highest_degree,2,0.02,769,19714,18
Facebook Penn94,highest_degree,2,0.02,770,19731,18
Facebook Penn94,highest_degree,2,0.02,771,19612,19
Facebook Penn94,highest_degree,2,0.02,772,19561,16
Facebook Penn94,highest_degree,2,0.02,773,19604,18
Facebook Penn94,highest_degree,2,0.02,774,19358,15
Facebook Penn94,highest_degree,2,0.02,775,19604,20
Facebook Penn94,highest_degree,2,0.02,776,19837,17
Facebook Penn94,highest_degree,2,0.02,777,19537,15
Facebook Penn94,highest_degree,2,0.02,778,19365,15
Facebook Penn94,highest_degree,2,0.02,779,19589,15
Facebook Penn94,highest_degree,2,0.02,780,19929,16
Facebook Penn94,highest_degree,2,0.02,781,19557,16
Facebook Penn94,highest_degree,2,0.02,782,19499,16
Facebook Penn94,highest_degree,2,0.02,783,19402,15
Facebook Penn94,highest_degree,2,0.02,784,19479,19
Facebook Penn94,highest_degree,2,0.02,785,19633,15
Facebook Penn94,highest_degree,2,0.02,786,19488,17
Facebook Penn94,highest_degree,2,0.02,787,19775,17
Facebook Penn94,highest_degree,2,0.02,788,19582,17
Facebook Penn94,highest_degree,2,0.02,789,19388,16
Facebook Penn94,highest_degree,2,0.02,790,19538,20
Facebook Penn94,highest_degree,2,0.02,791,19450,16
Facebook Penn94,highest_degree,2,0.02,792,19650,17
Facebook Penn94,highest_degree,2,0.02,793,19615,16
Facebook Penn94,highest_degree,2,0.02,794,19563,16
Facebook Penn94,highest_degree,2,0.02,795,19441,15
Facebook Penn94,highest_degree,2,0.02,796,19565,15
Facebook Penn94,highest_degree,2,0.02,797,19393,15
Facebook Penn94,highest_degree,2,0.02,798,19471,19
Facebook Penn94,highest_degree,2,0.02,799,19753,18
Facebook Penn94,highest_degree,2,0.02,800,19542,18
Facebook Penn94,highest_degree,2,0.02,801,19582,19
Facebook Penn94,highest_degree,2,0.02,802,19438,14
Facebook Penn94,highest_degree,2,0.02,803,19511,17
Facebook Penn94,highest_degree,2,0.02,804,19309,16
Facebook Penn94,highest_degree,2,0.02,805,19486,17
Facebook Penn94,highest_degree,2,0.02,806,19654,16
Facebook Penn94,highest_degree,2,0.02,807,19633,17
Facebook Penn94,highest_degree,2,0.02,808,19484,17
Facebook Penn94,highest_degree,2,0.02,809,19275,14
Facebook Penn94,highest_degree,2,0.02,810,19437,18
Facebook Penn94,highest_degree,2,0.02,811,19260,18
Facebook Penn94,highest_degree,2,0.02,812,19559,17
Facebook Penn94,highest_degree,2,0.02,813,19582,16
Facebook Penn94,highest_degree,2,0.02,814,19587,19
Facebook Penn94,highest_degree,2,0.02,815,19517,15
Facebook Penn94,highest_degree,2,0.02,816,19576,16
Facebook Penn94,highest_degree,2,0.02,817,19548,17
Facebook Penn94,highest_degree,2,0.02,818,19587,17
Facebook Penn94,highest_degree,2,0.02,819,19511,17
Facebook Penn94,highest_degree,2,0.02,820,19567,16
Facebook Penn94,highest_degree,2,0.02,821,19501,18
Facebook Penn94,highest_degree,2,0.02,822,19227,15
Facebook Penn94,highest_degree,2,0.02,823,19310,14
Facebook Penn94,highest_degree,2,0.02,824,19526,16
Facebook Penn94,highest_degree,2,0.02,825,19262,14
Facebook Penn94,highest_degree,2,0.02,826,19778,15
Facebook Penn94,highest_degree,2,0.02,827,19554,16
Facebook Penn94,highest_degree,2,0.02,828,19743,16
Facebook Penn94,highest_degree,2,0.02,829,19501,17
Facebook Penn94,highest_degree,2,0.02,830,19562,17
Facebook Penn94,highest_degree,2,0.02,831,19399,17
Facebook Penn94,highest_degree,2,0.02,832,19570,16
Facebook Penn94,highest_degree,2,0.02,833,19561,16
Facebook Penn94,highest_degree,2,0.02,834,19525,18
Facebook Penn94,highest_degree,2,0.02,835,19343,16
Facebook Penn94,highest_degree,2,0.02,836,19686,17
Facebook Penn94,highest_degree,2,0.02,837,19622,15
Facebook Penn94,highest_degree,2,0.02,838,19331,16
Facebook Penn94,highest_degree,2,0.02,839,19381,17
Facebook Penn94,highest_degree,2,0.02,840,19476,15
Facebook Penn94,highest_degree,2,0.02,841,19525,15
Facebook Penn94,highest_degree,2,0.02,842,19618,17
Facebook Penn94,highest_degree,2,0.02,843,19475,15
Facebook Penn94,highest_degree,2,0.02,844,19358,17
Facebook Penn94,highest_degree,2,0.02,845,19409,16
Facebook Penn94,highest_degree,2,0.02,846,19537,15
Facebook Penn94,highest_degree,2,0.02,847,19593,16
Facebook Penn94,highest_degree,2,0.02,848,19449,19
Facebook Penn94,highest_degree,2,0.02,849,19467,17
Facebook Penn94,highest_degree,2,0.02,850,19678,17
Facebook Penn94,highest_degree,2,0.02,851,19407,14
Facebook Penn94,highest_degree,2,0.02,852,19674,19
Facebook Penn94,highest_degree,2,0.02,853,19417,19
Facebook Penn94,highest_degree,2,0.02,854,19759,17
Facebook Penn94,highest_degree,2,0.02,855,19353,14
Facebook Penn94,highest_degree,2,0.02,856,19329,18
Facebook Penn94,highest_degree,2,0.02,857,19434,16
Facebook Penn94,highest_degree,2,0.02,858,19614,15
Facebook Penn94,highest_degree,2,0.02,859,19625,18
Facebook Penn94,highest_degree,2,0.02,860,19553,15
Facebook Penn94,highest_degree,2,0.02,861,19645,15
Facebook Penn94,highest_degree,2,0.02,862,19570,16
Facebook Penn94,highest_degree,2,0.02,863,19677,20
Facebook Penn94,highest_degree,2,0.02,864,19535,18
Facebook Penn94,highest_degree,2,0.02,865,19774,18
Facebook Penn94,highest_degree,2,0.02,866,19474,20
Facebook Penn94,highest_degree,2,0.02,867,19274,16
Facebook Penn94,highest_degree,2,0.02,868,19612,20
Facebook Penn94,highest_degree,2,0.02,869,19612,17
Facebook Penn94,highest_degree,2,0.02,870,19731,17
Facebook Penn94,highest_degree,2,0.02,871,19398,21
Facebook Penn94,highest_degree,2,0.02,872,19452,16
Facebook Penn94,highest_degree,2,0.02,873,19299,18
Facebook Penn94,highest_degree,2,0.02,874,19514,18
Facebook Penn94,highest_degree,2,0.02,875,19864,16
Facebook Penn94,highest_degree,2,0.02,876,19802,16
Facebook Penn94,highest_degree,2,0.02,877,19612,17
Facebook Penn94,highest_degree,2,0.02,878,19518,17
Facebook Penn94,highest_degree,2,0.02,879,19500,16
Facebook Penn94,highest_degree,2,0.02,880,19309,17
Facebook Penn94,highest_degree,2,0.02,881,19550,17
Facebook Penn94,highest_degree,2,0.02,882,19612,16
Facebook Penn94,highest_degree,2,0.02,883,19633,19
Facebook Penn94,highest_degree,2,0.02,884,19486,17
Facebook Penn94,highest_degree,2,0.02,885,19493,15
Facebook Penn94,highest_degree,2,0.02,886,19626,18
Facebook Penn94,highest_degree,2,0.02,887,19309,16
Facebook Penn94,highest_degree,2,0.02,888,19642,23
Facebook Penn94,highest_degree,2,0.02,889,19417,20
Facebook Penn94,highest_degree,2,0.02,890,19768,15
Facebook Penn94,highest_degree,2,0.02,891,19654,16
Facebook Penn94,highest_degree,2,0.02,892,19818,17
Facebook Penn94,highest_degree,2,0.02,893,19558,16
Facebook Penn94,highest_degree,2,0.02,894,19335,18
Facebook Penn94,highest_degree,2,0.02,895,19731,15
Facebook Penn94,highest_degree,2,0.02,896,19433,19
Facebook Penn94,highest_degree,2,0.02,897,19645,15
Facebook Penn94,highest_degree,2,0.02,898,19442,15
Facebook Penn94,highest_degree,2,0.02,899,19471,19
Facebook Penn94,highest_degree,2,0.02,900,19348,17
Facebook Penn94,highest_degree,2,0.02,901,19576,18
Facebook Penn94,highest_degree,2,0.02,902,19623,15
Facebook Penn94,highest_degree,2,0.02,903,19757,17
Facebook Penn94,highest_degree,2,0.02,904,19527,16
Facebook Penn94,highest_degree,2,0.02,905,19429,16
Facebook Penn94,highest_degree,2,0.02,906,19429,19
Facebook Penn94,highest_degree,2,0.02,907,19647,18
Facebook Penn94,highest_degree,2,0.02,908,19501,16
Facebook Penn94,highest_degree,2,0.02,909,19669,16
Facebook Penn94,highest_degree,2,0.02,910,19845,16
Facebook Penn94,highest_degree,2,0.02,911,19522,18
Facebook Penn94,highest_degree,2,0.02,912,19371,18
Facebook Penn94,highest_degree,2,0.02,913,19594,18
Facebook Penn94,highest_degree,2,0.02,914,19438,16
Facebook Penn94,highest_degree,2,0.02,915,19483,16
Facebook Penn94,highest_degree,2,0.02,916,19418,14
Facebook Penn94,highest_degree,2,0.02,917,19351,16
Facebook Penn94,highest_degree,2,0.02,918,19473,16
Facebook Penn94,highest_degree,2,0.02,919,19382,17
Facebook Penn94,highest_degree,2,0.02,920,19619,16
Facebook Penn94,highest_degree,2,0.02,921,19703,16
Facebook Penn94,highest_degree,2,0.02,922,19548,17
Facebook Penn94,highest_degree,2,0.02,923,19327,16
Facebook Penn94,highest_degree,2,0.02,924,19565,15
Facebook Penn94,highest_degree,2,0.02,925,19674,17
Facebook Penn94,highest_degree,2,0.02,926,19417,15
Facebook Penn94,highest_degree,2,0.02,927,19262,17
Facebook Penn94,highest_degree,2,0.02,928,19590,14
Facebook Penn94,highest_degree,2,0.02,929,19428,19
Facebook Penn94,highest_degree,2,0.02,930,19312,15
Facebook Penn94,highest_degree,2,0.02,931,19688,17
Facebook Penn94,highest_degree,2,0.02,932,19718,15
Facebook Penn94,highest_degree,2,0.02,933,19561,18
Facebook Penn94,highest_degree,2,0.02,934,19585,17
Facebook Penn94,highest_degree,2,0.02,935,19388,17
Facebook Penn94,highest_degree,2,0.02,936,19450,16
Facebook Penn94,highest_degree,2,0.02,937,19444,15
Facebook Penn94,highest_degree,2,0.02,938,19483,15
Facebook Penn94,highest_degree,2,0.02,939,19600,18
Facebook Penn94,highest_degree,2,0.02,940,19464,15
Facebook Penn94,highest_degree,2,0.02,941,19720,14
Facebook Penn94,highest_degree,2,0.02,942,19667,17
Facebook Penn94,highest_degree,2,0.02,943,19627,16
Facebook Penn94,highest_degree,2,0.02,944,19386,16
Facebook Penn94,highest_degree,2,0.02,945,19506,16
Facebook Penn94,highest_degree,2,0.02,946,19359,15
Facebook Penn94,highest_degree,2,0.02,947,19585,16
Facebook Penn94,highest_degree,2,0.02,948,19639,15
Facebook Penn94,highest_degree,2,0.02,949,19443,16
Facebook Penn94,highest_degree,2,0.02,950,19522,17
Facebook Penn94,highest_degree,2,0.02,951,19650,15
Facebook Penn94,highest_degree,2,0.02,952,19776,14
Facebook Penn94,highest_degree,2,0.02,953,19728,19
Facebook Penn94,highest_degree,2,0.02,954,19668,15
Facebook Penn94,highest_degree,2,0.02,955,19633,16
Facebook Penn94,highest_degree,2,0.02,956,19544,17
Facebook Penn94,highest_degree,2,0.02,957,19784,17
Facebook Penn94,highest_degree,2,0.02,958,19740,16
Facebook Penn94,highest_degree,2,0.02,959,19548,16
Facebook Penn94,highest_degree,2,0.02,960,19424,16
Facebook Penn94,highest_degree,2,0.02,961,19564,19
Facebook Penn94,highest_degree,2,0.02,962,19492,16
Facebook Penn94,highest_degree,2,0.02,963,19440,16
Facebook Penn94,highest_degree,2,0.02,964,19279,16
Facebook Penn94,highest_degree,2,0.02,965,19755,17
Facebook Penn94,highest_degree,2,0.02,966,19563,16
Facebook Penn94,highest_degree,2,0.02,967,19508,20
Facebook Penn94,highest_degree,2,0.02,968,19775,16
Facebook Penn94,highest_degree,2,0.02,969,19475,19
Facebook Penn94,highest_degree,2,0.02,970,19471,18
Facebook Penn94,highest_degree,2,0.02,971,19587,15
Facebook Penn94,highest_degree,2,0.02,972,19596,14
Facebook Penn94,highest_degree,2,0.02,973,19416,19
Facebook Penn94,highest_degree,2,0.02,974,19558,18
Facebook Penn94,highest_degree,2,0.02,975,19550,15
Facebook Penn94,highest_degree,2,0.02,976,19372,16
Facebook Penn94,highest_degree,2,0.02,977,19529,16
Facebook Penn94,highest_degree,2,0.02,978,19352,17
Facebook Penn94,highest_degree,2,0.02,979,19327,15
Facebook Penn94,highest_degree,2,0.02,980,19495,15
Facebook Penn94,highest_degree,2,0.02,981,19717,16
Facebook Penn94,highest_degree,2,0.02,982,19575,17
Facebook Penn94,highest_degree,2,0.02,983,19490,17
Facebook Penn94,highest_degree,2,0.02,984,19517,16
Facebook Penn94,highest_degree,2,0.02,985,19660,17
Facebook Penn94,highest_degree,2,0.02,986,19410,15
Facebook Penn94,highest_degree,2,0.02,987,19592,15
Facebook Penn94,highest_degree,2,0.02,988,19363,15
Facebook Penn94,highest_degree,2,0.02,989,19722,20
Facebook Penn94,highest_degree,2,0.02,990,19823,19
Facebook Penn94,highest_degree,2,0.02,991,19501,17
Facebook Penn94,highest_degree,2,0.02,992,19490,17
Facebook Penn94,highest_degree,2,0.02,993,19765,15
Facebook Penn94,highest_degree,2,0.02,994,19496,16
Facebook Penn94,highest_degree,2,0.02,995,19380,17
Facebook Penn94,highest_degree,2,0.02,996,19540,15
Facebook Penn94,highest_degree,2,0.02,997,19401,22
Facebook Penn94,highest_degree,2,0.02,998,19729,16
Facebook Penn94,highest_degree,2,0.02,999,19452,16
Facebook Penn94,highest_degree,4,0.02,0,19527,15
Facebook Penn94,highest_degree,4,0.02,1,19474,18
Facebook Penn94,highest_degree,4,0.02,2,19275,15
Facebook Penn94,highest_degree,4,0.02,3,19747,16
Facebook Penn94,highest_degree,4,0.02,4,19454,17
Facebook Penn94,highest_degree,4,0.02,5,19524,16
Facebook Penn94,highest_degree,4,0.02,6,19517,16
Facebook Penn94,highest_degree,4,0.02,7,19570,15
Facebook Penn94,highest_degree,4,0.02,8,19482,14
Facebook Penn94,highest_degree,4,0.02,9,19626,14
Facebook Penn94,highest_degree,4,0.02,10,19551,16
Facebook Penn94,highest_degree,4,0.02,11,19675,16
Facebook Penn94,highest_degree,4,0.02,12,19550,15
Facebook Penn94,highest_degree,4,0.02,13,19623,17
Facebook Penn94,highest_degree,4,0.02,14,19713,16
Facebook Penn94,highest_degree,4,0.02,15,19630,17
Facebook Penn94,highest_degree,4,0.02,16,19681,17
Facebook Penn94,highest_degree,4,0.02,17,19543,16
Facebook Penn94,highest_degree,4,0.02,18,19625,14
Facebook Penn94,highest_degree,4,0.02,19,19477,16
Facebook Penn94,highest_degree,4,0.02,20,19760,16
Facebook Penn94,highest_degree,4,0.02,21,19692,14
Facebook Penn94,highest_degree,4,0.02,22,19749,17
Facebook Penn94,highest_degree,4,0.02,23,19598,15
Facebook Penn94,highest_degree,4,0.02,24,19514,15
Facebook Penn94,highest_degree,4,0.02,25,19478,15
Facebook Penn94,highest_degree,4,0.02,26,19341,16
Facebook Penn94,highest_degree,4,0.02,27,19429,14
Facebook Penn94,highest_degree,4,0.02,28,19515,14
Facebook Penn94,highest_degree,4,0.02,29,19707,17
Facebook Penn94,highest_degree,4,0.02,30,19640,15
Facebook Penn94,highest_degree,4,0.02,31,19582,16
Facebook Penn94,highest_degree,4,0.02,32,19749,16
Facebook Penn94,highest_degree,4,0.02,33,19703,17
Facebook Penn94,highest_degree,4,0.02,34,19549,15
Facebook Penn94,highest_degree,4,0.02,35,19397,16
Facebook Penn94,highest_degree,4,0.02,36,19586,16
Facebook Penn94,highest_degree,4,0.02,37,19496,14
Facebook Penn94,highest_degree,4,0.02,38,19473,17
Facebook Penn94,highest_degree,4,0.02,39,19606,15
Facebook Penn94,highest_degree,4,0.02,40,19635,17
Facebook Penn94,highest_degree,4,0.02,41,19520,14
Facebook Penn94,highest_degree,4,0.02,42,19759,18
Facebook Penn94,highest_degree,4,0.02,43,19492,15
Facebook Penn94,highest_degree,4,0.02,44,19429,14
Facebook Penn94,highest_degree,4,0.02,45,19433,14
Facebook Penn94,highest_degree,4,0.02,46,19479,16
Facebook Penn94,highest_degree,4,0.02,47,19566,19
Facebook Penn94,highest_degree,4,0.02,48,19806,16
Facebook Penn94,highest_degree,4,0.02,49,19638,16
Facebook Penn94,highest_degree,4,0.02,50,19249,15
Facebook Penn94,highest_degree,4,0.02,51,19962,16
Facebook Penn94,highest_degree,4,0.02,52,19682,16
Facebook Penn94,highest_degree,4,0.02,53,19613,16
Facebook Penn94,highest_degree,4,0.02,54,19513,14
Facebook Penn94,highest_degree,4,0.02,55,19603,16
Facebook Penn94,highest_degree,4,0.02,56,19515,18
Facebook Penn94,highest_degree,4,0.02,57,19404,15
Facebook Penn94,highest_degree,4,0.02,58,19362,17
Facebook Penn94,highest_degree,4,0.02,59,19621,16
Facebook Penn94,highest_degree,4,0.02,60,19532,17
Facebook Penn94,highest_degree,4,0.02,61,19435,16
Facebook Penn94,highest_degree,4,0.02,62,19608,15
Facebook Penn94,highest_degree,4,0.02,63,19466,15
Facebook Penn94,highest_degree,4,0.02,64,19439,14
Facebook Penn94,highest_degree,4,0.02,65,19458,16
Facebook Penn94,highest_degree,4,0.02,66,19312,16
Facebook Penn94,highest_degree,4,0.02,67,19617,19
Facebook Penn94,highest_degree,4,0.02,68,19587,15
Facebook Penn94,highest_degree,4,0.02,69,19605,16
Facebook Penn94,highest_degree,4,0.02,70,19298,17
Facebook Penn94,highest_degree,4,0.02,71,19583,19
Facebook Penn94,highest_degree,4,0.02,72,19552,17
Facebook Penn94,highest_degree,4,0.02,73,19647,15
Facebook Penn94,highest_degree,4,0.02,74,19621,18
Facebook Penn94,highest_degree,4,0.02,75,19531,15
Facebook Penn94,highest_degree,4,0.02,76,19665,18
Facebook Penn94,highest_degree,4,0.02,77,19703,20
Facebook Penn94,highest_degree,4,0.02,78,19446,15
Facebook Penn94,highest_degree,4,0.02,79,19634,16
Facebook Penn94,highest_degree,4,0.02,80,19436,15
Facebook Penn94,highest_degree,4,0.02,81,19448,15
Facebook Penn94,highest_degree,4,0.02,82,19854,15
Facebook Penn94,highest_degree,4,0.02,83,19472,17
Facebook Penn94,highest_degree,4,0.02,84,19534,16
Facebook Penn94,highest_degree,4,0.02,85,19322,17
Facebook Penn94,highest_degree,4,0.02,86,19334,15
Facebook Penn94,highest_degree,4,0.02,87,19860,14
Facebook Penn94,highest_degree,4,0.02,88,19524,15
Facebook Penn94,highest_degree,4,0.02,89,19314,15
Facebook Penn94,highest_degree,4,0.02,90,19669,15
Facebook Penn94,highest_degree,4,0.02,91,19440,16
Facebook Penn94,highest_degree,4,0.02,92,19608,14
Facebook Penn94,highest_degree,4,0.02,93,19551,14
Facebook Penn94,highest_degree,4,0.02,94,19425,16
Facebook Penn94,highest_degree,4,0.02,95,19553,17
Facebook Penn94,highest_degree,4,0.02,96,19570,14
Facebook Penn94,highest_degree,4,0.02,97,19489,15
Facebook Penn94,highest_degree,4,0.02,98,19386,15
Facebook Penn94,highest_degree,4,0.02,99,19364,14
Facebook Penn94,highest_degree,4,0.02,100,19361,18
Facebook Penn94,highest_degree,4,0.02,101,19517,16
Facebook Penn94,highest_degree,4,0.02,102,19508,14
Facebook Penn94,highest_degree,4,0.02,103,19445,17
Facebook Penn94,highest_degree,4,0.02,104,19589,17
Facebook Penn94,highest_degree,4,0.02,105,19431,18
Facebook Penn94,highest_degree,4,0.02,106,19501,18
Facebook Penn94,highest_degree,4,0.02,107,19743,15
Facebook Penn94,highest_degree,4,0.02,108,19619,16
Facebook Penn94,highest_degree,4,0.02,109,19460,17
Facebook Penn94,highest_degree,4,0.02,110,19359,16
Facebook Penn94,highest_degree,4,0.02,111,19603,14
Facebook Penn94,highest_degree,4,0.02,112,19620,15
Facebook Penn94,highest_degree,4,0.02,113,19440,17
Facebook Penn94,highest_degree,4,0.02,114,19488,21
Facebook Penn94,highest_degree,4,0.02,115,19665,15
Facebook Penn94,highest_degree,4,0.02,116,19390,15
Facebook Penn94,highest_degree,4,0.02,117,19630,14
Facebook Penn94,highest_degree,4,0.02,118,19643,16
Facebook Penn94,highest_degree,4,0.02,119,19617,14
Facebook Penn94,highest_degree,4,0.02,120,19420,15
Facebook Penn94,highest_degree,4,0.02,121,19458,16
Facebook Penn94,highest_degree,4,0.02,122,19730,17
Facebook Penn94,highest_degree,4,0.02,123,19414,17
Facebook Penn94,highest_degree,4,0.02,124,19482,18
Facebook Penn94,highest_degree,4,0.02,125,19414,16
Facebook Penn94,highest_degree,4,0.02,126,19336,17
Facebook Penn94,highest_degree,4,0.02,127,19256,20
Facebook Penn94,highest_degree,4,0.02,128,19329,14
Facebook Penn94,highest_degree,4,0.02,129,19349,18
Facebook Penn94,highest_degree,4,0.02,130,19656,19
Facebook Penn94,highest_degree,4,0.02,131,19503,16
Facebook Penn94,highest_degree,4,0.02,132,19470,16
Facebook Penn94,highest_degree,4,0.02,133,19417,16
Facebook Penn94,highest_degree,4,0.02,134,19488,15
Facebook Penn94,highest_degree,4,0.02,135,19522,15
Facebook Penn94,highest_degree,4,0.02,136,19718,17
Facebook Penn94,highest_degree,4,0.02,137,19586,14
Facebook Penn94,highest_degree,4,0.02,138,19562,15
Facebook Penn94,highest_degree,4,0.02,139,19355,16
Facebook Penn94,highest_degree,4,0.02,140,19524,18
Facebook Penn94,highest_degree,4,0.02,141,19447,16
Facebook Penn94,highest_degree,4,0.02,142,19400,15
Facebook Penn94,highest_degree,4,0.02,143,19413,15
Facebook Penn94,highest_degree,4,0.02,144,19630,17
Facebook Penn94,highest_degree,4,0.02,145,19413,18
Facebook Penn94,highest_degree,4,0.02,146,19583,15
Facebook Penn94,highest_degree,4,0.02,147,19655,14
Facebook Penn94,highest_degree,4,0.02,148,19568,15
Facebook Penn94,highest_degree,4,0.02,149,19504,16
Facebook Penn94,highest_degree,4,0.02,150,19380,17
Facebook Penn94,highest_degree,4,0.02,151,19555,15
Facebook Penn94,highest_degree,4,0.02,152,19551,14
Facebook Penn94,highest_degree,4,0.02,153,19483,15
Facebook Penn94,highest_degree,4,0.02,154,19416,16
Facebook Penn94,highest_degree,4,0.02,155,19668,16
Facebook Penn94,highest_degree,4,0.02,156,19650,15
Facebook Penn94,highest_degree,4,0.02,157,19437,15
Facebook Penn94,highest_degree,4,0.02,158,19386,16
Facebook Penn94,highest_degree,4,0.02,159,19644,17
Facebook Penn94,highest_degree,4,0.02,160,19686,15
Facebook Penn94,highest_degree,4,0.02,161,19371,19
Facebook Penn94,highest_degree,4,0.02,162,19385,16
Facebook Penn94,highest_degree,4,0.02,163,19449,16
Facebook Penn94,highest_degree,4,0.02,164,19554,16
Facebook Penn94,highest_degree,4,0.02,165,19406,15
Facebook Penn94,highest_degree,4,0.02,166,19726,16
Facebook Penn94,highest_degree,4,0.02,167,19551,16
Facebook Penn94,highest_degree,4,0.02,168,19403,15
Facebook Penn94,highest_degree,4,0.02,169,19575,15
Facebook Penn94,highest_degree,4,0.02,170,19721,15
Facebook Penn94,highest_degree,4,0.02,171,19620,15
Facebook Penn94,highest_degree,4,0.02,172,19596,15
Facebook Penn94,highest_degree,4,0.02,173,19540,14
Facebook Penn94,highest_degree,4,0.02,174,19504,15
Facebook Penn94,highest_degree,4,0.02,175,19565,15
Facebook Penn94,highest_degree,4,0.02,176,19725,19
Facebook Penn94,highest_degree,4,0.02,177,19704,14
Facebook Penn94,highest_degree,4,0.02,178,19517,15
Facebook Penn94,highest_degree,4,0.02,179,19573,17
Facebook Penn94,highest_degree,4,0.02,180,19458,15
Facebook Penn94,highest_degree,4,0.02,181,19387,17
Facebook Penn94,highest_degree,4,0.02,182,19477,14
Facebook Penn94,highest_degree,4,0.02,183,19640,16
Facebook Penn94,highest_degree,4,0.02,184,19692,16
Facebook Penn94,highest_degree,4,0.02,185,19513,19
Facebook Penn94,highest_degree,4,0.02,186,19517,15
Facebook Penn94,highest_degree,4,0.02,187,19688,20
Facebook Penn94,highest_degree,4,0.02,188,19599,15
Facebook Penn94,highest_degree,4,0.02,189,19463,15
Facebook Penn94,highest_degree,4,0.02,190,19480,16
Facebook Penn94,highest_degree,4,0.02,191,19403,15
Facebook Penn94,highest_degree,4,0.02,192,19559,17
Facebook Penn94,highest_degree,4,0.02,193,19696,19
Facebook Penn94,highest_degree,4,0.02,194,19448,16
Facebook Penn94,highest_degree,4,0.02,195,19424,16
Facebook Penn94,highest_degree,4,0.02,196,19521,15
Facebook Penn94,highest_degree,4,0.02,197,19662,16
Facebook Penn94,highest_degree,4,0.02,198,19631,15
Facebook Penn94,highest_degree,4,0.02,199,19586,14
Facebook Penn94,highest_degree,4,0.02,200,19506,15
Facebook Penn94,highest_degree,4,0.02,201,19482,15
Facebook Penn94,highest_degree,4,0.02,202,19495,15
Facebook Penn94,highest_degree,4,0.02,203,19647,18
Facebook Penn94,highest_degree,4,0.02,204,19412,19
Facebook Penn94,highest_degree,4,0.02,205,19522,17
Facebook Penn94,highest_degree,4,0.02,206,19506,21
Facebook Penn94,highest_degree,4,0.02,207,19634,16
Facebook Penn94,highest_degree,4,0.02,208,19471,15
Facebook Penn94,highest_degree,4,0.02,209,19573,16
Facebook Penn94,highest_degree,4,0.02,210,19385,15
Facebook Penn94,highest_degree,4,0.02,211,19401,17
Facebook Penn94,highest_degree,4,0.02,212,19499,16
Facebook Penn94,highest_degree,4,0.02,213,19495,16
Facebook Penn94,highest_degree,4,0.02,214,19602,15
Facebook Penn94,highest_degree,4,0.02,215,19534,19
Facebook Penn94,highest_degree,4,0.02,216,19557,18
Facebook Penn94,highest_degree,4,0.02,217,19438,16
Facebook Penn94,highest_degree,4,0.02,218,19682,18
Facebook Penn94,highest_degree,4,0.02,219,19524,15
Facebook Penn94,highest_degree,4,0.02,220,19499,17
Facebook Penn94,highest_degree,4,0.02,221,19381,19
Facebook Penn94,highest_degree,4,0.02,222,19783,15
Facebook Penn94,highest_degree,4,0.02,223,19360,14
Facebook Penn94,highest_degree,4,0.02,224,19443,16
Facebook Penn94,highest_degree,4,0.02,225,19457,15
Facebook Penn94,highest_degree,4,0.02,226,19524,15
Facebook Penn94,highest_degree,4,0.02,227,19364,15
Facebook Penn94,highest_degree,4,0.02,228,19543,15
Facebook Penn94,highest_degree,4,0.02,229,19469,15
Facebook Penn94,highest_degree,4,0.02,230,19718,14
Facebook Penn94,highest_degree,4,0.02,231,19532,14
Facebook Penn94,highest_degree,4,0.02,232,19644,15
Facebook Penn94,highest_degree,4,0.02,233,19476,16
Facebook Penn94,highest_degree,4,0.02,234,19703,16
Facebook Penn94,highest_degree,4,0.02,235,19498,16
Facebook Penn94,highest_degree,4,0.02,236,19603,15
Facebook Penn94,highest_degree,4,0.02,237,19512,19
Facebook Penn94,highest_degree,4,0.02,238,19437,16
Facebook Penn94,highest_degree,4,0.02,239,19639,17
Facebook Penn94,highest_degree,4,0.02,240,19457,17
Facebook Penn94,highest_degree,4,0.02,241,19585,18
Facebook Penn94,highest_degree,4,0.02,242,19608,17
Facebook Penn94,highest_degree,4,0.02,243,19287,18
Facebook Penn94,highest_degree,4,0.02,244,19456,17
Facebook Penn94,highest_degree,4,0.02,245,19443,16
Facebook Penn94,highest_degree,4,0.02,246,19397,15
Facebook Penn94,highest_degree,4,0.02,247,19475,15
Facebook Penn94,highest_degree,4,0.02,248,19487,15
Facebook Penn94,highest_degree,4,0.02,249,19444,14
Facebook Penn94,highest_degree,4,0.02,250,19652,17
Facebook Penn94,highest_degree,4,0.02,251,19162,16
Facebook Penn94,highest_degree,4,0.02,252,19146,16
Facebook Penn94,highest_degree,4,0.02,253,19527,15
Facebook Penn94,highest_degree,4,0.02,254,19161,17
Facebook Penn94,highest_degree,4,0.02,255,19697,14
Facebook Penn94,highest_degree,4,0.02,256,19680,15
Facebook Penn94,highest_degree,4,0.02,257,19704,15
Facebook Penn94,highest_degree,4,0.02,258,19632,15
Facebook Penn94,highest_degree,4,0.02,259,19696,15
Facebook Penn94,highest_degree,4,0.02,260,19526,17
Facebook Penn94,highest_degree,4,0.02,261,19709,14
Facebook Penn94,highest_degree,4,0.02,262,19668,16
Facebook Penn94,highest_degree,4,0.02,263,19668,15
Facebook Penn94,highest_degree,4,0.02,264,19544,14
Facebook Penn94,highest_degree,4,0.02,265,19484,15
Facebook Penn94,highest_degree,4,0.02,266,19117,15
Facebook Penn94,highest_degree,4,0.02,267,19507,14
Facebook Penn94,highest_degree,4,0.02,268,19463,15
Facebook Penn94,highest_degree,4,0.02,269,19604,16
Facebook Penn94,highest_degree,4,0.02,270,19610,18
Facebook Penn94,highest_degree,4,0.02,271,19643,15
Facebook Penn94,highest_degree,4,0.02,272,19244,16
Facebook Penn94,highest_degree,4,0.02,273,19324,16
Facebook Penn94,highest_degree,4,0.02,274,19560,14
Facebook Penn94,highest_degree,4,0.02,275,19692,14
Facebook Penn94,highest_degree,4,0.02,276,19764,15
Facebook Penn94,highest_degree,4,0.02,277,19446,15
Facebook Penn94,highest_degree,4,0.02,278,19651,15
Facebook Penn94,highest_degree,4,0.02,279,19885,17
Facebook Penn94,highest_degree,4,0.02,280,19382,17
Facebook Penn94,highest_degree,4,0.02,281,19222,15
Facebook Penn94,highest_degree,4,0.02,282,19570,16
Facebook Penn94,highest_degree,4,0.02,283,19445,15
Facebook Penn94,highest_degree,4,0.02,284,19215,16
Facebook Penn94,highest_degree,4,0.02,285,19295,16
Facebook Penn94,highest_degree,4,0.02,286,19593,15
Facebook Penn94,highest_degree,4,0.02,287,19526,17
Facebook Penn94,highest_degree,4,0.02,288,19391,15
Facebook Penn94,highest_degree,4,0.02,289,19567,16
Facebook Penn94,highest_degree,4,0.02,290,19811,15
Facebook Penn94,highest_degree,4,0.02,291,19619,15
Facebook Penn94,highest_degree,4,0.02,292,19722,16
Facebook Penn94,highest_degree,4,0.02,293,19574,17
Facebook Penn94,highest_degree,4,0.02,294,19603,15
Facebook Penn94,highest_degree,4,0.02,295,19686,20
Facebook Penn94,highest_degree,4,0.02,296,19493,14
Facebook Penn94,highest_degree,4,0.02,297,19663,16
Facebook Penn94,highest_degree,4,0.02,298,19476,19
Facebook Penn94,highest_degree,4,0.02,299,19788,15
Facebook Penn94,highest_degree,4,0.02,300,19596,17
Facebook Penn94,highest_degree,4,0.02,301,19362,16
Facebook Penn94,highest_degree,4,0.02,302,19575,14
Facebook Penn94,highest_degree,4,0.02,303,19435,16
Facebook Penn94,highest_degree,4,0.02,304,19751,16
Facebook Penn94,highest_degree,4,0.02,305,19746,15
Facebook Penn94,highest_degree,4,0.02,306,19505,17
Facebook Penn94,highest_degree,4,0.02,307,19572,18
Facebook Penn94,highest_degree,4,0.02,308,19453,15
Facebook Penn94,highest_degree,4,0.02,309,19322,14
Facebook Penn94,highest_degree,4,0.02,310,19411,16
Facebook Penn94,highest_degree,4,0.02,311,19600,14
Facebook Penn94,highest_degree,4,0.02,312,19396,16
Facebook Penn94,highest_degree,4,0.02,313,19804,17
Facebook Penn94,highest_degree,4,0.02,314,19527,17
Facebook Penn94,highest_degree,4,0.02,315,19627,14
Facebook Penn94,highest_degree,4,0.02,316,19567,17
Facebook Penn94,highest_degree,4,0.02,317,19748,15
Facebook Penn94,highest_degree,4,0.02,318,19488,16
Facebook Penn94,highest_degree,4,0.02,319,19707,16
Facebook Penn94,highest_degree,4,0.02,320,19719,17
Facebook Penn94,highest_degree,4,0.02,321,19476,18
Facebook Penn94,highest_degree,4,0.02,322,19342,15
Facebook Penn94,highest_degree,4,0.02,323,19377,15
Facebook Penn94,highest_degree,4,0.02,324,19467,15
Facebook Penn94,highest_degree,4,0.02,325,19520,15
Facebook Penn94,highest_degree,4,0.02,326,19603,16
Facebook Penn94,highest_degree,4,0.02,327,19536,15
Facebook Penn94,highest_degree,4,0.02,328,19525,17
Facebook Penn94,highest_degree,4,0.02,329,19586,20
Facebook Penn94,highest_degree,4,0.02,330,19552,15
Facebook Penn94,highest_degree,4,0.02,331,19642,17
Facebook Penn94,highest_degree,4,0.02,332,19335,14
Facebook Penn94,highest_degree,4,0.02,333,19656,17
Facebook Penn94,highest_degree,4,0.02,334,19288,17
Facebook Penn94,highest_degree,4,0.02,335,19611,18
Facebook Penn94,highest_degree,4,0.02,336,19530,14
Facebook Penn94,highest_degree,4,0.02,337,19349,18
Facebook Penn94,highest_degree,4,0.02,338,19495,16
Facebook Penn94,highest_degree,4,0.02,339,19637,16
Facebook Penn94,highest_degree,4,0.02,340,19495,16
Facebook Penn94,highest_degree,4,0.02,341,19596,16
Facebook Penn94,highest_degree,4,0.02,342,19427,17
Facebook Penn94,highest_degree,4,0.02,343,19380,15
Facebook Penn94,highest_degree,4,0.02,344,19574,15
Facebook Penn94,highest_degree,4,0.02,345,19578,16
Facebook Penn94,highest_degree,4,0.02,346,19506,16
Facebook Penn94,highest_degree,4,0.02,347,19759,16
Facebook Penn94,highest_degree,4,0.02,348,19440,15
Facebook Penn94,highest_degree,4,0.02,349,19409,15
Facebook Penn94,highest_degree,4,0.02,350,19603,19
Facebook Penn94,highest_degree,4,0.02,351,19591,15
Facebook Penn94,highest_degree,4,0.02,352,19519,19
Facebook Penn94,highest_degree,4,0.02,353,19386,21
Facebook Penn94,highest_degree,4,0.02,354,19409,17
Facebook Penn94,highest_degree,4,0.02,355,19667,16
Facebook Penn94,highest_degree,4,0.02,356,19444,15
Facebook Penn94,highest_degree,4,0.02,357,19563,19
Facebook Penn94,highest_degree,4,0.02,358,19548,15
Facebook Penn94,highest_degree,4,0.02,359,19504,17
Facebook Penn94,highest_degree,4,0.02,360,19517,16
Facebook Penn94,highest_degree,4,0.02,361,19644,14
Facebook Penn94,highest_degree,4,0.02,362,19685,17
Facebook Penn94,highest_degree,4,0.02,363,19466,16
Facebook Penn94,highest_degree,4,0.02,364,19325,15
Facebook Penn94,highest_degree,4,0.02,365,19604,18
Facebook Penn94,highest_degree,4,0.02,366,19666,16
Facebook Penn94,highest_degree,4,0.02,367,19632,16
Facebook Penn94,highest_degree,4,0.02,368,19675,15
Facebook Penn94,highest_degree,4,0.02,369,19490,18
Facebook Penn94,highest_degree,4,0.02,370,19421,20
Facebook Penn94,highest_degree,4,0.02,371,19449,17
Facebook Penn94,highest_degree,4,0.02,372,19484,16
Facebook Penn94,highest_degree,4,0.02,373,19432,15
Facebook Penn94,highest_degree,4,0.02,374,19522,17
Facebook Penn94,highest_degree,4,0.02,375,19205,14
Facebook Penn94,highest_degree,4,0.02,376,19444,19
Facebook Penn94,highest_degree,4,0.02,377,19550,20
Facebook Penn94,highest_degree,4,0.02,378,19336,14
Facebook Penn94,highest_degree,4,0.02,379,19605,16
Facebook Penn94,highest_degree,4,0.02,380,19482,16
Facebook Penn94,highest_degree,4,0.02,381,19561,15
Facebook Penn94,highest_degree,4,0.02,382,19454,16
Facebook Penn94,highest_degree,4,0.02,383,19472,15
Facebook Penn94,highest_degree,4,0.02,384,19714,17
Facebook Penn94,highest_degree,4,0.02,385,19881,18
Facebook Penn94,highest_degree,4,0.02,386,19470,17
Facebook Penn94,highest_degree,4,0.02,387,19607,16
Facebook Penn94,highest_degree,4,0.02,388,19343,17
Facebook Penn94,highest_degree,4,0.02,389,19645,17
Facebook Penn94,highest_degree,4,0.02,390,19590,15
Facebook Penn94,highest_degree,4,0.02,391,19546,19
Facebook Penn94,highest_degree,4,0.02,392,19536,15
Facebook Penn94,highest_degree,4,0.02,393,19566,17
Facebook Penn94,highest_degree,4,0.02,394,19667,17
Facebook Penn94,highest_degree,4,0.02,395,19674,15
Facebook Penn94,highest_degree,4,0.02,396,19669,15
Facebook Penn94,highest_degree,4,0.02,397,19435,14
Facebook Penn94,highest_degree,4,0.02,398,19297,15
Facebook Penn94,highest_degree,4,0.02,399,19686,21
Facebook Penn94,highest_degree,4,0.02,400,19472,14
Facebook Penn94,highest_degree,4,0.02,401,19612,15
Facebook Penn94,highest_degree,4,0.02,402,19357,17
Facebook Penn94,highest_degree,4,0.02,403,19358,15
Facebook Penn94,highest_degree,4,0.02,404,19567,14
Facebook Penn94,highest_degree,4,0.02,405,19537,15
Facebook Penn94,highest_degree,4,0.02,406,19266,16
Facebook Penn94,highest_degree,4,0.02,407,19899,20
Facebook Penn94,highest_degree,4,0.02,408,19512,16
Facebook Penn94,highest_degree,4,0.02,409,19313,15
Facebook Penn94,highest_degree,4,0.02,410,19221,16
Facebook Penn94,highest_degree,4,0.02,411,19575,15
Facebook Penn94,highest_degree,4,0.02,412,19471,16
Facebook Penn94,highest_degree,4,0.02,413,19436,15
Facebook Penn94,highest_degree,4,0.02,414,19577,16
Facebook Penn94,highest_degree,4,0.02,415,19379,18
Facebook Penn94,highest_degree,4,0.02,416,19611,16
Facebook Penn94,highest_degree,4,0.02,417,19721,15
Facebook Penn94,highest_degree,4,0.02,418,19555,25
Facebook Penn94,highest_degree,4,0.02,419,19444,16
Facebook Penn94,highest_degree,4,0.02,420,19425,16
Facebook Penn94,highest_degree,4,0.02,421,19443,15
Facebook Penn94,highest_degree,4,0.02,422,19485,17
Facebook Penn94,highest_degree,4,0.02,423,19764,16
Facebook Penn94,highest_degree,4,0.02,424,19448,16
Facebook Penn94,highest_degree,4,0.02,425,19572,19
Facebook Penn94,highest_degree,4,0.02,426,19692,16
Facebook Penn94,highest_degree,4,0.02,427,19667,16
Facebook Penn94,highest_degree,4,0.02,428,19455,18
Facebook Penn94,highest_degree,4,0.02,429,19733,18
Facebook Penn94,highest_degree,4,0.02,430,19575,15
Facebook Penn94,highest_degree,4,0.02,431,19514,15
Facebook Penn94,highest_degree,4,0.02,432,19572,15
Facebook Penn94,highest_degree,4,0.02,433,19374,15
Facebook Penn94,highest_degree,4,0.02,434,19473,15
Facebook Penn94,highest_degree,4,0.02,435,19477,13
Facebook Penn94,highest_degree,4,0.02,436,19525,20
Facebook Penn94,highest_degree,4,0.02,437,19389,16
Facebook Penn94,highest_degree,4,0.02,438,19754,14
Facebook Penn94,highest_degree,4,0.02,439,19229,18
Facebook Penn94,highest_degree,4,0.02,440,19678,17
Facebook Penn94,highest_degree,4,0.02,441,19726,14
Facebook Penn94,highest_degree,4,0.02,442,19614,14
Facebook Penn94,highest_degree,4,0.02,443,19311,18
Facebook Penn94,highest_degree,4,0.02,444,19637,15
Facebook Penn94,highest_degree,4,0.02,445,19593,16
Facebook Penn94,highest_degree,4,0.02,446,19844,16
Facebook Penn94,highest_degree,4,0.02,447,19576,15
Facebook Penn94,highest_degree,4,0.02,448,19483,15
Facebook Penn94,highest_degree,4,0.02,449,19417,16
Facebook Penn94,highest_degree,4,0.02,450,19724,20
Facebook Penn94,highest_degree,4,0.02,451,19333,15
Facebook Penn94,highest_degree,4,0.02,452,19486,17
Facebook Penn94,highest_degree,4,0.02,453,19469,16
Facebook Penn94,highest_degree,4,0.02,454,19521,15
Facebook Penn94,highest_degree,4,0.02,455,19494,15
Facebook Penn94,highest_degree,4,0.02,456,19364,15
Facebook Penn94,highest_degree,4,0.02,457,19542,15
Facebook Penn94,highest_degree,4,0.02,458,19567,16
Facebook Penn94,highest_degree,4,0.02,459,19648,21
Facebook Penn94,highest_degree,4,0.02,460,19637,15
Facebook Penn94,highest_degree,4,0.02,461,19328,16
Facebook Penn94,highest_degree,4,0.02,462,19575,16
Facebook Penn94,highest_degree,4,0.02,463,19341,16
Facebook Penn94,highest_degree,4,0.02,464,19650,15
Facebook Penn94,highest_degree,4,0.02,465,19511,16
Facebook Penn94,highest_degree,4,0.02,466,19610,18
Facebook Penn94,highest_degree,4,0.02,467,19641,15
Facebook Penn94,highest_degree,4,0.02,468,19757,19
Facebook Penn94,highest_degree,4,0.02,469,19656,15
Facebook Penn94,highest_degree,4,0.02,470,19555,13
Facebook Penn94,highest_degree,4,0.02,471,19598,15
Facebook Penn94,highest_degree,4,0.02,472,19642,16
Facebook Penn94,highest_degree,4,0.02,473,19545,17
Facebook Penn94,highest_degree,4,0.02,474,19330,15
Facebook Penn94,highest_degree,4,0.02,475,19622,16
Facebook Penn94,highest_degree,4,0.02,476,19529,16
Facebook Penn94,highest_degree,4,0.02,477,19539,15
Facebook Penn94,highest_degree,4,0.02,478,19427,17
Facebook Penn94,highest_degree,4,0.02,479,19332,15
Facebook Penn94,highest_degree,4,0.02,480,19454,14
Facebook Penn94,highest_degree,4,0.02,481,19750,15
Facebook Penn94,highest_degree,4,0.02,482,19812,15
Facebook Penn94,highest_degree,4,0.02,483,19880,17
Facebook Penn94,highest_degree,4,0.02,484,19403,15
Facebook Penn94,highest_degree,4,0.02,485,19601,20
Facebook Penn94,highest_degree,4,0.02,486,19496,15
Facebook Penn94,highest_degree,4,0.02,487,19499,16
Facebook Penn94,highest_degree,4,0.02,488,19682,16
Facebook Penn94,highest_degree,4,0.02,489,19642,15
Facebook Penn94,highest_degree,4,0.02,490,19577,15
Facebook Penn94,highest_degree,4,0.02,491,19580,17
Facebook Penn94,highest_degree,4,0.02,492,19443,15
Facebook Penn94,highest_degree,4,0.02,493,19480,18
Facebook Penn94,highest_degree,4,0.02,494,19478,16
Facebook Penn94,highest_degree,4,0.02,495,19420,15
Facebook Penn94,highest_degree,4,0.02,496,19267,18
Facebook Penn94,highest_degree,4,0.02,497,19507,17
Facebook Penn94,highest_degree,4,0.02,498,19409,15
Facebook Penn94,highest_degree,4,0.02,499,19748,16
Facebook Penn94,highest_degree,4,0.02,500,19575,17
Facebook Penn94,highest_degree,4,0.02,501,19472,15
Facebook Penn94,highest_degree,4,0.02,502,19394,15
Facebook Penn94,highest_degree,4,0.02,503,19674,18
Facebook Penn94,highest_degree,4,0.02,504,19548,19
Facebook Penn94,highest_degree,4,0.02,505,19608,16
Facebook Penn94,highest_degree,4,0.02,506,19697,15
Facebook Penn94,highest_degree,4,0.02,507,19371,14
Facebook Penn94,highest_degree,4,0.02,508,19411,14
Facebook Penn94,highest_degree,4,0.02,509,19533,15
Facebook Penn94,highest_degree,4,0.02,510,19573,14
Facebook Penn94,highest_degree,4,0.02,511,19310,15
Facebook Penn94,highest_degree,4,0.02,512,19254,17
Facebook Penn94,highest_degree,4,0.02,513,19716,15
Facebook Penn94,highest_degree,4,0.02,514,19844,14
Facebook Penn94,highest_degree,4,0.02,515,19270,15
Facebook Penn94,highest_degree,4,0.02,516,19560,15
Facebook Penn94,highest_degree,4,0.02,517,19502,14
Facebook Penn94,highest_degree,4,0.02,518,19476,15
Facebook Penn94,highest_degree,4,0.02,519,19636,17
Facebook Penn94,highest_degree,4,0.02,520,19654,19
Facebook Penn94,highest_degree,4,0.02,521,19714,16
Facebook Penn94,highest_degree,4,0.02,522,19424,16
Facebook Penn94,highest_degree,4,0.02,523,19346,15
Facebook Penn94,highest_degree,4,0.02,524,19774,15
Facebook Penn94,highest_degree,4,0.02,525,19578,17
Facebook Penn94,highest_degree,4,0.02,526,19377,15
Facebook Penn94,highest_degree,4,0.02,527,19575,18
Facebook Penn94,highest_degree,4,0.02,528,19428,17
Facebook Penn94,highest_degree,4,0.02,529,19593,16
Facebook Penn94,highest_degree,4,0.02,530,19537,16
Facebook Penn94,highest_degree,4,0.02,531,19463,16
Facebook Penn94,highest_degree,4,0.02,532,19555,14
Facebook Penn94,highest_degree,4,0.02,533,19290,16
Facebook Penn94,highest_degree,4,0.02,534,19525,18
Facebook Penn94,highest_degree,4,0.02,535,19557,16
Facebook Penn94,highest_degree,4,0.02,536,19095,15
Facebook Penn94,highest_degree,4,0.02,537,19354,16
Facebook Penn94,highest_degree,4,0.02,538,19759,16
Facebook Penn94,highest_degree,4,0.02,539,19621,16
Facebook Penn94,highest_degree,4,0.02,540,19517,17
Facebook Penn94,highest_degree,4,0.02,541,19589,15
Facebook Penn94,highest_degree,4,0.02,542,19556,14
Facebook Penn94,highest_degree,4,0.02,543,19487,16
Facebook Penn94,highest_degree,4,0.02,544,19350,15
Facebook Penn94,highest_degree,4,0.02,545,19538,16
Facebook Penn94,highest_degree,4,0.02,546,19630,14
Facebook Penn94,highest_degree,4,0.02,547,19452,16
Facebook Penn94,highest_degree,4,0.02,548,19568,16
Facebook Penn94,highest_degree,4,0.02,549,19588,14
Facebook Penn94,highest_degree,4,0.02,550,19475,15
Facebook Penn94,highest_degree,4,0.02,551,19542,16
Facebook Penn94,highest_degree,4,0.02,552,19218,15
Facebook Penn94,highest_degree,4,0.02,553,19600,14
Facebook Penn94,highest_degree,4,0.02,554,19459,15
Facebook Penn94,highest_degree,4,0.02,555,19357,17
Facebook Penn94,highest_degree,4,0.02,556,19493,15
Facebook Penn94,highest_degree,4,0.02,557,19520,16
Facebook Penn94,highest_degree,4,0.02,558,19425,14
Facebook Penn94,highest_degree,4,0.02,559,19987,15
Facebook Penn94,highest_degree,4,0.02,560,19391,14
Facebook Penn94,highest_degree,4,0.02,561,19562,14
Facebook Penn94,highest_degree,4,0.02,562,19508,15
Facebook Penn94,highest_degree,4,0.02,563,19435,17
Facebook Penn94,highest_degree,4,0.02,564,19671,18
Facebook Penn94,highest_degree,4,0.02,565,19388,17
Facebook Penn94,highest_degree,4,0.02,566,19499,17
Facebook Penn94,highest_degree,4,0.02,567,19591,15
Facebook Penn94,highest_degree,4,0.02,568,19694,17
Facebook Penn94,highest_degree,4,0.02,569,19703,17
Facebook Penn94,highest_degree,4,0.02,570,19644,14
Facebook Penn94,highest_degree,4,0.02,571,19405,14
Facebook Penn94,highest_degree,4,0.02,572,19578,15
Facebook Penn94,highest_degree,4,0.02,573,19525,16
Facebook Penn94,highest_degree,4,0.02,574,19518,17
Facebook Penn94,highest_degree,4,0.02,575,19659,16
Facebook Penn94,highest_degree,4,0.02,576,19623,15
Facebook Penn94,highest_degree,4,0.02,577,19674,17
Facebook Penn94,highest_degree,4,0.02,578,19583,17
Facebook Penn94,highest_degree,4,0.02,579,19810,16
Facebook Penn94,highest_degree,4,0.02,580,19507,14
Facebook Penn94,highest_degree,4,0.02,581,19431,18
Facebook Penn94,highest_degree,4,0.02,582,19394,17
Facebook Penn94,highest_degree,4,0.02,583,19473,17
Facebook Penn94,highest_degree,4,0.02,584,19531,16
Facebook Penn94,highest_degree,4,0.02,585,19842,16
Facebook Penn94,highest_degree,4,0.02,586,19573,16
Facebook Penn94,highest_degree,4,0.02,587,19688,16
Facebook Penn94,highest_degree,4,0.02,588,19557,16
Facebook Penn94,highest_degree,4,0.02,589,19614,20
Facebook Penn94,highest_degree,4,0.02,590,19925,14
Facebook Penn94,highest_degree,4,0.02,591,19461,15
Facebook Penn94,highest_degree,4,0.02,592,19501,16
Facebook Penn94,highest_degree,4,0.02,593,19538,16
Facebook Penn94,highest_degree,4,0.02,594,19571,14
Facebook Penn94,highest_degree,4,0.02,595,19246,17
Facebook Penn94,highest_degree,4,0.02,596,19630,16
Facebook Penn94,highest_degree,4,0.02,597,19577,15
Facebook Penn94,highest_degree,4,0.02,598,19660,16
Facebook Penn94,highest_degree,4,0.02,599,19852,19
Facebook Penn94,highest_degree,4,0.02,600,19377,15
Facebook Penn94,highest_degree,4,0.02,601,19656,17
Facebook Penn94,highest_degree,4,0.02,602,19732,18
Facebook Penn94,highest_degree,4,0.02,603,19532,17
Facebook Penn94,highest_degree,4,0.02,604,19559,16
Facebook Penn94,highest_degree,4,0.02,605,19297,15
Facebook Penn94,highest_degree,4,0.02,606,19611,18
Facebook Penn94,highest_degree,4,0.02,607,19387,15
Facebook Penn94,highest_degree,4,0.02,608,19674,18
Facebook Penn94,highest_degree,4,0.02,609,19434,15
Facebook Penn94,highest_degree,4,0.02,610,19649,17
Facebook Penn94,highest_degree,4,0.02,611,19526,14
Facebook Penn94,highest_degree,4,0.02,612,19607,14
Facebook Penn94,highest_degree,4,0.02,613,19645,21
Facebook Penn94,highest_degree,4,0.02,614,19456,18
Facebook Penn94,highest_degree,4,0.02,615,19700,15
Facebook Penn94,highest_degree,4,0.02,616,19443,16
Facebook Penn94,highest_degree,4,0.02,617,19646,16
Facebook Penn94,highest_degree,4,0.02,618,19580,16
Facebook Penn94,highest_degree,4,0.02,619,19590,18
Facebook Penn94,highest_degree,4,0.02,620,19508,15
Facebook Penn94,highest_degree,4,0.02,621,19123,17
Facebook Penn94,highest_degree,4,0.02,622,19365,16
Facebook Penn94,highest_degree,4,0.02,623,19856,16
Facebook Penn94,highest_degree,4,0.02,624,19532,15
Facebook Penn94,highest_degree,4,0.02,625,19499,16
Facebook Penn94,highest_degree,4,0.02,626,19628,18
Facebook Penn94,highest_degree,4,0.02,627,19431,15
Facebook Penn94,highest_degree,4,0.02,628,19471,14
Facebook Penn94,highest_degree,4,0.02,629,19698,17
Facebook Penn94,highest_degree,4,0.02,630,19555,14
Facebook Penn94,highest_degree,4,0.02,631,19549,21
Facebook Penn94,highest_degree,4,0.02,632,19450,15
Facebook Penn94,highest_degree,4,0.02,633,19481,14
Facebook Penn94,highest_degree,4,0.02,634,19412,17
Facebook Penn94,highest_degree,4,0.02,635,19572,15
Facebook Penn94,highest_degree,4,0.02,636,19574,16
Facebook Penn94,highest_degree,4,0.02,637,19801,16
Facebook Penn94,highest_degree,4,0.02,638,19575,15
Facebook Penn94,highest_degree,4,0.02,639,19553,15
Facebook Penn94,highest_degree,4,0.02,640,19739,15
Facebook Penn94,highest_degree,4,0.02,641,19636,17
Facebook Penn94,highest_degree,4,0.02,642,19463,17
Facebook Penn94,highest_degree,4,0.02,643,19333,14
Facebook Penn94,highest_degree,4,0.02,644,19381,21
Facebook Penn94,highest_degree,4,0.02,645,19618,18
Facebook Penn94,highest_degree,4,0.02,646,19651,18
Facebook Penn94,highest_degree,4,0.02,647,19504,14
Facebook Penn94,highest_degree,4,0.02,648,19526,16
Facebook Penn94,highest_degree,4,0.02,649,19584,15
Facebook Penn94,highest_degree,4,0.02,650,19658,15
Facebook Penn94,highest_degree,4,0.02,651,19485,15
Facebook Penn94,highest_degree,4,0.02,652,19392,19
Facebook Penn94,highest_degree,4,0.02,653,19528,15
Facebook Penn94,highest_degree,4,0.02,654,19632,15
Facebook Penn94,highest_degree,4,0.02,655,19479,16
Facebook Penn94,highest_degree,4,0.02,656,19597,16
Facebook Penn94,highest_degree,4,0.02,657,19336,16
Facebook Penn94,highest_degree,4,0.02,658,19664,15
Facebook Penn94,highest_degree,4,0.02,659,19654,15
Facebook Penn94,highest_degree,4,0.02,660,19548,15
Facebook Penn94,highest_degree,4,0.02,661,19755,17
Facebook Penn94,highest_degree,4,0.02,662,19818,17
Facebook Penn94,highest_degree,4,0.02,663,19371,15
Facebook Penn94,highest_degree,4,0.02,664,19424,15
Facebook Penn94,highest_degree,4,0.02,665,19682,16
Facebook Penn94,highest_degree,4,0.02,666,19772,16
Facebook Penn94,highest_degree,4,0.02,667,19369,17
Facebook Penn94,highest_degree,4,0.02,668,19828,16
Facebook Penn94,highest_degree,4,0.02,669,19497,15
Facebook Penn94,highest_degree,4,0.02,670,19355,17
Facebook Penn94,highest_degree,4,0.02,671,19599,17
Facebook Penn94,highest_degree,4,0.02,672,19548,17
Facebook Penn94,highest_degree,4,0.02,673,19410,19
Facebook Penn94,highest_degree,4,0.02,674,19291,16
Facebook Penn94,highest_degree,4,0.02,675,19513,16
Facebook Penn94,highest_degree,4,0.02,676,19540,17
Facebook Penn94,highest_degree,4,0.02,677,19373,16
Facebook Penn94,highest_degree,4,0.02,678,19635,13
Facebook Penn94,highest_degree,4,0.02,679,19845,17
Facebook Penn94,highest_degree,4,0.02,680,19443,14
Facebook Penn94,highest_degree,4,0.02,681,19623,16
Facebook Penn94,highest_degree,4,0.02,682,19476,15
Facebook Penn94,highest_degree,4,0.02,683,19414,16
Facebook Penn94,highest_degree,4,0.02,684,19562,17
Facebook Penn94,highest_degree,4,0.02,685,19621,14
Facebook Penn94,highest_degree,4,0.02,686,19596,15
Facebook Penn94,highest_degree,4,0.02,687,19795,16
Facebook Penn94,highest_degree,4,0.02,688,19652,18
Facebook Penn94,highest_degree,4,0.02,689,19652,15
Facebook Penn94,highest_degree,4,0.02,690,19322,14
Facebook Penn94,highest_degree,4,0.02,691,19292,15
Facebook Penn94,highest_degree,4,0.02,692,19697,15
Facebook Penn94,highest_degree,4,0.02,693,19566,16
Facebook Penn94,highest_degree,4,0.02,694,19379,16
Facebook Penn94,highest_degree,4,0.02,695,19233,15
Facebook Penn94,highest_degree,4,0.02,696,19471,18
Facebook Penn94,highest_degree,4,0.02,697,19515,16
Facebook Penn94,highest_degree,4,0.02,698,19653,15
Facebook Penn94,highest_degree,4,0.02,699,19632,15
Facebook Penn94,highest_degree,4,0.02,700,19392,17
Facebook Penn94,highest_degree,4,0.02,701,19415,14
Facebook Penn94,highest_degree,4,0.02,702,19536,13
Facebook Penn94,highest_degree,4,0.02,703,19646,17
Facebook Penn94,highest_degree,4,0.02,704,19167,16
Facebook Penn94,highest_degree,4,0.02,705,19530,16
Facebook Penn94,highest_degree,4,0.02,706,19399,16
Facebook Penn94,highest_degree,4,0.02,707,19756,18
Facebook Penn94,highest_degree,4,0.02,708,19547,17
Facebook Penn94,highest_degree,4,0.02,709,19415,16
Facebook Penn94,highest_degree,4,0.02,710,19644,17
Facebook Penn94,highest_degree,4,0.02,711,19775,15
Facebook Penn94,highest_degree,4,0.02,712,19437,19
Facebook Penn94,highest_degree,4,0.02,713,19350,15
Facebook Penn94,highest_degree,4,0.02,714,19565,14
Facebook Penn94,highest_degree,4,0.02,715,19668,16
Facebook Penn94,highest_degree,4,0.02,716,19400,15
Facebook Penn94,highest_degree,4,0.02,717,19421,15
Facebook Penn94,highest_degree,4,0.02,718,19760,14
Facebook Penn94,highest_degree,4,0.02,719,19285,16
Facebook Penn94,highest_degree,4,0.02,720,19746,17
Facebook Penn94,highest_degree,4,0.02,721,19501,16
Facebook Penn94,highest_degree,4,0.02,722,19538,15
Facebook Penn94,highest_degree,4,0.02,723,19578,14
Facebook Penn94,highest_degree,4,0.02,724,19472,15
Facebook Penn94,highest_degree,4,0.02,725,19614,16
Facebook Penn94,highest_degree,4,0.02,726,19430,16
Facebook Penn94,highest_degree,4,0.02,727,19597,15
Facebook Penn94,highest_degree,4,0.02,728,19499,18
Facebook Penn94,highest_degree,4,0.02,729,19612,16
Facebook Penn94,highest_degree,4,0.02,730,19483,16
Facebook Penn94,highest_degree,4,0.02,731,19528,19
Facebook Penn94,highest_degree,4,0.02,732,19630,15
Facebook Penn94,highest_degree,4,0.02,733,19331,17
Facebook Penn94,highest_degree,4,0.02,734,19419,14
Facebook Penn94,highest_degree,4,0.02,735,19322,16
Facebook Penn94,highest_degree,4,0.02,736,19415,14
Facebook Penn94,highest_degree,4,0.02,737,19483,17
Facebook Penn94,highest_degree,4,0.02,738,19475,15
Facebook Penn94,highest_degree,4,0.02,739,19586,16
Facebook Penn94,highest_degree,4,0.02,740,19708,15
Facebook Penn94,highest_degree,4,0.02,741,19158,16
Facebook Penn94,highest_degree,4,0.02,742,19654,15
Facebook Penn94,highest_degree,4,0.02,743,19623,16
Facebook Penn94,highest_degree,4,0.02,744,19339,15
Facebook Penn94,highest_degree,4,0.02,745,19591,14
Facebook Penn94,highest_degree,4,0.02,746,19563,18
Facebook Penn94,highest_degree,4,0.02,747,19554,14
Facebook Penn94,highest_degree,4,0.02,748,19603,16
Facebook Penn94,highest_degree,4,0.02,749,19459,15
Facebook Penn94,highest_degree,4,0.02,750,19691,15
Facebook Penn94,highest_degree,4,0.02,751,19371,18
Facebook Penn94,highest_degree,4,0.02,752,19619,14
Facebook Penn94,highest_degree,4,0.02,753,19679,18
Facebook Penn94,highest_degree,4,0.02,754,19620,14
Facebook Penn94,highest_degree,4,0.02,755,19427,18
Facebook Penn94,highest_degree,4,0.02,756,19544,16
Facebook Penn94,highest_degree,4,0.02,757,19311,15
Facebook Penn94,highest_degree,4,0.02,758,19885,19
Facebook Penn94,highest_degree,4,0.02,759,19711,14
Facebook Penn94,highest_degree,4,0.02,760,19590,17
Facebook Penn94,highest_degree,4,0.02,761,19638,15
Facebook Penn94,highest_degree,4,0.02,762,19375,15
Facebook Penn94,highest_degree,4,0.02,763,19438,17
Facebook Penn94,highest_degree,4,0.02,764,19458,15
Facebook Penn94,highest_degree,4,0.02,765,19551,15
Facebook Penn94,highest_degree,4,0.02,766,19555,17
Facebook Penn94,highest_degree,4,0.02,767,19600,15
Facebook Penn94,highest_degree,4,0.02,768,19529,15
Facebook Penn94,highest_degree,4,0.02,769,19707,16
Facebook Penn94,highest_degree,4,0.02,770,19790,17
Facebook Penn94,highest_degree,4,0.02,771,19574,16
Facebook Penn94,highest_degree,4,0.02,772,19566,16
Facebook Penn94,highest_degree,4,0.02,773,19624,15
Facebook Penn94,highest_degree,4,0.02,774,19447,16
Facebook Penn94,highest_degree,4,0.02,775,19644,15
Facebook Penn94,highest_degree,4,0.02,776,19783,14
Facebook Penn94,highest_degree,4,0.02,777,19551,16
Facebook Penn94,highest_degree,4,0.02,778,19410,16
Facebook Penn94,highest_degree,4,0.02,779,19606,17
Facebook Penn94,highest_degree,4,0.02,780,19962,15
Facebook Penn94,highest_degree,4,0.02,781,19419,17
Facebook Penn94,highest_degree,4,0.02,782,19593,16
Facebook Penn94,highest_degree,4,0.02,783,19420,15
Facebook Penn94,highest_degree,4,0.02,784,19511,16
Facebook Penn94,highest_degree,4,0.02,785,19622,14
Facebook Penn94,highest_degree,4,0.02,786,19606,16
Facebook Penn94,highest_degree,4,0.02,787,19738,16
Facebook Penn94,highest_degree,4,0.02,788,19538,14
Facebook Penn94,highest_degree,4,0.02,789,19477,16
Facebook Penn94,highest_degree,4,0.02,790,19492,19
Facebook Penn94,highest_degree,4,0.02,791,19419,14
Facebook Penn94,highest_degree,4,0.02,792,19610,17
Facebook Penn94,highest_degree,4,0.02,793,19529,17
Facebook Penn94,highest_degree,4,0.02,794,19516,15
Facebook Penn94,highest_degree,4,0.02,795,19469,14
Facebook Penn94,highest_degree,4,0.02,796,19567,15
Facebook Penn94,highest_degree,4,0.02,797,19410,17
Facebook Penn94,highest_degree,4,0.02,798,19487,14
Facebook Penn94,highest_degree,4,0.02,799,19715,15
Facebook Penn94,highest_degree,4,0.02,800,19610,16
Facebook Penn94,highest_degree,4,0.02,801,19549,14
Facebook Penn94,highest_degree,4,0.02,802,19564,15
Facebook Penn94,highest_degree,4,0.02,803,19614,17
Facebook Penn94,highest_degree,4,0.02,804,19425,15
Facebook Penn94,highest_degree,4,0.02,805,19400,15
Facebook Penn94,highest_degree,4,0.02,806,19640,20
Facebook Penn94,highest_degree,4,0.02,807,19655,15
Facebook Penn94,highest_degree,4,0.02,808,19571,16
Facebook Penn94,highest_degree,4,0.02,809,19296,14
Facebook Penn94,highest_degree,4,0.02,810,19481,17
Facebook Penn94,highest_degree,4,0.02,811,19121,17
Facebook Penn94,highest_degree,4,0.02,812,19478,16
Facebook Penn94,highest_degree,4,0.02,813,19676,15
Facebook Penn94,highest_degree,4,0.02,814,19539,18
Facebook Penn94,highest_degree,4,0.02,815,19540,15
Facebook Penn94,highest_degree,4,0.02,816,19449,17
Facebook Penn94,highest_degree,4,0.02,817,19678,17
Facebook Penn94,highest_degree,4,0.02,818,19610,15
Facebook Penn94,highest_degree,4,0.02,819,19456,16
Facebook Penn94,highest_degree,4,0.02,820,19635,15
Facebook Penn94,highest_degree,4,0.02,821,19463,16
Facebook Penn94,highest_degree,4,0.02,822,19305,17
Facebook Penn94,highest_degree,4,0.02,823,19310,17
Facebook Penn94,highest_degree,4,0.02,824,19561,16
Facebook Penn94,highest_degree,4,0.02,825,19251,15
Facebook Penn94,highest_degree,4,0.02,826,19763,15
Facebook Penn94,highest_degree,4,0.02,827,19553,15
Facebook Penn94,highest_degree,4,0.02,828,19731,17
Facebook Penn94,highest_degree,4,0.02,829,19619,17
Facebook Penn94,highest_degree,4,0.02,830,19485,15
Facebook Penn94,highest_degree,4,0.02,831,19303,17
Facebook Penn94,highest_degree,4,0.02,832,19588,15
Facebook Penn94,highest_degree,4,0.02,833,19457,16
Facebook Penn94,highest_degree,4,0.02,834,19568,14
Facebook Penn94,highest_degree,4,0.02,835,19333,14
Facebook Penn94,highest_degree,4,0.02,836,19720,15
Facebook Penn94,highest_degree,4,0.02,837,19705,17
Facebook Penn94,highest_degree,4,0.02,838,19471,15
Facebook Penn94,highest_degree,4,0.02,839,19396,16
Facebook Penn94,highest_degree,4,0.02,840,19432,15
Facebook Penn94,highest_degree,4,0.02,841,19510,15
Facebook Penn94,highest_degree,4,0.02,842,19519,16
Facebook Penn94,highest_degree,4,0.02,843,19595,15
Facebook Penn94,highest_degree,4,0.02,844,19424,16
Facebook Penn94,highest_degree,4,0.02,845,19316,15
Facebook Penn94,highest_degree,4,0.02,846,19572,16
Facebook Penn94,highest_degree,4,0.02,847,19592,17
Facebook Penn94,highest_degree,4,0.02,848,19489,14
Facebook Penn94,highest_degree,4,0.02,849,19497,16
Facebook Penn94,highest_degree,4,0.02,850,19599,15
Facebook Penn94,highest_degree,4,0.02,851,19322,16
Facebook Penn94,highest_degree,4,0.02,852,19653,17
Facebook Penn94,highest_degree,4,0.02,853,19359,18
Facebook Penn94,highest_degree,4,0.02,854,19694,14
Facebook Penn94,highest_degree,4,0.02,855,19423,16
Facebook Penn94,highest_degree,4,0.02,856,19328,14
Facebook Penn94,highest_degree,4,0.02,857,19369,14
Facebook Penn94,highest_degree,4,0.02,858,19530,18
Facebook Penn94,highest_degree,4,0.02,859,19491,14
Facebook Penn94,highest_degree,4,0.02,860,19557,15
Facebook Penn94,highest_degree,4,0.02,861,19677,14
Facebook Penn94,highest_degree,4,0.02,862,19559,16
Facebook Penn94,highest_degree,4,0.02,863,19730,16
Facebook Penn94,highest_degree,4,0.02,864,19519,15
Facebook Penn94,highest_degree,4,0.02,865,19740,18
Facebook Penn94,highest_degree,4,0.02,866,19489,14
Facebook Penn94,highest_degree,4,0.02,867,19410,15
Facebook Penn94,highest_degree,4,0.02,868,19649,15
Facebook Penn94,highest_degree,4,0.02,869,19548,18
Facebook Penn94,highest_degree,4,0.02,870,19804,19
Facebook Penn94,highest_degree,4,0.02,871,19358,17
Facebook Penn94,highest_degree,4,0.02,872,19467,15
Facebook Penn94,highest_degree,4,0.02,873,19284,16
Facebook Penn94,highest_degree,4,0.02,874,19547,15
Facebook Penn94,highest_degree,4,0.02,875,19923,16
Facebook Penn94,highest_degree,4,0.02,876,19854,14
Facebook Penn94,highest_degree,4,0.02,877,19552,16
Facebook Penn94,highest_degree,4,0.02,878,19559,16
Facebook Penn94,highest_degree,4,0.02,879,19571,17
Facebook Penn94,highest_degree,4,0.02,880,19403,17
Facebook Penn94,highest_degree,4,0.02,881,19507,18
Facebook Penn94,highest_degree,4,0.02,882,19641,15
Facebook Penn94,highest_degree,4,0.02,883,19730,21
Facebook Penn94,highest_degree,4,0.02,884,19611,17
Facebook Penn94,highest_degree,4,0.02,885,19584,14
Facebook Penn94,highest_degree,4,0.02,886,19725,16
Facebook Penn94,highest_degree,4,0.02,887,19360,15
Facebook Penn94,highest_degree,4,0.02,888,19569,18
Facebook Penn94,highest_degree,4,0.02,889,19476,16
Facebook Penn94,highest_degree,4,0.02,890,19717,15
Facebook Penn94,highest_degree,4,0.02,891,19640,16
Facebook Penn94,highest_degree,4,0.02,892,19731,19
Facebook Penn94,highest_degree,4,0.02,893,19622,15
Facebook Penn94,highest_degree,4,0.02,894,19383,16
Facebook Penn94,highest_degree,4,0.02,895,19640,14
Facebook Penn94,highest_degree,4,0.02,896,19513,15
Facebook Penn94,highest_degree,4,0.02,897,19669,14
Facebook Penn94,highest_degree,4,0.02,898,19606,15
Facebook Penn94,highest_degree,4,0.02,899,19599,17
Facebook Penn94,highest_degree,4,0.02,900,19318,17
Facebook Penn94,highest_degree,4,0.02,901,19643,16
Facebook Penn94,highest_degree,4,0.02,902,19653,15
Facebook Penn94,highest_degree,4,0.02,903,19792,15
Facebook Penn94,highest_degree,4,0.02,904,19531,14
Facebook Penn94,highest_degree,4,0.02,905,19482,16
Facebook Penn94,highest_degree,4,0.02,906,19519,16
Facebook Penn94,highest_degree,4,0.02,907,19660,16
Facebook Penn94,highest_degree,4,0.02,908,19444,15
Facebook Penn94,highest_degree,4,0.02,909,19635,14
Facebook Penn94,highest_degree,4,0.02,910,19868,18
Facebook Penn94,highest_degree,4,0.02,911,19549,17
Facebook Penn94,highest_degree,4,0.02,912,19287,17
Facebook Penn94,highest_degree,4,0.02,913,19566,15
Facebook Penn94,highest_degree,4,0.02,914,19547,17
Facebook Penn94,highest_degree,4,0.02,915,19471,15
Facebook Penn94,highest_degree,4,0.02,916,19518,16
Facebook Penn94,highest_degree,4,0.02,917,19443,16
Facebook Penn94,highest_degree,4,0.02,918,19598,14
Facebook Penn94,highest_degree,4,0.02,919,19404,18
Facebook Penn94,highest_degree,4,0.02,920,19645,15
Facebook Penn94,highest_degree,4,0.02,921,19618,15
Facebook Penn94,highest_degree,4,0.02,922,19694,14
Facebook Penn94,highest_degree,4,0.02,923,19340,15
Facebook Penn94,highest_degree,4,0.02,924,19593,16
Facebook Penn94,highest_degree,4,0.02,925,19796,15
Facebook Penn94,highest_degree,4,0.02,926,19419,15
Facebook Penn94,highest_degree,4,0.02,927,19281,18
Facebook Penn94,highest_degree,4,0.02,928,19282,14
Facebook Penn94,highest_degree,4,0.02,929,19404,18
Facebook Penn94,highest_degree,4,0.02,930,19311,16
Facebook Penn94,highest_degree,4,0.02,931,19657,16
Facebook Penn94,highest_degree,4,0.02,932,19675,14
Facebook Penn94,highest_degree,4,0.02,933,19626,15
Facebook Penn94,highest_degree,4,0.02,934,19744,14
Facebook Penn94,highest_degree,4,0.02,935,19462,19
Facebook Penn94,highest_degree,4,0.02,936,19437,14
Facebook Penn94,highest_degree,4,0.02,937,19454,14
Facebook Penn94,highest_degree,4,0.02,938,19450,20
Facebook Penn94,highest_degree,4,0.02,939,19705,16
Facebook Penn94,highest_degree,4,0.02,940,19602,16
Facebook Penn94,highest_degree,4,0.02,941,19761,15
Facebook Penn94,highest_degree,4,0.02,942,19618,19
Facebook Penn94,highest_degree,4,0.02,943,19554,16
Facebook Penn94,highest_degree,4,0.02,944,19566,15
Facebook Penn94,highest_degree,4,0.02,945,19561,17
Facebook Penn94,highest_degree,4,0.02,946,19448,16
Facebook Penn94,highest_degree,4,0.02,947,19488,18
Facebook Penn94,highest_degree,4,0.02,948,19604,16
Facebook Penn94,highest_degree,4,0.02,949,19396,18
Facebook Penn94,highest_degree,4,0.02,950,19675,16
Facebook Penn94,highest_degree,4,0.02,951,19532,14
Facebook Penn94,highest_degree,4,0.02,952,19758,13
Facebook Penn94,highest_degree,4,0.02,953,19740,16
Facebook Penn94,highest_degree,4,0.02,954,19582,15
Facebook Penn94,highest_degree,4,0.02,955,19541,18
Facebook Penn94,highest_degree,4,0.02,956,19427,14
Facebook Penn94,highest_degree,4,0.02,957,19877,16
Facebook Penn94,highest_degree,4,0.02,958,19618,17
Facebook Penn94,highest_degree,4,0.02,959,19491,14
Facebook Penn94,highest_degree,4,0.02,960,19440,15
Facebook Penn94,highest_degree,4,0.02,961,19631,17
Facebook Penn94,highest_degree,4,0.02,962,19561,17
Facebook Penn94,highest_degree,4,0.02,963,19342,17
Facebook Penn94,highest_degree,4,0.02,964,19284,15
Facebook Penn94,highest_degree,4,0.02,965,19607,17
Facebook Penn94,highest_degree,4,0.02,966,19650,15
Facebook Penn94,highest_degree,4,0.02,967,19486,15
Facebook Penn94,highest_degree,4,0.02,968,19683,15
Facebook Penn94,highest_degree,4,0.02,969,19428,15
Facebook Penn94,highest_degree,4,0.02,970,19456,15
Facebook Penn94,highest_degree,4,0.02,971,19716,15
Facebook Penn94,highest_degree,4,0.02,972,19690,16
Facebook Penn94,highest_degree,4,0.02,973,19449,16
Facebook Penn94,highest_degree,4,0.02,974,19556,16
Facebook Penn94,highest_degree,4,0.02,975,19511,15
Facebook Penn94,highest_degree,4,0.02,976,19373,16
Facebook Penn94,highest_degree,4,0.02,977,19741,15
Facebook Penn94,highest_degree,4,0.02,978,19373,22
Facebook Penn94,highest_degree,4,0.02,979,19405,15
Facebook Penn94,highest_degree,4,0.02,980,19462,17
Facebook Penn94,highest_degree,4,0.02,981,19620,16
Facebook Penn94,highest_degree,4,0.02,982,19470,16
Facebook Penn94,highest_degree,4,0.02,983,19420,15
Facebook Penn94,highest_degree,4,0.02,984,19476,14
Facebook Penn94,highest_degree,4,0.02,985,19801,16
Facebook Penn94,highest_degree,4,0.02,986,19549,20
Facebook Penn94,highest_degree,4,0.02,987,19618,15
Facebook Penn94,highest_degree,4,0.02,988,19435,17
Facebook Penn94,highest_degree,4,0.02,989,19829,20
Facebook Penn94,highest_degree,4,0.02,990,19796,16
Facebook Penn94,highest_degree,4,0.02,991,19497,14
Facebook Penn94,highest_degree,4,0.02,992,19482,16
Facebook Penn94,highest_degree,4,0.02,993,19692,15
Facebook Penn94,highest_degree,4,0.02,994,19512,15
Facebook Penn94,highest_degree,4,0.02,995,19303,19
Facebook Penn94,highest_degree,4,0.02,996,19658,16
Facebook Penn94,highest_degree,4,0.02,997,19526,16
Facebook Penn94,highest_degree,4,0.02,998,19726,17
Facebook Penn94,highest_degree,4,0.02,999,19718,18
Facebook Penn94,highest_degree,10,0.02,0,19509,15
Facebook Penn94,highest_degree,10,0.02,1,19487,14
Facebook Penn94,highest_degree,10,0.02,2,19481,18
Facebook Penn94,highest_degree,10,0.02,3,19748,13
Facebook Penn94,highest_degree,10,0.02,4,19570,15
Facebook Penn94,highest_degree,10,0.02,5,19568,14
Facebook Penn94,highest_degree,10,0.02,6,19512,14
Facebook Penn94,highest_degree,10,0.02,7,19656,14
Facebook Penn94,highest_degree,10,0.02,8,19592,16
Facebook Penn94,highest_degree,10,0.02,9,19568,13
Facebook Penn94,highest_degree,10,0.02,10,19590,14
Facebook Penn94,highest_degree,10,0.02,11,19697,15
Facebook Penn94,highest_degree,10,0.02,12,19530,15
Facebook Penn94,highest_degree,10,0.02,13,19515,15
Facebook Penn94,highest_degree,10,0.02,14,19672,14
Facebook Penn94,highest_degree,10,0.02,15,19653,15
Facebook Penn94,highest_degree,10,0.02,16,19718,19
Facebook Penn94,highest_degree,10,0.02,17,19392,16
Facebook Penn94,highest_degree,10,0.02,18,19600,14
Facebook Penn94,highest_degree,10,0.02,19,19440,15
Facebook Penn94,highest_degree,10,0.02,20,19625,15
Facebook Penn94,highest_degree,10,0.02,21,19712,14
Facebook Penn94,highest_degree,10,0.02,22,19706,16
Facebook Penn94,highest_degree,10,0.02,23,19543,16
Facebook Penn94,highest_degree,10,0.02,24,19593,13
Facebook Penn94,highest_degree,10,0.02,25,19482,16
Facebook Penn94,highest_degree,10,0.02,26,19434,15
Facebook Penn94,highest_degree,10,0.02,27,19397,16
Facebook Penn94,highest_degree,10,0.02,28,19620,16
Facebook Penn94,highest_degree,10,0.02,29,19607,14
Facebook Penn94,highest_degree,10,0.02,30,19558,15
Facebook Penn94,highest_degree,10,0.02,31,19495,15
Facebook Penn94,highest_degree,10,0.02,32,19627,16
Facebook Penn94,highest_degree,10,0.02,33,19670,15
Facebook Penn94,highest_degree,10,0.02,34,19616,15
Facebook Penn94,highest_degree,10,0.02,35,19399,14
Facebook Penn94,highest_degree,10,0.02,36,19600,18
Facebook Penn94,highest_degree,10,0.02,37,19459,14
Facebook Penn94,highest_degree,10,0.02,38,19472,15
Facebook Penn94,highest_degree,10,0.02,39,19605,14
Facebook Penn94,highest_degree,10,0.02,40,19646,15
Facebook Penn94,highest_degree,10,0.02,41,19495,17
Facebook Penn94,highest_degree,10,0.02,42,19598,15
Facebook Penn94,highest_degree,10,0.02,43,19412,15
Facebook Penn94,highest_degree,10,0.02,44,19403,17
Facebook Penn94,highest_degree,10,0.02,45,19410,15
Facebook Penn94,highest_degree,10,0.02,46,19559,15
Facebook Penn94,highest_degree,10,0.02,47,19588,17
Facebook Penn94,highest_degree,10,0.02,48,19654,17
Facebook Penn94,highest_degree,10,0.02,49,19583,13
Facebook Penn94,highest_degree,10,0.02,50,19231,15
Facebook Penn94,highest_degree,10,0.02,51,19914,20
Facebook Penn94,highest_degree,10,0.02,52,19707,14
Facebook Penn94,highest_degree,10,0.02,53,19593,15
Facebook Penn94,highest_degree,10,0.02,54,19447,17
Facebook Penn94,highest_degree,10,0.02,55,19622,17
Facebook Penn94,highest_degree,10,0.02,56,19475,15
Facebook Penn94,highest_degree,10,0.02,57,19480,15
Facebook Penn94,highest_degree,10,0.02,58,19388,22
Facebook Penn94,highest_degree,10,0.02,59,19541,13
Facebook Penn94,highest_degree,10,0.02,60,19562,16
Facebook Penn94,highest_degree,10,0.02,61,19423,14
Facebook Penn94,highest_degree,10,0.02,62,19713,16
Facebook Penn94,highest_degree,10,0.02,63,19349,13
Facebook Penn94,highest_degree,10,0.02,64,19573,15
Facebook Penn94,highest_degree,10,0.02,65,19594,16
Facebook Penn94,highest_degree,10,0.02,66,19413,16
Facebook Penn94,highest_degree,10,0.02,67,19389,19
Facebook Penn94,highest_degree,10,0.02,68,19528,16
Facebook Penn94,highest_degree,10,0.02,69,19591,15
Facebook Penn94,highest_degree,10,0.02,70,19367,15
Facebook Penn94,highest_degree,10,0.02,71,19594,17
Facebook Penn94,highest_degree,10,0.02,72,19538,19
Facebook Penn94,highest_degree,10,0.02,73,19608,14
Facebook Penn94,highest_degree,10,0.02,74,19565,16
Facebook Penn94,highest_degree,10,0.02,75,19416,14
Facebook Penn94,highest_degree,10,0.02,76,19658,15
Facebook Penn94,highest_degree,10,0.02,77,19652,14
Facebook Penn94,highest_degree,10,0.02,78,19394,15
Facebook Penn94,highest_degree,10,0.02,79,19702,15
Facebook Penn94,highest_degree,10,0.02,80,19435,15
Facebook Penn94,highest_degree,10,0.02,81,19365,14
Facebook Penn94,highest_degree,10,0.02,82,19894,15
Facebook Penn94,highest_degree,10,0.02,83,19571,16
Facebook Penn94,highest_degree,10,0.02,84,19644,17
Facebook Penn94,highest_degree,10,0.02,85,19480,15
Facebook Penn94,highest_degree,10,0.02,86,19387,18
Facebook Penn94,highest_degree,10,0.02,87,19865,15
Facebook Penn94,highest_degree,10,0.02,88,19491,15
Facebook Penn94,highest_degree,10,0.02,89,19213,15
Facebook Penn94,highest_degree,10,0.02,90,19573,15
Facebook Penn94,highest_degree,10,0.02,91,19276,17
Facebook Penn94,highest_degree,10,0.02,92,19594,16
Facebook Penn94,highest_degree,10,0.02,93,19636,17
Facebook Penn94,highest_degree,10,0.02,94,19358,15
Facebook Penn94,highest_degree,10,0.02,95,19492,16
Facebook Penn94,highest_degree,10,0.02,96,19452,18
Facebook Penn94,highest_degree,10,0.02,97,19625,18
Facebook Penn94,highest_degree,10,0.02,98,19208,14
Facebook Penn94,highest_degree,10,0.02,99,19347,16
Facebook Penn94,highest_degree,10,0.02,100,19368,17
Facebook Penn94,highest_degree,10,0.02,101,19646,15
Facebook Penn94,highest_degree,10,0.02,102,19567,15
Facebook Penn94,highest_degree,10,0.02,103,19383,16
Facebook Penn94,highest_degree,10,0.02,104,19485,14
Facebook Penn94,highest_degree,10,0.02,105,19412,15
Facebook Penn94,highest_degree,10,0.02,106,19651,16
Facebook Penn94,highest_degree,10,0.02,107,19717,23
Facebook Penn94,highest_degree,10,0.02,108,19457,15
Facebook Penn94,highest_degree,10,0.02,109,19575,16
Facebook Penn94,highest_degree,10,0.02,110,19373,13
Facebook Penn94,highest_degree,10,0.02,111,19696,15
Facebook Penn94,highest_degree,10,0.02,112,19577,15
Facebook Penn94,highest_degree,10,0.02,113,19431,14
Facebook Penn94,highest_degree,10,0.02,114,19354,13
Facebook Penn94,highest_degree,10,0.02,115,19676,14
Facebook Penn94,highest_degree,10,0.02,116,19517,16
Facebook Penn94,highest_degree,10,0.02,117,19649,15
Facebook Penn94,highest_degree,10,0.02,118,19751,17
Facebook Penn94,highest_degree,10,0.02,119,19552,14
Facebook Penn94,highest_degree,10,0.02,120,19429,16
Facebook Penn94,highest_degree,10,0.02,121,19565,19
Facebook Penn94,highest_degree,10,0.02,122,19780,16
Facebook Penn94,highest_degree,10,0.02,123,19396,15
Facebook Penn94,highest_degree,10,0.02,124,19502,15
Facebook Penn94,highest_degree,10,0.02,125,19421,17
Facebook Penn94,highest_degree,10,0.02,126,19395,17
Facebook Penn94,highest_degree,10,0.02,127,19413,15
Facebook Penn94,highest_degree,10,0.02,128,19433,14
Facebook Penn94,highest_degree,10,0.02,129,19357,17
Facebook Penn94,highest_degree,10,0.02,130,19601,20
Facebook Penn94,highest_degree,10,0.02,131,19502,16
Facebook Penn94,highest_degree,10,0.02,132,19477,15
Facebook Penn94,highest_degree,10,0.02,133,19330,16
Facebook Penn94,highest_degree,10,0.02,134,19486,15
Facebook Penn94,highest_degree,10,0.02,135,19541,16
Facebook Penn94,highest_degree,10,0.02,136,19614,15
Facebook Penn94,highest_degree,10,0.02,137,19627,15
Facebook Penn94,highest_degree,10,0.02,138,19610,14
Facebook Penn94,highest_degree,10,0.02,139,19418,14
Facebook Penn94,highest_degree,10,0.02,140,19426,15
Facebook Penn94,highest_degree,10,0.02,141,19589,14
Facebook Penn94,highest_degree,10,0.02,142,19491,15
Facebook Penn94,highest_degree,10,0.02,143,19463,13
Facebook Penn94,highest_degree,10,0.02,144,19612,16
Facebook Penn94,highest_degree,10,0.02,145,19302,14
Facebook Penn94,highest_degree,10,0.02,146,19711,14
Facebook Penn94,highest_degree,10,0.02,147,19643,16
Facebook Penn94,highest_degree,10,0.02,148,19673,14
Facebook Penn94,highest_degree,10,0.02,149,19579,15
Facebook Penn94,highest_degree,10,0.02,150,19470,18
Facebook Penn94,highest_degree,10,0.02,151,19622,15
Facebook Penn94,highest_degree,10,0.02,152,19608,14
Facebook Penn94,highest_degree,10,0.02,153,19556,15
Facebook Penn94,highest_degree,10,0.02,154,19387,16
Facebook Penn94,highest_degree,10,0.02,155,19732,15
Facebook Penn94,highest_degree,10,0.02,156,19688,19
Facebook Penn94,highest_degree,10,0.02,157,19345,16
Facebook Penn94,highest_degree,10,0.02,158,19408,16
Facebook Penn94,highest_degree,10,0.02,159,19668,16
Facebook Penn94,highest_degree,10,0.02,160,19728,14
Facebook Penn94,highest_degree,10,0.02,161,19439,14
Facebook Penn94,highest_degree,10,0.02,162,19385,17
Facebook Penn94,highest_degree,10,0.02,163,19620,16
Facebook Penn94,highest_degree,10,0.02,164,19558,15
Facebook Penn94,highest_degree,10,0.02,165,19463,15
Facebook Penn94,highest_degree,10,0.02,166,19659,15
Facebook Penn94,highest_degree,10,0.02,167,19589,17
Facebook Penn94,highest_degree,10,0.02,168,19305,16
Facebook Penn94,highest_degree,10,0.02,169,19664,14
Facebook Penn94,highest_degree,10,0.02,170,19676,15
Facebook Penn94,highest_degree,10,0.02,171,19548,17
Facebook Penn94,highest_degree,10,0.02,172,19707,13
Facebook Penn94,highest_degree,10,0.02,173,19744,14
Facebook Penn94,highest_degree,10,0.02,174,19580,14
Facebook Penn94,highest_degree,10,0.02,175,19469,18
Facebook Penn94,highest_degree,10,0.02,176,19795,14
Facebook Penn94,highest_degree,10,0.02,177,19701,14
Facebook Penn94,highest_degree,10,0.02,178,19551,17
Facebook Penn94,highest_degree,10,0.02,179,19482,15
Facebook Penn94,highest_degree,10,0.02,180,19538,15
Facebook Penn94,highest_degree,10,0.02,181,19365,15
Facebook Penn94,highest_degree,10,0.02,182,19363,15
Facebook Penn94,highest_degree,10,0.02,183,19506,16
Facebook Penn94,highest_degree,10,0.02,184,19835,14
Facebook Penn94,highest_degree,10,0.02,185,19592,17
Facebook Penn94,highest_degree,10,0.02,186,19650,14
Facebook Penn94,highest_degree,10,0.02,187,19773,18
Facebook Penn94,highest_degree,10,0.02,188,19558,14
Facebook Penn94,highest_degree,10,0.02,189,19612,15
Facebook Penn94,highest_degree,10,0.02,190,19543,18
Facebook Penn94,highest_degree,10,0.02,191,19348,15
Facebook Penn94,highest_degree,10,0.02,192,19646,18
Facebook Penn94,highest_degree,10,0.02,193,19608,15
Facebook Penn94,highest_degree,10,0.02,194,19426,14
Facebook Penn94,highest_degree,10,0.02,195,19405,18
Facebook Penn94,highest_degree,10,0.02,196,19467,14
Facebook Penn94,highest_degree,10,0.02,197,19574,16
Facebook Penn94,highest_degree,10,0.02,198,19643,14
Facebook Penn94,highest_degree,10,0.02,199,19613,15
Facebook Penn94,highest_degree,10,0.02,200,19608,17
Facebook Penn94,highest_degree,10,0.02,201,19545,17
Facebook Penn94,highest_degree,10,0.02,202,19513,15
Facebook Penn94,highest_degree,10,0.02,203,19672,15
Facebook Penn94,highest_degree,10,0.02,204,19481,16
Facebook Penn94,highest_degree,10,0.02,205,19565,15
Facebook Penn94,highest_degree,10,0.02,206,19382,20
Facebook Penn94,highest_degree,10,0.02,207,19666,16
Facebook Penn94,highest_degree,10,0.02,208,19671,15
Facebook Penn94,highest_degree,10,0.02,209,19586,16
Facebook Penn94,highest_degree,10,0.02,210,19409,15
Facebook Penn94,highest_degree,10,0.02,211,19503,14
Facebook Penn94,highest_degree,10,0.02,212,19571,14
Facebook Penn94,highest_degree,10,0.02,213,19518,14
Facebook Penn94,highest_degree,10,0.02,214,19605,16
Facebook Penn94,highest_degree,10,0.02,215,19478,15
Facebook Penn94,highest_degree,10,0.02,216,19477,17
Facebook Penn94,highest_degree,10,0.02,217,19474,15
Facebook Penn94,highest_degree,10,0.02,218,19716,16
Facebook Penn94,highest_degree,10,0.02,219,19540,14
Facebook Penn94,highest_degree,10,0.02,220,19613,14
Facebook Penn94,highest_degree,10,0.02,221,19314,15
Facebook Penn94,highest_degree,10,0.02,222,19710,17
Facebook Penn94,highest_degree,10,0.02,223,19455,16
Facebook Penn94,highest_degree,10,0.02,224,19529,15
Facebook Penn94,highest_degree,10,0.02,225,19561,14
Facebook Penn94,highest_degree,10,0.02,226,19461,15
Facebook Penn94,highest_degree,10,0.02,227,19410,13
Facebook Penn94,highest_degree,10,0.02,228,19545,16
Facebook Penn94,highest_degree,10,0.02,229,19458,16
Facebook Penn94,highest_degree,10,0.02,230,19699,13
Facebook Penn94,highest_degree,10,0.02,231,19588,13
Facebook Penn94,highest_degree,10,0.02,232,19484,15
Facebook Penn94,highest_degree,10,0.02,233,19470,15
Facebook Penn94,highest_degree,10,0.02,234,19750,14
Facebook Penn94,highest_degree,10,0.02,235,19515,15
Facebook Penn94,highest_degree,10,0.02,236,19543,15
Facebook Penn94,highest_degree,10,0.02,237,19460,14
Facebook Penn94,highest_degree,10,0.02,238,19512,15
Facebook Penn94,highest_degree,10,0.02,239,19477,16
Facebook Penn94,highest_degree,10,0.02,240,19487,16
Facebook Penn94,highest_degree,10,0.02,241,19713,16
Facebook Penn94,highest_degree,10,0.02,242,19592,14
Facebook Penn94,highest_degree,10,0.02,243,19308,14
Facebook Penn94,highest_degree,10,0.02,244,19496,17
Facebook Penn94,highest_degree,10,0.02,245,19624,15
Facebook Penn94,highest_degree,10,0.02,246,19482,15
Facebook Penn94,highest_degree,10,0.02,247,19473,17
Facebook Penn94,highest_degree,10,0.02,248,19472,14
Facebook Penn94,highest_degree,10,0.02,249,19520,14
Facebook Penn94,highest_degree,10,0.02,250,19610,15
Facebook Penn94,highest_degree,10,0.02,251,19216,14
Facebook Penn94,highest_degree,10,0.02,252,19295,16
Facebook Penn94,highest_degree,10,0.02,253,19552,16
Facebook Penn94,highest_degree,10,0.02,254,19384,16
Facebook Penn94,highest_degree,10,0.02,255,19765,14
Facebook Penn94,highest_degree,10,0.02,256,19646,15
Facebook Penn94,highest_degree,10,0.02,257,19515,17
Facebook Penn94,highest_degree,10,0.02,258,19573,15
Facebook Penn94,highest_degree,10,0.02,259,19567,15
Facebook Penn94,highest_degree,10,0.02,260,19483,19
Facebook Penn94,highest_degree,10,0.02,261,19704,16
Facebook Penn94,highest_degree,10,0.02,262,19669,18
Facebook Penn94,highest_degree,10,0.02,263,19708,17
Facebook Penn94,highest_degree,10,0.02,264,19454,14
Facebook Penn94,highest_degree,10,0.02,265,19552,15
Facebook Penn94,highest_degree,10,0.02,266,19303,15
Facebook Penn94,highest_degree,10,0.02,267,19505,14
Facebook Penn94,highest_degree,10,0.02,268,19400,16
Facebook Penn94,highest_degree,10,0.02,269,19560,15
Facebook Penn94,highest_degree,10,0.02,270,19592,15
Facebook Penn94,highest_degree,10,0.02,271,19558,14
Facebook Penn94,highest_degree,10,0.02,272,19226,16
Facebook Penn94,highest_degree,10,0.02,273,19183,16
Facebook Penn94,highest_degree,10,0.02,274,19479,13
Facebook Penn94,highest_degree,10,0.02,275,19731,13
Facebook Penn94,highest_degree,10,0.02,276,19698,15
Facebook Penn94,highest_degree,10,0.02,277,19378,14
Facebook Penn94,highest_degree,10,0.02,278,19677,15
Facebook Penn94,highest_degree,10,0.02,279,19955,15
Facebook Penn94,highest_degree,10,0.02,280,19471,14
Facebook Penn94,highest_degree,10,0.02,281,19305,14
Facebook Penn94,highest_degree,10,0.02,282,19456,14
Facebook Penn94,highest_degree,10,0.02,283,19337,14
Facebook Penn94,highest_degree,10,0.02,284,19281,17
Facebook Penn94,highest_degree,10,0.02,285,19282,13
Facebook Penn94,highest_degree,10,0.02,286,19492,14
Facebook Penn94,highest_degree,10,0.02,287,19438,16
Facebook Penn94,highest_degree,10,0.02,288,19403,14
Facebook Penn94,highest_degree,10,0.02,289,19716,14
Facebook Penn94,highest_degree,10,0.02,290,19793,16
Facebook Penn94,highest_degree,10,0.02,291,19621,14
Facebook Penn94,highest_degree,10,0.02,292,19623,16
Facebook Penn94,highest_degree,10,0.02,293,19498,16
Facebook Penn94,highest_degree,10,0.02,294,19707,15
Facebook Penn94,highest_degree,10,0.02,295,19700,14
Facebook Penn94,highest_degree,10,0.02,296,19484,17
Facebook Penn94,highest_degree,10,0.02,297,19680,16
Facebook Penn94,highest_degree,10,0.02,298,19449,17
Facebook Penn94,highest_degree,10,0.02,299,19740,16
Facebook Penn94,highest_degree,10,0.02,300,19640,15
Facebook Penn94,highest_degree,10,0.02,301,19327,15
Facebook Penn94,highest_degree,10,0.02,302,19552,14
Facebook Penn94,highest_degree,10,0.02,303,19394,16
Facebook Penn94,highest_degree,10,0.02,304,19723,16
Facebook Penn94,highest_degree,10,0.02,305,19823,16
Facebook Penn94,highest_degree,10,0.02,306,19617,16
Facebook Penn94,highest_degree,10,0.02,307,19546,15
Facebook Penn94,highest_degree,10,0.02,308,19481,18
Facebook Penn94,highest_degree,10,0.02,309,19434,18
Facebook Penn94,highest_degree,10,0.02,310,19402,13
Facebook Penn94,highest_degree,10,0.02,311,19549,14
Facebook Penn94,highest_degree,10,0.02,312,19561,15
Facebook Penn94,highest_degree,10,0.02,313,19788,15
Facebook Penn94,highest_degree,10,0.02,314,19469,15
Facebook Penn94,highest_degree,10,0.02,315,19592,14
Facebook Penn94,highest_degree,10,0.02,316,19621,16
Facebook Penn94,highest_degree,10,0.02,317,19667,16
Facebook Penn94,highest_degree,10,0.02,318,19666,13
Facebook Penn94,highest_degree,10,0.02,319,19549,16
Facebook Penn94,highest_degree,10,0.02,320,19555,14
Facebook Penn94,highest_degree,10,0.02,321,19542,16
Facebook Penn94,highest_degree,10,0.02,322,19189,16
Facebook Penn94,highest_degree,10,0.02,323,19502,16
Facebook Penn94,highest_degree,10,0.02,324,19591,16
Facebook Penn94,highest_degree,10,0.02,325,19504,14
Facebook Penn94,highest_degree,10,0.02,326,19560,15
Facebook Penn94,highest_degree,10,0.02,327,19370,15
Facebook Penn94,highest_degree,10,0.02,328,19596,14
Facebook Penn94,highest_degree,10,0.02,329,19572,18
Facebook Penn94,highest_degree,10,0.02,330,19729,14
Facebook Penn94,highest_degree,10,0.02,331,19572,16
Facebook Penn94,highest_degree,10,0.02,332,19316,13
Facebook Penn94,highest_degree,10,0.02,333,19627,17
Facebook Penn94,highest_degree,10,0.02,334,19249,14
Facebook Penn94,highest_degree,10,0.02,335,19510,15
Facebook Penn94,highest_degree,10,0.02,336,19548,17
Facebook Penn94,highest_degree,10,0.02,337,19461,15
Facebook Penn94,highest_degree,10,0.02,338,19524,14
Facebook Penn94,highest_degree,10,0.02,339,19559,15
Facebook Penn94,highest_degree,10,0.02,340,19688,17
Facebook Penn94,highest_degree,10,0.02,341,19618,16
Facebook Penn94,highest_degree,10,0.02,342,19542,16
Facebook Penn94,highest_degree,10,0.02,343,19452,19
Facebook Penn94,highest_degree,10,0.02,344,19617,16
Facebook Penn94,highest_degree,10,0.02,345,19590,16
Facebook Penn94,highest_degree,10,0.02,346,19557,14
Facebook Penn94,highest_degree,10,0.02,347,19811,16
Facebook Penn94,highest_degree,10,0.02,348,19590,17
Facebook Penn94,highest_degree,10,0.02,349,19418,15
Facebook Penn94,highest_degree,10,0.02,350,19670,15
Facebook Penn94,highest_degree,10,0.02,351,19598,15
Facebook Penn94,highest_degree,10,0.02,352,19464,16
Facebook Penn94,highest_degree,10,0.02,353,19565,15
Facebook Penn94,highest_degree,10,0.02,354,19364,14
Facebook Penn94,highest_degree,10,0.02,355,19796,16
Facebook Penn94,highest_degree,10,0.02,356,19304,17
Facebook Penn94,highest_degree,10,0.02,357,19564,14
Facebook Penn94,highest_degree,10,0.02,358,19638,14
Facebook Penn94,highest_degree,10,0.02,359,19541,15
Facebook Penn94,highest_degree,10,0.02,360,19610,16
Facebook Penn94,highest_degree,10,0.02,361,19598,13
Facebook Penn94,highest_degree,10,0.02,362,19566,14
Facebook Penn94,highest_degree,10,0.02,363,19625,16
Facebook Penn94,highest_degree,10,0.02,364,19374,14
Facebook Penn94,highest_degree,10,0.02,365,19627,13
Facebook Penn94,highest_degree,10,0.02,366,19776,16
Facebook Penn94,highest_degree,10,0.02,367,19730,15
Facebook Penn94,highest_degree,10,0.02,368,19604,15
Facebook Penn94,highest_degree,10,0.02,369,19559,16
Facebook Penn94,highest_degree,10,0.02,370,19483,15
Facebook Penn94,highest_degree,10,0.02,371,19423,16
Facebook Penn94,highest_degree,10,0.02,372,19630,17
Facebook Penn94,highest_degree,10,0.02,373,19382,17
Facebook Penn94,highest_degree,10,0.02,374,19497,16
Facebook Penn94,highest_degree,10,0.02,375,19200,14
Facebook Penn94,highest_degree,10,0.02,376,19409,17
Facebook Penn94,highest_degree,10,0.02,377,19658,15
Facebook Penn94,highest_degree,10,0.02,378,19332,15
Facebook Penn94,highest_degree,10,0.02,379,19844,15
Facebook Penn94,highest_degree,10,0.02,380,19591,14
Facebook Penn94,highest_degree,10,0.02,381,19595,15
Facebook Penn94,highest_degree,10,0.02,382,19315,15
Facebook Penn94,highest_degree,10,0.02,383,19482,15
Facebook Penn94,highest_degree,10,0.02,384,19790,13
Facebook Penn94,highest_degree,10,0.02,385,19765,16
Facebook Penn94,highest_degree,10,0.02,386,19620,16
Facebook Penn94,highest_degree,10,0.02,387,19630,15
Facebook Penn94,highest_degree,10,0.02,388,19532,17
Facebook Penn94,highest_degree,10,0.02,389,19535,14
Facebook Penn94,highest_degree,10,0.02,390,19563,15
Facebook Penn94,highest_degree,10,0.02,391,19552,22
Facebook Penn94,highest_degree,10,0.02,392,19573,17
Facebook Penn94,highest_degree,10,0.02,393,19592,16
Facebook Penn94,highest_degree,10,0.02,394,19624,15
Facebook Penn94,highest_degree,10,0.02,395,19599,14
Facebook Penn94,highest_degree,10,0.02,396,19501,16
Facebook Penn94,highest_degree,10,0.02,397,19470,14
Facebook Penn94,highest_degree,10,0.02,398,19386,16
Facebook Penn94,highest_degree,10,0.02,399,19663,17
Facebook Penn94,highest_degree,10,0.02,400,19323,13
Facebook Penn94,highest_degree,10,0.02,401,19524,14
Facebook Penn94,highest_degree,10,0.02,402,19413,14
Facebook Penn94,highest_degree,10,0.02,403,19279,15
Facebook Penn94,highest_degree,10,0.02,404,19505,13
Facebook Penn94,highest_degree,10,0.02,405,19488,15
Facebook Penn94,highest_degree,10,0.02,406,19194,14
Facebook Penn94,highest_degree,10,0.02,407,19849,15
Facebook Penn94,highest_degree,10,0.02,408,19498,13
Facebook Penn94,highest_degree,10,0.02,409,19286,16
Facebook Penn94,highest_degree,10,0.02,410,19417,14
Facebook Penn94,highest_degree,10,0.02,411,19616,15
Facebook Penn94,highest_degree,10,0.02,412,19487,14
Facebook Penn94,highest_degree,10,0.02,413,19515,14
Facebook Penn94,highest_degree,10,0.02,414,19622,14
Facebook Penn94,highest_degree,10,0.02,415,19459,14
Facebook Penn94,highest_degree,10,0.02,416,19634,15
Facebook Penn94,highest_degree,10,0.02,417,19676,17
Facebook Penn94,highest_degree,10,0.02,418,19546,16
Facebook Penn94,highest_degree,10,0.02,419,19483,17
Facebook Penn94,highest_degree,10,0.02,420,19541,14
Facebook Penn94,highest_degree,10,0.02,421,19469,15
Facebook Penn94,highest_degree,10,0.02,422,19556,15
Facebook Penn94,highest_degree,10,0.02,423,19772,15
Facebook Penn94,highest_degree,10,0.02,424,19484,15
Facebook Penn94,highest_degree,10,0.02,425,19592,17
Facebook Penn94,highest_degree,10,0.02,426,19671,15
Facebook Penn94,highest_degree,10,0.02,427,19640,14
Facebook Penn94,highest_degree,10,0.02,428,19441,16
Facebook Penn94,highest_degree,10,0.02,429,19705,14
Facebook Penn94,highest_degree,10,0.02,430,19460,15
Facebook Penn94,highest_degree,10,0.02,431,19586,16
Facebook Penn94,highest_degree,10,0.02,432,19560,16
Facebook Penn94,highest_degree,10,0.02,433,19499,18
Facebook Penn94,highest_degree,10,0.02,434,19566,16
Facebook Penn94,highest_degree,10,0.02,435,19522,16
Facebook Penn94,highest_degree,10,0.02,436,19610,16
Facebook Penn94,highest_degree,10,0.02,437,19412,17
Facebook Penn94,highest_degree,10,0.02,438,19695,15
Facebook Penn94,highest_degree,10,0.02,439,19184,16
Facebook Penn94,highest_degree,10,0.02,440,19702,17
Facebook Penn94,highest_degree,10,0.02,441,19936,15
Facebook Penn94,highest_degree,10,0.02,442,19581,16
Facebook Penn94,highest_degree,10,0.02,443,19274,15
Facebook Penn94,highest_degree,10,0.02,444,19712,16
Facebook Penn94,highest_degree,10,0.02,445,19647,15
Facebook Penn94,highest_degree,10,0.02,446,19669,14
Facebook Penn94,highest_degree,10,0.02,447,19442,21
Facebook Penn94,highest_degree,10,0.02,448,19524,14
Facebook Penn94,highest_degree,10,0.02,449,19423,15
Facebook Penn94,highest_degree,10,0.02,450,19689,19
Facebook Penn94,highest_degree,10,0.02,451,19402,15
Facebook Penn94,highest_degree,10,0.02,452,19414,14
Facebook Penn94,highest_degree,10,0.02,453,19502,20
Facebook Penn94,highest_degree,10,0.02,454,19525,16
Facebook Penn94,highest_degree,10,0.02,455,19588,15
Facebook Penn94,highest_degree,10,0.02,456,19274,16
Facebook Penn94,highest_degree,10,0.02,457,19662,15
Facebook Penn94,highest_degree,10,0.02,458,19650,17
Facebook Penn94,highest_degree,10,0.02,459,19631,19
Facebook Penn94,highest_degree,10,0.02,460,19701,14
Facebook Penn94,highest_degree,10,0.02,461,19418,14
Facebook Penn94,highest_degree,10,0.02,462,19626,14
Facebook Penn94,highest_degree,10,0.02,463,19497,16
Facebook Penn94,highest_degree,10,0.02,464,19522,18
Facebook Penn94,highest_degree,10,0.02,465,19511,16
Facebook Penn94,highest_degree,10,0.02,466,19542,18
Facebook Penn94,highest_degree,10,0.02,467,19619,15
Facebook Penn94,highest_degree,10,0.02,468,19775,17
Facebook Penn94,highest_degree,10,0.02,469,19683,16
Facebook Penn94,highest_degree,10,0.02,470,19680,13
Facebook Penn94,highest_degree,10,0.02,471,19612,15
Facebook Penn94,highest_degree,10,0.02,472,19436,15
Facebook Penn94,highest_degree,10,0.02,473,19426,15
Facebook Penn94,highest_degree,10,0.02,474,19319,17
Facebook Penn94,highest_degree,10,0.02,475,19674,20
Facebook Penn94,highest_degree,10,0.02,476,19444,16
Facebook Penn94,highest_degree,10,0.02,477,19657,15
Facebook Penn94,highest_degree,10,0.02,478,19309,15
Facebook Penn94,highest_degree,10,0.02,479,19554,15
Facebook Penn94,highest_degree,10,0.02,480,19492,14
Facebook Penn94,highest_degree,10,0.02,481,19756,16
Facebook Penn94,highest_degree,10,0.02,482,19695,17
Facebook Penn94,highest_degree,10,0.02,483,19954,15
Facebook Penn94,highest_degree,10,0.02,484,19493,19
Facebook Penn94,highest_degree,10,0.02,485,19625,15
Facebook Penn94,highest_degree,10,0.02,486,19571,16
Facebook Penn94,highest_degree,10,0.02,487,19490,14
Facebook Penn94,highest_degree,10,0.02,488,19723,16
Facebook Penn94,highest_degree,10,0.02,489,19719,14
Facebook Penn94,highest_degree,10,0.02,490,19557,17
Facebook Penn94,highest_degree,10,0.02,491,19616,15
Facebook Penn94,highest_degree,10,0.02,492,19356,14
Facebook Penn94,highest_degree,10,0.02,493,19486,15
Facebook Penn94,highest_degree,10,0.02,494,19589,22
Facebook Penn94,highest_degree,10,0.02,495,19420,17
Facebook Penn94,highest_degree,10,0.02,496,19311,15
Facebook Penn94,highest_degree,10,0.02,497,19400,17
Facebook Penn94,highest_degree,10,0.02,498,19505,14
Facebook Penn94,highest_degree,10,0.02,499,19700,18
Facebook Penn94,highest_degree,10,0.02,500,19642,16
Facebook Penn94,highest_degree,10,0.02,501,19528,16
Facebook Penn94,highest_degree,10,0.02,502,19373,15
Facebook Penn94,highest_degree,10,0.02,503,19664,16
Facebook Penn94,highest_degree,10,0.02,504,19513,16
Facebook Penn94,highest_degree,10,0.02,505,19586,16
Facebook Penn94,highest_degree,10,0.02,506,19747,16
Facebook Penn94,highest_degree,10,0.02,507,19373,15
Facebook Penn94,highest_degree,10,0.02,508,19452,13
Facebook Penn94,highest_degree,10,0.02,509,19595,15
Facebook Penn94,highest_degree,10,0.02,510,19520,18
Facebook Penn94,highest_degree,10,0.02,511,19442,17
Facebook Penn94,highest_degree,10,0.02,512,19284,16
Facebook Penn94,highest_degree,10,0.02,513,19783,18
Facebook Penn94,highest_degree,10,0.02,514,19760,15
Facebook Penn94,highest_degree,10,0.02,515,19300,14
Facebook Penn94,highest_degree,10,0.02,516,19693,14
Facebook Penn94,highest_degree,10,0.02,517,19581,15
Facebook Penn94,highest_degree,10,0.02,518,19455,14
Facebook Penn94,highest_degree,10,0.02,519,19446,14
Facebook Penn94,highest_degree,10,0.02,520,19616,15
Facebook Penn94,highest_degree,10,0.02,521,19829,15
Facebook Penn94,highest_degree,10,0.02,522,19469,17
Facebook Penn94,highest_degree,10,0.02,523,19476,14
Facebook Penn94,highest_degree,10,0.02,524,19684,19
Facebook Penn94,highest_degree,10,0.02,525,19605,16
Facebook Penn94,highest_degree,10,0.02,526,19333,16
Facebook Penn94,highest_degree,10,0.02,527,19518,19
Facebook Penn94,highest_degree,10,0.02,528,19318,15
Facebook Penn94,highest_degree,10,0.02,529,19513,15
Facebook Penn94,highest_degree,10,0.02,530,19615,14
Facebook Penn94,highest_degree,10,0.02,531,19559,15
Facebook Penn94,highest_degree,10,0.02,532,19440,15
Facebook Penn94,highest_degree,10,0.02,533,19313,15
Facebook Penn94,highest_degree,10,0.02,534,19482,14
Facebook Penn94,highest_degree,10,0.02,535,19532,13
Facebook Penn94,highest_degree,10,0.02,536,19132,16
Facebook Penn94,highest_degree,10,0.02,537,19313,17
Facebook Penn94,highest_degree,10,0.02,538,19768,15
Facebook Penn94,highest_degree,10,0.02,539,19639,16
Facebook Penn94,highest_degree,10,0.02,540,19558,17
Facebook Penn94,highest_degree,10,0.02,541,19615,15
Facebook Penn94,highest_degree,10,0.02,542,19659,15
Facebook Penn94,highest_degree,10,0.02,543,19664,15
Facebook Penn94,highest_degree,10,0.02,544,19391,14
Facebook Penn94,highest_degree,10,0.02,545,19585,15
Facebook Penn94,highest_degree,10,0.02,546,19471,13
Facebook Penn94,highest_degree,10,0.02,547,19486,14
Facebook Penn94,highest_degree,10,0.02,548,19510,15
Facebook Penn94,highest_degree,10,0.02,549,19574,13
Facebook Penn94,highest_degree,10,0.02,550,19532,16
Facebook Penn94,highest_degree,10,0.02,551,19504,16
Facebook Penn94,highest_degree,10,0.02,552,19248,16
Facebook Penn94,highest_degree,10,0.02,553,19494,16
Facebook Penn94,highest_degree,10,0.02,554,19372,15
Facebook Penn94,highest_degree,10,0.02,555,19594,14
Facebook Penn94,highest_degree,10,0.02,556,19552,15
Facebook Penn94,highest_degree,10,0.02,557,19406,15
Facebook Penn94,highest_degree,10,0.02,558,19514,15
Facebook Penn94,highest_degree,10,0.02,559,19863,15
Facebook Penn94,highest_degree,10,0.02,560,19478,13
Facebook Penn94,highest_degree,10,0.02,561,19535,13
Facebook Penn94,highest_degree,10,0.02,562,19559,15
Facebook Penn94,highest_degree,10,0.02,563,19401,18
Facebook Penn94,highest_degree,10,0.02,564,19692,16
Facebook Penn94,highest_degree,10,0.02,565,19349,15
Facebook Penn94,highest_degree,10,0.02,566,19521,15
Facebook Penn94,highest_degree,10,0.02,567,19528,15
Facebook Penn94,highest_degree,10,0.02,568,19583,16
Facebook Penn94,highest_degree,10,0.02,569,19600,15
Facebook Penn94,highest_degree,10,0.02,570,19663,14
Facebook Penn94,highest_degree,10,0.02,571,19275,15
Facebook Penn94,highest_degree,10,0.02,572,19477,17
Facebook Penn94,highest_degree,10,0.02,573,19606,16
Facebook Penn94,highest_degree,10,0.02,574,19541,16
Facebook Penn94,highest_degree,10,0.02,575,19572,16
Facebook Penn94,highest_degree,10,0.02,576,19543,14
Facebook Penn94,highest_degree,10,0.02,577,19821,16
Facebook Penn94,highest_degree,10,0.02,578,19658,14
Facebook Penn94,highest_degree,10,0.02,579,19821,15
Facebook Penn94,highest_degree,10,0.02,580,19474,14
Facebook Penn94,highest_degree,10,0.02,581,19515,13
Facebook Penn94,highest_degree,10,0.02,582,19427,16
Facebook Penn94,highest_degree,10,0.02,583,19559,14
Facebook Penn94,highest_degree,10,0.02,584,19418,14
Facebook Penn94,highest_degree,10,0.02,585,19671,17
Facebook Penn94,highest_degree,10,0.02,586,19580,14
Facebook Penn94,highest_degree,10,0.02,587,19506,17
Facebook Penn94,highest_degree,10,0.02,588,19722,16
Facebook Penn94,highest_degree,10,0.02,589,19629,15
Facebook Penn94,highest_degree,10,0.02,590,19911,16
Facebook Penn94,highest_degree,10,0.02,591,19510,15
Facebook Penn94,highest_degree,10,0.02,592,19540,15
Facebook Penn94,highest_degree,10,0.02,593,19757,17
Facebook Penn94,highest_degree,10,0.02,594,19549,13
Facebook Penn94,highest_degree,10,0.02,595,19246,16
Facebook Penn94,highest_degree,10,0.02,596,19603,16
Facebook Penn94,highest_degree,10,0.02,597,19632,15
Facebook Penn94,highest_degree,10,0.02,598,19587,16
Facebook Penn94,highest_degree,10,0.02,599,19749,14
Facebook Penn94,highest_degree,10,0.02,600,19463,15
Facebook Penn94,highest_degree,10,0.02,601,19699,18
Facebook Penn94,highest_degree,10,0.02,602,19714,15
Facebook Penn94,highest_degree,10,0.02,603,19318,17
Facebook Penn94,highest_degree,10,0.02,604,19589,17
Facebook Penn94,highest_degree,10,0.02,605,19325,17
Facebook Penn94,highest_degree,10,0.02,606,19662,14
Facebook Penn94,highest_degree,10,0.02,607,19473,14
Facebook Penn94,highest_degree,10,0.02,608,19715,14
Facebook Penn94,highest_degree,10,0.02,609,19483,15
Facebook Penn94,highest_degree,10,0.02,610,19580,15
Facebook Penn94,highest_degree,10,0.02,611,19574,13
Facebook Penn94,highest_degree,10,0.02,612,19639,15
Facebook Penn94,highest_degree,10,0.02,613,19615,16
Facebook Penn94,highest_degree,10,0.02,614,19547,14
Facebook Penn94,highest_degree,10,0.02,615,19627,14
Facebook Penn94,highest_degree,10,0.02,616,19437,15
Facebook Penn94,highest_degree,10,0.02,617,19572,14
Facebook Penn94,highest_degree,10,0.02,618,19697,18
Facebook Penn94,highest_degree,10,0.02,619,19541,15
Facebook Penn94,highest_degree,10,0.02,620,19488,14
Facebook Penn94,highest_degree,10,0.02,621,19254,19
Facebook Penn94,highest_degree,10,0.02,622,19307,18
Facebook Penn94,highest_degree,10,0.02,623,19733,15
Facebook Penn94,highest_degree,10,0.02,624,19466,14
Facebook Penn94,highest_degree,10,0.02,625,19589,15
Facebook Penn94,highest_degree,10,0.02,626,19629,15
Facebook Penn94,highest_degree,10,0.02,627,19416,14
Facebook Penn94,highest_degree,10,0.02,628,19516,13
Facebook Penn94,highest_degree,10,0.02,629,19608,16
Facebook Penn94,highest_degree,10,0.02,630,19489,14
Facebook Penn94,highest_degree,10,0.02,631,19691,16
Facebook Penn94,highest_degree,10,0.02,632,19457,14
Facebook Penn94,highest_degree,10,0.02,633,19417,14
Facebook Penn94,highest_degree,10,0.02,634,19304,14
Facebook Penn94,highest_degree,10,0.02,635,19496,14
Facebook Penn94,highest_degree,10,0.02,636,19438,16
Facebook Penn94,highest_degree,10,0.02,637,19795,18
Facebook Penn94,highest_degree,10,0.02,638,19677,14
Facebook Penn94,highest_degree,10,0.02,639,19491,13
Facebook Penn94,highest_degree,10,0.02,640,19744,18
Facebook Penn94,highest_degree,10,0.02,641,19520,14
Facebook Penn94,highest_degree,10,0.02,642,19495,16
Facebook Penn94,highest_degree,10,0.02,643,19408,15
Facebook Penn94,highest_degree,10,0.02,644,19370,16
Facebook Penn94,highest_degree,10,0.02,645,19639,14
Facebook Penn94,highest_degree,10,0.02,646,19649,14
Facebook Penn94,highest_degree,10,0.02,647,19657,15
Facebook Penn94,highest_degree,10,0.02,648,19444,15
Facebook Penn94,highest_degree,10,0.02,649,19435,18
Facebook Penn94,highest_degree,10,0.02,650,19745,14
Facebook Penn94,highest_degree,10,0.02,651,19453,19
Facebook Penn94,highest_degree,10,0.02,652,19382,16
Facebook Penn94,highest_degree,10,0.02,653,19463,18
Facebook Penn94,highest_degree,10,0.02,654,19598,15
Facebook Penn94,highest_degree,10,0.02,655,19424,15
Facebook Penn94,highest_degree,10,0.02,656,19733,14
Facebook Penn94,highest_degree,10,0.02,657,19394,17
Facebook Penn94,highest_degree,10,0.02,658,19675,18
Facebook Penn94,highest_degree,10,0.02,659,19556,14
Facebook Penn94,highest_degree,10,0.02,660,19586,15
Facebook Penn94,highest_degree,10,0.02,661,19729,15
Facebook Penn94,highest_degree,10,0.02,662,19871,15
Facebook Penn94,highest_degree,10,0.02,663,19259,19
Facebook Penn94,highest_degree,10,0.02,664,19474,14
Facebook Penn94,highest_degree,10,0.02,665,19612,16
Facebook Penn94,highest_degree,10,0.02,666,19713,13
Facebook Penn94,highest_degree,10,0.02,667,19277,15
Facebook Penn94,highest_degree,10,0.02,668,19700,13
Facebook Penn94,highest_degree,10,0.02,669,19476,15
Facebook Penn94,highest_degree,10,0.02,670,19297,14
Facebook Penn94,highest_degree,10,0.02,671,19578,17
Facebook Penn94,highest_degree,10,0.02,672,19538,18
Facebook Penn94,highest_degree,10,0.02,673,19424,16
Facebook Penn94,highest_degree,10,0.02,674,19420,14
Facebook Penn94,highest_degree,10,0.02,675,19508,16
Facebook Penn94,highest_degree,10,0.02,676,19509,14
Facebook Penn94,highest_degree,10,0.02,677,19327,16
Facebook Penn94,highest_degree,10,0.02,678,19693,15
Facebook Penn94,highest_degree,10,0.02,679,19724,14
Facebook Penn94,highest_degree,10,0.02,680,19575,14
Facebook Penn94,highest_degree,10,0.02,681,19731,16
Facebook Penn94,highest_degree,10,0.02,682,19637,18
Facebook Penn94,highest_degree,10,0.02,683,19366,14
Facebook Penn94,highest_degree,10,0.02,684,19543,16
Facebook Penn94,highest_degree,10,0.02,685,19469,17
Facebook Penn94,highest_degree,10,0.02,686,19446,16
Facebook Penn94,highest_degree,10,0.02,687,19786,14
Facebook Penn94,highest_degree,10,0.02,688,19582,16
Facebook Penn94,highest_degree,10,0.02,689,19615,15
Facebook Penn94,highest_degree,10,0.02,690,19323,16
Facebook Penn94,highest_degree,10,0.02,691,19313,16
Facebook Penn94,highest_degree,10,0.02,692,19650,14
Facebook Penn94,highest_degree,10,0.02,693,19667,16
Facebook Penn94,highest_degree,10,0.02,694,19505,16
Facebook Penn94,highest_degree,10,0.02,695,19274,15
Facebook Penn94,highest_degree,10,0.02,696,19499,17
Facebook Penn94,highest_degree,10,0.02,697,19383,14
Facebook Penn94,highest_degree,10,0.02,698,19622,15
Facebook Penn94,highest_degree,10,0.02,699,19577,14
Facebook Penn94,highest_degree,10,0.02,700,19462,16
Facebook Penn94,highest_degree,10,0.02,701,19395,15
Facebook Penn94,highest_degree,10,0.02,702,19605,13
Facebook Penn94,highest_degree,10,0.02,703,19599,17
Facebook Penn94,highest_degree,10,0.02,704,19260,15
Facebook Penn94,highest_degree,10,0.02,705,19519,13
Facebook Penn94,highest_degree,10,0.02,706,19565,15
Facebook Penn94,highest_degree,10,0.02,707,19606,16
Facebook Penn94,highest_degree,10,0.02,708,19395,18
Facebook Penn94,highest_degree,10,0.02,709,19407,16
Facebook Penn94,highest_degree,10,0.02,710,19537,16
Facebook Penn94,highest_degree,10,0.02,711,19729,18
Facebook Penn94,highest_degree,10,0.02,712,19479,14
Facebook Penn94,highest_degree,10,0.02,713,19348,14
Facebook Penn94,highest_degree,10,0.02,714,19533,15
Facebook Penn94,highest_degree,10,0.02,715,19526,15
Facebook Penn94,highest_degree,10,0.02,716,19313,15
Facebook Penn94,highest_degree,10,0.02,717,19553,15
Facebook Penn94,highest_degree,10,0.02,718,19519,20
Facebook Penn94,highest_degree,10,0.02,719,19196,14
Facebook Penn94,highest_degree,10,0.02,720,19782,16
Facebook Penn94,highest_degree,10,0.02,721,19385,14
Facebook Penn94,highest_degree,10,0.02,722,19615,15
Facebook Penn94,highest_degree,10,0.02,723,19462,14
Facebook Penn94,highest_degree,10,0.02,724,19422,16
Facebook Penn94,highest_degree,10,0.02,725,19550,15
Facebook Penn94,highest_degree,10,0.02,726,19454,14
Facebook Penn94,highest_degree,10,0.02,727,19453,15
Facebook Penn94,highest_degree,10,0.02,728,19606,14
Facebook Penn94,highest_degree,10,0.02,729,19552,14
Facebook Penn94,highest_degree,10,0.02,730,19516,15
Facebook Penn94,highest_degree,10,0.02,731,19574,15
Facebook Penn94,highest_degree,10,0.02,732,19684,14
Facebook Penn94,highest_degree,10,0.02,733,19263,15
Facebook Penn94,highest_degree,10,0.02,734,19485,14
Facebook Penn94,highest_degree,10,0.02,735,19413,16
Facebook Penn94,highest_degree,10,0.02,736,19513,16
Facebook Penn94,highest_degree,10,0.02,737,19468,14
Facebook Penn94,highest_degree,10,0.02,738,19465,15
Facebook Penn94,highest_degree,10,0.02,739,19622,14
Facebook Penn94,highest_degree,10,0.02,740,19709,14
Facebook Penn94,highest_degree,10,0.02,741,19184,18
Facebook Penn94,highest_degree,10,0.02,742,19704,15
Facebook Penn94,highest_degree,10,0.02,743,19656,16
Facebook Penn94,highest_degree,10,0.02,744,19443,14
Facebook Penn94,highest_degree,10,0.02,745,19590,15
Facebook Penn94,highest_degree,10,0.02,746,19470,18
Facebook Penn94,highest_degree,10,0.02,747,19475,14
Facebook Penn94,highest_degree,10,0.02,748,19651,13
Facebook Penn94,highest_degree,10,0.02,749,19516,20
Facebook Penn94,highest_degree,10,0.02,750,19739,15
Facebook Penn94,highest_degree,10,0.02,751,19400,14
Facebook Penn94,highest_degree,10,0.02,752,19539,15
Facebook Penn94,highest_degree,10,0.02,753,19332,14
Facebook Penn94,highest_degree,10,0.02,754,19606,15
Facebook Penn94,highest_degree,10,0.02,755,19423,14
Facebook Penn94,highest_degree,10,0.02,756,19535,14
Facebook Penn94,highest_degree,10,0.02,757,19382,17
Facebook Penn94,highest_degree,10,0.02,758,19786,15
Facebook Penn94,highest_degree,10,0.02,759,19444,15
Facebook Penn94,highest_degree,10,0.02,760,19422,17
Facebook Penn94,highest_degree,10,0.02,761,19885,17
Facebook Penn94,highest_degree,10,0.02,762,19520,13
Facebook Penn94,highest_degree,10,0.02,763,19437,16
Facebook Penn94,highest_degree,10,0.02,764,19501,15
Facebook Penn94,highest_degree,10,0.02,765,19527,18
Facebook Penn94,highest_degree,10,0.02,766,19584,17
Facebook Penn94,highest_degree,10,0.02,767,19461,16
Facebook Penn94,highest_degree,10,0.02,768,19542,15
Facebook Penn94,highest_degree,10,0.02,769,19669,17
Facebook Penn94,highest_degree,10,0.02,770,19744,15
Facebook Penn94,highest_degree,10,0.02,771,19501,15
Facebook Penn94,highest_degree,10,0.02,772,19547,15
Facebook Penn94,highest_degree,10,0.02,773,19581,15
Facebook Penn94,highest_degree,10,0.02,774,19465,14
Facebook Penn94,highest_degree,10,0.02,775,19688,17
Facebook Penn94,highest_degree,10,0.02,776,19805,16
Facebook Penn94,highest_degree,10,0.02,777,19515,14
Facebook Penn94,highest_degree,10,0.02,778,19303,14
Facebook Penn94,highest_degree,10,0.02,779,19646,14
Facebook Penn94,highest_degree,10,0.02,780,19792,15
Facebook Penn94,highest_degree,10,0.02,781,19461,14
Facebook Penn94,highest_degree,10,0.02,782,19525,15
Facebook Penn94,highest_degree,10,0.02,783,19384,14
Facebook Penn94,highest_degree,10,0.02,784,19399,14
Facebook Penn94,highest_degree,10,0.02,785,19548,14
Facebook Penn94,highest_degree,10,0.02,786,19540,17
Facebook Penn94,highest_degree,10,0.02,787,19708,15
Facebook Penn94,highest_degree,10,0.02,788,19633,14
Facebook Penn94,highest_degree,10,0.02,789,19401,17
Facebook Penn94,highest_degree,10,0.02,790,19463,16
Facebook Penn94,highest_degree,10,0.02,791,19455,14
Facebook Penn94,highest_degree,10,0.02,792,19492,15
Facebook Penn94,highest_degree,10,0.02,793,19495,15
Facebook Penn94,highest_degree,10,0.02,794,19484,15
Facebook Penn94,highest_degree,10,0.02,795,19437,15
Facebook Penn94,highest_degree,10,0.02,796,19706,13
Facebook Penn94,highest_degree,10,0.02,797,19407,15
Facebook Penn94,highest_degree,10,0.02,798,19476,15
Facebook Penn94,highest_degree,10,0.02,799,19627,17
Facebook Penn94,highest_degree,10,0.02,800,19587,14
Facebook Penn94,highest_degree,10,0.02,801,19573,17
Facebook Penn94,highest_degree,10,0.02,802,19597,16
Facebook Penn94,highest_degree,10,0.02,803,19677,15
Facebook Penn94,highest_degree,10,0.02,804,19367,13
Facebook Penn94,highest_degree,10,0.02,805,19435,14
Facebook Penn94,highest_degree,10,0.02,806,19672,17
Facebook Penn94,highest_degree,10,0.02,807,19682,15
Facebook Penn94,highest_degree,10,0.02,808,19579,15
Facebook Penn94,highest_degree,10,0.02,809,19350,17
Facebook Penn94,highest_degree,10,0.02,810,19411,15
Facebook Penn94,highest_degree,10,0.02,811,19202,15
Facebook Penn94,highest_degree,10,0.02,812,19430,14
Facebook Penn94,highest_degree,10,0.02,813,19715,15
Facebook Penn94,highest_degree,10,0.02,814,19529,16
Facebook Penn94,highest_degree,10,0.02,815,19429,20
Facebook Penn94,highest_degree,10,0.02,816,19582,18
Facebook Penn94,highest_degree,10,0.02,817,19578,16
Facebook Penn94,highest_degree,10,0.02,818,19546,17
Facebook Penn94,highest_degree,10,0.02,819,19429,17
Facebook Penn94,highest_degree,10,0.02,820,19581,16
Facebook Penn94,highest_degree,10,0.02,821,19613,14
Facebook Penn94,highest_degree,10,0.02,822,19171,15
Facebook Penn94,highest_degree,10,0.02,823,19291,15
Facebook Penn94,highest_degree,10,0.02,824,19553,16
Facebook Penn94,highest_degree,10,0.02,825,19326,14
Facebook Penn94,highest_degree,10,0.02,826,19909,16
Facebook Penn94,highest_degree,10,0.02,827,19539,15
Facebook Penn94,highest_degree,10,0.02,828,19753,23
Facebook Penn94,highest_degree,10,0.02,829,19645,17
Facebook Penn94,highest_degree,10,0.02,830,19464,16
Facebook Penn94,highest_degree,10,0.02,831,19316,15
Facebook Penn94,highest_degree,10,0.02,832,19607,15
Facebook Penn94,highest_degree,10,0.02,833,19562,13
Facebook Penn94,highest_degree,10,0.02,834,19535,14
Facebook Penn94,highest_degree,10,0.02,835,19333,16
Facebook Penn94,highest_degree,10,0.02,836,19765,14
Facebook Penn94,highest_degree,10,0.02,837,19565,14
Facebook Penn94,highest_degree,10,0.02,838,19301,16
Facebook Penn94,highest_degree,10,0.02,839,19438,16
Facebook Penn94,highest_degree,10,0.02,840,19657,15
Facebook Penn94,highest_degree,10,0.02,841,19440,15
Facebook Penn94,highest_degree,10,0.02,842,19486,16
Facebook Penn94,highest_degree,10,0.02,843,19476,15
Facebook Penn94,highest_degree,10,0.02,844,19478,15
Facebook Penn94,highest_degree,10,0.02,845,19386,15
Facebook Penn94,highest_degree,10,0.02,846,19594,17
Facebook Penn94,highest_degree,10,0.02,847,19554,14
Facebook Penn94,highest_degree,10,0.02,848,19416,14
Facebook Penn94,highest_degree,10,0.02,849,19490,15
Facebook Penn94,highest_degree,10,0.02,850,19647,14
Facebook Penn94,highest_degree,10,0.02,851,19529,15
Facebook Penn94,highest_degree,10,0.02,852,19588,14
Facebook Penn94,highest_degree,10,0.02,853,19380,14
Facebook Penn94,highest_degree,10,0.02,854,19665,14
Facebook Penn94,highest_degree,10,0.02,855,19325,14
Facebook Penn94,highest_degree,10,0.02,856,19283,16
Facebook Penn94,highest_degree,10,0.02,857,19482,14
Facebook Penn94,highest_degree,10,0.02,858,19529,15
Facebook Penn94,highest_degree,10,0.02,859,19565,16
Facebook Penn94,highest_degree,10,0.02,860,19508,14
Facebook Penn94,highest_degree,10,0.02,861,19578,13
Facebook Penn94,highest_degree,10,0.02,862,19652,15
Facebook Penn94,highest_degree,10,0.02,863,19666,13
Facebook Penn94,highest_degree,10,0.02,864,19492,15
Facebook Penn94,highest_degree,10,0.02,865,19800,14
Facebook Penn94,highest_degree,10,0.02,866,19461,13
Facebook Penn94,highest_degree,10,0.02,867,19451,15
Facebook Penn94,highest_degree,10,0.02,868,19716,16
Facebook Penn94,highest_degree,10,0.02,869,19483,17
Facebook Penn94,highest_degree,10,0.02,870,19683,16
Facebook Penn94,highest_degree,10,0.02,871,19289,16
Facebook Penn94,highest_degree,10,0.02,872,19456,17
Facebook Penn94,highest_degree,10,0.02,873,19170,17
Facebook Penn94,highest_degree,10,0.02,874,19447,15
Facebook Penn94,highest_degree,10,0.02,875,19897,18
Facebook Penn94,highest_degree,10,0.02,876,19844,14
Facebook Penn94,highest_degree,10,0.02,877,19552,15
Facebook Penn94,highest_degree,10,0.02,878,19453,16
Facebook Penn94,highest_degree,10,0.02,879,19592,16
Facebook Penn94,highest_degree,10,0.02,880,19486,15
Facebook Penn94,highest_degree,10,0.02,881,19427,18
Facebook Penn94,highest_degree,10,0.02,882,19705,14
Facebook Penn94,highest_degree,10,0.02,883,19584,13
Facebook Penn94,highest_degree,10,0.02,884,19550,14
Facebook Penn94,highest_degree,10,0.02,885,19453,17
Facebook Penn94,highest_degree,10,0.02,886,19647,14
Facebook Penn94,highest_degree,10,0.02,887,19298,13
Facebook Penn94,highest_degree,10,0.02,888,19626,18
Facebook Penn94,highest_degree,10,0.02,889,19476,14
Facebook Penn94,highest_degree,10,0.02,890,19745,15
Facebook Penn94,highest_degree,10,0.02,891,19602,16
Facebook Penn94,highest_degree,10,0.02,892,19777,18
Facebook Penn94,highest_degree,10,0.02,893,19512,16
Facebook Penn94,highest_degree,10,0.02,894,19356,15
Facebook Penn94,highest_degree,10,0.02,895,19514,14
Facebook Penn94,highest_degree,10,0.02,896,19511,16
Facebook Penn94,highest_degree,10,0.02,897,19494,15
Facebook Penn94,highest_degree,10,0.02,898,19636,16
Facebook Penn94,highest_degree,10,0.02,899,19560,15
Facebook Penn94,highest_degree,10,0.02,900,19309,16
Facebook Penn94,highest_degree,10,0.02,901,19632,17
Facebook Penn94,highest_degree,10,0.02,902,19814,16
Facebook Penn94,highest_degree,10,0.02,903,19715,16
Facebook Penn94,highest_degree,10,0.02,904,19490,14
Facebook Penn94,highest_degree,10,0.02,905,19509,15
Facebook Penn94,highest_degree,10,0.02,906,19614,15
Facebook Penn94,highest_degree,10,0.02,907,19572,16
Facebook Penn94,highest_degree,10,0.02,908,19541,18
Facebook Penn94,highest_degree,10,0.02,909,19648,14
Facebook Penn94,highest_degree,10,0.02,910,19850,14
Facebook Penn94,highest_degree,10,0.02,911,19512,15
Facebook Penn94,highest_degree,10,0.02,912,19430,15
Facebook Penn94,highest_degree,10,0.02,913,19654,16
Facebook Penn94,highest_degree,10,0.02,914,19517,15
Facebook Penn94,highest_degree,10,0.02,915,19378,14
Facebook Penn94,highest_degree,10,0.02,916,19416,15
Facebook Penn94,highest_degree,10,0.02,917,19448,17
Facebook Penn94,highest_degree,10,0.02,918,19561,13
Facebook Penn94,highest_degree,10,0.02,919,19410,14
Facebook Penn94,highest_degree,10,0.02,920,19459,17
Facebook Penn94,highest_degree,10,0.02,921,19704,15
Facebook Penn94,highest_degree,10,0.02,922,19553,14
Facebook Penn94,highest_degree,10,0.02,923,19234,15
Facebook Penn94,highest_degree,10,0.02,924,19590,16
Facebook Penn94,highest_degree,10,0.02,925,19593,14
Facebook Penn94,highest_degree,10,0.02,926,19508,14
Facebook Penn94,highest_degree,10,0.02,927,19377,16
Facebook Penn94,highest_degree,10,0.02,928,19491,14
Facebook Penn94,highest_degree,10,0.02,929,19327,15
Facebook Penn94,highest_degree,10,0.02,930,19275,14
Facebook Penn94,highest_degree,10,0.02,931,19667,14
Facebook Penn94,highest_degree,10,0.02,932,19743,14
Facebook Penn94,highest_degree,10,0.02,933,19617,13
Facebook Penn94,highest_degree,10,0.02,934,19644,16
Facebook Penn94,highest_degree,10,0.02,935,19297,18
Facebook Penn94,highest_degree,10,0.02,936,19560,16
Facebook Penn94,highest_degree,10,0.02,937,19469,14
Facebook Penn94,highest_degree,10,0.02,938,19488,15
Facebook Penn94,highest_degree,10,0.02,939,19638,15
Facebook Penn94,highest_degree,10,0.02,940,19534,18
Facebook Penn94,highest_degree,10,0.02,941,19662,14
Facebook Penn94,highest_degree,10,0.02,942,19604,17
Facebook Penn94,highest_degree,10,0.02,943,19617,15
Facebook Penn94,highest_degree,10,0.02,944,19478,15
Facebook Penn94,highest_degree,10,0.02,945,19614,14
Facebook Penn94,highest_degree,10,0.02,946,19421,15
Facebook Penn94,highest_degree,10,0.02,947,19621,16
Facebook Penn94,highest_degree,10,0.02,948,19582,17
Facebook Penn94,highest_degree,10,0.02,949,19337,16
Facebook Penn94,highest_degree,10,0.02,950,19566,15
Facebook Penn94,highest_degree,10,0.02,951,19575,14
Facebook Penn94,highest_degree,10,0.02,952,19789,13
Facebook Penn94,highest_degree,10,0.02,953,19736,14
Facebook Penn94,highest_degree,10,0.02,954,19618,15
Facebook Penn94,highest_degree,10,0.02,955,19618,17
Facebook Penn94,highest_degree,10,0.02,956,19531,18
Facebook Penn94,highest_degree,10,0.02,957,19706,15
Facebook Penn94,highest_degree,10,0.02,958,19718,16
Facebook Penn94,highest_degree,10,0.02,959,19410,15
Facebook Penn94,highest_degree,10,0.02,960,19442,15
Facebook Penn94,highest_degree,10,0.02,961,19602,15
Facebook Penn94,highest_degree,10,0.02,962,19445,16
Facebook Penn94,highest_degree,10,0.02,963,19446,16
Facebook Penn94,highest_degree,10,0.02,964,19153,14
Facebook Penn94,highest_degree,10,0.02,965,19645,16
Facebook Penn94,highest_degree,10,0.02,966,19637,15
Facebook Penn94,highest_degree,10,0.02,967,19552,15
Facebook Penn94,highest_degree,10,0.02,968,19668,15
Facebook Penn94,highest_degree,10,0.02,969,19577,16
Facebook Penn94,highest_degree,10,0.02,970,19476,15
Facebook Penn94,highest_degree,10,0.02,971,19699,14
Facebook Penn94,highest_degree,10,0.02,972,19576,13
Facebook Penn94,highest_degree,10,0.02,973,19529,16
Facebook Penn94,highest_degree,10,0.02,974,19473,14
Facebook Penn94,highest_degree,10,0.02,975,19495,13
Facebook Penn94,highest_degree,10,0.02,976,19414,15
Facebook Penn94,highest_degree,10,0.02,977,19558,17
Facebook Penn94,highest_degree,10,0.02,978,19419,17
Facebook Penn94,highest_degree,10,0.02,979,19290,16
Facebook Penn94,highest_degree,10,0.02,980,19516,15
Facebook Penn94,highest_degree,10,0.02,981,19638,16
Facebook Penn94,highest_degree,10,0.02,982,19638,15
Facebook Penn94,highest_degree,10,0.02,983,19568,14
Facebook Penn94,highest_degree,10,0.02,984,19500,16
Facebook Penn94,highest_degree,10,0.02,985,19674,14
Facebook Penn94,highest_degree,10,0.02,986,19405,14
Facebook Penn94,highest_degree,10,0.02,987,19466,15
Facebook Penn94,highest_degree,10,0.02,988,19396,15
Facebook Penn94,highest_degree,10,0.02,989,19776,14
Facebook Penn94,highest_degree,10,0.02,990,19757,15
Facebook Penn94,highest_degree,10,0.02,991,19359,17
Facebook Penn94,highest_degree,10,0.02,992,19461,15
Facebook Penn94,highest_degree,10,0.02,993,19734,16
Facebook Penn94,highest_degree,10,0.02,994,19446,16
Facebook Penn94,highest_degree,10,0.02,995,19358,16
Facebook Penn94,highest_degree,10,0.02,996,19523,16
Facebook Penn94,highest_degree,10,0.02,997,19458,15
Facebook Penn94,highest_degree,10,0.02,998,19843,15
Facebook Penn94,highest_degree,10,0.02,999,19495,15
Facebook Penn94,distance_greedy,2,0.02,0,19395,16
Facebook Penn94,distance_greedy,2,0.02,1,19411,17
Facebook Penn94,distance_greedy,2,0.02,2,19502,20
Facebook Penn94,distance_greedy,2,0.02,3,19650,18
Facebook Penn94,distance_greedy,2,0.02,4,19489,16
Facebook Penn94,distance_greedy,2,0.02,5,19484,15
Facebook Penn94,distance_greedy,2,0.02,6,19430,17
Facebook Penn94,distance_greedy,2,0.02,7,19721,15
Facebook Penn94,distance_greedy,2,0.02,8,19530,17
Facebook Penn94,distance_greedy,2,0.02,9,19685,16
Facebook Penn94,distance_greedy,2,0.02,10,19593,15
Facebook Penn94,distance_greedy,2,0.02,11,19662,15
Facebook Penn94,distance_greedy,2,0.02,12,19578,14
Facebook Penn94,distance_greedy,2,0.02,13,19635,16
Facebook Penn94,distance_greedy,2,0.02,14,19665,15
Facebook Penn94,distance_greedy,2,0.02,15,19649,17
Facebook Penn94,distance_greedy,2,0.02,16,19463,17
Facebook Penn94,distance_greedy,2,0.02,17,19575,18
Facebook Penn94,distance_greedy,2,0.02,18,19594,16
Facebook Penn94,distance_greedy,2,0.02,19,19384,17
Facebook Penn94,distance_greedy,2,0.02,20,19667,15
Facebook Penn94,distance_greedy,2,0.02,21,19566,16
Facebook Penn94,distance_greedy,2,0.02,22,19739,15
Facebook Penn94,distance_greedy,2,0.02,23,19623,17
Facebook Penn94,distance_greedy,2,0.02,24,19607,16
Facebook Penn94,distance_greedy,2,0.02,25,19488,21
Facebook Penn94,distance_greedy,2,0.02,26,19505,16
Facebook Penn94,distance_greedy,2,0.02,27,19390,16
Facebook Penn94,distance_greedy,2,0.02,28,19587,17
Facebook Penn94,distance_greedy,2,0.02,29,19628,16
Facebook Penn94,distance_greedy,2,0.02,30,19448,16
Facebook Penn94,distance_greedy,2,0.02,31,19606,17
Facebook Penn94,distance_greedy,2,0.02,32,19779,18
Facebook Penn94,distance_greedy,2,0.02,33,19755,17
Facebook Penn94,distance_greedy,2,0.02,34,19512,18
Facebook Penn94,distance_greedy,2,0.02,35,19404,17
Facebook Penn94,distance_greedy,2,0.02,36,19596,16
Facebook Penn94,distance_greedy,2,0.02,37,19373,15
Facebook Penn94,distance_greedy,2,0.02,38,19385,17
Facebook Penn94,distance_greedy,2,0.02,39,19650,15
Facebook Penn94,distance_greedy,2,0.02,40,19588,17
Facebook Penn94,distance_greedy,2,0.02,41,19595,17
Facebook Penn94,distance_greedy,2,0.02,42,19551,16
Facebook Penn94,distance_greedy,2,0.02,43,19387,14
Facebook Penn94,distance_greedy,2,0.02,44,19481,17
Facebook Penn94,distance_greedy,2,0.02,45,19445,17
Facebook Penn94,distance_greedy,2,0.02,46,19607,16
Facebook Penn94,distance_greedy,2,0.02,47,19587,18
Facebook Penn94,distance_greedy,2,0.02,48,19767,16
Facebook Penn94,distance_greedy,2,0.02,49,19624,17
Facebook Penn94,distance_greedy,2,0.02,50,19232,18
Facebook Penn94,distance_greedy,2,0.02,51,19927,15
Facebook Penn94,distance_greedy,2,0.02,52,19698,18
Facebook Penn94,distance_greedy,2,0.02,53,19675,16
Facebook Penn94,distance_greedy,2,0.02,54,19503,18
Facebook Penn94,distance_greedy,2,0.02,55,19582,16
Facebook Penn94,distance_greedy,2,0.02,56,19480,17
Facebook Penn94,distance_greedy,2,0.02,57,19401,17
Facebook Penn94,distance_greedy,2,0.02,58,19323,17
Facebook Penn94,distance_greedy,2,0.02,59,19446,16
Facebook Penn94,distance_greedy,2,0.02,60,19679,19
Facebook Penn94,distance_greedy,2,0.02,61,19376,16
Facebook Penn94,distance_greedy,2,0.02,62,19571,16
Facebook Penn94,distance_greedy,2,0.02,63,19423,15
Facebook Penn94,distance_greedy,2,0.02,64,19571,15
Facebook Penn94,distance_greedy,2,0.02,65,19569,16
Facebook Penn94,distance_greedy,2,0.02,66,19373,15
Facebook Penn94,distance_greedy,2,0.02,67,19471,15
Facebook Penn94,distance_greedy,2,0.02,68,19512,16
Facebook Penn94,distance_greedy,2,0.02,69,19646,17
Facebook Penn94,distance_greedy,2,0.02,70,19271,20
Facebook Penn94,distance_greedy,2,0.02,71,19647,16
Facebook Penn94,distance_greedy,2,0.02,72,19556,16
Facebook Penn94,distance_greedy,2,0.02,73,19643,16
Facebook Penn94,distance_greedy,2,0.02,74,19528,18
Facebook Penn94,distance_greedy,2,0.02,75,19605,17
Facebook Penn94,distance_greedy,2,0.02,76,19704,16
Facebook Penn94,distance_greedy,2,0.02,77,19577,15
Facebook Penn94,distance_greedy,2,0.02,78,19436,20
Facebook Penn94,distance_greedy,2,0.02,79,19698,17
Facebook Penn94,distance_greedy,2,0.02,80,19398,18
Facebook Penn94,distance_greedy,2,0.02,81,19393,18
Facebook Penn94,distance_greedy,2,0.02,82,19911,16
Facebook Penn94,distance_greedy,2,0.02,83,19510,17
Facebook Penn94,distance_greedy,2,0.02,84,19540,16
Facebook Penn94,distance_greedy,2,0.02,85,19475,16
Facebook Penn94,distance_greedy,2,0.02,86,19369,18
Facebook Penn94,distance_greedy,2,0.02,87,19818,16
Facebook Penn94,distance_greedy,2,0.02,88,19431,15
Facebook Penn94,distance_greedy,2,0.02,89,19242,16
Facebook Penn94,distance_greedy,2,0.02,90,19572,17
Facebook Penn94,distance_greedy,2,0.02,91,19279,15
Facebook Penn94,distance_greedy,2,0.02,92,19581,17
Facebook Penn94,distance_greedy,2,0.02,93,19741,15
Facebook Penn94,distance_greedy,2,0.02,94,19502,19
Facebook Penn94,distance_greedy,2,0.02,95,19645,16
Facebook Penn94,distance_greedy,2,0.02,96,19433,16
Facebook Penn94,distance_greedy,2,0.02,97,19594,16
Facebook Penn94,distance_greedy,2,0.02,98,19388,16
Facebook Penn94,distance_greedy,2,0.02,99,19367,17
Facebook Penn94,distance_greedy,2,0.02,100,19358,15
Facebook Penn94,distance_greedy,2,0.02,101,19439,19
Facebook Penn94,distance_greedy,2,0.02,102,19549,15
Facebook Penn94,distance_greedy,2,0.02,103,19398,20
Facebook Penn94,distance_greedy,2,0.02,104,19428,19
Facebook Penn94,distance_greedy,2,0.02,105,19415,16
Facebook Penn94,distance_greedy,2,0.02,106,19509,17
Facebook Penn94,distance_greedy,2,0.02,107,19509,15
Facebook Penn94,distance_greedy,2,0.02,108,19530,16
Facebook Penn94,distance_greedy,2,0.02,109,19418,16
Facebook Penn94,distance_greedy,2,0.02,110,19361,15
Facebook Penn94,distance_greedy,2,0.02,111,19713,17
Facebook Penn94,distance_greedy,2,0.02,112,19580,16
Facebook Penn94,distance_greedy,2,0.02,113,19463,14
Facebook Penn94,distance_greedy,2,0.02,114,19488,16
Facebook Penn94,distance_greedy,2,0.02,115,19755,15
Facebook Penn94,distance_greedy,2,0.02,116,19481,17
Facebook Penn94,distance_greedy,2,0.02,117,19566,16
Facebook Penn94,distance_greedy,2,0.02,118,19594,15
Facebook Penn94,distance_greedy,2,0.02,119,19605,15
Facebook Penn94,distance_greedy,2,0.02,120,19407,16
Facebook Penn94,distance_greedy,2,0.02,121,19570,18
Facebook Penn94,distance_greedy,2,0.02,122,19736,20
Facebook Penn94,distance_greedy,2,0.02,123,19407,16
Facebook Penn94,distance_greedy,2,0.02,124,19450,20
Facebook Penn94,distance_greedy,2,0.02,125,19421,17
Facebook Penn94,distance_greedy,2,0.02,126,19309,16
Facebook Penn94,distance_greedy,2,0.02,127,19297,18
Facebook Penn94,distance_greedy,2,0.02,128,19475,15
Facebook Penn94,distance_greedy,2,0.02,129,19375,17
Facebook Penn94,distance_greedy,2,0.02,130,19616,16
Facebook Penn94,distance_greedy,2,0.02,131,19340,16
Facebook Penn94,distance_greedy,2,0.02,132,19484,17
Facebook Penn94,distance_greedy,2,0.02,133,19182,16
Facebook Penn94,distance_greedy,2,0.02,134,19442,17
Facebook Penn94,distance_greedy,2,0.02,135,19536,15
Facebook Penn94,distance_greedy,2,0.02,136,19651,19
Facebook Penn94,distance_greedy,2,0.02,137,19521,15
Facebook Penn94,distance_greedy,2,0.02,138,19506,17
Facebook Penn94,distance_greedy,2,0.02,139,19415,15
Facebook Penn94,distance_greedy,2,0.02,140,19573,16
Facebook Penn94,distance_greedy,2,0.02,141,19448,17
Facebook Penn94,distance_greedy,2,0.02,142,19475,17
Facebook Penn94,distance_greedy,2,0.02,143,19375,14
Facebook Penn94,distance_greedy,2,0.02,144,19565,16
Facebook Penn94,distance_greedy,2,0.02,145,19336,19
Facebook Penn94,distance_greedy,2,0.02,146,19448,18
Facebook Penn94,distance_greedy,2,0.02,147,19750,16
Facebook Penn94,distance_greedy,2,0.02,148,19712,15
Facebook Penn94,distance_greedy,2,0.02,149,19533,17
Facebook Penn94,distance_greedy,2,0.02,150,19610,17
Facebook Penn94,distance_greedy,2,0.02,151,19568,15
Facebook Penn94,distance_greedy,2,0.02,152,19623,15
Facebook Penn94,distance_greedy,2,0.02,153,19499,15
Facebook Penn94,distance_greedy,2,0.02,154,19375,19
Facebook Penn94,distance_greedy,2,0.02,155,19699,16
Facebook Penn94,distance_greedy,2,0.02,156,19669,15
Facebook Penn94,distance_greedy,2,0.02,157,19259,18
Facebook Penn94,distance_greedy,2,0.02,158,19474,16
Facebook Penn94,distance_greedy,2,0.02,159,19517,15
Facebook Penn94,distance_greedy,2,0.02,160,19643,14
Facebook Penn94,distance_greedy,2,0.02,161,19253,17
Facebook Penn94,distance_greedy,2,0.02,162,19503,18
Facebook Penn94,distance_greedy,2,0.02,163,19599,17
Facebook Penn94,distance_greedy,2,0.02,164,19454,18
Facebook Penn94,distance_greedy,2,0.02,165,19469,15
Facebook Penn94,distance_greedy,2,0.02,166,19638,14
Facebook Penn94,distance_greedy,2,0.02,167,19579,17
Facebook Penn94,distance_greedy,2,0.02,168,19239,16
Facebook Penn94,distance_greedy,2,0.02,169,19599,16
Facebook Penn94,distance_greedy,2,0.02,170,19685,16
Facebook Penn94,distance_greedy,2,0.02,171,19507,18
Facebook Penn94,distance_greedy,2,0.02,172,19653,16
Facebook Penn94,distance_greedy,2,0.02,173,19605,15
Facebook Penn94,distance_greedy,2,0.02,174,19654,15
Facebook Penn94,distance_greedy,2,0.02,175,19423,15
Facebook Penn94,distance_greedy,2,0.02,176,19810,16
Facebook Penn94,distance_greedy,2,0.02,177,19701,16
Facebook Penn94,distance_greedy,2,0.02,178,19486,16
Facebook Penn94,distance_greedy,2,0.02,179,19541,15
Facebook Penn94,distance_greedy,2,0.02,180,19509,18
Facebook Penn94,distance_greedy,2,0.02,181,19417,15
Facebook Penn94,distance_greedy,2,0.02,182,19325,15
Facebook Penn94,distance_greedy,2,0.02,183,19479,15
Facebook Penn94,distance_greedy,2,0.02,184,19826,15
Facebook Penn94,distance_greedy,2,0.02,185,19549,16
Facebook Penn94,distance_greedy,2,0.02,186,19548,20
Facebook Penn94,distance_greedy,2,0.02,187,19736,15
Facebook Penn94,distance_greedy,2,0.02,188,19706,17
Facebook Penn94,distance_greedy,2,0.02,189,19513,16
Facebook Penn94,distance_greedy,2,0.02,190,19615,16
Facebook Penn94,distance_greedy,2,0.02,191,19486,16
Facebook Penn94,distance_greedy,2,0.02,192,19731,15
Facebook Penn94,distance_greedy,2,0.02,193,19639,16
Facebook Penn94,distance_greedy,2,0.02,194,19505,16
Facebook Penn94,distance_greedy,2,0.02,195,19460,16
Facebook Penn94,distance_greedy,2,0.02,196,19664,18
Facebook Penn94,distance_greedy,2,0.02,197,19612,17
Facebook Penn94,distance_greedy,2,0.02,198,19712,16
Facebook Penn94,distance_greedy,2,0.02,199,19658,16
Facebook Penn94,distance_greedy,2,0.02,200,19668,16
Facebook Penn94,distance_greedy,2,0.02,201,19512,18
Facebook Penn94,distance_greedy,2,0.02,202,19537,18
Facebook Penn94,distance_greedy,2,0.02,203,19665,15
Facebook Penn94,distance_greedy,2,0.02,204,19499,17
Facebook Penn94,distance_greedy,2,0.02,205,19556,15
Facebook Penn94,distance_greedy,2,0.02,206,19537,16
Facebook Penn94,distance_greedy,2,0.02,207,19724,19
Facebook Penn94,distance_greedy,2,0.02,208,19707,18
Facebook Penn94,distance_greedy,2,0.02,209,19804,17
Facebook Penn94,distance_greedy,2,0.02,210,19329,14
Facebook Penn94,distance_greedy,2,0.02,211,19470,15
Facebook Penn94,distance_greedy,2,0.02,212,19481,17
Facebook Penn94,distance_greedy,2,0.02,213,19541,16
Facebook Penn94,distance_greedy,2,0.02,214,19497,17
Facebook Penn94,distance_greedy,2,0.02,215,19478,15
Facebook Penn94,distance_greedy,2,0.02,216,19448,19
Facebook Penn94,distance_greedy,2,0.02,217,19413,15
Facebook Penn94,distance_greedy,2,0.02,218,19690,17
Facebook Penn94,distance_greedy,2,0.02,219,19416,15
Facebook Penn94,distance_greedy,2,0.02,220,19485,16
Facebook Penn94,distance_greedy,2,0.02,221,19349,15
Facebook Penn94,distance_greedy,2,0.02,222,19730,19
Facebook Penn94,distance_greedy,2,0.02,223,19344,18
Facebook Penn94,distance_greedy,2,0.02,224,19394,15
Facebook Penn94,distance_greedy,2,0.02,225,19489,16
Facebook Penn94,distance_greedy,2,0.02,226,19477,16
Facebook Penn94,distance_greedy,2,0.02,227,19403,16
Facebook Penn94,distance_greedy,2,0.02,228,19685,15
Facebook Penn94,distance_greedy,2,0.02,229,19457,15
Facebook Penn94,distance_greedy,2,0.02,230,19709,16
Facebook Penn94,distance_greedy,2,0.02,231,19504,15
Facebook Penn94,distance_greedy,2,0.02,232,19451,15
Facebook Penn94,distance_greedy,2,0.02,233,19524,17
Facebook Penn94,distance_greedy,2,0.02,234,19861,16
Facebook Penn94,distance_greedy,2,0.02,235,19545,19
Facebook Penn94,distance_greedy,2,0.02,236,19653,15
Facebook Penn94,distance_greedy,2,0.02,237,19580,18
Facebook Penn94,distance_greedy,2,0.02,238,19539,16
Facebook Penn94,distance_greedy,2,0.02,239,19633,17
Facebook Penn94,distance_greedy,2,0.02,240,19492,16
Facebook Penn94,distance_greedy,2,0.02,241,19548,19
Facebook Penn94,distance_greedy,2,0.02,242,19614,18
Facebook Penn94,distance_greedy,2,0.02,243,19296,18
Facebook Penn94,distance_greedy,2,0.02,244,19418,17
Facebook Penn94,distance_greedy,2,0.02,245,19470,15
Facebook Penn94,distance_greedy,2,0.02,246,19306,17
Facebook Penn94,distance_greedy,2,0.02,247,19534,16
Facebook Penn94,distance_greedy,2,0.02,248,19388,18
Facebook Penn94,distance_greedy,2,0.02,249,19557,15
Facebook Penn94,distance_greedy,2,0.02,250,19656,14
Facebook Penn94,distance_greedy,2,0.02,251,19258,17
Facebook Penn94,distance_greedy,2,0.02,252,19215,17
Facebook Penn94,distance_greedy,2,0.02,253,19429,16
Facebook Penn94,distance_greedy,2,0.02,254,19222,16
Facebook Penn94,distance_greedy,2,0.02,255,19789,14
Facebook Penn94,distance_greedy,2,0.02,256,19634,20
Facebook Penn94,distance_greedy,2,0.02,257,19556,18
Facebook Penn94,distance_greedy,2,0.02,258,19595,15
Facebook Penn94,distance_greedy,2,0.02,259,19552,17
Facebook Penn94,distance_greedy,2,0.02,260,19499,16
Facebook Penn94,distance_greedy,2,0.02,261,19645,16
Facebook Penn94,distance_greedy,2,0.02,262,19679,16
Facebook Penn94,distance_greedy,2,0.02,263,19575,18
Facebook Penn94,distance_greedy,2,0.02,264,19488,16
Facebook Penn94,distance_greedy,2,0.02,265,19505,15
Facebook Penn94,distance_greedy,2,0.02,266,19360,17
Facebook Penn94,distance_greedy,2,0.02,267,19460,17
Facebook Penn94,distance_greedy,2,0.02,268,19435,20
Facebook Penn94,distance_greedy,2,0.02,269,19498,17
Facebook Penn94,distance_greedy,2,0.02,270,19592,15
Facebook Penn94,distance_greedy,2,0.02,271,19550,15
Facebook Penn94,distance_greedy,2,0.02,272,19269,14
Facebook Penn94,distance_greedy,2,0.02,273,19227,17
Facebook Penn94,distance_greedy,2,0.02,274,19514,17
Facebook Penn94,distance_greedy,2,0.02,275,19682,16
Facebook Penn94,distance_greedy,2,0.02,276,19580,15
Facebook Penn94,distance_greedy,2,0.02,277,19433,19
Facebook Penn94,distance_greedy,2,0.02,278,19913,16
Facebook Penn94,distance_greedy,2,0.02,279,19868,16
Facebook Penn94,distance_greedy,2,0.02,280,19390,15
Facebook Penn94,distance_greedy,2,0.02,281,19322,16
Facebook Penn94,distance_greedy,2,0.02,282,19397,16
Facebook Penn94,distance_greedy,2,0.02,283,19494,16
Facebook Penn94,distance_greedy,2,0.02,284,19298,15
Facebook Penn94,distance_greedy,2,0.02,285,19419,15
Facebook Penn94,distance_greedy,2,0.02,286,19632,17
Facebook Penn94,distance_greedy,2,0.02,287,19416,19
Facebook Penn94,distance_greedy,2,0.02,288,19318,16
Facebook Penn94,distance_greedy,2,0.02,289,19593,19
Facebook Penn94,distance_greedy,2,0.02,290,19828,16
Facebook Penn94,distance_greedy,2,0.02,291,19574,15
Facebook Penn94,distance_greedy,2,0.02,292,19781,17
Facebook Penn94,distance_greedy,2,0.02,293,19677,15
Facebook Penn94,distance_greedy,2,0.02,294,19776,16
Facebook Penn94,distance_greedy,2,0.02,295,19682,20
Facebook Penn94,distance_greedy,2,0.02,296,19587,17
Facebook Penn94,distance_greedy,2,0.02,297,19571,19
Facebook Penn94,distance_greedy,2,0.02,298,19342,19
Facebook Penn94,distance_greedy,2,0.02,299,19868,18
Facebook Penn94,distance_greedy,2,0.02,300,19603,17
Facebook Penn94,distance_greedy,2,0.02,301,19386,18
Facebook Penn94,distance_greedy,2,0.02,302,19453,18
Facebook Penn94,distance_greedy,2,0.02,303,19519,17
Facebook Penn94,distance_greedy,2,0.02,304,19721,18
Facebook Penn94,distance_greedy,2,0.02,305,19881,19
Facebook Penn94,distance_greedy,2,0.02,306,19537,15
Facebook Penn94,distance_greedy,2,0.02,307,19704,16
Facebook Penn94,distance_greedy,2,0.02,308,19567,18
Facebook Penn94,distance_greedy,2,0.02,309,19354,17
Facebook Penn94,distance_greedy,2,0.02,310,19466,15
Facebook Penn94,distance_greedy,2,0.02,311,19662,16
Facebook Penn94,distance_greedy,2,0.02,312,19547,17
Facebook Penn94,distance_greedy,2,0.02,313,19848,17
Facebook Penn94,distance_greedy,2,0.02,314,19544,18
Facebook Penn94,distance_greedy,2,0.02,315,19618,15
Facebook Penn94,distance_greedy,2,0.02,316,19552,15
Facebook Penn94,distance_greedy,2,0.02,317,19663,17
Facebook Penn94,distance_greedy,2,0.02,318,19620,15
Facebook Penn94,distance_greedy,2,0.02,319,19650,22
Facebook Penn94,distance_greedy,2,0.02,320,19598,15
Facebook Penn94,distance_greedy,2,0.02,321,19540,15
Facebook Penn94,distance_greedy,2,0.02,322,19330,16
Facebook Penn94,distance_greedy,2,0.02,323,19397,14
Facebook Penn94,distance_greedy,2,0.02,324,19703,18
Facebook Penn94,distance_greedy,2,0.02,325,19619,16
Facebook Penn94,distance_greedy,2,0.02,326,19657,16
Facebook Penn94,distance_greedy,2,0.02,327,19310,16
Facebook Penn94,distance_greedy,2,0.02,328,19512,19
Facebook Penn94,distance_greedy,2,0.02,329,19701,17
Facebook Penn94,distance_greedy,2,0.02,330,19622,16
Facebook Penn94,distance_greedy,2,0.02,331,19591,17
Facebook Penn94,distance_greedy,2,0.02,332,19406,15
Facebook Penn94,distance_greedy,2,0.02,333,19543,16
Facebook Penn94,distance_greedy,2,0.02,334,19247,16
Facebook Penn94,distance_greedy,2,0.02,335,19665,18
Facebook Penn94,distance_greedy,2,0.02,336,19613,18
Facebook Penn94,distance_greedy,2,0.02,337,19507,18
Facebook Penn94,distance_greedy,2,0.02,338,19486,18
Facebook Penn94,distance_greedy,2,0.02,339,19551,19
Facebook Penn94,distance_greedy,2,0.02,340,19513,19
Facebook Penn94,distance_greedy,2,0.02,341,19556,16
Facebook Penn94,distance_greedy,2,0.02,342,19449,17
Facebook Penn94,distance_greedy,2,0.02,343,19378,15
Facebook Penn94,distance_greedy,2,0.02,344,19574,15
Facebook Penn94,distance_greedy,2,0.02,345,19605,19
Facebook Penn94,distance_greedy,2,0.02,346,19540,18
Facebook Penn94,distance_greedy,2,0.02,347,19701,15
Facebook Penn94,distance_greedy,2,0.02,348,19610,14
Facebook Penn94,distance_greedy,2,0.02,349,19372,17
Facebook Penn94,distance_greedy,2,0.02,350,19603,20
Facebook Penn94,distance_greedy,2,0.02,351,19563,17
Facebook Penn94,distance_greedy,2,0.02,352,19627,14
Facebook Penn94,distance_greedy,2,0.02,353,19556,16
Facebook Penn94,distance_greedy,2,0.02,354,19405,16
Facebook Penn94,distance_greedy,2,0.02,355,19823,16
Facebook Penn94,distance_greedy,2,0.02,356,19377,16
Facebook Penn94,distance_greedy,2,0.02,357,19518,18
Facebook Penn94,distance_greedy,2,0.02,358,19665,16
Facebook Penn94,distance_greedy,2,0.02,359,19589,17
Facebook Penn94,distance_greedy,2,0.02,360,19558,19
Facebook Penn94,distance_greedy,2,0.02,361,19493,17
Facebook Penn94,distance_greedy,2,0.02,362,19663,16
Facebook Penn94,distance_greedy,2,0.02,363,19483,15
Facebook Penn94,distance_greedy,2,0.02,364,19405,15
Facebook Penn94,distance_greedy,2,0.02,365,19681,19
Facebook Penn94,distance_greedy,2,0.02,366,19834,17
Facebook Penn94,distance_greedy,2,0.02,367,19561,17
Facebook Penn94,distance_greedy,2,0.02,368,19646,17
Facebook Penn94,distance_greedy,2,0.02,369,19597,16
Facebook Penn94,distance_greedy,2,0.02,370,19449,14
Facebook Penn94,distance_greedy,2,0.02,371,19373,16
Facebook Penn94,distance_greedy,2,0.02,372,19669,17
Facebook Penn94,distance_greedy,2,0.02,373,19529,16
Facebook Penn94,distance_greedy,2,0.02,374,19590,15
Facebook Penn94,distance_greedy,2,0.02,375,19274,15
Facebook Penn94,distance_greedy,2,0.02,376,19376,16
Facebook Penn94,distance_greedy,2,0.02,377,19569,19
Facebook Penn94,distance_greedy,2,0.02,378,19400,15
Facebook Penn94,distance_greedy,2,0.02,379,19603,17
Facebook Penn94,distance_greedy,2,0.02,380,19502,15
Facebook Penn94,distance_greedy,2,0.02,381,19670,16
Facebook Penn94,distance_greedy,2,0.02,382,19409,15
Facebook Penn94,distance_greedy,2,0.02,383,19479,18
Facebook Penn94,distance_greedy,2,0.02,384,19786,16
Facebook Penn94,distance_greedy,2,0.02,385,19762,17
Facebook Penn94,distance_greedy,2,0.02,386,19513,17
Facebook Penn94,distance_greedy,2,0.02,387,19521,17
Facebook Penn94,distance_greedy,2,0.02,388,19440,17
Facebook Penn94,distance_greedy,2,0.02,389,19577,17
Facebook Penn94,distance_greedy,2,0.02,390,19704,16
Facebook Penn94,distance_greedy,2,0.02,391,19330,15
Facebook Penn94,distance_greedy,2,0.02,392,19531,17
Facebook Penn94,distance_greedy,2,0.02,393,19716,16
Facebook Penn94,distance_greedy,2,0.02,394,19578,17
Facebook Penn94,distance_greedy,2,0.02,395,19712,16
Facebook Penn94,distance_greedy,2,0.02,396,19672,15
Facebook Penn94,distance_greedy,2,0.02,397,19349,17
Facebook Penn94,distance_greedy,2,0.02,398,19429,16
Facebook Penn94,distance_greedy,2,0.02,399,19624,20
Facebook Penn94,distance_greedy,2,0.02,400,19395,17
Facebook Penn94,distance_greedy,2,0.02,401,19502,16
Facebook Penn94,distance_greedy,2,0.02,402,19411,17
Facebook Penn94,distance_greedy,2,0.02,403,19365,18
Facebook Penn94,distance_greedy,2,0.02,404,19519,15
Facebook Penn94,distance_greedy,2,0.02,405,19481,16
Facebook Penn94,distance_greedy,2,0.02,406,19356,18
Facebook Penn94,distance_greedy,2,0.02,407,19928,18
Facebook Penn94,distance_greedy,2,0.02,408,19447,16
Facebook Penn94,distance_greedy,2,0.02,409,19420,15
Facebook Penn94,distance_greedy,2,0.02,410,19358,17
Facebook Penn94,distance_greedy,2,0.02,411,19665,17
Facebook Penn94,distance_greedy,2,0.02,412,19428,15
Facebook Penn94,distance_greedy,2,0.02,413,19495,15
Facebook Penn94,distance_greedy,2,0.02,414,19493,15
Facebook Penn94,distance_greedy,2,0.02,415,19521,15
Facebook Penn94,distance_greedy,2,0.02,416,19653,16
Facebook Penn94,distance_greedy,2,0.02,417,19681,17
Facebook Penn94,distance_greedy,2,0.02,418,19419,18
Facebook Penn94,distance_greedy,2,0.02,419,19536,18
Facebook Penn94,distance_greedy,2,0.02,420,19380,16
Facebook Penn94,distance_greedy,2,0.02,421,19379,16
Facebook Penn94,distance_greedy,2,0.02,422,19595,17
Facebook Penn94,distance_greedy,2,0.02,423,19725,19
Facebook Penn94,distance_greedy,2,0.02,424,19486,16
Facebook Penn94,distance_greedy,2,0.02,425,19443,17
Facebook Penn94,distance_greedy,2,0.02,426,19615,14
Facebook Penn94,distance_greedy,2,0.02,427,19618,16
Facebook Penn94,distance_greedy,2,0.02,428,19569,15
Facebook Penn94,distance_greedy,2,0.02,429,19742,17
Facebook Penn94,distance_greedy,2,0.02,430,19483,16
Facebook Penn94,distance_greedy,2,0.02,431,19680,19
Facebook Penn94,distance_greedy,2,0.02,432,19485,19
Facebook Penn94,distance_greedy,2,0.02,433,19580,19
Facebook Penn94,distance_greedy,2,0.02,434,19651,16
Facebook Penn94,distance_greedy,2,0.02,435,19422,16
Facebook Penn94,distance_greedy,2,0.02,436,19463,14
Facebook Penn94,distance_greedy,2,0.02,437,19321,23
Facebook Penn94,distance_greedy,2,0.02,438,19592,16
Facebook Penn94,distance_greedy,2,0.02,439,19250,19
Facebook Penn94,distance_greedy,2,0.02,440,19660,18
Facebook Penn94,distance_greedy,2,0.02,441,19897,17
Facebook Penn94,distance_greedy,2,0.02,442,19699,16
Facebook Penn94,distance_greedy,2,0.02,443,19355,16
Facebook Penn94,distance_greedy,2,0.02,444,19602,16
Facebook Penn94,distance_greedy,2,0.02,445,19687,15
Facebook Penn94,distance_greedy,2,0.02,446,19808,17
Facebook Penn94,distance_greedy,2,0.02,447,19570,16
Facebook Penn94,distance_greedy,2,0.02,448,19463,15
Facebook Penn94,distance_greedy,2,0.02,449,19587,17
Facebook Penn94,distance_greedy,2,0.02,450,19671,16
Facebook Penn94,distance_greedy,2,0.02,451,19425,16
Facebook Penn94,distance_greedy,2,0.02,452,19445,14
Facebook Penn94,distance_greedy,2,0.02,453,19328,18
Facebook Penn94,distance_greedy,2,0.02,454,19504,16
Facebook Penn94,distance_greedy,2,0.02,455,19512,16
Facebook Penn94,distance_greedy,2,0.02,456,19348,15
Facebook Penn94,distance_greedy,2,0.02,457,19578,16
Facebook Penn94,distance_greedy,2,0.02,458,19525,16
Facebook Penn94,distance_greedy,2,0.02,459,19657,16
Facebook Penn94,distance_greedy,2,0.02,460,19567,16
Facebook Penn94,distance_greedy,2,0.02,461,19384,15
Facebook Penn94,distance_greedy,2,0.02,462,19564,16
Facebook Penn94,distance_greedy,2,0.02,463,19452,16
Facebook Penn94,distance_greedy,2,0.02,464,19510,15
Facebook Penn94,distance_greedy,2,0.02,465,19367,15
Facebook Penn94,distance_greedy,2,0.02,466,19566,16
Facebook Penn94,distance_greedy,2,0.02,467,19686,18
Facebook Penn94,distance_greedy,2,0.02,468,19757,20
Facebook Penn94,distance_greedy,2,0.02,469,19652,18
Facebook Penn94,distance_greedy,2,0.02,470,19621,16
Facebook Penn94,distance_greedy,2,0.02,471,19555,17
Facebook Penn94,distance_greedy,2,0.02,472,19577,18
Facebook Penn94,distance_greedy,2,0.02,473,19491,17
Facebook Penn94,distance_greedy,2,0.02,474,19354,19
Facebook Penn94,distance_greedy,2,0.02,475,19663,16
Facebook Penn94,distance_greedy,2,0.02,476,19486,17
Facebook Penn94,distance_greedy,2,0.02,477,19561,15
Facebook Penn94,distance_greedy,2,0.02,478,19366,16
Facebook Penn94,distance_greedy,2,0.02,479,19384,14
Facebook Penn94,distance_greedy,2,0.02,480,19424,15
Facebook Penn94,distance_greedy,2,0.02,481,19683,16
Facebook Penn94,distance_greedy,2,0.02,482,19806,16
Facebook Penn94,distance_greedy,2,0.02,483,19867,16
Facebook Penn94,distance_greedy,2,0.02,484,19320,17
Facebook Penn94,distance_greedy,2,0.02,485,19641,14
Facebook Penn94,distance_greedy,2,0.02,486,19501,18
Facebook Penn94,distance_greedy,2,0.02,487,19554,14
Facebook Penn94,distance_greedy,2,0.02,488,19564,15
Facebook Penn94,distance_greedy,2,0.02,489,19702,16
Facebook Penn94,distance_greedy,2,0.02,490,19479,17
Facebook Penn94,distance_greedy,2,0.02,491,19519,21
Facebook Penn94,distance_greedy,2,0.02,492,19469,17
Facebook Penn94,distance_greedy,2,0.02,493,19437,17
Facebook Penn94,distance_greedy,2,0.02,494,19535,16
Facebook Penn94,distance_greedy,2,0.02,495,19397,15
Facebook Penn94,distance_greedy,2,0.02,496,19249,16
Facebook Penn94,distance_greedy,2,0.02,497,19415,16
Facebook Penn94,distance_greedy,2,0.02,498,19429,14
Facebook Penn94,distance_greedy,2,0.02,499,19692,20
Facebook Penn94,distance_greedy,2,0.02,500,19559,18
Facebook Penn94,distance_greedy,2,0.02,501,19532,17
Facebook Penn94,distance_greedy,2,0.02,502,19425,15
Facebook Penn94,distance_greedy,2,0.02,503,19691,15
Facebook Penn94,distance_greedy,2,0.02,504,19506,21
Facebook Penn94,distance_greedy,2,0.02,505,19630,17
Facebook Penn94,distance_greedy,2,0.02,506,19741,15
Facebook Penn94,distance_greedy,2,0.02,507,19353,16
Facebook Penn94,distance_greedy,2,0.02,508,19436,17
Facebook Penn94,distance_greedy,2,0.02,509,19636,17
Facebook Penn94,distance_greedy,2,0.02,510,19538,18
Facebook Penn94,distance_greedy,2,0.02,511,19362,18
Facebook Penn94,distance_greedy,2,0.02,512,19224,16
Facebook Penn94,distance_greedy,2,0.02,513,19675,15
Facebook Penn94,distance_greedy,2,0.02,514,19715,17
Facebook Penn94,distance_greedy,2,0.02,515,19242,17
Facebook Penn94,distance_greedy,2,0.02,516,19809,20
Facebook Penn94,distance_greedy,2,0.02,517,19569,16
Facebook Penn94,distance_greedy,2,0.02,518,19476,17
Facebook Penn94,distance_greedy,2,0.02,519,19466,16
Facebook Penn94,distance_greedy,2,0.02,520,19618,17
Facebook Penn94,distance_greedy,2,0.02,521,19749,17
Facebook Penn94,distance_greedy,2,0.02,522,19421,16
Facebook Penn94,distance_greedy,2,0.02,523,19421,16
Facebook Penn94,distance_greedy,2,0.02,524,19609,16
Facebook Penn94,distance_greedy,2,0.02,525,19745,17
Facebook Penn94,distance_greedy,2,0.02,526,19437,17
Facebook Penn94,distance_greedy,2,0.02,527,19553,17
Facebook Penn94,distance_greedy,2,0.02,528,19311,16
Facebook Penn94,distance_greedy,2,0.02,529,19581,16
Facebook Penn94,distance_greedy,2,0.02,530,19579,17
Facebook Penn94,distance_greedy,2,0.02,531,19417,16
Facebook Penn94,distance_greedy,2,0.02,532,19426,18
Facebook Penn94,distance_greedy,2,0.02,533,19275,17
Facebook Penn94,distance_greedy,2,0.02,534,19674,16
Facebook Penn94,distance_greedy,2,0.02,535,19464,17
Facebook Penn94,distance_greedy,2,0.02,536,19077,17
Facebook Penn94,distance_greedy,2,0.02,537,19318,18
Facebook Penn94,distance_greedy,2,0.02,538,19855,16
Facebook Penn94,distance_greedy,2,0.02,539,19674,16
Facebook Penn94,distance_greedy,2,0.02,540,19606,15
Facebook Penn94,distance_greedy,2,0.02,541,19543,17
Facebook Penn94,distance_greedy,2,0.02,542,19502,15
Facebook Penn94,distance_greedy,2,0.02,543,19637,19
Facebook Penn94,distance_greedy,2,0.02,544,19366,20
Facebook Penn94,distance_greedy,2,0.02,545,19503,17
Facebook Penn94,distance_greedy,2,0.02,546,19626,15
Facebook Penn94,distance_greedy,2,0.02,547,19411,18
Facebook Penn94,distance_greedy,2,0.02,548,19685,20
Facebook Penn94,distance_greedy,2,0.02,549,19567,16
Facebook Penn94,distance_greedy,2,0.02,550,19518,15
Facebook Penn94,distance_greedy,2,0.02,551,19394,18
Facebook Penn94,distance_greedy,2,0.02,552,19271,19
Facebook Penn94,distance_greedy,2,0.02,553,19552,17
Facebook Penn94,distance_greedy,2,0.02,554,19423,16
Facebook Penn94,distance_greedy,2,0.02,555,19606,17
Facebook Penn94,distance_greedy,2,0.02,556,19569,16
Facebook Penn94,distance_greedy,2,0.02,557,19378,16
Facebook Penn94,distance_greedy,2,0.02,558,19439,15
Facebook Penn94,distance_greedy,2,0.02,559,19899,18
Facebook Penn94,distance_greedy,2,0.02,560,19475,15
Facebook Penn94,distance_greedy,2,0.02,561,19594,15
Facebook Penn94,distance_greedy,2,0.02,562,19447,18
Facebook Penn94,distance_greedy,2,0.02,563,19451,18
Facebook Penn94,distance_greedy,2,0.02,564,19644,15
Facebook Penn94,distance_greedy,2,0.02,565,19362,18
Facebook Penn94,distance_greedy,2,0.02,566,19526,15
Facebook Penn94,distance_greedy,2,0.02,567,19645,17
Facebook Penn94,distance_greedy,2,0.02,568,19577,15
Facebook Penn94,distance_greedy,2,0.02,569,19699,15
Facebook Penn94,distance_greedy,2,0.02,570,19738,15
Facebook Penn94,distance_greedy,2,0.02,571,19388,14
Facebook Penn94,distance_greedy,2,0.02,572,19506,17
Facebook Penn94,distance_greedy,2,0.02,573,19602,17
Facebook Penn94,distance_greedy,2,0.02,574,19581,16
Facebook Penn94,distance_greedy,2,0.02,575,19653,16
Facebook Penn94,distance_greedy,2,0.02,576,19572,15
Facebook Penn94,distance_greedy,2,0.02,577,19648,16
Facebook Penn94,distance_greedy,2,0.02,578,19547,19
Facebook Penn94,distance_greedy,2,0.02,579,19752,15
Facebook Penn94,distance_greedy,2,0.02,580,19498,16
Facebook Penn94,distance_greedy,2,0.02,581,19463,14
Facebook Penn94,distance_greedy,2,0.02,582,19493,18
Facebook Penn94,distance_greedy,2,0.02,583,19446,16
Facebook Penn94,distance_greedy,2,0.02,584,19536,17
Facebook Penn94,distance_greedy,2,0.02,585,19704,17
Facebook Penn94,distance_greedy,2,0.02,586,19550,14
Facebook Penn94,distance_greedy,2,0.02,587,19770,19
Facebook Penn94,distance_greedy,2,0.02,588,19727,16
Facebook Penn94,distance_greedy,2,0.02,589,19593,17
Facebook Penn94,distance_greedy,2,0.02,590,19836,17
Facebook Penn94,distance_greedy,2,0.02,591,19557,17
Facebook Penn94,distance_greedy,2,0.02,592,19613,16
Facebook Penn94,distance_greedy,2,0.02,593,19512,15
Facebook Penn94,distance_greedy,2,0.02,594,19626,15
Facebook Penn94,distance_greedy,2,0.02,595,19197,17
Facebook Penn94,distance_greedy,2,0.02,596,19605,17
Facebook Penn94,distance_greedy,2,0.02,597,19560,14
Facebook Penn94,distance_greedy,2,0.02,598,19665,16
Facebook Penn94,distance_greedy,2,0.02,599,19829,15
Facebook Penn94,distance_greedy,2,0.02,600,19502,16
Facebook Penn94,distance_greedy,2,0.02,601,19663,15
Facebook Penn94,distance_greedy,2,0.02,602,19698,17
Facebook Penn94,distance_greedy,2,0.02,603,19385,14
Facebook Penn94,distance_greedy,2,0.02,604,19600,16
Facebook Penn94,distance_greedy,2,0.02,605,19368,18
Facebook Penn94,distance_greedy,2,0.02,606,19683,18
Facebook Penn94,distance_greedy,2,0.02,607,19435,17
Facebook Penn94,distance_greedy,2,0.02,608,19749,16
Facebook Penn94,distance_greedy,2,0.02,609,19486,20
Facebook Penn94,distance_greedy,2,0.02,610,19544,16
Facebook Penn94,distance_greedy,2,0.02,611,19542,15
Facebook Penn94,distance_greedy,2,0.02,612,19637,16
Facebook Penn94,distance_greedy,2,0.02,613,19728,15
Facebook Penn94,distance_greedy,2,0.02,614,19423,16
Facebook Penn94,distance_greedy,2,0.02,615,19704,14
Facebook Penn94,distance_greedy,2,0.02,616,19482,17
Facebook Penn94,distance_greedy,2,0.02,617,19534,16
Facebook Penn94,distance_greedy,2,0.02,618,19556,15
Facebook Penn94,distance_greedy,2,0.02,619,19577,16
Facebook Penn94,distance_greedy,2,0.02,620,19621,15
Facebook Penn94,distance_greedy,2,0.02,621,19169,17
Facebook Penn94,distance_greedy,2,0.02,622,19377,16
Facebook Penn94,distance_greedy,2,0.02,623,19925,15
Facebook Penn94,distance_greedy,2,0.02,624,19593,15
Facebook Penn94,distance_greedy,2,0.02,625,19661,19
Facebook Penn94,distance_greedy,2,0.02,626,19616,17
Facebook Penn94,distance_greedy,2,0.02,627,19339,18
Facebook Penn94,distance_greedy,2,0.02,628,19484,16
Facebook Penn94,distance_greedy,2,0.02,629,19567,18
Facebook Penn94,distance_greedy,2,0.02,630,19640,14
Facebook Penn94,distance_greedy,2,0.02,631,19629,19
Facebook Penn94,distance_greedy,2,0.02,632,19563,17
Facebook Penn94,distance_greedy,2,0.02,633,19469,16
Facebook Penn94,distance_greedy,2,0.02,634,19329,19
Facebook Penn94,distance_greedy,2,0.02,635,19489,16
Facebook Penn94,distance_greedy,2,0.02,636,19570,16
Facebook Penn94,distance_greedy,2,0.02,637,19666,16
Facebook Penn94,distance_greedy,2,0.02,638,19674,17
Facebook Penn94,distance_greedy,2,0.02,639,19486,15
Facebook Penn94,distance_greedy,2,0.02,640,19777,14
Facebook Penn94,distance_greedy,2,0.02,641,19622,18
Facebook Penn94,distance_greedy,2,0.02,642,19357,16
Facebook Penn94,distance_greedy,2,0.02,643,19337,20
Facebook Penn94,distance_greedy,2,0.02,644,19368,16
Facebook Penn94,distance_greedy,2,0.02,645,19609,16
Facebook Penn94,distance_greedy,2,0.02,646,19603,16
Facebook Penn94,distance_greedy,2,0.02,647,19526,14
Facebook Penn94,distance_greedy,2,0.02,648,19582,16
Facebook Penn94,distance_greedy,2,0.02,649,19502,15
Facebook Penn94,distance_greedy,2,0.02,650,19714,19
Facebook Penn94,distance_greedy,2,0.02,651,19427,17
Facebook Penn94,distance_greedy,2,0.02,652,19487,17
Facebook Penn94,distance_greedy,2,0.02,653,19525,17
Facebook Penn94,distance_greedy,2,0.02,654,19592,16
Facebook Penn94,distance_greedy,2,0.02,655,19409,17
Facebook Penn94,distance_greedy,2,0.02,656,19637,16
Facebook Penn94,distance_greedy,2,0.02,657,19464,16
Facebook Penn94,distance_greedy,2,0.02,658,19553,16
Facebook Penn94,distance_greedy,2,0.02,659,19551,16
Facebook Penn94,distance_greedy,2,0.02,660,19429,16
Facebook Penn94,distance_greedy,2,0.02,661,19718,17
Facebook Penn94,distance_greedy,2,0.02,662,19765,15
Facebook Penn94,distance_greedy,2,0.02,663,19294,18
Facebook Penn94,distance_greedy,2,0.02,664,19498,16
Facebook Penn94,distance_greedy,2,0.02,665,19615,16
Facebook Penn94,distance_greedy,2,0.02,666,19791,16
Facebook Penn94,distance_greedy,2,0.02,667,19325,17
Facebook Penn94,distance_greedy,2,0.02,668,19729,16
Facebook Penn94,distance_greedy,2,0.02,669,19509,16
Facebook Penn94,distance_greedy,2,0.02,670,19463,17
Facebook Penn94,distance_greedy,2,0.02,671,19693,15
Facebook Penn94,distance_greedy,2,0.02,672,19449,18
Facebook Penn94,distance_greedy,2,0.02,673,19396,16
Facebook Penn94,distance_greedy,2,0.02,674,19433,17
Facebook Penn94,distance_greedy,2,0.02,675,19648,21
Facebook Penn94,distance_greedy,2,0.02,676,19331,18
Facebook Penn94,distance_greedy,2,0.02,677,19349,16
Facebook Penn94,distance_greedy,2,0.02,678,19579,18
Facebook Penn94,distance_greedy,2,0.02,679,19688,15
Facebook Penn94,distance_greedy,2,0.02,680,19426,15
Facebook Penn94,distance_greedy,2,0.02,681,19732,16
Facebook Penn94,distance_greedy,2,0.02,682,19551,21
Facebook Penn94,distance_greedy,2,0.02,683,19508,15
Facebook Penn94,distance_greedy,2,0.02,684,19445,18
Facebook Penn94,distance_greedy,2,0.02,685,19550,17
Facebook Penn94,distance_greedy,2,0.02,686,19609,16
Facebook Penn94,distance_greedy,2,0.02,687,19647,17
Facebook Penn94,distance_greedy,2,0.02,688,19484,16
Facebook Penn94,distance_greedy,2,0.02,689,19679,18
Facebook Penn94,distance_greedy,2,0.02,690,19380,15
Facebook Penn94,distance_greedy,2,0.02,691,19305,18
Facebook Penn94,distance_greedy,2,0.02,692,19690,16
Facebook Penn94,distance_greedy,2,0.02,693,19476,15
Facebook Penn94,distance_greedy,2,0.02,694,19487,16
Facebook Penn94,distance_greedy,2,0.02,695,19323,15
Facebook Penn94,distance_greedy,2,0.02,696,19487,16
Facebook Penn94,distance_greedy,2,0.02,697,19435,19
Facebook Penn94,distance_greedy,2,0.02,698,19710,16
Facebook Penn94,distance_greedy,2,0.02,699,19649,15
Facebook Penn94,distance_greedy,2,0.02,700,19533,16
Facebook Penn94,distance_greedy,2,0.02,701,19476,15
Facebook Penn94,distance_greedy,2,0.02,702,19531,15
Facebook Penn94,distance_greedy,2,0.02,703,19665,16
Facebook Penn94,distance_greedy,2,0.02,704,19156,15
Facebook Penn94,distance_greedy,2,0.02,705,19549,18
Facebook Penn94,distance_greedy,2,0.02,706,19403,18
Facebook Penn94,distance_greedy,2,0.02,707,19651,17
Facebook Penn94,distance_greedy,2,0.02,708,19503,20
Facebook Penn94,distance_greedy,2,0.02,709,19432,18
Facebook Penn94,distance_greedy,2,0.02,710,19558,17
Facebook Penn94,distance_greedy,2,0.02,711,19764,15
Facebook Penn94,distance_greedy,2,0.02,712,19342,16
Facebook Penn94,distance_greedy,2,0.02,713,19400,18
Facebook Penn94,distance_greedy,2,0.02,714,19488,16
Facebook Penn94,distance_greedy,2,0.02,715,19682,15
Facebook Penn94,distance_greedy,2,0.02,716,19370,16
Facebook Penn94,distance_greedy,2,0.02,717,19569,18
Facebook Penn94,distance_greedy,2,0.02,718,19509,16
Facebook Penn94,distance_greedy,2,0.02,719,19174,15
Facebook Penn94,distance_greedy,2,0.02,720,19845,19
Facebook Penn94,distance_greedy,2,0.02,721,19374,16
Facebook Penn94,distance_greedy,2,0.02,722,19462,17
Facebook Penn94,distance_greedy,2,0.02,723,19481,16
Facebook Penn94,distance_greedy,2,0.02,724,19400,16
Facebook Penn94,distance_greedy,2,0.02,725,19620,18
Facebook Penn94,distance_greedy,2,0.02,726,19540,16
Facebook Penn94,distance_greedy,2,0.02,727,19673,15
Facebook Penn94,distance_greedy,2,0.02,728,19513,15
Facebook Penn94,distance_greedy,2,0.02,729,19640,16
Facebook Penn94,distance_greedy,2,0.02,730,19408,17
Facebook Penn94,distance_greedy,2,0.02,731,19577,14
Facebook Penn94,distance_greedy,2,0.02,732,19642,15
Facebook Penn94,distance_greedy,2,0.02,733,19447,17
Facebook Penn94,distance_greedy,2,0.02,734,19441,17
Facebook Penn94,distance_greedy,2,0.02,735,19421,14
Facebook Penn94,distance_greedy,2,0.02,736,19287,18
Facebook Penn94,distance_greedy,2,0.02,737,19596,15
Facebook Penn94,distance_greedy,2,0.02,738,19479,18
Facebook Penn94,distance_greedy,2,0.02,739,19598,15
Facebook Penn94,distance_greedy,2,0.02,740,19648,15
Facebook Penn94,distance_greedy,2,0.02,741,19294,14
Facebook Penn94,distance_greedy,2,0.02,742,19667,18
Facebook Penn94,distance_greedy,2,0.02,743,19588,16
Facebook Penn94,distance_greedy,2,0.02,744,19410,15
Facebook Penn94,distance_greedy,2,0.02,745,19629,15
Facebook Penn94,distance_greedy,2,0.02,746,19517,17
Facebook Penn94,distance_greedy,2,0.02,747,19498,16
Facebook Penn94,distance_greedy,2,0.02,748,19625,15
Facebook Penn94,distance_greedy,2,0.02,749,19699,17
Facebook Penn94,distance_greedy,2,0.02,750,19795,17
Facebook Penn94,distance_greedy,2,0.02,751,19475,15
Facebook Penn94,distance_greedy,2,0.02,752,19616,18
Facebook Penn94,distance_greedy,2,0.02,753,19509,18
Facebook Penn94,distance_greedy,2,0.02,754,19504,16
Facebook Penn94,distance_greedy,2,0.02,755,19505,15
Facebook Penn94,distance_greedy,2,0.02,756,19646,16
Facebook Penn94,distance_greedy,2,0.02,757,19437,19
Facebook Penn94,distance_greedy,2,0.02,758,19898,16
Facebook Penn94,distance_greedy,2,0.02,759,19383,16
Facebook Penn94,distance_greedy,2,0.02,760,19652,17
Facebook Penn94,distance_greedy,2,0.02,761,19694,16
Facebook Penn94,distance_greedy,2,0.02,762,19506,14
Facebook Penn94,distance_greedy,2,0.02,763,19474,16
Facebook Penn94,distance_greedy,2,0.02,764,19341,15
Facebook Penn94,distance_greedy,2,0.02,765,19725,15
Facebook Penn94,distance_greedy,2,0.02,766,19599,17
Facebook Penn94,distance_greedy,2,0.02,767,19524,15
Facebook Penn94,distance_greedy,2,0.02,768,19674,18
Facebook Penn94,distance_greedy,2,0.02,769,19579,17
Facebook Penn94,distance_greedy,2,0.02,770,19692,16
Facebook Penn94,distance_greedy,2,0.02,771,19461,21
Facebook Penn94,distance_greedy,2,0.02,772,19623,17
Facebook Penn94,distance_greedy,2,0.02,773,19518,15
Facebook Penn94,distance_greedy,2,0.02,774,19466,16
Facebook Penn94,distance_greedy,2,0.02,775,19670,17
Facebook Penn94,distance_greedy,2,0.02,776,19723,15
Facebook Penn94,distance_greedy,2,0.02,777,19512,16
Facebook Penn94,distance_greedy,2,0.02,778,19439,14
Facebook Penn94,distance_greedy,2,0.02,779,19659,15
Facebook Penn94,distance_greedy,2,0.02,780,19908,16
Facebook Penn94,distance_greedy,2,0.02,781,19508,19
Facebook Penn94,distance_greedy,2,0.02,782,19535,17
Facebook Penn94,distance_greedy,2,0.02,783,19466,16
Facebook Penn94,distance_greedy,2,0.02,784,19442,18
Facebook Penn94,distance_greedy,2,0.02,785,19549,17
Facebook Penn94,distance_greedy,2,0.02,786,19471,17
Facebook Penn94,distance_greedy,2,0.02,787,19729,17
Facebook Penn94,distance_greedy,2,0.02,788,19650,18
Facebook Penn94,distance_greedy,2,0.02,789,19449,16
Facebook Penn94,distance_greedy,2,0.02,790,19612,17
Facebook Penn94,distance_greedy,2,0.02,791,19350,16
Facebook Penn94,distance_greedy,2,0.02,792,19583,19
Facebook Penn94,distance_greedy,2,0.02,793,19615,16
Facebook Penn94,distance_greedy,2,0.02,794,19482,15
Facebook Penn94,distance_greedy,2,0.02,795,19397,14
Facebook Penn94,distance_greedy,2,0.02,796,19644,14
Facebook Penn94,distance_greedy,2,0.02,797,19316,18
Facebook Penn94,distance_greedy,2,0.02,798,19399,16
Facebook Penn94,distance_greedy,2,0.02,799,19728,17
Facebook Penn94,distance_greedy,2,0.02,800,19499,19
Facebook Penn94,distance_greedy,2,0.02,801,19477,16
Facebook Penn94,distance_greedy,2,0.02,802,19643,15
Facebook Penn94,distance_greedy,2,0.02,803,19581,16
Facebook Penn94,distance_greedy,2,0.02,804,19473,14
Facebook Penn94,distance_greedy,2,0.02,805,19395,17
Facebook Penn94,distance_greedy,2,0.02,806,19646,18
Facebook Penn94,distance_greedy,2,0.02,807,19636,17
Facebook Penn94,distance_greedy,2,0.02,808,19492,15
Facebook Penn94,distance_greedy,2,0.02,809,19326,17
Facebook Penn94,distance_greedy,2,0.02,810,19425,15
Facebook Penn94,distance_greedy,2,0.02,811,19141,15
Facebook Penn94,distance_greedy,2,0.02,812,19422,15
Facebook Penn94,distance_greedy,2,0.02,813,19611,16
Facebook Penn94,distance_greedy,2,0.02,814,19618,19
Facebook Penn94,distance_greedy,2,0.02,815,19538,15
Facebook Penn94,distance_greedy,2,0.02,816,19601,15
Facebook Penn94,distance_greedy,2,0.02,817,19541,18
Facebook Penn94,distance_greedy,2,0.02,818,19640,16
Facebook Penn94,distance_greedy,2,0.02,819,19380,14
Facebook Penn94,distance_greedy,2,0.02,820,19593,16
Facebook Penn94,distance_greedy,2,0.02,821,19579,16
Facebook Penn94,distance_greedy,2,0.02,822,19228,16
Facebook Penn94,distance_greedy,2,0.02,823,19347,17
Facebook Penn94,distance_greedy,2,0.02,824,19619,19
Facebook Penn94,distance_greedy,2,0.02,825,19210,18
Facebook Penn94,distance_greedy,2,0.02,826,19784,18
Facebook Penn94,distance_greedy,2,0.02,827,19619,16
Facebook Penn94,distance_greedy,2,0.02,828,19843,16
Facebook Penn94,distance_greedy,2,0.02,829,19636,18
Facebook Penn94,distance_greedy,2,0.02,830,19460,15
Facebook Penn94,distance_greedy,2,0.02,831,19321,17
Facebook Penn94,distance_greedy,2,0.02,832,19534,14
Facebook Penn94,distance_greedy,2,0.02,833,19505,18
Facebook Penn94,distance_greedy,2,0.02,834,19576,20
Facebook Penn94,distance_greedy,2,0.02,835,19388,16
Facebook Penn94,distance_greedy,2,0.02,836,19691,17
Facebook Penn94,distance_greedy,2,0.02,837,19512,16
Facebook Penn94,distance_greedy,2,0.02,838,19400,23
Facebook Penn94,distance_greedy,2,0.02,839,19402,16
Facebook Penn94,distance_greedy,2,0.02,840,19609,16
Facebook Penn94,distance_greedy,2,0.02,841,19435,15
Facebook Penn94,distance_greedy,2,0.02,842,19426,20
Facebook Penn94,distance_greedy,2,0.02,843,19442,16
Facebook Penn94,distance_greedy,2,0.02,844,19397,18
Facebook Penn94,distance_greedy,2,0.02,845,19351,17
Facebook Penn94,distance_greedy,2,0.02,846,19665,18
Facebook Penn94,distance_greedy,2,0.02,847,19499,15
Facebook Penn94,distance_greedy,2,0.02,848,19441,14
Facebook Penn94,distance_greedy,2,0.02,849,19298,18
Facebook Penn94,distance_greedy,2,0.02,850,19584,17
Facebook Penn94,distance_greedy,2,0.02,851,19498,15
Facebook Penn94,distance_greedy,2,0.02,852,19689,18
Facebook Penn94,distance_greedy,2,0.02,853,19485,16
Facebook Penn94,distance_greedy,2,0.02,854,19766,15
Facebook Penn94,distance_greedy,2,0.02,855,19409,15
Facebook Penn94,distance_greedy,2,0.02,856,19281,16
Facebook Penn94,distance_greedy,2,0.02,857,19371,15
Facebook Penn94,distance_greedy,2,0.02,858,19596,17
Facebook Penn94,distance_greedy,2,0.02,859,19683,19
Facebook Penn94,distance_greedy,2,0.02,860,19567,16
Facebook Penn94,distance_greedy,2,0.02,861,19625,16
Facebook Penn94,distance_greedy,2,0.02,862,19535,21
Facebook Penn94,distance_greedy,2,0.02,863,19696,17
Facebook Penn94,distance_greedy,2,0.02,864,19581,16
Facebook Penn94,distance_greedy,2,0.02,865,19752,16
Facebook Penn94,distance_greedy,2,0.02,866,19457,15
Facebook Penn94,distance_greedy,2,0.02,867,19364,17
Facebook Penn94,distance_greedy,2,0.02,868,19684,16
Facebook Penn94,distance_greedy,2,0.02,869,19372,16
Facebook Penn94,distance_greedy,2,0.02,870,19660,16
Facebook Penn94,distance_greedy,2,0.02,871,19422,15
Facebook Penn94,distance_greedy,2,0.02,872,19459,17
Facebook Penn94,distance_greedy,2,0.02,873,19232,16
Facebook Penn94,distance_greedy,2,0.02,874,19442,18
Facebook Penn94,distance_greedy,2,0.02,875,19876,18
Facebook Penn94,distance_greedy,2,0.02,876,19823,17
Facebook Penn94,distance_greedy,2,0.02,877,19604,19
Facebook Penn94,distance_greedy,2,0.02,878,19458,17
Facebook Penn94,distance_greedy,2,0.02,879,19610,16
Facebook Penn94,distance_greedy,2,0.02,880,19339,19
Facebook Penn94,distance_greedy,2,0.02,881,19559,16
Facebook Penn94,distance_greedy,2,0.02,882,19600,17
Facebook Penn94,distance_greedy,2,0.02,883,19710,15
Facebook Penn94,distance_greedy,2,0.02,884,19517,15
Facebook Penn94,distance_greedy,2,0.02,885,19477,14
Facebook Penn94,distance_greedy,2,0.02,886,19616,16
Facebook Penn94,distance_greedy,2,0.02,887,19306,18
Facebook Penn94,distance_greedy,2,0.02,888,19564,16
Facebook Penn94,distance_greedy,2,0.02,889,19476,15
Facebook Penn94,distance_greedy,2,0.02,890,19785,16
Facebook Penn94,distance_greedy,2,0.02,891,19607,19
Facebook Penn94,distance_greedy,2,0.02,892,19850,19
Facebook Penn94,distance_greedy,2,0.02,893,19492,19
Facebook Penn94,distance_greedy,2,0.02,894,19434,21
Facebook Penn94,distance_greedy,2,0.02,895,19623,15
Facebook Penn94,distance_greedy,2,0.02,896,19457,17
Facebook Penn94,distance_greedy,2,0.02,897,19546,16
Facebook Penn94,distance_greedy,2,0.02,898,19422,17
Facebook Penn94,distance_greedy,2,0.02,899,19432,16
Facebook Penn94,distance_greedy,2,0.02,900,19453,17
Facebook Penn94,distance_greedy,2,0.02,901,19613,19
Facebook Penn94,distance_greedy,2,0.02,902,19650,19
Facebook Penn94,distance_greedy,2,0.02,903,19714,18
Facebook Penn94,distance_greedy,2,0.02,904,19569,14
Facebook Penn94,distance_greedy,2,0.02,905,19386,16
Facebook Penn94,distance_greedy,2,0.02,906,19491,21
Facebook Penn94,distance_greedy,2,0.02,907,19681,18
Facebook Penn94,distance_greedy,2,0.02,908,19487,15
Facebook Penn94,distance_greedy,2,0.02,909,19609,16
Facebook Penn94,distance_greedy,2,0.02,910,19809,17
Facebook Penn94,distance_greedy,2,0.02,911,19580,18
Facebook Penn94,distance_greedy,2,0.02,912,19544,16
Facebook Penn94,distance_greedy,2,0.02,913,19681,16
Facebook Penn94,distance_greedy,2,0.02,914,19450,18
Facebook Penn94,distance_greedy,2,0.02,915,19446,16
Facebook Penn94,distance_greedy,2,0.02,916,19537,16
Facebook Penn94,distance_greedy,2,0.02,917,19475,19
Facebook Penn94,distance_greedy,2,0.02,918,19548,16
Facebook Penn94,distance_greedy,2,0.02,919,19415,16
Facebook Penn94,distance_greedy,2,0.02,920,19596,16
Facebook Penn94,distance_greedy,2,0.02,921,19705,15
Facebook Penn94,distance_greedy,2,0.02,922,19627,16
Facebook Penn94,distance_greedy,2,0.02,923,19432,16
Facebook Penn94,distance_greedy,2,0.02,924,19699,16
Facebook Penn94,distance_greedy,2,0.02,925,19708,16
Facebook Penn94,distance_greedy,2,0.02,926,19397,16
Facebook Penn94,distance_greedy,2,0.02,927,19515,16
Facebook Penn94,distance_greedy,2,0.02,928,19423,16
Facebook Penn94,distance_greedy,2,0.02,929,19281,17
Facebook Penn94,distance_greedy,2,0.02,930,19287,18
Facebook Penn94,distance_greedy,2,0.02,931,19688,14
Facebook Penn94,distance_greedy,2,0.02,932,19591,15
Facebook Penn94,distance_greedy,2,0.02,933,19626,15
Facebook Penn94,distance_greedy,2,0.02,934,19561,18
Facebook Penn94,distance_greedy,2,0.02,935,19383,17
Facebook Penn94,distance_greedy,2,0.02,936,19475,19
Facebook Penn94,distance_greedy,2,0.02,937,19483,14
Facebook Penn94,distance_greedy,2,0.02,938,19393,16
Facebook Penn94,distance_greedy,2,0.02,939,19583,18
Facebook Penn94,distance_greedy,2,0.02,940,19440,17
Facebook Penn94,distance_greedy,2,0.02,941,19697,16
Facebook Penn94,distance_greedy,2,0.02,942,19579,16
Facebook Penn94,distance_greedy,2,0.02,943,19644,17
Facebook Penn94,distance_greedy,2,0.02,944,19471,19
Facebook Penn94,distance_greedy,2,0.02,945,19537,17
Facebook Penn94,distance_greedy,2,0.02,946,19417,18
Facebook Penn94,distance_greedy,2,0.02,947,19630,17
Facebook Penn94,distance_greedy,2,0.02,948,19577,16
Facebook Penn94,distance_greedy,2,0.02,949,19395,19
Facebook Penn94,distance_greedy,2,0.02,950,19507,17
Facebook Penn94,distance_greedy,2,0.02,951,19660,17
Facebook Penn94,distance_greedy,2,0.02,952,19817,16
Facebook Penn94,distance_greedy,2,0.02,953,19680,15
Facebook Penn94,distance_greedy,2,0.02,954,19576,17
Facebook Penn94,distance_greedy,2,0.02,955,19681,17
Facebook Penn94,distance_greedy,2,0.02,956,19508,17
Facebook Penn94,distance_greedy,2,0.02,957,19720,15
Facebook Penn94,distance_greedy,2,0.02,958,19715,17
Facebook Penn94,distance_greedy,2,0.02,959,19551,16
Facebook Penn94,distance_greedy,2,0.02,960,19322,16
Facebook Penn94,distance_greedy,2,0.02,961,19600,16
Facebook Penn94,distance_greedy,2,0.02,962,19600,17
Facebook Penn94,distance_greedy,2,0.02,963,19473,18
Facebook Penn94,distance_greedy,2,0.02,964,19210,16
Facebook Penn94,distance_greedy,2,0.02,965,19644,16
Facebook Penn94,distance_greedy,2,0.02,966,19550,14
Facebook Penn94,distance_greedy,2,0.02,967,19562,16
Facebook Penn94,distance_greedy,2,0.02,968,19632,15
Facebook Penn94,distance_greedy,2,0.02,969,19600,19
Facebook Penn94,distance_greedy,2,0.02,970,19544,16
Facebook Penn94,distance_greedy,2,0.02,971,19660,16
Facebook Penn94,distance_greedy,2,0.02,972,19640,14
Facebook Penn94,distance_greedy,2,0.02,973,19571,15
Facebook Penn94,distance_greedy,2,0.02,974,19618,16
Facebook Penn94,distance_greedy,2,0.02,975,19563,21
Facebook Penn94,distance_greedy,2,0.02,976,19451,16
Facebook Penn94,distance_greedy,2,0.02,977,19682,21
Facebook Penn94,distance_greedy,2,0.02,978,19323,15
Facebook Penn94,distance_greedy,2,0.02,979,19366,17
Facebook Penn94,distance_greedy,2,0.02,980,19373,15
Facebook Penn94,distance_greedy,2,0.02,981,19661,16
Facebook Penn94,distance_greedy,2,0.02,982,19558,19
Facebook Penn94,distance_greedy,2,0.02,983,19597,16
Facebook Penn94,distance_greedy,2,0.02,984,19519,17
Facebook Penn94,distance_greedy,2,0.02,985,19680,17
Facebook Penn94,distance_greedy,2,0.02,986,19457,19
Facebook Penn94,distance_greedy,2,0.02,987,19614,19
Facebook Penn94,distance_greedy,2,0.02,988,19522,18
Facebook Penn94,distance_greedy,2,0.02,989,19785,15
Facebook Penn94,distance_greedy,2,0.02,990,19786,16
Facebook Penn94,distance_greedy,2,0.02,991,19378,17
Facebook Penn94,distance_greedy,2,0.02,992,19620,21
Facebook Penn94,distance_greedy,2,0.02,993,19635,18
Facebook Penn94,distance_greedy,2,0.02,994,19457,16
Facebook Penn94,distance_greedy,2,0.02,995,19331,15
Facebook Penn94,distance_greedy,2,0.02,996,19561,19
Facebook Penn94,distance_greedy,2,0.02,997,19484,16
Facebook Penn94,distance_greedy,2,0.02,998,19739,17
Facebook Penn94,distance_greedy,2,0.02,999,19573,16
Facebook Penn94,distance_greedy,4,0.02,0,19319,15
Facebook Penn94,distance_greedy,4,0.02,1,19474,15
Facebook Penn94,distance_greedy,4,0.02,2,19481,18
Facebook Penn94,distance_greedy,4,0.02,3,19828,18
Facebook Penn94,distance_greedy,4,0.02,4,19443,18
Facebook Penn94,distance_greedy,4,0.02,5,19352,16
Facebook Penn94,distance_greedy,4,0.02,6,19462,16
Facebook Penn94,distance_greedy,4,0.02,7,19689,17
Facebook Penn94,distance_greedy,4,0.02,8,19445,15
Facebook Penn94,distance_greedy,4,0.02,9,19710,18
Facebook Penn94,distance_greedy,4,0.02,10,19510,13
Facebook Penn94,distance_greedy,4,0.02,11,19627,16
Facebook Penn94,distance_greedy,4,0.02,12,19623,14
Facebook Penn94,distance_greedy,4,0.02,13,19592,16
Facebook Penn94,distance_greedy,4,0.02,14,19595,14
Facebook Penn94,distance_greedy,4,0.02,15,19651,16
Facebook Penn94,distance_greedy,4,0.02,16,19715,17
Facebook Penn94,distance_greedy,4,0.02,17,19459,17
Facebook Penn94,distance_greedy,4,0.02,18,19632,16
Facebook Penn94,distance_greedy,4,0.02,19,19340,16
Facebook Penn94,distance_greedy,4,0.02,20,19656,15
Facebook Penn94,distance_greedy,4,0.02,21,19611,16
Facebook Penn94,distance_greedy,4,0.02,22,19643,16
Facebook Penn94,distance_greedy,4,0.02,23,19639,16
Facebook Penn94,distance_greedy,4,0.02,24,19490,15
Facebook Penn94,distance_greedy,4,0.02,25,19427,18
Facebook Penn94,distance_greedy,4,0.02,26,19425,15
Facebook Penn94,distance_greedy,4,0.02,27,19434,17
Facebook Penn94,distance_greedy,4,0.02,28,19587,16
Facebook Penn94,distance_greedy,4,0.02,29,19618,15
Facebook Penn94,distance_greedy,4,0.02,30,19466,15
Facebook Penn94,distance_greedy,4,0.02,31,19662,16
Facebook Penn94,distance_greedy,4,0.02,32,19671,17
Facebook Penn94,distance_greedy,4,0.02,33,19736,17
Facebook Penn94,distance_greedy,4,0.02,34,19559,17
Facebook Penn94,distance_greedy,4,0.02,35,19452,18
Facebook Penn94,distance_greedy,4,0.02,36,19718,15
Facebook Penn94,distance_greedy,4,0.02,37,19501,17
Facebook Penn94,distance_greedy,4,0.02,38,19403,17
Facebook Penn94,distance_greedy,4,0.02,39,19605,16
Facebook Penn94,distance_greedy,4,0.02,40,19549,16
Facebook Penn94,distance_greedy,4,0.02,41,19494,17
Facebook Penn94,distance_greedy,4,0.02,42,19647,17
Facebook Penn94,distance_greedy,4,0.02,43,19450,14
Facebook Penn94,distance_greedy,4,0.02,44,19503,16
Facebook Penn94,distance_greedy,4,0.02,45,19469,17
Facebook Penn94,distance_greedy,4,0.02,46,19487,20
Facebook Penn94,distance_greedy,4,0.02,47,19593,18
Facebook Penn94,distance_greedy,4,0.02,48,19694,16
Facebook Penn94,distance_greedy,4,0.02,49,19545,16
Facebook Penn94,distance_greedy,4,0.02,50,19199,14
Facebook Penn94,distance_greedy,4,0.02,51,19867,15
Facebook Penn94,distance_greedy,4,0.02,52,19693,20
Facebook Penn94,distance_greedy,4,0.02,53,19614,15
Facebook Penn94,distance_greedy,4,0.02,54,19577,17
Facebook Penn94,distance_greedy,4,0.02,55,19593,16
Facebook Penn94,distance_greedy,4,0.02,56,19484,17
Facebook Penn94,distance_greedy,4,0.02,57,19521,14
Facebook Penn94,distance_greedy,4,0.02,58,19299,15
Facebook Penn94,distance_greedy,4,0.02,59,19647,17
Facebook Penn94,distance_greedy,4,0.02,60,19613,17
Facebook Penn94,distance_greedy,4,0.02,61,19453,16
Facebook Penn94,distance_greedy,4,0.02,62,19628,16
Facebook Penn94,distance_greedy,4,0.02,63,19394,16
Facebook Penn94,distance_greedy,4,0.02,64,19587,13
Facebook Penn94,distance_greedy,4,0.02,65,19620,20
Facebook Penn94,distance_greedy,4,0.02,66,19555,14
Facebook Penn94,distance_greedy,4,0.02,67,19466,17
Facebook Penn94,distance_greedy,4,0.02,68,19581,15
Facebook Penn94,distance_greedy,4,0.02,69,19700,14
Facebook Penn94,distance_greedy,4,0.02,70,19407,17
Facebook Penn94,distance_greedy,4,0.02,71,19643,18
Facebook Penn94,distance_greedy,4,0.02,72,19572,15
Facebook Penn94,distance_greedy,4,0.02,73,19446,20
Facebook Penn94,distance_greedy,4,0.02,74,19551,18
Facebook Penn94,distance_greedy,4,0.02,75,19537,15
Facebook Penn94,distance_greedy,4,0.02,76,19689,16
Facebook Penn94,distance_greedy,4,0.02,77,19631,16
Facebook Penn94,distance_greedy,4,0.02,78,19330,15
Facebook Penn94,distance_greedy,4,0.02,79,19751,16
Facebook Penn94,distance_greedy,4,0.02,80,19394,20
Facebook Penn94,distance_greedy,4,0.02,81,19407,16
Facebook Penn94,distance_greedy,4,0.02,82,19760,16
Facebook Penn94,distance_greedy,4,0.02,83,19630,16
Facebook Penn94,distance_greedy,4,0.02,84,19610,15
Facebook Penn94,distance_greedy,4,0.02,85,19442,16
Facebook Penn94,distance_greedy,4,0.02,86,19285,15
Facebook Penn94,distance_greedy,4,0.02,87,19766,16
Facebook Penn94,distance_greedy,4,0.02,88,19471,15
Facebook Penn94,distance_greedy,4,0.02,89,19308,16
Facebook Penn94,distance_greedy,4,0.02,90,19641,15
Facebook Penn94,distance_greedy,4,0.02,91,19253,15
Facebook Penn94,distance_greedy,4,0.02,92,19505,16
Facebook Penn94,distance_greedy,4,0.02,93,19630,15
Facebook Penn94,distance_greedy,4,0.02,94,19491,15
Facebook Penn94,distance_greedy,4,0.02,95,19578,16
Facebook Penn94,distance_greedy,4,0.02,96,19525,17
Facebook Penn94,distance_greedy,4,0.02,97,19526,19
Facebook Penn94,distance_greedy,4,0.02,98,19280,17
Facebook Penn94,distance_greedy,4,0.02,99,19287,17
Facebook Penn94,distance_greedy,4,0.02,100,19351,15
Facebook Penn94,distance_greedy,4,0.02,101,19620,16
Facebook Penn94,distance_greedy,4,0.02,102,19565,14
Facebook Penn94,distance_greedy,4,0.02,103,19341,15
Facebook Penn94,distance_greedy,4,0.02,104,19458,14
Facebook Penn94,distance_greedy,4,0.02,105,19462,15
Facebook Penn94,distance_greedy,4,0.02,106,19451,16
Facebook Penn94,distance_greedy,4,0.02,107,19805,18
Facebook Penn94,distance_greedy,4,0.02,108,19496,17
Facebook Penn94,distance_greedy,4,0.02,109,19471,15
Facebook Penn94,distance_greedy,4,0.02,110,19343,14
Facebook Penn94,distance_greedy,4,0.02,111,19702,17
Facebook Penn94,distance_greedy,4,0.02,112,19500,16
Facebook Penn94,distance_greedy,4,0.02,113,19402,15
Facebook Penn94,distance_greedy,4,0.02,114,19412,17
Facebook Penn94,distance_greedy,4,0.02,115,19646,16
Facebook Penn94,distance_greedy,4,0.02,116,19459,17
Facebook Penn94,distance_greedy,4,0.02,117,19648,16
Facebook Penn94,distance_greedy,4,0.02,118,19638,15
Facebook Penn94,distance_greedy,4,0.02,119,19579,14
Facebook Penn94,distance_greedy,4,0.02,120,19305,16
Facebook Penn94,distance_greedy,4,0.02,121,19528,17
Facebook Penn94,distance_greedy,4,0.02,122,19799,15
Facebook Penn94,distance_greedy,4,0.02,123,19410,15
Facebook Penn94,distance_greedy,4,0.02,124,19371,17
Facebook Penn94,distance_greedy,4,0.02,125,19443,19
Facebook Penn94,distance_greedy,4,0.02,126,19450,16
Facebook Penn94,distance_greedy,4,0.02,127,19318,17
Facebook Penn94,distance_greedy,4,0.02,128,19371,15
Facebook Penn94,distance_greedy,4,0.02,129,19272,18
Facebook Penn94,distance_greedy,4,0.02,130,19485,15
Facebook Penn94,distance_greedy,4,0.02,131,19302,16
Facebook Penn94,distance_greedy,4,0.02,132,19492,16
Facebook Penn94,distance_greedy,4,0.02,133,19310,16
Facebook Penn94,distance_greedy,4,0.02,134,19511,17
Facebook Penn94,distance_greedy,4,0.02,135,19709,15
Facebook Penn94,distance_greedy,4,0.02,136,19581,15
Facebook Penn94,distance_greedy,4,0.02,137,19562,15
Facebook Penn94,distance_greedy,4,0.02,138,19512,15
Facebook Penn94,distance_greedy,4,0.02,139,19332,16
Facebook Penn94,distance_greedy,4,0.02,140,19486,16
Facebook Penn94,distance_greedy,4,0.02,141,19577,17
Facebook Penn94,distance_greedy,4,0.02,142,19435,16
Facebook Penn94,distance_greedy,4,0.02,143,19466,17
Facebook Penn94,distance_greedy,4,0.02,144,19628,15
Facebook Penn94,distance_greedy,4,0.02,145,19610,16
Facebook Penn94,distance_greedy,4,0.02,146,19669,15
Facebook Penn94,distance_greedy,4,0.02,147,19683,16
Facebook Penn94,distance_greedy,4,0.02,148,19560,15
Facebook Penn94,distance_greedy,4,0.02,149,19583,15
Facebook Penn94,distance_greedy,4,0.02,150,19522,15
Facebook Penn94,distance_greedy,4,0.02,151,19498,16
Facebook Penn94,distance_greedy,4,0.02,152,19707,17
Facebook Penn94,distance_greedy,4,0.02,153,19574,15
Facebook Penn94,distance_greedy,4,0.02,154,19442,16
Facebook Penn94,distance_greedy,4,0.02,155,19639,15
Facebook Penn94,distance_greedy,4,0.02,156,19695,15
Facebook Penn94,distance_greedy,4,0.02,157,19344,19
Facebook Penn94,distance_greedy,4,0.02,158,19479,18
Facebook Penn94,distance_greedy,4,0.02,159,19769,17
Facebook Penn94,distance_greedy,4,0.02,160,19743,14
Facebook Penn94,distance_greedy,4,0.02,161,19383,17
Facebook Penn94,distance_greedy,4,0.02,162,19377,17
Facebook Penn94,distance_greedy,4,0.02,163,19657,19
Facebook Penn94,distance_greedy,4,0.02,164,19644,16
Facebook Penn94,distance_greedy,4,0.02,165,19517,15
Facebook Penn94,distance_greedy,4,0.02,166,19766,15
Facebook Penn94,distance_greedy,4,0.02,167,19443,15
Facebook Penn94,distance_greedy,4,0.02,168,19331,15
Facebook Penn94,distance_greedy,4,0.02,169,19580,15
Facebook Penn94,distance_greedy,4,0.02,170,19711,16
Facebook Penn94,distance_greedy,4,0.02,171,19605,15
Facebook Penn94,distance_greedy,4,0.02,172,19622,14
Facebook Penn94,distance_greedy,4,0.02,173,19636,16
Facebook Penn94,distance_greedy,4,0.02,174,19518,17
Facebook Penn94,distance_greedy,4,0.02,175,19536,15
Facebook Penn94,distance_greedy,4,0.02,176,19694,17
Facebook Penn94,distance_greedy,4,0.02,177,19630,16
Facebook Penn94,distance_greedy,4,0.02,178,19568,15
Facebook Penn94,distance_greedy,4,0.02,179,19561,16
Facebook Penn94,distance_greedy,4,0.02,180,19513,20
Facebook Penn94,distance_greedy,4,0.02,181,19317,16
Facebook Penn94,distance_greedy,4,0.02,182,19420,15
Facebook Penn94,distance_greedy,4,0.02,183,19514,18
Facebook Penn94,distance_greedy,4,0.02,184,19788,15
Facebook Penn94,distance_greedy,4,0.02,185,19506,16
Facebook Penn94,distance_greedy,4,0.02,186,19541,18
Facebook Penn94,distance_greedy,4,0.02,187,19596,15
Facebook Penn94,distance_greedy,4,0.02,188,19681,15
Facebook Penn94,distance_greedy,4,0.02,189,19475,16
Facebook Penn94,distance_greedy,4,0.02,190,19494,15
Facebook Penn94,distance_greedy,4,0.02,191,19463,15
Facebook Penn94,distance_greedy,4,0.02,192,19695,15
Facebook Penn94,distance_greedy,4,0.02,193,19529,15
Facebook Penn94,distance_greedy,4,0.02,194,19471,15
Facebook Penn94,distance_greedy,4,0.02,195,19458,15
Facebook Penn94,distance_greedy,4,0.02,196,19466,16
Facebook Penn94,distance_greedy,4,0.02,197,19660,16
Facebook Penn94,distance_greedy,4,0.02,198,19692,17
Facebook Penn94,distance_greedy,4,0.02,199,19646,14
Facebook Penn94,distance_greedy,4,0.02,200,19577,15
Facebook Penn94,distance_greedy,4,0.02,201,19468,18
Facebook Penn94,distance_greedy,4,0.02,202,19551,15
Facebook Penn94,distance_greedy,4,0.02,203,19634,15
Facebook Penn94,distance_greedy,4,0.02,204,19492,18
Facebook Penn94,distance_greedy,4,0.02,205,19436,17
Facebook Penn94,distance_greedy,4,0.02,206,19393,15
Facebook Penn94,distance_greedy,4,0.02,207,19670,16
Facebook Penn94,distance_greedy,4,0.02,208,19625,17
Facebook Penn94,distance_greedy,4,0.02,209,19671,15
Facebook Penn94,distance_greedy,4,0.02,210,19288,16
Facebook Penn94,distance_greedy,4,0.02,211,19374,16
Facebook Penn94,distance_greedy,4,0.02,212,19559,17
Facebook Penn94,distance_greedy,4,0.02,213,19484,16
Facebook Penn94,distance_greedy,4,0.02,214,19582,16
Facebook Penn94,distance_greedy,4,0.02,215,19451,20
Facebook Penn94,distance_greedy,4,0.02,216,19560,17
Facebook Penn94,distance_greedy,4,0.02,217,19441,14
Facebook Penn94,distance_greedy,4,0.02,218,19717,15
Facebook Penn94,distance_greedy,4,0.02,219,19424,17
Facebook Penn94,distance_greedy,4,0.02,220,19512,17
Facebook Penn94,distance_greedy,4,0.02,221,19406,15
Facebook Penn94,distance_greedy,4,0.02,222,19700,16
Facebook Penn94,distance_greedy,4,0.02,223,19425,18
Facebook Penn94,distance_greedy,4,0.02,224,19504,15
Facebook Penn94,distance_greedy,4,0.02,225,19622,16
Facebook Penn94,distance_greedy,4,0.02,226,19511,17
Facebook Penn94,distance_greedy,4,0.02,227,19486,14
Facebook Penn94,distance_greedy,4,0.02,228,19628,19
Facebook Penn94,distance_greedy,4,0.02,229,19528,16
Facebook Penn94,distance_greedy,4,0.02,230,19757,16
Facebook Penn94,distance_greedy,4,0.02,231,19529,15
Facebook Penn94,distance_greedy,4,0.02,232,19564,15
Facebook Penn94,distance_greedy,4,0.02,233,19617,15
Facebook Penn94,distance_greedy,4,0.02,234,19764,14
Facebook Penn94,distance_greedy,4,0.02,235,19551,15
Facebook Penn94,distance_greedy,4,0.02,236,19700,16
Facebook Penn94,distance_greedy,4,0.02,237,19513,16
Facebook Penn94,distance_greedy,4,0.02,238,19494,15
Facebook Penn94,distance_greedy,4,0.02,239,19640,15
Facebook Penn94,distance_greedy,4,0.02,240,19541,15
Facebook Penn94,distance_greedy,4,0.02,241,19618,16
Facebook Penn94,distance_greedy,4,0.02,242,19608,16
Facebook Penn94,distance_greedy,4,0.02,243,19294,16
Facebook Penn94,distance_greedy,4,0.02,244,19457,21
Facebook Penn94,distance_greedy,4,0.02,245,19391,18
Facebook Penn94,distance_greedy,4,0.02,246,19472,16
Facebook Penn94,distance_greedy,4,0.02,247,19500,15
Facebook Penn94,distance_greedy,4,0.02,248,19502,16
Facebook Penn94,distance_greedy,4,0.02,249,19646,18
Facebook Penn94,distance_greedy,4,0.02,250,19661,15
Facebook Penn94,distance_greedy,4,0.02,251,19285,16
Facebook Penn94,distance_greedy,4,0.02,252,19167,16
Facebook Penn94,distance_greedy,4,0.02,253,19468,15
Facebook Penn94,distance_greedy,4,0.02,254,19124,16
Facebook Penn94,distance_greedy,4,0.02,255,19759,19
Facebook Penn94,distance_greedy,4,0.02,256,19675,17
Facebook Penn94,distance_greedy,4,0.02,257,19598,14
Facebook Penn94,distance_greedy,4,0.02,258,19553,20
Facebook Penn94,distance_greedy,4,0.02,259,19588,17
Facebook Penn94,distance_greedy,4,0.02,260,19601,16
Facebook Penn94,distance_greedy,4,0.02,261,19741,16
Facebook Penn94,distance_greedy,4,0.02,262,19674,17
Facebook Penn94,distance_greedy,4,0.02,263,19559,16
Facebook Penn94,distance_greedy,4,0.02,264,19575,16
Facebook Penn94,distance_greedy,4,0.02,265,19317,18
Facebook Penn94,distance_greedy,4,0.02,266,19290,16
Facebook Penn94,distance_greedy,4,0.02,267,19476,16
Facebook Penn94,distance_greedy,4,0.02,268,19411,16
Facebook Penn94,distance_greedy,4,0.02,269,19506,16
Facebook Penn94,distance_greedy,4,0.02,270,19693,16
Facebook Penn94,distance_greedy,4,0.02,271,19571,16
Facebook Penn94,distance_greedy,4,0.02,272,19242,16
Facebook Penn94,distance_greedy,4,0.02,273,19427,15
Facebook Penn94,distance_greedy,4,0.02,274,19503,15
Facebook Penn94,distance_greedy,4,0.02,275,19732,16
Facebook Penn94,distance_greedy,4,0.02,276,19663,16
Facebook Penn94,distance_greedy,4,0.02,277,19315,15
Facebook Penn94,distance_greedy,4,0.02,278,19796,15
Facebook Penn94,distance_greedy,4,0.02,279,19921,16
Facebook Penn94,distance_greedy,4,0.02,280,19394,15
Facebook Penn94,distance_greedy,4,0.02,281,19294,15
Facebook Penn94,distance_greedy,4,0.02,282,19531,16
Facebook Penn94,distance_greedy,4,0.02,283,19432,16
Facebook Penn94,distance_greedy,4,0.02,284,19373,15
Facebook Penn94,distance_greedy,4,0.02,285,19174,19
Facebook Penn94,distance_greedy,4,0.02,286,19625,17
Facebook Penn94,distance_greedy,4,0.02,287,19442,17
Facebook Penn94,distance_greedy,4,0.02,288,19349,15
Facebook Penn94,distance_greedy,4,0.02,289,19653,18
Facebook Penn94,distance_greedy,4,0.02,290,19771,17
Facebook Penn94,distance_greedy,4,0.02,291,19548,16
Facebook Penn94,distance_greedy,4,0.02,292,19733,15
Facebook Penn94,distance_greedy,4,0.02,293,19579,17
Facebook Penn94,distance_greedy,4,0.02,294,19668,14
Facebook Penn94,distance_greedy,4,0.02,295,19586,15
Facebook Penn94,distance_greedy,4,0.02,296,19424,16
Facebook Penn94,distance_greedy,4,0.02,297,19720,19
Facebook Penn94,distance_greedy,4,0.02,298,19387,17
Facebook Penn94,distance_greedy,4,0.02,299,19756,15
Facebook Penn94,distance_greedy,4,0.02,300,19556,15
Facebook Penn94,distance_greedy,4,0.02,301,19351,16
Facebook Penn94,distance_greedy,4,0.02,302,19484,16
Facebook Penn94,distance_greedy,4,0.02,303,19476,16
Facebook Penn94,distance_greedy,4,0.02,304,19789,16
Facebook Penn94,distance_greedy,4,0.02,305,19807,16
Facebook Penn94,distance_greedy,4,0.02,306,19504,17
Facebook Penn94,distance_greedy,4,0.02,307,19599,16
Facebook Penn94,distance_greedy,4,0.02,308,19423,16
Facebook Penn94,distance_greedy,4,0.02,309,19374,16
Facebook Penn94,distance_greedy,4,0.02,310,19449,16
Facebook Penn94,distance_greedy,4,0.02,311,19681,16
Facebook Penn94,distance_greedy,4,0.02,312,19539,16
Facebook Penn94,distance_greedy,4,0.02,313,19841,16
Facebook Penn94,distance_greedy,4,0.02,314,19528,17
Facebook Penn94,distance_greedy,4,0.02,315,19778,16
Facebook Penn94,distance_greedy,4,0.02,316,19635,15
Facebook Penn94,distance_greedy,4,0.02,317,19595,16
Facebook Penn94,distance_greedy,4,0.02,318,19627,15
Facebook Penn94,distance_greedy,4,0.02,319,19699,17
Facebook Penn94,distance_greedy,4,0.02,320,19662,16
Facebook Penn94,distance_greedy,4,0.02,321,19629,16
Facebook Penn94,distance_greedy,4,0.02,322,19248,15
Facebook Penn94,distance_greedy,4,0.02,323,19328,15
Facebook Penn94,distance_greedy,4,0.02,324,19556,16
Facebook Penn94,distance_greedy,4,0.02,325,19524,15
Facebook Penn94,distance_greedy,4,0.02,326,19656,18
Facebook Penn94,distance_greedy,4,0.02,327,19332,15
Facebook Penn94,distance_greedy,4,0.02,328,19551,14
Facebook Penn94,distance_greedy,4,0.02,329,19612,22
Facebook Penn94,distance_greedy,4,0.02,330,19711,15
Facebook Penn94,distance_greedy,4,0.02,331,19663,16
Facebook Penn94,distance_greedy,4,0.02,332,19279,17
Facebook Penn94,distance_greedy,4,0.02,333,19689,16
Facebook Penn94,distance_greedy,4,0.02,334,19190,16
Facebook Penn94,distance_greedy,4,0.02,335,19536,14
Facebook Penn94,distance_greedy,4,0.02,336,19554,16
Facebook Penn94,distance_greedy,4,0.02,337,19492,17
Facebook Penn94,distance_greedy,4,0.02,338,19480,15
Facebook Penn94,distance_greedy,4,0.02,339,19609,14
Facebook Penn94,distance_greedy,4,0.02,340,19458,14
Facebook Penn94,distance_greedy,4,0.02,341,19490,16
Facebook Penn94,distance_greedy,4,0.02,342,19509,18
Facebook Penn94,distance_greedy,4,0.02,343,19302,15
Facebook Penn94,distance_greedy,4,0.02,344,19540,17
Facebook Penn94,distance_greedy,4,0.02,345,19573,15
Facebook Penn94,distance_greedy,4,0.02,346,19437,16
Facebook Penn94,distance_greedy,4,0.02,347,19826,16
Facebook Penn94,distance_greedy,4,0.02,348,19568,15
Facebook Penn94,distance_greedy,4,0.02,349,19350,21
Facebook Penn94,distance_greedy,4,0.02,350,19625,18
Facebook Penn94,distance_greedy,4,0.02,351,19558,17
Facebook Penn94,distance_greedy,4,0.02,352,19574,15
Facebook Penn94,distance_greedy,4,0.02,353,19535,15
Facebook Penn94,distance_greedy,4,0.02,354,19343,18
Facebook Penn94,distance_greedy,4,0.02,355,19532,17
Facebook Penn94,distance_greedy,4,0.02,356,19456,16
Facebook Penn94,distance_greedy,4,0.02,357,19495,17
Facebook Penn94,distance_greedy,4,0.02,358,19664,15
Facebook Penn94,distance_greedy,4,0.02,359,19442,17
Facebook Penn94,distance_greedy,4,0.02,360,19591,17
Facebook Penn94,distance_greedy,4,0.02,361,19622,17
Facebook Penn94,distance_greedy,4,0.02,362,19671,15
Facebook Penn94,distance_greedy,4,0.02,363,19567,19
Facebook Penn94,distance_greedy,4,0.02,364,19322,16
Facebook Penn94,distance_greedy,4,0.02,365,19591,16
Facebook Penn94,distance_greedy,4,0.02,366,19711,16
Facebook Penn94,distance_greedy,4,0.02,367,19592,16
Facebook Penn94,distance_greedy,4,0.02,368,19638,14
Facebook Penn94,distance_greedy,4,0.02,369,19589,17
Facebook Penn94,distance_greedy,4,0.02,370,19383,18
Facebook Penn94,distance_greedy,4,0.02,371,19364,16
Facebook Penn94,distance_greedy,4,0.02,372,19579,16
Facebook Penn94,distance_greedy,4,0.02,373,19471,18
Facebook Penn94,distance_greedy,4,0.02,374,19479,15
Facebook Penn94,distance_greedy,4,0.02,375,19311,15
Facebook Penn94,distance_greedy,4,0.02,376,19323,19
Facebook Penn94,distance_greedy,4,0.02,377,19610,17
Facebook Penn94,distance_greedy,4,0.02,378,19318,14
Facebook Penn94,distance_greedy,4,0.02,379,19653,16
Facebook Penn94,distance_greedy,4,0.02,380,19558,17
Facebook Penn94,distance_greedy,4,0.02,381,19581,17
Facebook Penn94,distance_greedy,4,0.02,382,19539,17
Facebook Penn94,distance_greedy,4,0.02,383,19479,16
Facebook Penn94,distance_greedy,4,0.02,384,19692,14
Facebook Penn94,distance_greedy,4,0.02,385,19721,16
Facebook Penn94,distance_greedy,4,0.02,386,19439,17
Facebook Penn94,distance_greedy,4,0.02,387,19516,16
Facebook Penn94,distance_greedy,4,0.02,388,19472,16
Facebook Penn94,distance_greedy,4,0.02,389,19563,15
Facebook Penn94,distance_greedy,4,0.02,390,19539,18
Facebook Penn94,distance_greedy,4,0.02,391,19546,17
Facebook Penn94,distance_greedy,4,0.02,392,19544,17
Facebook Penn94,distance_greedy,4,0.02,393,19682,16
Facebook Penn94,distance_greedy,4,0.02,394,19648,16
Facebook Penn94,distance_greedy,4,0.02,395,19629,17
Facebook Penn94,distance_greedy,4,0.02,396,19589,16
Facebook Penn94,distance_greedy,4,0.02,397,19429,14
Facebook Penn94,distance_greedy,4,0.02,398,19327,16
Facebook Penn94,distance_greedy,4,0.02,399,19670,17
Facebook Penn94,distance_greedy,4,0.02,400,19449,17
Facebook Penn94,distance_greedy,4,0.02,401,19548,15
Facebook Penn94,distance_greedy,4,0.02,402,19485,16
Facebook Penn94,distance_greedy,4,0.02,403,19435,15
Facebook Penn94,distance_greedy,4,0.02,404,19660,16
Facebook Penn94,distance_greedy,4,0.02,405,19490,16
Facebook Penn94,distance_greedy,4,0.02,406,19227,16
Facebook Penn94,distance_greedy,4,0.02,407,19830,17
Facebook Penn94,distance_greedy,4,0.02,408,19414,15
Facebook Penn94,distance_greedy,4,0.02,409,19353,15
Facebook Penn94,distance_greedy,4,0.02,410,19372,19
Facebook Penn94,distance_greedy,4,0.02,411,19587,16
Facebook Penn94,distance_greedy,4,0.02,412,19488,16
Facebook Penn94,distance_greedy,4,0.02,413,19556,16
Facebook Penn94,distance_greedy,4,0.02,414,19511,16
Facebook Penn94,distance_greedy,4,0.02,415,19427,16
Facebook Penn94,distance_greedy,4,0.02,416,19671,16
Facebook Penn94,distance_greedy,4,0.02,417,19681,16
Facebook Penn94,distance_greedy,4,0.02,418,19541,15
Facebook Penn94,distance_greedy,4,0.02,419,19512,17
Facebook Penn94,distance_greedy,4,0.02,420,19397,17
Facebook Penn94,distance_greedy,4,0.02,421,19546,16
Facebook Penn94,distance_greedy,4,0.02,422,19607,14
Facebook Penn94,distance_greedy,4,0.02,423,19854,17
Facebook Penn94,distance_greedy,4,0.02,424,19422,15
Facebook Penn94,distance_greedy,4,0.02,425,19427,18
Facebook Penn94,distance_greedy,4,0.02,426,19712,15
Facebook Penn94,distance_greedy,4,0.02,427,19669,16
Facebook Penn94,distance_greedy,4,0.02,428,19447,16
Facebook Penn94,distance_greedy,4,0.02,429,19601,15
Facebook Penn94,distance_greedy,4,0.02,430,19466,16
Facebook Penn94,distance_greedy,4,0.02,431,19595,16
Facebook Penn94,distance_greedy,4,0.02,432,19441,15
Facebook Penn94,distance_greedy,4,0.02,433,19399,15
Facebook Penn94,distance_greedy,4,0.02,434,19520,17
Facebook Penn94,distance_greedy,4,0.02,435,19531,14
Facebook Penn94,distance_greedy,4,0.02,436,19507,16
Facebook Penn94,distance_greedy,4,0.02,437,19332,16
Facebook Penn94,distance_greedy,4,0.02,438,19742,17
Facebook Penn94,distance_greedy,4,0.02,439,19281,22
Facebook Penn94,distance_greedy,4,0.02,440,19558,16
Facebook Penn94,distance_greedy,4,0.02,441,19768,15
Facebook Penn94,distance_greedy,4,0.02,442,19641,18
Facebook Penn94,distance_greedy,4,0.02,443,19290,15
Facebook Penn94,distance_greedy,4,0.02,444,19751,16
Facebook Penn94,distance_greedy,4,0.02,445,19584,15
Facebook Penn94,distance_greedy,4,0.02,446,19838,18
Facebook Penn94,distance_greedy,4,0.02,447,19510,18
Facebook Penn94,distance_greedy,4,0.02,448,19485,18
Facebook Penn94,distance_greedy,4,0.02,449,19522,16
Facebook Penn94,distance_greedy,4,0.02,450,19780,17
Facebook Penn94,distance_greedy,4,0.02,451,19339,16
Facebook Penn94,distance_greedy,4,0.02,452,19609,16
Facebook Penn94,distance_greedy,4,0.02,453,19488,15
Facebook Penn94,distance_greedy,4,0.02,454,19593,17
Facebook Penn94,distance_greedy,4,0.02,455,19521,15
Facebook Penn94,distance_greedy,4,0.02,456,19354,16
Facebook Penn94,distance_greedy,4,0.02,457,19580,18
Facebook Penn94,distance_greedy,4,0.02,458,19679,15
Facebook Penn94,distance_greedy,4,0.02,459,19583,16
Facebook Penn94,distance_greedy,4,0.02,460,19542,16
Facebook Penn94,distance_greedy,4,0.02,461,19358,16
Facebook Penn94,distance_greedy,4,0.02,462,19621,16
Facebook Penn94,distance_greedy,4,0.02,463,19450,16
Facebook Penn94,distance_greedy,4,0.02,464,19541,15
Facebook Penn94,distance_greedy,4,0.02,465,19453,15
Facebook Penn94,distance_greedy,4,0.02,466,19634,15
Facebook Penn94,distance_greedy,4,0.02,467,19645,17
Facebook Penn94,distance_greedy,4,0.02,468,19766,15
Facebook Penn94,distance_greedy,4,0.02,469,19593,15
Facebook Penn94,distance_greedy,4,0.02,470,19635,14
Facebook Penn94,distance_greedy,4,0.02,471,19649,18
Facebook Penn94,distance_greedy,4,0.02,472,19659,15
Facebook Penn94,distance_greedy,4,0.02,473,19439,17
Facebook Penn94,distance_greedy,4,0.02,474,19238,16
Facebook Penn94,distance_greedy,4,0.02,475,19694,16
Facebook Penn94,distance_greedy,4,0.02,476,19523,18
Facebook Penn94,distance_greedy,4,0.02,477,19662,16
Facebook Penn94,distance_greedy,4,0.02,478,19473,16
Facebook Penn94,distance_greedy,4,0.02,479,19424,14
Facebook Penn94,distance_greedy,4,0.02,480,19434,16
Facebook Penn94,distance_greedy,4,0.02,481,19676,16
Facebook Penn94,distance_greedy,4,0.02,482,19816,14
Facebook Penn94,distance_greedy,4,0.02,483,20045,14
Facebook Penn94,distance_greedy,4,0.02,484,19451,17
Facebook Penn94,distance_greedy,4,0.02,485,19611,15
Facebook Penn94,distance_greedy,4,0.02,486,19502,17
Facebook Penn94,distance_greedy,4,0.02,487,19451,16
Facebook Penn94,distance_greedy,4,0.02,488,19719,16
Facebook Penn94,distance_greedy,4,0.02,489,19736,14
Facebook Penn94,distance_greedy,4,0.02,490,19631,16
Facebook Penn94,distance_greedy,4,0.02,491,19621,16
Facebook Penn94,distance_greedy,4,0.02,492,19346,17
Facebook Penn94,distance_greedy,4,0.02,493,19410,17
Facebook Penn94,distance_greedy,4,0.02,494,19540,15
Facebook Penn94,distance_greedy,4,0.02,495,19299,18
Facebook Penn94,distance_greedy,4,0.02,496,19398,17
Facebook Penn94,distance_greedy,4,0.02,497,19384,17
Facebook Penn94,distance_greedy,4,0.02,498,19342,15
Facebook Penn94,distance_greedy,4,0.02,499,19706,18
Facebook Penn94,distance_greedy,4,0.02,500,19579,18
Facebook Penn94,distance_greedy,4,0.02,501,19529,17
Facebook Penn94,distance_greedy,4,0.02,502,19366,15
Facebook Penn94,distance_greedy,4,0.02,503,19742,15
Facebook Penn94,distance_greedy,4,0.02,504,19620,17
Facebook Penn94,distance_greedy,4,0.02,505,19575,20
Facebook Penn94,distance_greedy,4,0.02,506,19702,15
Facebook Penn94,distance_greedy,4,0.02,507,19418,15
Facebook Penn94,distance_greedy,4,0.02,508,19428,15
Facebook Penn94,distance_greedy,4,0.02,509,19603,18
Facebook Penn94,distance_greedy,4,0.02,510,19527,16
Facebook Penn94,distance_greedy,4,0.02,511,19442,18
Facebook Penn94,distance_greedy,4,0.02,512,19212,17
Facebook Penn94,distance_greedy,4,0.02,513,19697,15
Facebook Penn94,distance_greedy,4,0.02,514,19684,17
Facebook Penn94,distance_greedy,4,0.02,515,19305,16
Facebook Penn94,distance_greedy,4,0.02,516,19662,15
Facebook Penn94,distance_greedy,4,0.02,517,19508,15
Facebook Penn94,distance_greedy,4,0.02,518,19522,17
Facebook Penn94,distance_greedy,4,0.02,519,19590,17
Facebook Penn94,distance_greedy,4,0.02,520,19571,18
Facebook Penn94,distance_greedy,4,0.02,521,19809,18
Facebook Penn94,distance_greedy,4,0.02,522,19342,18
Facebook Penn94,distance_greedy,4,0.02,523,19535,18
Facebook Penn94,distance_greedy,4,0.02,524,19644,16
Facebook Penn94,distance_greedy,4,0.02,525,19643,15
Facebook Penn94,distance_greedy,4,0.02,526,19342,16
Facebook Penn94,distance_greedy,4,0.02,527,19603,16
Facebook Penn94,distance_greedy,4,0.02,528,19441,15
Facebook Penn94,distance_greedy,4,0.02,529,19543,16
Facebook Penn94,distance_greedy,4,0.02,530,19453,17
Facebook Penn94,distance_greedy,4,0.02,531,19513,17
Facebook Penn94,distance_greedy,4,0.02,532,19484,15
Facebook Penn94,distance_greedy,4,0.02,533,19235,16
Facebook Penn94,distance_greedy,4,0.02,534,19606,16
Facebook Penn94,distance_greedy,4,0.02,535,19515,15
Facebook Penn94,distance_greedy,4,0.02,536,19133,18
Facebook Penn94,distance_greedy,4,0.02,537,19141,17
Facebook Penn94,distance_greedy,4,0.02,538,19900,18
Facebook Penn94,distance_greedy,4,0.02,539,19537,16
Facebook Penn94,distance_greedy,4,0.02,540,19592,18
Facebook Penn94,distance_greedy,4,0.02,541,19547,15
Facebook Penn94,distance_greedy,4,0.02,542,19555,15
Facebook Penn94,distance_greedy,4,0.02,543,19596,16
Facebook Penn94,distance_greedy,4,0.02,544,19418,15
Facebook Penn94,distance_greedy,4,0.02,545,19596,19
Facebook Penn94,distance_greedy,4,0.02,546,19567,17
Facebook Penn94,distance_greedy,4,0.02,547,19321,16
Facebook Penn94,distance_greedy,4,0.02,548,19614,17
Facebook Penn94,distance_greedy,4,0.02,549,19520,17
Facebook Penn94,distance_greedy,4,0.02,550,19455,16
Facebook Penn94,distance_greedy,4,0.02,551,19421,15
Facebook Penn94,distance_greedy,4,0.02,552,19212,17
Facebook Penn94,distance_greedy,4,0.02,553,19498,17
Facebook Penn94,distance_greedy,4,0.02,554,19337,16
Facebook Penn94,distance_greedy,4,0.02,555,19394,17
Facebook Penn94,distance_greedy,4,0.02,556,19536,16
Facebook Penn94,distance_greedy,4,0.02,557,19419,16
Facebook Penn94,distance_greedy,4,0.02,558,19452,15
Facebook Penn94,distance_greedy,4,0.02,559,19996,17
Facebook Penn94,distance_greedy,4,0.02,560,19451,16
Facebook Penn94,distance_greedy,4,0.02,561,19604,17
Facebook Penn94,distance_greedy,4,0.02,562,19467,16
Facebook Penn94,distance_greedy,4,0.02,563,19435,16
Facebook Penn94,distance_greedy,4,0.02,564,19725,15
Facebook Penn94,distance_greedy,4,0.02,565,19428,16
Facebook Penn94,distance_greedy,4,0.02,566,19657,17
Facebook Penn94,distance_greedy,4,0.02,567,19614,17
Facebook Penn94,distance_greedy,4,0.02,568,19753,16
Facebook Penn94,distance_greedy,4,0.02,569,19634,16
Facebook Penn94,distance_greedy,4,0.02,570,19805,18
Facebook Penn94,distance_greedy,4,0.02,571,19433,14
Facebook Penn94,distance_greedy,4,0.02,572,19462,16
Facebook Penn94,distance_greedy,4,0.02,573,19539,17
Facebook Penn94,distance_greedy,4,0.02,574,19600,17
Facebook Penn94,distance_greedy,4,0.02,575,19590,16
Facebook Penn94,distance_greedy,4,0.02,576,19581,14
Facebook Penn94,distance_greedy,4,0.02,577,19715,16
Facebook Penn94,distance_greedy,4,0.02,578,19630,20
Facebook Penn94,distance_greedy,4,0.02,579,19762,16
Facebook Penn94,distance_greedy,4,0.02,580,19361,18
Facebook Penn94,distance_greedy,4,0.02,581,19547,18
Facebook Penn94,distance_greedy,4,0.02,582,19453,16
Facebook Penn94,distance_greedy,4,0.02,583,19564,16
Facebook Penn94,distance_greedy,4,0.02,584,19565,15
Facebook Penn94,distance_greedy,4,0.02,585,19688,15
Facebook Penn94,distance_greedy,4,0.02,586,19656,18
Facebook Penn94,distance_greedy,4,0.02,587,19631,15
Facebook Penn94,distance_greedy,4,0.02,588,19558,16
Facebook Penn94,distance_greedy,4,0.02,589,19639,17
Facebook Penn94,distance_greedy,4,0.02,590,19847,14
Facebook Penn94,distance_greedy,4,0.02,591,19491,16
Facebook Penn94,distance_greedy,4,0.02,592,19738,17
Facebook Penn94,distance_greedy,4,0.02,593,19538,15
Facebook Penn94,distance_greedy,4,0.02,594,19545,15
Facebook Penn94,distance_greedy,4,0.02,595,19166,21
Facebook Penn94,distance_greedy,4,0.02,596,19722,16
Facebook Penn94,distance_greedy,4,0.02,597,19616,15
Facebook Penn94,distance_greedy,4,0.02,598,19591,16
Facebook Penn94,distance_greedy,4,0.02,599,19700,15
Facebook Penn94,distance_greedy,4,0.02,600,19376,15
Facebook Penn94,distance_greedy,4,0.02,601,19807,15
Facebook Penn94,distance_greedy,4,0.02,602,19676,17
Facebook Penn94,distance_greedy,4,0.02,603,19454,17
Facebook Penn94,distance_greedy,4,0.02,604,19446,17
Facebook Penn94,distance_greedy,4,0.02,605,19394,15
Facebook Penn94,distance_greedy,4,0.02,606,19665,15
Facebook Penn94,distance_greedy,4,0.02,607,19398,17
Facebook Penn94,distance_greedy,4,0.02,608,19769,15
Facebook Penn94,distance_greedy,4,0.02,609,19415,15
Facebook Penn94,distance_greedy,4,0.02,610,19608,16
Facebook Penn94,distance_greedy,4,0.02,611,19474,15
Facebook Penn94,distance_greedy,4,0.02,612,19564,17
Facebook Penn94,distance_greedy,4,0.02,613,19638,17
Facebook Penn94,distance_greedy,4,0.02,614,19500,15
Facebook Penn94,distance_greedy,4,0.02,615,19622,16
Facebook Penn94,distance_greedy,4,0.02,616,19492,16
Facebook Penn94,distance_greedy,4,0.02,617,19581,17
Facebook Penn94,distance_greedy,4,0.02,618,19650,15
Facebook Penn94,distance_greedy,4,0.02,619,19544,15
Facebook Penn94,distance_greedy,4,0.02,620,19475,15
Facebook Penn94,distance_greedy,4,0.02,621,19179,18
Facebook Penn94,distance_greedy,4,0.02,622,19377,17
Facebook Penn94,distance_greedy,4,0.02,623,19799,15
Facebook Penn94,distance_greedy,4,0.02,624,19561,15
Facebook Penn94,distance_greedy,4,0.02,625,19567,16
Facebook Penn94,distance_greedy,4,0.02,626,19714,20
Facebook Penn94,distance_greedy,4,0.02,627,19442,18
Facebook Penn94,distance_greedy,4,0.02,628,19546,17
Facebook Penn94,distance_greedy,4,0.02,629,19521,17
Facebook Penn94,distance_greedy,4,0.02,630,19411,15
Facebook Penn94,distance_greedy,4,0.02,631,19657,17
Facebook Penn94,distance_greedy,4,0.02,632,19494,16
Facebook Penn94,distance_greedy,4,0.02,633,19513,14
Facebook Penn94,distance_greedy,4,0.02,634,19336,17
Facebook Penn94,distance_greedy,4,0.02,635,19508,17
Facebook Penn94,distance_greedy,4,0.02,636,19625,17
Facebook Penn94,distance_greedy,4,0.02,637,19752,14
Facebook Penn94,distance_greedy,4,0.02,638,19624,15
Facebook Penn94,distance_greedy,4,0.02,639,19533,14
Facebook Penn94,distance_greedy,4,0.02,640,19762,16
Facebook Penn94,distance_greedy,4,0.02,641,19643,21
Facebook Penn94,distance_greedy,4,0.02,642,19435,16
Facebook Penn94,distance_greedy,4,0.02,643,19463,15
Facebook Penn94,distance_greedy,4,0.02,644,19446,16
Facebook Penn94,distance_greedy,4,0.02,645,19630,20
Facebook Penn94,distance_greedy,4,0.02,646,19614,17
Facebook Penn94,distance_greedy,4,0.02,647,19709,15
Facebook Penn94,distance_greedy,4,0.02,648,19568,15
Facebook Penn94,distance_greedy,4,0.02,649,19626,20
Facebook Penn94,distance_greedy,4,0.02,650,19764,14
Facebook Penn94,distance_greedy,4,0.02,651,19488,17
Facebook Penn94,distance_greedy,4,0.02,652,19383,19
Facebook Penn94,distance_greedy,4,0.02,653,19498,15
Facebook Penn94,distance_greedy,4,0.02,654,19531,16
Facebook Penn94,distance_greedy,4,0.02,655,19474,15
Facebook Penn94,distance_greedy,4,0.02,656,19727,17
Facebook Penn94,distance_greedy,4,0.02,657,19387,18
Facebook Penn94,distance_greedy,4,0.02,658,19650,15
Facebook Penn94,distance_greedy,4,0.02,659,19609,16
Facebook Penn94,distance_greedy,4,0.02,660,19562,19
Facebook Penn94,distance_greedy,4,0.02,661,19750,16
Facebook Penn94,distance_greedy,4,0.02,662,19834,15
Facebook Penn94,distance_greedy,4,0.02,663,19271,17
Facebook Penn94,distance_greedy,4,0.02,664,19509,15
Facebook Penn94,distance_greedy,4,0.02,665,19676,16
Facebook Penn94,distance_greedy,4,0.02,666,19736,15
Facebook Penn94,distance_greedy,4,0.02,667,19441,16
Facebook Penn94,distance_greedy,4,0.02,668,19777,14
Facebook Penn94,distance_greedy,4,0.02,669,19626,17
Facebook Penn94,distance_greedy,4,0.02,670,19384,16
Facebook Penn94,distance_greedy,4,0.02,671,19525,14
Facebook Penn94,distance_greedy,4,0.02,672,19492,16
Facebook Penn94,distance_greedy,4,0.02,673,19415,17
Facebook Penn94,distance_greedy,4,0.02,674,19406,17
Facebook Penn94,distance_greedy,4,0.02,675,19587,17
Facebook Penn94,distance_greedy,4,0.02,676,19477,16
Facebook Penn94,distance_greedy,4,0.02,677,19413,16
Facebook Penn94,distance_greedy,4,0.02,678,19635,14
Facebook Penn94,distance_greedy,4,0.02,679,19717,15
Facebook Penn94,distance_greedy,4,0.02,680,19414,15
Facebook Penn94,distance_greedy,4,0.02,681,19649,17
Facebook Penn94,distance_greedy,4,0.02,682,19525,17
Facebook Penn94,distance_greedy,4,0.02,683,19424,15
Facebook Penn94,distance_greedy,4,0.02,684,19469,17
Facebook Penn94,distance_greedy,4,0.02,685,19521,15
Facebook Penn94,distance_greedy,4,0.02,686,19573,18
Facebook Penn94,distance_greedy,4,0.02,687,19732,18
Facebook Penn94,distance_greedy,4,0.02,688,19582,17
Facebook Penn94,distance_greedy,4,0.02,689,19515,17
Facebook Penn94,distance_greedy,4,0.02,690,19322,15
Facebook Penn94,distance_greedy,4,0.02,691,19407,16
Facebook Penn94,distance_greedy,4,0.02,692,19638,15
Facebook Penn94,distance_greedy,4,0.02,693,19523,16
Facebook Penn94,distance_greedy,4,0.02,694,19505,16
Facebook Penn94,distance_greedy,4,0.02,695,19308,15
Facebook Penn94,distance_greedy,4,0.02,696,19546,16
Facebook Penn94,distance_greedy,4,0.02,697,19507,16
Facebook Penn94,distance_greedy,4,0.02,698,19659,16
Facebook Penn94,distance_greedy,4,0.02,699,19670,16
Facebook Penn94,distance_greedy,4,0.02,700,19533,16
Facebook Penn94,distance_greedy,4,0.02,701,19513,16
Facebook Penn94,distance_greedy,4,0.02,702,19555,15
Facebook Penn94,distance_greedy,4,0.02,703,19656,17
Facebook Penn94,distance_greedy,4,0.02,704,19222,15
Facebook Penn94,distance_greedy,4,0.02,705,19570,15
Facebook Penn94,distance_greedy,4,0.02,706,19483,17
Facebook Penn94,distance_greedy,4,0.02,707,19696,15
Facebook Penn94,distance_greedy,4,0.02,708,19585,17
Facebook Penn94,distance_greedy,4,0.02,709,19510,18
Facebook Penn94,distance_greedy,4,0.02,710,19635,15
Facebook Penn94,distance_greedy,4,0.02,711,19757,15
Facebook Penn94,distance_greedy,4,0.02,712,19421,16
Facebook Penn94,distance_greedy,4,0.02,713,19403,18
Facebook Penn94,distance_greedy,4,0.02,714,19554,17
Facebook Penn94,distance_greedy,4,0.02,715,19696,18
Facebook Penn94,distance_greedy,4,0.02,716,19431,18
Facebook Penn94,distance_greedy,4,0.02,717,19558,18
Facebook Penn94,distance_greedy,4,0.02,718,19584,17
Facebook Penn94,distance_greedy,4,0.02,719,19213,14
Facebook Penn94,distance_greedy,4,0.02,720,19730,15
Facebook Penn94,distance_greedy,4,0.02,721,19468,16
Facebook Penn94,distance_greedy,4,0.02,722,19578,17
Facebook Penn94,distance_greedy,4,0.02,723,19477,17
Facebook Penn94,distance_greedy,4,0.02,724,19436,15
Facebook Penn94,distance_greedy,4,0.02,725,19559,16
Facebook Penn94,distance_greedy,4,0.02,726,19521,15
Facebook Penn94,distance_greedy,4,0.02,727,19622,16
Facebook Penn94,distance_greedy,4,0.02,728,19533,15
Facebook Penn94,distance_greedy,4,0.02,729,19567,18
Facebook Penn94,distance_greedy,4,0.02,730,19525,16
Facebook Penn94,distance_greedy,4,0.02,731,19535,14
Facebook Penn94,distance_greedy,4,0.02,732,19625,14
Facebook Penn94,distance_greedy,4,0.02,733,19315,17
Facebook Penn94,distance_greedy,4,0.02,734,19459,15
Facebook Penn94,distance_greedy,4,0.02,735,19411,14
Facebook Penn94,distance_greedy,4,0.02,736,19439,16
Facebook Penn94,distance_greedy,4,0.02,737,19617,14
Facebook Penn94,distance_greedy,4,0.02,738,19636,15
Facebook Penn94,distance_greedy,4,0.02,739,19605,15
Facebook Penn94,distance_greedy,4,0.02,740,19740,16
Facebook Penn94,distance_greedy,4,0.02,741,19185,16
Facebook Penn94,distance_greedy,4,0.02,742,19745,16
Facebook Penn94,distance_greedy,4,0.02,743,19612,16
Facebook Penn94,distance_greedy,4,0.02,744,19426,14
Facebook Penn94,distance_greedy,4,0.02,745,19573,15
Facebook Penn94,distance_greedy,4,0.02,746,19609,18
Facebook Penn94,distance_greedy,4,0.02,747,19498,14
Facebook Penn94,distance_greedy,4,0.02,748,19540,15
Facebook Penn94,distance_greedy,4,0.02,749,19660,16
Facebook Penn94,distance_greedy,4,0.02,750,19746,14
Facebook Penn94,distance_greedy,4,0.02,751,19494,17
Facebook Penn94,distance_greedy,4,0.02,752,19624,16
Facebook Penn94,distance_greedy,4,0.02,753,19461,14
Facebook Penn94,distance_greedy,4,0.02,754,19561,17
Facebook Penn94,distance_greedy,4,0.02,755,19448,15
Facebook Penn94,distance_greedy,4,0.02,756,19540,16
Facebook Penn94,distance_greedy,4,0.02,757,19379,17
Facebook Penn94,distance_greedy,4,0.02,758,19752,16
Facebook Penn94,distance_greedy,4,0.02,759,19490,19
Facebook Penn94,distance_greedy,4,0.02,760,19531,16
Facebook Penn94,distance_greedy,4,0.02,761,19741,18
Facebook Penn94,distance_greedy,4,0.02,762,19373,17
Facebook Penn94,distance_greedy,4,0.02,763,19387,19
Facebook Penn94,distance_greedy,4,0.02,764,19384,14
Facebook Penn94,distance_greedy,4,0.02,765,19635,16
Facebook Penn94,distance_greedy,4,0.02,766,19643,17
Facebook Penn94,distance_greedy,4,0.02,767,19572,16
Facebook Penn94,distance_greedy,4,0.02,768,19535,15
Facebook Penn94,distance_greedy,4,0.02,769,19599,17
Facebook Penn94,distance_greedy,4,0.02,770,19793,15
Facebook Penn94,distance_greedy,4,0.02,771,19497,17
Facebook Penn94,distance_greedy,4,0.02,772,19626,16
Facebook Penn94,distance_greedy,4,0.02,773,19594,17
Facebook Penn94,distance_greedy,4,0.02,774,19416,16
Facebook Penn94,distance_greedy,4,0.02,775,19370,15
Facebook Penn94,distance_greedy,4,0.02,776,19864,18
Facebook Penn94,distance_greedy,4,0.02,777,19511,14
Facebook Penn94,distance_greedy,4,0.02,778,19487,14
Facebook Penn94,distance_greedy,4,0.02,779,19565,14
Facebook Penn94,distance_greedy,4,0.02,780,20030,16
Facebook Penn94,distance_greedy,4,0.02,781,19483,15
Facebook Penn94,distance_greedy,4,0.02,782,19548,15
Facebook Penn94,distance_greedy,4,0.02,783,19446,15
Facebook Penn94,distance_greedy,4,0.02,784,19371,15
Facebook Penn94,distance_greedy,4,0.02,785,19580,17
Facebook Penn94,distance_greedy,4,0.02,786,19562,16
Facebook Penn94,distance_greedy,4,0.02,787,19733,19
Facebook Penn94,distance_greedy,4,0.02,788,19557,17
Facebook Penn94,distance_greedy,4,0.02,789,19482,14
Facebook Penn94,distance_greedy,4,0.02,790,19551,19
Facebook Penn94,distance_greedy,4,0.02,791,19346,16
Facebook Penn94,distance_greedy,4,0.02,792,19593,17
Facebook Penn94,distance_greedy,4,0.02,793,19515,16
Facebook Penn94,distance_greedy,4,0.02,794,19372,15
Facebook Penn94,distance_greedy,4,0.02,795,19473,14
Facebook Penn94,distance_greedy,4,0.02,796,19700,15
Facebook Penn94,distance_greedy,4,0.02,797,19402,18
Facebook Penn94,distance_greedy,4,0.02,798,19477,16
Facebook Penn94,distance_greedy,4,0.02,799,19755,17
Facebook Penn94,distance_greedy,4,0.02,800,19511,17
Facebook Penn94,distance_greedy,4,0.02,801,19505,16
Facebook Penn94,distance_greedy,4,0.02,802,19452,14
Facebook Penn94,distance_greedy,4,0.02,803,19629,15
Facebook Penn94,distance_greedy,4,0.02,804,19397,17
Facebook Penn94,distance_greedy,4,0.02,805,19400,15
Facebook Penn94,distance_greedy,4,0.02,806,19657,15
Facebook Penn94,distance_greedy,4,0.02,807,19656,16
Facebook Penn94,distance_greedy,4,0.02,808,19545,16
Facebook Penn94,distance_greedy,4,0.02,809,19308,15
Facebook Penn94,distance_greedy,4,0.02,810,19575,17
Facebook Penn94,distance_greedy,4,0.02,811,19150,15
Facebook Penn94,distance_greedy,4,0.02,812,19421,17
Facebook Penn94,distance_greedy,4,0.02,813,19689,15
Facebook Penn94,distance_greedy,4,0.02,814,19569,15
Facebook Penn94,distance_greedy,4,0.02,815,19591,17
Facebook Penn94,distance_greedy,4,0.02,816,19550,15
Facebook Penn94,distance_greedy,4,0.02,817,19536,16
Facebook Penn94,distance_greedy,4,0.02,818,19701,16
Facebook Penn94,distance_greedy,4,0.02,819,19390,15
Facebook Penn94,distance_greedy,4,0.02,820,19702,16
Facebook Penn94,distance_greedy,4,0.02,821,19471,17
Facebook Penn94,distance_greedy,4,0.02,822,19162,15
Facebook Penn94,distance_greedy,4,0.02,823,19305,17
Facebook Penn94,distance_greedy,4,0.02,824,19539,17
Facebook Penn94,distance_greedy,4,0.02,825,19316,21
Facebook Penn94,distance_greedy,4,0.02,826,19793,16
Facebook Penn94,distance_greedy,4,0.02,827,19606,17
Facebook Penn94,distance_greedy,4,0.02,828,19724,16
Facebook Penn94,distance_greedy,4,0.02,829,19671,17
Facebook Penn94,distance_greedy,4,0.02,830,19471,15
Facebook Penn94,distance_greedy,4,0.02,831,19365,16
Facebook Penn94,distance_greedy,4,0.02,832,19428,15
Facebook Penn94,distance_greedy,4,0.02,833,19501,15
Facebook Penn94,distance_greedy,4,0.02,834,19634,16
Facebook Penn94,distance_greedy,4,0.02,835,19269,15
Facebook Penn94,distance_greedy,4,0.02,836,19703,15
Facebook Penn94,distance_greedy,4,0.02,837,19660,14
Facebook Penn94,distance_greedy,4,0.02,838,19548,19
Facebook Penn94,distance_greedy,4,0.02,839,19445,18
Facebook Penn94,distance_greedy,4,0.02,840,19577,15
Facebook Penn94,distance_greedy,4,0.02,841,19440,16
Facebook Penn94,distance_greedy,4,0.02,842,19508,16
Facebook Penn94,distance_greedy,4,0.02,843,19456,15
Facebook Penn94,distance_greedy,4,0.02,844,19377,16
Facebook Penn94,distance_greedy,4,0.02,845,19341,19
Facebook Penn94,distance_greedy,4,0.02,846,19563,17
Facebook Penn94,distance_greedy,4,0.02,847,19524,16
Facebook Penn94,distance_greedy,4,0.02,848,19425,15
Facebook Penn94,distance_greedy,4,0.02,849,19429,15
Facebook Penn94,distance_greedy,4,0.02,850,19614,15
Facebook Penn94,distance_greedy,4,0.02,851,19318,15
Facebook Penn94,distance_greedy,4,0.02,852,19653,15
Facebook Penn94,distance_greedy,4,0.02,853,19373,18
Facebook Penn94,distance_greedy,4,0.02,854,19617,15
Facebook Penn94,distance_greedy,4,0.02,855,19336,20
Facebook Penn94,distance_greedy,4,0.02,856,19333,21
Facebook Penn94,distance_greedy,4,0.02,857,19395,16
Facebook Penn94,distance_greedy,4,0.02,858,19549,14
Facebook Penn94,distance_greedy,4,0.02,859,19655,16
Facebook Penn94,distance_greedy,4,0.02,860,19521,15
Facebook Penn94,distance_greedy,4,0.02,861,19808,15
Facebook Penn94,distance_greedy,4,0.02,862,19674,20
Facebook Penn94,distance_greedy,4,0.02,863,19571,18
Facebook Penn94,distance_greedy,4,0.02,864,19502,15
Facebook Penn94,distance_greedy,4,0.02,865,19773,17
Facebook Penn94,distance_greedy,4,0.02,866,19547,17
Facebook Penn94,distance_greedy,4,0.02,867,19358,15
Facebook Penn94,distance_greedy,4,0.02,868,19524,14
Facebook Penn94,distance_greedy,4,0.02,869,19592,17
Facebook Penn94,distance_greedy,4,0.02,870,19726,16
Facebook Penn94,distance_greedy,4,0.02,871,19313,17
Facebook Penn94,distance_greedy,4,0.02,872,19404,15
Facebook Penn94,distance_greedy,4,0.02,873,19286,19
Facebook Penn94,distance_greedy,4,0.02,874,19510,20
Facebook Penn94,distance_greedy,4,0.02,875,19897,19
Facebook Penn94,distance_greedy,4,0.02,876,19806,16
Facebook Penn94,distance_greedy,4,0.02,877,19427,16
Facebook Penn94,distance_greedy,4,0.02,878,19453,17
Facebook Penn94,distance_greedy,4,0.02,879,19582,17
Facebook Penn94,distance_greedy,4,0.02,880,19503,17
Facebook Penn94,distance_greedy,4,0.02,881,19555,14
Facebook Penn94,distance_greedy,4,0.02,882,19663,15
Facebook Penn94,distance_greedy,4,0.02,883,19699,15
Facebook Penn94,distance_greedy,4,0.02,884,19605,19
Facebook Penn94,distance_greedy,4,0.02,885,19601,16
Facebook Penn94,distance_greedy,4,0.02,886,19689,15
Facebook Penn94,distance_greedy,4,0.02,887,19294,17
Facebook Penn94,distance_greedy,4,0.02,888,19645,17
Facebook Penn94,distance_greedy,4,0.02,889,19411,15
Facebook Penn94,distance_greedy,4,0.02,890,19709,16
Facebook Penn94,distance_greedy,4,0.02,891,19691,17
Facebook Penn94,distance_greedy,4,0.02,892,19759,19
Facebook Penn94,distance_greedy,4,0.02,893,19566,19
Facebook Penn94,distance_greedy,4,0.02,894,19436,16
Facebook Penn94,distance_greedy,4,0.02,895,19644,15
Facebook Penn94,distance_greedy,4,0.02,896,19495,17
Facebook Penn94,distance_greedy,4,0.02,897,19641,16
Facebook Penn94,distance_greedy,4,0.02,898,19607,17
Facebook Penn94,distance_greedy,4,0.02,899,19525,16
Facebook Penn94,distance_greedy,4,0.02,900,19403,18
Facebook Penn94,distance_greedy,4,0.02,901,19599,17
Facebook Penn94,distance_greedy,4,0.02,902,19644,15
Facebook Penn94,distance_greedy,4,0.02,903,19729,16
Facebook Penn94,distance_greedy,4,0.02,904,19558,14
Facebook Penn94,distance_greedy,4,0.02,905,19373,17
Facebook Penn94,distance_greedy,4,0.02,906,19626,18
Facebook Penn94,distance_greedy,4,0.02,907,19633,16
Facebook Penn94,distance_greedy,4,0.02,908,19549,17
Facebook Penn94,distance_greedy,4,0.02,909,19581,15
Facebook Penn94,distance_greedy,4,0.02,910,19921,16
Facebook Penn94,distance_greedy,4,0.02,911,19629,18
Facebook Penn94,distance_greedy,4,0.02,912,19337,18
Facebook Penn94,distance_greedy,4,0.02,913,19608,16
Facebook Penn94,distance_greedy,4,0.02,914,19463,16
Facebook Penn94,distance_greedy,4,0.02,915,19500,15
Facebook Penn94,distance_greedy,4,0.02,916,19427,13
Facebook Penn94,distance_greedy,4,0.02,917,19497,17
Facebook Penn94,distance_greedy,4,0.02,918,19595,16
Facebook Penn94,distance_greedy,4,0.02,919,19374,15
Facebook Penn94,distance_greedy,4,0.02,920,19532,16
Facebook Penn94,distance_greedy,4,0.02,921,19705,16
Facebook Penn94,distance_greedy,4,0.02,922,19616,15
Facebook Penn94,distance_greedy,4,0.02,923,19391,18
Facebook Penn94,distance_greedy,4,0.02,924,19558,15
Facebook Penn94,distance_greedy,4,0.02,925,19664,17
Facebook Penn94,distance_greedy,4,0.02,926,19483,16
Facebook Penn94,distance_greedy,4,0.02,927,19322,16
Facebook Penn94,distance_greedy,4,0.02,928,19570,16
Facebook Penn94,distance_greedy,4,0.02,929,19313,19
Facebook Penn94,distance_greedy,4,0.02,930,19224,16
Facebook Penn94,distance_greedy,4,0.02,931,19775,17
Facebook Penn94,distance_greedy,4,0.02,932,19588,15
Facebook Penn94,distance_greedy,4,0.02,933,19610,14
Facebook Penn94,distance_greedy,4,0.02,934,19683,17
Facebook Penn94,distance_greedy,4,0.02,935,19433,18
Facebook Penn94,distance_greedy,4,0.02,936,19549,17
Facebook Penn94,distance_greedy,4,0.02,937,19538,16
Facebook Penn94,distance_greedy,4,0.02,938,19482,16
Facebook Penn94,distance_greedy,4,0.02,939,19652,19
Facebook Penn94,distance_greedy,4,0.02,940,19599,17
Facebook Penn94,distance_greedy,4,0.02,941,19774,17
Facebook Penn94,distance_greedy,4,0.02,942,19679,17
Facebook Penn94,distance_greedy,4,0.02,943,19463,17
Facebook Penn94,distance_greedy,4,0.02,944,19624,21
Facebook Penn94,distance_greedy,4,0.02,945,19596,21
Facebook Penn94,distance_greedy,4,0.02,946,19445,16
Facebook Penn94,distance_greedy,4,0.02,947,19582,16
Facebook Penn94,distance_greedy,4,0.02,948,19572,16
Facebook Penn94,distance_greedy,4,0.02,949,19396,18
Facebook Penn94,distance_greedy,4,0.02,950,19526,17
Facebook Penn94,distance_greedy,4,0.02,951,19636,15
Facebook Penn94,distance_greedy,4,0.02,952,19840,16
Facebook Penn94,distance_greedy,4,0.02,953,19611,17
Facebook Penn94,distance_greedy,4,0.02,954,19605,15
Facebook Penn94,distance_greedy,4,0.02,955,19557,16
Facebook Penn94,distance_greedy,4,0.02,956,19545,14
Facebook Penn94,distance_greedy,4,0.02,957,19744,14
Facebook Penn94,distance_greedy,4,0.02,958,19612,20
Facebook Penn94,distance_greedy,4,0.02,959,19495,18
Facebook Penn94,distance_greedy,4,0.02,960,19383,16
Facebook Penn94,distance_greedy,4,0.02,961,19572,16
Facebook Penn94,distance_greedy,4,0.02,962,19537,18
Facebook Penn94,distance_greedy,4,0.02,963,19318,20
Facebook Penn94,distance_greedy,4,0.02,964,19094,19
Facebook Penn94,distance_greedy,4,0.02,965,19638,18
Facebook Penn94,distance_greedy,4,0.02,966,19610,16
Facebook Penn94,distance_greedy,4,0.02,967,19575,20
Facebook Penn94,distance_greedy,4,0.02,968,19704,15
Facebook Penn94,distance_greedy,4,0.02,969,19666,18
Facebook Penn94,distance_greedy,4,0.02,970,19351,17
Facebook Penn94,distance_greedy,4,0.02,971,19659,19
Facebook Penn94,distance_greedy,4,0.02,972,19585,17
Facebook Penn94,distance_greedy,4,0.02,973,19538,16
Facebook Penn94,distance_greedy,4,0.02,974,19505,16
Facebook Penn94,distance_greedy,4,0.02,975,19511,15
Facebook Penn94,distance_greedy,4,0.02,976,19326,16
Facebook Penn94,distance_greedy,4,0.02,977,19578,16
Facebook Penn94,distance_greedy,4,0.02,978,19479,14
Facebook Penn94,distance_greedy,4,0.02,979,19325,18
Facebook Penn94,distance_greedy,4,0.02,980,19468,16
Facebook Penn94,distance_greedy,4,0.02,981,19718,14
Facebook Penn94,distance_greedy,4,0.02,982,19532,17
Facebook Penn94,distance_greedy,4,0.02,983,19632,14
Facebook Penn94,distance_greedy,4,0.02,984,19513,15
Facebook Penn94,distance_greedy,4,0.02,985,19671,17
Facebook Penn94,distance_greedy,4,0.02,986,19480,15
Facebook Penn94,distance_greedy,4,0.02,987,19610,16
Facebook Penn94,distance_greedy,4,0.02,988,19424,17
Facebook Penn94,distance_greedy,4,0.02,989,19701,15
Facebook Penn94,distance_greedy,4,0.02,990,19838,18
Facebook Penn94,distance_greedy,4,0.02,991,19462,16
Facebook Penn94,distance_greedy,4,0.02,992,19586,17
Facebook Penn94,distance_greedy,4,0.02,993,19744,16
Facebook Penn94,distance_greedy,4,0.02,994,19660,16
Facebook Penn94,distance_greedy,4,0.02,995,19357,16
Facebook Penn94,distance_greedy,4,0.02,996,19570,14
Facebook Penn94,distance_greedy,4,0.02,997,19492,16
Facebook Penn94,distance_greedy,4,0.02,998,19707,20
Facebook Penn94,distance_greedy,4,0.02,999,19661,18
Facebook Penn94,distance_greedy,10,0.02,0,19439,15
Facebook Penn94,distance_greedy,10,0.02,1,19443,15
Facebook Penn94,distance_greedy,10,0.02,2,19313,15
Facebook Penn94,distance_greedy,10,0.02,3,19710,16
Facebook Penn94,distance_greedy,10,0.02,4,19484,15
Facebook Penn94,distance_greedy,10,0.02,5,19475,17
Facebook Penn94,distance_greedy,10,0.02,6,19449,16
Facebook Penn94,distance_greedy,10,0.02,7,19646,15
Facebook Penn94,distance_greedy,10,0.02,8,19517,18
Facebook Penn94,distance_greedy,10,0.02,9,19717,17
Facebook Penn94,distance_greedy,10,0.02,10,19557,14
Facebook Penn94,distance_greedy,10,0.02,11,19629,15
Facebook Penn94,distance_greedy,10,0.02,12,19566,16
Facebook Penn94,distance_greedy,10,0.02,13,19595,17
Facebook Penn94,distance_greedy,10,0.02,14,19694,14
Facebook Penn94,distance_greedy,10,0.02,15,19551,17
Facebook Penn94,distance_greedy,10,0.02,16,19576,15
Facebook Penn94,distance_greedy,10,0.02,17,19575,16
Facebook Penn94,distance_greedy,10,0.02,18,19668,15
Facebook Penn94,distance_greedy,10,0.02,19,19471,15
Facebook Penn94,distance_greedy,10,0.02,20,19670,15
Facebook Penn94,distance_greedy,10,0.02,21,19654,15
Facebook Penn94,distance_greedy,10,0.02,22,19710,14
Facebook Penn94,distance_greedy,10,0.02,23,19596,16
Facebook Penn94,distance_greedy,10,0.02,24,19571,15
Facebook Penn94,distance_greedy,10,0.02,25,19432,20
Facebook Penn94,distance_greedy,10,0.02,26,19479,17
Facebook Penn94,distance_greedy,10,0.02,27,19434,16
Facebook Penn94,distance_greedy,10,0.02,28,19532,15
Facebook Penn94,distance_greedy,10,0.02,29,19537,16
Facebook Penn94,distance_greedy,10,0.02,30,19493,15
Facebook Penn94,distance_greedy,10,0.02,31,19578,16
Facebook Penn94,distance_greedy,10,0.02,32,19634,15
Facebook Penn94,distance_greedy,10,0.02,33,19645,18
Facebook Penn94,distance_greedy,10,0.02,34,19526,15
Facebook Penn94,distance_greedy,10,0.02,35,19487,20
Facebook Penn94,distance_greedy,10,0.02,36,19685,16
Facebook Penn94,distance_greedy,10,0.02,37,19394,15
Facebook Penn94,distance_greedy,10,0.02,38,19528,17
Facebook Penn94,distance_greedy,10,0.02,39,19508,14
Facebook Penn94,distance_greedy,10,0.02,40,19628,15
Facebook Penn94,distance_greedy,10,0.02,41,19558,15
Facebook Penn94,distance_greedy,10,0.02,42,19463,15
Facebook Penn94,distance_greedy,10,0.02,43,19359,17
Facebook Penn94,distance_greedy,10,0.02,44,19374,15
Facebook Penn94,distance_greedy,10,0.02,45,19460,17
Facebook Penn94,distance_greedy,10,0.02,46,19511,18
Facebook Penn94,distance_greedy,10,0.02,47,19569,14
Facebook Penn94,distance_greedy,10,0.02,48,19687,17
Facebook Penn94,distance_greedy,10,0.02,49,19552,18
Facebook Penn94,distance_greedy,10,0.02,50,19214,15
Facebook Penn94,distance_greedy,10,0.02,51,19899,15
Facebook Penn94,distance_greedy,10,0.02,52,19774,20
Facebook Penn94,distance_greedy,10,0.02,53,19630,18
Facebook Penn94,distance_greedy,10,0.02,54,19348,15
Facebook Penn94,distance_greedy,10,0.02,55,19671,17
Facebook Penn94,distance_greedy,10,0.02,56,19516,16
Facebook Penn94,distance_greedy,10,0.02,57,19471,15
Facebook Penn94,distance_greedy,10,0.02,58,19297,20
Facebook Penn94,distance_greedy,10,0.02,59,19630,16
Facebook Penn94,distance_greedy,10,0.02,60,19481,14
Facebook Penn94,distance_greedy,10,0.02,61,19336,16
Facebook Penn94,distance_greedy,10,0.02,62,19713,15
Facebook Penn94,distance_greedy,10,0.02,63,19222,14
Facebook Penn94,distance_greedy,10,0.02,64,19493,15
Facebook Penn94,distance_greedy,10,0.02,65,19614,20
Facebook Penn94,distance_greedy,10,0.02,66,19419,15
Facebook Penn94,distance_greedy,10,0.02,67,19576,18
Facebook Penn94,distance_greedy,10,0.02,68,19403,15
Facebook Penn94,distance_greedy,10,0.02,69,19650,15
Facebook Penn94,distance_greedy,10,0.02,70,19464,15
Facebook Penn94,distance_greedy,10,0.02,71,19587,16
Facebook Penn94,distance_greedy,10,0.02,72,19511,16
Facebook Penn94,distance_greedy,10,0.02,73,19601,17
Facebook Penn94,distance_greedy,10,0.02,74,19571,17
Facebook Penn94,distance_greedy,10,0.02,75,19624,17
Facebook Penn94,distance_greedy,10,0.02,76,19644,14
Facebook Penn94,distance_greedy,10,0.02,77,19689,16
Facebook Penn94,distance_greedy,10,0.02,78,19409,16
Facebook Penn94,distance_greedy,10,0.02,79,19729,14
Facebook Penn94,distance_greedy,10,0.02,80,19399,15
Facebook Penn94,distance_greedy,10,0.02,81,19468,17
Facebook Penn94,distance_greedy,10,0.02,82,19783,14
Facebook Penn94,distance_greedy,10,0.02,83,19559,20
Facebook Penn94,distance_greedy,10,0.02,84,19555,15
Facebook Penn94,distance_greedy,10,0.02,85,19569,15
Facebook Penn94,distance_greedy,10,0.02,86,19391,17
Facebook Penn94,distance_greedy,10,0.02,87,19798,16
Facebook Penn94,distance_greedy,10,0.02,88,19558,16
Facebook Penn94,distance_greedy,10,0.02,89,19160,15
Facebook Penn94,distance_greedy,10,0.02,90,19625,15
Facebook Penn94,distance_greedy,10,0.02,91,19352,16
Facebook Penn94,distance_greedy,10,0.02,92,19588,17
Facebook Penn94,distance_greedy,10,0.02,93,19636,16
Facebook Penn94,distance_greedy,10,0.02,94,19378,16
Facebook Penn94,distance_greedy,10,0.02,95,19551,14
Facebook Penn94,distance_greedy,10,0.02,96,19582,15
Facebook Penn94,distance_greedy,10,0.02,97,19522,15
Facebook Penn94,distance_greedy,10,0.02,98,19383,17
Facebook Penn94,distance_greedy,10,0.02,99,19402,15
Facebook Penn94,distance_greedy,10,0.02,100,19273,16
Facebook Penn94,distance_greedy,10,0.02,101,19628,17
Facebook Penn94,distance_greedy,10,0.02,102,19570,14
Facebook Penn94,distance_greedy,10,0.02,103,19309,16
Facebook Penn94,distance_greedy,10,0.02,104,19506,16
Facebook Penn94,distance_greedy,10,0.02,105,19291,18
Facebook Penn94,distance_greedy,10,0.02,106,19543,17
Facebook Penn94,distance_greedy,10,0.02,107,19703,15
Facebook Penn94,distance_greedy,10,0.02,108,19560,15
Facebook Penn94,distance_greedy,10,0.02,109,19545,17
Facebook Penn94,distance_greedy,10,0.02,110,19314,14
Facebook Penn94,distance_greedy,10,0.02,111,19638,14
Facebook Penn94,distance_greedy,10,0.02,112,19431,15
Facebook Penn94,distance_greedy,10,0.02,113,19390,14
Facebook Penn94,distance_greedy,10,0.02,114,19520,15
Facebook Penn94,distance_greedy,10,0.02,115,19746,16
Facebook Penn94,distance_greedy,10,0.02,116,19471,18
Facebook Penn94,distance_greedy,10,0.02,117,19588,14
Facebook Penn94,distance_greedy,10,0.02,118,19688,16
Facebook Penn94,distance_greedy,10,0.02,119,19473,16
Facebook Penn94,distance_greedy,10,0.02,120,19391,15
Facebook Penn94,distance_greedy,10,0.02,121,19565,15
Facebook Penn94,distance_greedy,10,0.02,122,19774,17
Facebook Penn94,distance_greedy,10,0.02,123,19438,14
Facebook Penn94,distance_greedy,10,0.02,124,19332,16
Facebook Penn94,distance_greedy,10,0.02,125,19372,15
Facebook Penn94,distance_greedy,10,0.02,126,19259,17
Facebook Penn94,distance_greedy,10,0.02,127,19271,17
Facebook Penn94,distance_greedy,10,0.02,128,19426,15
Facebook Penn94,distance_greedy,10,0.02,129,19457,17
Facebook Penn94,distance_greedy,10,0.02,130,19642,15
Facebook Penn94,distance_greedy,10,0.02,131,19332,17
Facebook Penn94,distance_greedy,10,0.02,132,19404,16
Facebook Penn94,distance_greedy,10,0.02,133,19317,15
Facebook Penn94,distance_greedy,10,0.02,134,19585,15
Facebook Penn94,distance_greedy,10,0.02,135,19546,16
Facebook Penn94,distance_greedy,10,0.02,136,19516,15
Facebook Penn94,distance_greedy,10,0.02,137,19627,15
Facebook Penn94,distance_greedy,10,0.02,138,19462,16
Facebook Penn94,distance_greedy,10,0.02,139,19347,14
Facebook Penn94,distance_greedy,10,0.02,140,19457,17
Facebook Penn94,distance_greedy,10,0.02,141,19501,16
Facebook Penn94,distance_greedy,10,0.02,142,19527,15
Facebook Penn94,distance_greedy,10,0.02,143,19436,15
Facebook Penn94,distance_greedy,10,0.02,144,19499,17
Facebook Penn94,distance_greedy,10,0.02,145,19384,17
Facebook Penn94,distance_greedy,10,0.02,146,19543,15
Facebook Penn94,distance_greedy,10,0.02,147,19556,14
Facebook Penn94,distance_greedy,10,0.02,148,19609,15
Facebook Penn94,distance_greedy,10,0.02,149,19576,16
Facebook Penn94,distance_greedy,10,0.02,150,19522,16
Facebook Penn94,distance_greedy,10,0.02,151,19513,16
Facebook Penn94,distance_greedy,10,0.02,152,19562,15
Facebook Penn94,distance_greedy,10,0.02,153,19540,13
Facebook Penn94,distance_greedy,10,0.02,154,19361,16
Facebook Penn94,distance_greedy,10,0.02,155,19614,16
Facebook Penn94,distance_greedy,10,0.02,156,19678,18
Facebook Penn94,distance_greedy,10,0.02,157,19385,15
Facebook Penn94,distance_greedy,10,0.02,158,19503,15
Facebook Penn94,distance_greedy,10,0.02,159,19721,15
Facebook Penn94,distance_greedy,10,0.02,160,19691,15
Facebook Penn94,distance_greedy,10,0.02,161,19420,14
Facebook Penn94,distance_greedy,10,0.02,162,19436,17
Facebook Penn94,distance_greedy,10,0.02,163,19512,15
Facebook Penn94,distance_greedy,10,0.02,164,19560,17
Facebook Penn94,distance_greedy,10,0.02,165,19449,15
Facebook Penn94,distance_greedy,10,0.02,166,19622,14
Facebook Penn94,distance_greedy,10,0.02,167,19575,15
Facebook Penn94,distance_greedy,10,0.02,168,19359,13
Facebook Penn94,distance_greedy,10,0.02,169,19632,15
Facebook Penn94,distance_greedy,10,0.02,170,19725,16
Facebook Penn94,distance_greedy,10,0.02,171,19518,14
Facebook Penn94,distance_greedy,10,0.02,172,19619,15
Facebook Penn94,distance_greedy,10,0.02,173,19636,16
Facebook Penn94,distance_greedy,10,0.02,174,19587,15
Facebook Penn94,distance_greedy,10,0.02,175,19460,16
Facebook Penn94,distance_greedy,10,0.02,176,19799,16
Facebook Penn94,distance_greedy,10,0.02,177,19736,16
Facebook Penn94,distance_greedy,10,0.02,178,19502,17
Facebook Penn94,distance_greedy,10,0.02,179,19579,14
Facebook Penn94,distance_greedy,10,0.02,180,19453,14
Facebook Penn94,distance_greedy,10,0.02,181,19462,17
Facebook Penn94,distance_greedy,10,0.02,182,19423,15
Facebook Penn94,distance_greedy,10,0.02,183,19610,18
Facebook Penn94,distance_greedy,10,0.02,184,19803,14
Facebook Penn94,distance_greedy,10,0.02,185,19564,16
Facebook Penn94,distance_greedy,10,0.02,186,19504,15
Facebook Penn94,distance_greedy,10,0.02,187,19709,14
Facebook Penn94,distance_greedy,10,0.02,188,19572,14
Facebook Penn94,distance_greedy,10,0.02,189,19547,14
Facebook Penn94,distance_greedy,10,0.02,190,19552,15
Facebook Penn94,distance_greedy,10,0.02,191,19412,18
Facebook Penn94,distance_greedy,10,0.02,192,19633,15
Facebook Penn94,distance_greedy,10,0.02,193,19534,15
Facebook Penn94,distance_greedy,10,0.02,194,19495,16
Facebook Penn94,distance_greedy,10,0.02,195,19456,16
Facebook Penn94,distance_greedy,10,0.02,196,19586,16
Facebook Penn94,distance_greedy,10,0.02,197,19659,15
Facebook Penn94,distance_greedy,10,0.02,198,19656,15
Facebook Penn94,distance_greedy,10,0.02,199,19651,15
Facebook Penn94,distance_greedy,10,0.02,200,19645,15
Facebook Penn94,distance_greedy,10,0.02,201,19526,17
Facebook Penn94,distance_greedy,10,0.02,202,19562,16
Facebook Penn94,distance_greedy,10,0.02,203,19577,18
Facebook Penn94,distance_greedy,10,0.02,204,19416,15
Facebook Penn94,distance_greedy,10,0.02,205,19447,17
Facebook Penn94,distance_greedy,10,0.02,206,19411,19
Facebook Penn94,distance_greedy,10,0.02,207,19724,15
Facebook Penn94,distance_greedy,10,0.02,208,19482,15
Facebook Penn94,distance_greedy,10,0.02,209,19611,16
Facebook Penn94,distance_greedy,10,0.02,210,19376,17
Facebook Penn94,distance_greedy,10,0.02,211,19369,19
Facebook Penn94,distance_greedy,10,0.02,212,19536,14
Facebook Penn94,distance_greedy,10,0.02,213,19488,15
Facebook Penn94,distance_greedy,10,0.02,214,19595,19
Facebook Penn94,distance_greedy,10,0.02,215,19448,16
Facebook Penn94,distance_greedy,10,0.02,216,19394,16
Facebook Penn94,distance_greedy,10,0.02,217,19394,14
Facebook Penn94,distance_greedy,10,0.02,218,19644,17
Facebook Penn94,distance_greedy,10,0.02,219,19521,19
Facebook Penn94,distance_greedy,10,0.02,220,19443,19
Facebook Penn94,distance_greedy,10,0.02,221,19440,17
Facebook Penn94,distance_greedy,10,0.02,222,19724,14
Facebook Penn94,distance_greedy,10,0.02,223,19425,15
Facebook Penn94,distance_greedy,10,0.02,224,19515,16
Facebook Penn94,distance_greedy,10,0.02,225,19537,16
Facebook Penn94,distance_greedy,10,0.02,226,19587,14
Facebook Penn94,distance_greedy,10,0.02,227,19434,14
Facebook Penn94,distance_greedy,10,0.02,228,19713,20
Facebook Penn94,distance_greedy,10,0.02,229,19393,16
Facebook Penn94,distance_greedy,10,0.02,230,19641,15
Facebook Penn94,distance_greedy,10,0.02,231,19618,15
Facebook Penn94,distance_greedy,10,0.02,232,19521,16
Facebook Penn94,distance_greedy,10,0.02,233,19442,17
Facebook Penn94,distance_greedy,10,0.02,234,19786,15
Facebook Penn94,distance_greedy,10,0.02,235,19485,17
Facebook Penn94,distance_greedy,10,0.02,236,19577,19
Facebook Penn94,distance_greedy,10,0.02,237,19520,16
Facebook Penn94,distance_greedy,10,0.02,238,19610,18
Facebook Penn94,distance_greedy,10,0.02,239,19679,15
Facebook Penn94,distance_greedy,10,0.02,240,19501,18
Facebook Penn94,distance_greedy,10,0.02,241,19547,17
Facebook Penn94,distance_greedy,10,0.02,242,19618,18
Facebook Penn94,distance_greedy,10,0.02,243,19349,16
Facebook Penn94,distance_greedy,10,0.02,244,19548,17
Facebook Penn94,distance_greedy,10,0.02,245,19384,14
Facebook Penn94,distance_greedy,10,0.02,246,19445,16
Facebook Penn94,distance_greedy,10,0.02,247,19602,16
Facebook Penn94,distance_greedy,10,0.02,248,19472,16
Facebook Penn94,distance_greedy,10,0.02,249,19527,20
Facebook Penn94,distance_greedy,10,0.02,250,19676,13
Facebook Penn94,distance_greedy,10,0.02,251,19218,15
Facebook Penn94,distance_greedy,10,0.02,252,19226,15
Facebook Penn94,distance_greedy,10,0.02,253,19476,15
Facebook Penn94,distance_greedy,10,0.02,254,19304,17
Facebook Penn94,distance_greedy,10,0.02,255,19737,18
Facebook Penn94,distance_greedy,10,0.02,256,19570,16
Facebook Penn94,distance_greedy,10,0.02,257,19619,16
Facebook Penn94,distance_greedy,10,0.02,258,19656,14
Facebook Penn94,distance_greedy,10,0.02,259,19633,15
Facebook Penn94,distance_greedy,10,0.02,260,19632,14
Facebook Penn94,distance_greedy,10,0.02,261,19696,17
Facebook Penn94,distance_greedy,10,0.02,262,19734,18
Facebook Penn94,distance_greedy,10,0.02,263,19718,17
Facebook Penn94,distance_greedy,10,0.02,264,19575,14
Facebook Penn94,distance_greedy,10,0.02,265,19431,16
Facebook Penn94,distance_greedy,10,0.02,266,19309,15
Facebook Penn94,distance_greedy,10,0.02,267,19524,15
Facebook Penn94,distance_greedy,10,0.02,268,19566,16
Facebook Penn94,distance_greedy,10,0.02,269,19456,22
Facebook Penn94,distance_greedy,10,0.02,270,19648,15
Facebook Penn94,distance_greedy,10,0.02,271,19607,16
Facebook Penn94,distance_greedy,10,0.02,272,19282,16
Facebook Penn94,distance_greedy,10,0.02,273,19375,19
Facebook Penn94,distance_greedy,10,0.02,274,19470,16
Facebook Penn94,distance_greedy,10,0.02,275,19722,14
Facebook Penn94,distance_greedy,10,0.02,276,19647,16
Facebook Penn94,distance_greedy,10,0.02,277,19401,13
Facebook Penn94,distance_greedy,10,0.02,278,19754,14
Facebook Penn94,distance_greedy,10,0.02,279,19903,16
Facebook Penn94,distance_greedy,10,0.02,280,19398,16
Facebook Penn94,distance_greedy,10,0.02,281,19316,17
Facebook Penn94,distance_greedy,10,0.02,282,19523,14
Facebook Penn94,distance_greedy,10,0.02,283,19413,15
Facebook Penn94,distance_greedy,10,0.02,284,19224,14
Facebook Penn94,distance_greedy,10,0.02,285,19290,14
Facebook Penn94,distance_greedy,10,0.02,286,19491,19
Facebook Penn94,distance_greedy,10,0.02,287,19336,14
Facebook Penn94,distance_greedy,10,0.02,288,19288,16
Facebook Penn94,distance_greedy,10,0.02,289,19573,17
Facebook Penn94,distance_greedy,10,0.02,290,19844,15
Facebook Penn94,distance_greedy,10,0.02,291,19613,16
Facebook Penn94,distance_greedy,10,0.02,292,19746,19
Facebook Penn94,distance_greedy,10,0.02,293,19669,14
Facebook Penn94,distance_greedy,10,0.02,294,19736,14
Facebook Penn94,distance_greedy,10,0.02,295,19771,19
Facebook Penn94,distance_greedy,10,0.02,296,19532,16
Facebook Penn94,distance_greedy,10,0.02,297,19629,16
Facebook Penn94,distance_greedy,10,0.02,298,19421,20
Facebook Penn94,distance_greedy,10,0.02,299,19709,21
Facebook Penn94,distance_greedy,10,0.02,300,19673,19
Facebook Penn94,distance_greedy,10,0.02,301,19207,16
Facebook Penn94,distance_greedy,10,0.02,302,19495,14
Facebook Penn94,distance_greedy,10,0.02,303,19443,14
Facebook Penn94,distance_greedy,10,0.02,304,19709,16
Facebook Penn94,distance_greedy,10,0.02,305,19769,15
Facebook Penn94,distance_greedy,10,0.02,306,19562,16
Facebook Penn94,distance_greedy,10,0.02,307,19599,16
Facebook Penn94,distance_greedy,10,0.02,308,19472,15
Facebook Penn94,distance_greedy,10,0.02,309,19390,18
Facebook Penn94,distance_greedy,10,0.02,310,19365,20
Facebook Penn94,distance_greedy,10,0.02,311,19567,15
Facebook Penn94,distance_greedy,10,0.02,312,19504,15
Facebook Penn94,distance_greedy,10,0.02,313,19725,18
Facebook Penn94,distance_greedy,10,0.02,314,19595,15
Facebook Penn94,distance_greedy,10,0.02,315,19622,15
Facebook Penn94,distance_greedy,10,0.02,316,19666,15
Facebook Penn94,distance_greedy,10,0.02,317,19709,15
Facebook Penn94,distance_greedy,10,0.02,318,19530,14
Facebook Penn94,distance_greedy,10,0.02,319,19673,15
Facebook Penn94,distance_greedy,10,0.02,320,19592,16
Facebook Penn94,distance_greedy,10,0.02,321,19656,15
Facebook Penn94,distance_greedy,10,0.02,322,19264,17
Facebook Penn94,distance_greedy,10,0.02,323,19462,18
Facebook Penn94,distance_greedy,10,0.02,324,19670,15
Facebook Penn94,distance_greedy,10,0.02,325,19519,15
Facebook Penn94,distance_greedy,10,0.02,326,19634,16
Facebook Penn94,distance_greedy,10,0.02,327,19253,14
Facebook Penn94,distance_greedy,10,0.02,328,19527,16
Facebook Penn94,distance_greedy,10,0.02,329,19621,18
Facebook Penn94,distance_greedy,10,0.02,330,19664,17
Facebook Penn94,distance_greedy,10,0.02,331,19645,16
Facebook Penn94,distance_greedy,10,0.02,332,19211,14
Facebook Penn94,distance_greedy,10,0.02,333,19655,14
Facebook Penn94,distance_greedy,10,0.02,334,19189,16
Facebook Penn94,distance_greedy,10,0.02,335,19641,17
Facebook Penn94,distance_greedy,10,0.02,336,19566,15
Facebook Penn94,distance_greedy,10,0.02,337,19496,20
Facebook Penn94,distance_greedy,10,0.02,338,19444,17
Facebook Penn94,distance_greedy,10,0.02,339,19529,16
Facebook Penn94,distance_greedy,10,0.02,340,19430,23
Facebook Penn94,distance_greedy,10,0.02,341,19615,16
Facebook Penn94,distance_greedy,10,0.02,342,19552,18
Facebook Penn94,distance_greedy,10,0.02,343,19475,16
Facebook Penn94,distance_greedy,10,0.02,344,19630,15
Facebook Penn94,distance_greedy,10,0.02,345,19544,15
Facebook Penn94,distance_greedy,10,0.02,346,19463,15
Facebook Penn94,distance_greedy,10,0.02,347,19756,16
Facebook Penn94,distance_greedy,10,0.02,348,19582,14
Facebook Penn94,distance_greedy,10,0.02,349,19323,15
Facebook Penn94,distance_greedy,10,0.02,350,19515,18
Facebook Penn94,distance_greedy,10,0.02,351,19664,15
Facebook Penn94,distance_greedy,10,0.02,352,19499,17
Facebook Penn94,distance_greedy,10,0.02,353,19554,14
Facebook Penn94,distance_greedy,10,0.02,354,19309,16
Facebook Penn94,distance_greedy,10,0.02,355,19773,15
Facebook Penn94,distance_greedy,10,0.02,356,19374,15
Facebook Penn94,distance_greedy,10,0.02,357,19492,16
Facebook Penn94,distance_greedy,10,0.02,358,19631,16
Facebook Penn94,distance_greedy,10,0.02,359,19584,16
Facebook Penn94,distance_greedy,10,0.02,360,19529,18
Facebook Penn94,distance_greedy,10,0.02,361,19584,15
Facebook Penn94,distance_greedy,10,0.02,362,19787,16
Facebook Penn94,distance_greedy,10,0.02,363,19459,15
Facebook Penn94,distance_greedy,10,0.02,364,19332,17
Facebook Penn94,distance_greedy,10,0.02,365,19764,15
Facebook Penn94,distance_greedy,10,0.02,366,19719,15
Facebook Penn94,distance_greedy,10,0.02,367,19617,16
Facebook Penn94,distance_greedy,10,0.02,368,19600,15
Facebook Penn94,distance_greedy,10,0.02,369,19697,15
Facebook Penn94,distance_greedy,10,0.02,370,19353,18
Facebook Penn94,distance_greedy,10,0.02,371,19539,16
Facebook Penn94,distance_greedy,10,0.02,372,19590,18
Facebook Penn94,distance_greedy,10,0.02,373,19595,15
Facebook Penn94,distance_greedy,10,0.02,374,19560,20
Facebook Penn94,distance_greedy,10,0.02,375,19296,14
Facebook Penn94,distance_greedy,10,0.02,376,19286,23
Facebook Penn94,distance_greedy,10,0.02,377,19532,18
Facebook Penn94,distance_greedy,10,0.02,378,19424,14
Facebook Penn94,distance_greedy,10,0.02,379,19737,17
Facebook Penn94,distance_greedy,10,0.02,380,19593,15
Facebook Penn94,distance_greedy,10,0.02,381,19522,15
Facebook Penn94,distance_greedy,10,0.02,382,19469,16
Facebook Penn94,distance_greedy,10,0.02,383,19511,16
Facebook Penn94,distance_greedy,10,0.02,384,19703,13
Facebook Penn94,distance_greedy,10,0.02,385,19781,17
Facebook Penn94,distance_greedy,10,0.02,386,19408,16
Facebook Penn94,distance_greedy,10,0.02,387,19591,16
Facebook Penn94,distance_greedy,10,0.02,388,19345,16
Facebook Penn94,distance_greedy,10,0.02,389,19546,16
Facebook Penn94,distance_greedy,10,0.02,390,19566,15
Facebook Penn94,distance_greedy,10,0.02,391,19467,19
Facebook Penn94,distance_greedy,10,0.02,392,19548,17
Facebook Penn94,distance_greedy,10,0.02,393,19593,15
Facebook Penn94,distance_greedy,10,0.02,394,19569,16
Facebook Penn94,distance_greedy,10,0.02,395,19565,16
Facebook Penn94,distance_greedy,10,0.02,396,19576,16
Facebook Penn94,distance_greedy,10,0.02,397,19425,17
Facebook Penn94,distance_greedy,10,0.02,398,19300,14
Facebook Penn94,distance_greedy,10,0.02,399,19651,18
Facebook Penn94,distance_greedy,10,0.02,400,19403,16
Facebook Penn94,distance_greedy,10,0.02,401,19495,15
Facebook Penn94,distance_greedy,10,0.02,402,19549,15
Facebook Penn94,distance_greedy,10,0.02,403,19370,19
Facebook Penn94,distance_greedy,10,0.02,404,19603,17
Facebook Penn94,distance_greedy,10,0.02,405,19486,15
Facebook Penn94,distance_greedy,10,0.02,406,19366,17
Facebook Penn94,distance_greedy,10,0.02,407,19927,17
Facebook Penn94,distance_greedy,10,0.02,408,19453,16
Facebook Penn94,distance_greedy,10,0.02,409,19369,15
Facebook Penn94,distance_greedy,10,0.02,410,19350,15
Facebook Penn94,distance_greedy,10,0.02,411,19711,16
Facebook Penn94,distance_greedy,10,0.02,412,19383,19
Facebook Penn94,distance_greedy,10,0.02,413,19505,14
Facebook Penn94,distance_greedy,10,0.02,414,19530,17
Facebook Penn94,distance_greedy,10,0.02,415,19534,16
Facebook Penn94,distance_greedy,10,0.02,416,19577,15
Facebook Penn94,distance_greedy,10,0.02,417,19541,17
Facebook Penn94,distance_greedy,10,0.02,418,19466,16
Facebook Penn94,distance_greedy,10,0.02,419,19427,15
Facebook Penn94,distance_greedy,10,0.02,420,19454,15
Facebook Penn94,distance_greedy,10,0.02,421,19481,22
Facebook Penn94,distance_greedy,10,0.02,422,19606,16
Facebook Penn94,distance_greedy,10,0.02,423,19776,16
Facebook Penn94,distance_greedy,10,0.02,424,19466,14
Facebook Penn94,distance_greedy,10,0.02,425,19483,17
Facebook Penn94,distance_greedy,10,0.02,426,19730,19
Facebook Penn94,distance_greedy,10,0.02,427,19545,16
Facebook Penn94,distance_greedy,10,0.02,428,19467,16
Facebook Penn94,distance_greedy,10,0.02,429,19763,17
Facebook Penn94,distance_greedy,10,0.02,430,19581,15
Facebook Penn94,distance_greedy,10,0.02,431,19701,18
Facebook Penn94,distance_greedy,10,0.02,432,19518,16
Facebook Penn94,distance_greedy,10,0.02,433,19430,16
Facebook Penn94,distance_greedy,10,0.02,434,19638,21
Facebook Penn94,distance_greedy,10,0.02,435,19473,17
Facebook Penn94,distance_greedy,10,0.02,436,19435,16
Facebook Penn94,distance_greedy,10,0.02,437,19450,18
Facebook Penn94,distance_greedy,10,0.02,438,19730,20
Facebook Penn94,distance_greedy,10,0.02,439,19361,15
Facebook Penn94,distance_greedy,10,0.02,440,19665,16
Facebook Penn94,distance_greedy,10,0.02,441,19778,14
Facebook Penn94,distance_greedy,10,0.02,442,19679,15
Facebook Penn94,distance_greedy,10,0.02,443,19183,14
Facebook Penn94,distance_greedy,10,0.02,444,19616,18
Facebook Penn94,distance_greedy,10,0.02,445,19622,15
Facebook Penn94,distance_greedy,10,0.02,446,19755,15
Facebook Penn94,distance_greedy,10,0.02,447,19427,14
Facebook Penn94,distance_greedy,10,0.02,448,19434,16
Facebook Penn94,distance_greedy,10,0.02,449,19513,15
Facebook Penn94,distance_greedy,10,0.02,450,19703,17
Facebook Penn94,distance_greedy,10,0.02,451,19403,14
Facebook Penn94,distance_greedy,10,0.02,452,19403,14
Facebook Penn94,distance_greedy,10,0.02,453,19490,21
Facebook Penn94,distance_greedy,10,0.02,454,19522,16
Facebook Penn94,distance_greedy,10,0.02,455,19444,16
Facebook Penn94,distance_greedy,10,0.02,456,19422,15
Facebook Penn94,distance_greedy,10,0.02,457,19551,15
Facebook Penn94,distance_greedy,10,0.02,458,19612,16
Facebook Penn94,distance_greedy,10,0.02,459,19676,15
Facebook Penn94,distance_greedy,10,0.02,460,19526,15
Facebook Penn94,distance_greedy,10,0.02,461,19360,15
Facebook Penn94,distance_greedy,10,0.02,462,19531,21
Facebook Penn94,distance_greedy,10,0.02,463,19292,14
Facebook Penn94,distance_greedy,10,0.02,464,19673,17
Facebook Penn94,distance_greedy,10,0.02,465,19437,18
Facebook Penn94,distance_greedy,10,0.02,466,19699,16
Facebook Penn94,distance_greedy,10,0.02,467,19779,15
Facebook Penn94,distance_greedy,10,0.02,468,19798,14
Facebook Penn94,distance_greedy,10,0.02,469,19701,18
Facebook Penn94,distance_greedy,10,0.02,470,19617,14
Facebook Penn94,distance_greedy,10,0.02,471,19551,15
Facebook Penn94,distance_greedy,10,0.02,472,19603,17
Facebook Penn94,distance_greedy,10,0.02,473,19547,16
Facebook Penn94,distance_greedy,10,0.02,474,19240,16
Facebook Penn94,distance_greedy,10,0.02,475,19706,15
Facebook Penn94,distance_greedy,10,0.02,476,19559,18
Facebook Penn94,distance_greedy,10,0.02,477,19631,16
Facebook Penn94,distance_greedy,10,0.02,478,19344,16
Facebook Penn94,distance_greedy,10,0.02,479,19418,16
Facebook Penn94,distance_greedy,10,0.02,480,19574,16
Facebook Penn94,distance_greedy,10,0.02,481,19701,17
Facebook Penn94,distance_greedy,10,0.02,482,19782,16
Facebook Penn94,distance_greedy,10,0.02,483,19945,15
Facebook Penn94,distance_greedy,10,0.02,484,19361,18
Facebook Penn94,distance_greedy,10,0.02,485,19661,15
Facebook Penn94,distance_greedy,10,0.02,486,19512,15
Facebook Penn94,distance_greedy,10,0.02,487,19423,14
Facebook Penn94,distance_greedy,10,0.02,488,19574,15
Facebook Penn94,distance_greedy,10,0.02,489,19698,15
Facebook Penn94,distance_greedy,10,0.02,490,19620,16
Facebook Penn94,distance_greedy,10,0.02,491,19600,22
Facebook Penn94,distance_greedy,10,0.02,492,19410,17
Facebook Penn94,distance_greedy,10,0.02,493,19440,16
Facebook Penn94,distance_greedy,10,0.02,494,19561,17
Facebook Penn94,distance_greedy,10,0.02,495,19419,16
Facebook Penn94,distance_greedy,10,0.02,496,19389,15
Facebook Penn94,distance_greedy,10,0.02,497,19365,15
Facebook Penn94,distance_greedy,10,0.02,498,19475,15
Facebook Penn94,distance_greedy,10,0.02,499,19606,15
Facebook Penn94,distance_greedy,10,0.02,500,19567,17
Facebook Penn94,distance_greedy,10,0.02,501,19379,17
Facebook Penn94,distance_greedy,10,0.02,502,19429,17
Facebook Penn94,distance_greedy,10,0.02,503,19630,16
Facebook Penn94,distance_greedy,10,0.02,504,19538,16
Facebook Penn94,distance_greedy,10,0.02,505,19625,15
Facebook Penn94,distance_greedy,10,0.02,506,19842,16
Facebook Penn94,distance_greedy,10,0.02,507,19486,15
Facebook Penn94,distance_greedy,10,0.02,508,19389,18
Facebook Penn94,distance_greedy,10,0.02,509,19602,16
Facebook Penn94,distance_greedy,10,0.02,510,19355,15
Facebook Penn94,distance_greedy,10,0.02,511,19487,16
Facebook Penn94,distance_greedy,10,0.02,512,19196,16
Facebook Penn94,distance_greedy,10,0.02,513,19649,17
Facebook Penn94,distance_greedy,10,0.02,514,19680,17
Facebook Penn94,distance_greedy,10,0.02,515,19276,15
Facebook Penn94,distance_greedy,10,0.02,516,19595,15
Facebook Penn94,distance_greedy,10,0.02,517,19435,14
Facebook Penn94,distance_greedy,10,0.02,518,19459,16
Facebook Penn94,distance_greedy,10,0.02,519,19672,16
Facebook Penn94,distance_greedy,10,0.02,520,19713,18
Facebook Penn94,distance_greedy,10,0.02,521,19982,17
Facebook Penn94,distance_greedy,10,0.02,522,19503,17
Facebook Penn94,distance_greedy,10,0.02,523,19420,15
Facebook Penn94,distance_greedy,10,0.02,524,19733,17
Facebook Penn94,distance_greedy,10,0.02,525,19660,16
Facebook Penn94,distance_greedy,10,0.02,526,19417,19
Facebook Penn94,distance_greedy,10,0.02,527,19507,20
Facebook Penn94,distance_greedy,10,0.02,528,19226,14
Facebook Penn94,distance_greedy,10,0.02,529,19497,15
Facebook Penn94,distance_greedy,10,0.02,530,19541,16
Facebook Penn94,distance_greedy,10,0.02,531,19473,16
Facebook Penn94,distance_greedy,10,0.02,532,19504,14
Facebook Penn94,distance_greedy,10,0.02,533,19259,15
Facebook Penn94,distance_greedy,10,0.02,534,19633,16
Facebook Penn94,distance_greedy,10,0.02,535,19396,15
Facebook Penn94,distance_greedy,10,0.02,536,19269,14
Facebook Penn94,distance_greedy,10,0.02,537,19373,15
Facebook Penn94,distance_greedy,10,0.02,538,19756,16
Facebook Penn94,distance_greedy,10,0.02,539,19715,16
Facebook Penn94,distance_greedy,10,0.02,540,19572,17
Facebook Penn94,distance_greedy,10,0.02,541,19588,15
Facebook Penn94,distance_greedy,10,0.02,542,19677,17
Facebook Penn94,distance_greedy,10,0.02,543,19609,20
Facebook Penn94,distance_greedy,10,0.02,544,19437,22
Facebook Penn94,distance_greedy,10,0.02,545,19574,17
Facebook Penn94,distance_greedy,10,0.02,546,19484,16
Facebook Penn94,distance_greedy,10,0.02,547,19309,18
Facebook Penn94,distance_greedy,10,0.02,548,19612,21
Facebook Penn94,distance_greedy,10,0.02,549,19607,14
Facebook Penn94,distance_greedy,10,0.02,550,19507,16
Facebook Penn94,distance_greedy,10,0.02,551,19580,16
Facebook Penn94,distance_greedy,10,0.02,552,19127,16
Facebook Penn94,distance_greedy,10,0.02,553,19547,14
Facebook Penn94,distance_greedy,10,0.02,554,19387,16
Facebook Penn94,distance_greedy,10,0.02,555,19571,15
Facebook Penn94,distance_greedy,10,0.02,556,19670,15
Facebook Penn94,distance_greedy,10,0.02,557,19324,15
Facebook Penn94,distance_greedy,10,0.02,558,19615,16
Facebook Penn94,distance_greedy,10,0.02,559,19887,15
Facebook Penn94,distance_greedy,10,0.02,560,19486,14
Facebook Penn94,distance_greedy,10,0.02,561,19518,15
Facebook Penn94,distance_greedy,10,0.02,562,19498,15
Facebook Penn94,distance_greedy,10,0.02,563,19500,15
Facebook Penn94,distance_greedy,10,0.02,564,19633,14
Facebook Penn94,distance_greedy,10,0.02,565,19327,15
Facebook Penn94,distance_greedy,10,0.02,566,19578,14
Facebook Penn94,distance_greedy,10,0.02,567,19632,17
Facebook Penn94,distance_greedy,10,0.02,568,19602,15
Facebook Penn94,distance_greedy,10,0.02,569,19602,20
Facebook Penn94,distance_greedy,10,0.02,570,19662,14
Facebook Penn94,distance_greedy,10,0.02,571,19417,13
Facebook Penn94,distance_greedy,10,0.02,572,19538,15
Facebook Penn94,distance_greedy,10,0.02,573,19548,15
Facebook Penn94,distance_greedy,10,0.02,574,19602,16
Facebook Penn94,distance_greedy,10,0.02,575,19657,15
Facebook Penn94,distance_greedy,10,0.02,576,19591,15
Facebook Penn94,distance_greedy,10,0.02,577,19735,19
Facebook Penn94,distance_greedy,10,0.02,578,19549,17
Facebook Penn94,distance_greedy,10,0.02,579,19714,15
Facebook Penn94,distance_greedy,10,0.02,580,19418,14
Facebook Penn94,distance_greedy,10,0.02,581,19530,16
Facebook Penn94,distance_greedy,10,0.02,582,19552,16
Facebook Penn94,distance_greedy,10,0.02,583,19486,16
Facebook Penn94,distance_greedy,10,0.02,584,19588,16
Facebook Penn94,distance_greedy,10,0.02,585,19737,18
Facebook Penn94,distance_greedy,10,0.02,586,19585,15
Facebook Penn94,distance_greedy,10,0.02,587,19674,16
Facebook Penn94,distance_greedy,10,0.02,588,19695,17
Facebook Penn94,distance_greedy,10,0.02,589,19613,18
Facebook Penn94,distance_greedy,10,0.02,590,19859,17
Facebook Penn94,distance_greedy,10,0.02,591,19375,15
Facebook Penn94,distance_greedy,10,0.02,592,19542,16
Facebook Penn94,distance_greedy,10,0.02,593,19524,14
Facebook Penn94,distance_greedy,10,0.02,594,19580,17
Facebook Penn94,distance_greedy,10,0.02,595,19336,18
Facebook Penn94,distance_greedy,10,0.02,596,19786,16
Facebook Penn94,distance_greedy,10,0.02,597,19550,14
Facebook Penn94,distance_greedy,10,0.02,598,19669,17
Facebook Penn94,distance_greedy,10,0.02,599,19769,16
Facebook Penn94,distance_greedy,10,0.02,600,19512,14
Facebook Penn94,distance_greedy,10,0.02,601,19661,14
Facebook Penn94,distance_greedy,10,0.02,602,19653,20
Facebook Penn94,distance_greedy,10,0.02,603,19491,16
Facebook Penn94,distance_greedy,10,0.02,604,19486,15
Facebook Penn94,distance_greedy,10,0.02,605,19331,15
Facebook Penn94,distance_greedy,10,0.02,606,19641,15
Facebook Penn94,distance_greedy,10,0.02,607,19583,14
Facebook Penn94,distance_greedy,10,0.02,608,19811,16
Facebook Penn94,distance_greedy,10,0.02,609,19451,16
Facebook Penn94,distance_greedy,10,0.02,610,19667,16
Facebook Penn94,distance_greedy,10,0.02,611,19625,17
Facebook Penn94,distance_greedy,10,0.02,612,19651,14
Facebook Penn94,distance_greedy,10,0.02,613,19626,16
Facebook Penn94,distance_greedy,10,0.02,614,19449,16
Facebook Penn94,distance_greedy,10,0.02,615,19667,14
Facebook Penn94,distance_greedy,10,0.02,616,19472,16
Facebook Penn94,distance_greedy,10,0.02,617,19582,15
Facebook Penn94,distance_greedy,10,0.02,618,19691,15
Facebook Penn94,distance_greedy,10,0.02,619,19592,15
Facebook Penn94,distance_greedy,10,0.02,620,19549,15
Facebook Penn94,distance_greedy,10,0.02,621,19205,17
Facebook Penn94,distance_greedy,10,0.02,622,19393,16
Facebook Penn94,distance_greedy,10,0.02,623,19836,16
Facebook Penn94,distance_greedy,10,0.02,624,19737,16
Facebook Penn94,distance_greedy,10,0.02,625,19753,17
Facebook Penn94,distance_greedy,10,0.02,626,19678,21
Facebook Penn94,distance_greedy,10,0.02,627,19277,16
Facebook Penn94,distance_greedy,10,0.02,628,19517,16
Facebook Penn94,distance_greedy,10,0.02,629,19660,21
Facebook Penn94,distance_greedy,10,0.02,630,19484,14
Facebook Penn94,distance_greedy,10,0.02,631,19545,17
Facebook Penn94,distance_greedy,10,0.02,632,19423,16
Facebook Penn94,distance_greedy,10,0.02,633,19459,15
Facebook Penn94,distance_greedy,10,0.02,634,19315,16
Facebook Penn94,distance_greedy,10,0.02,635,19500,14
Facebook Penn94,distance_greedy,10,0.02,636,19605,16
Facebook Penn94,distance_greedy,10,0.02,637,19826,17
Facebook Penn94,distance_greedy,10,0.02,638,19627,14
Facebook Penn94,distance_greedy,10,0.02,639,19512,15
Facebook Penn94,distance_greedy,10,0.02,640,19758,16
Facebook Penn94,distance_greedy,10,0.02,641,19599,15
Facebook Penn94,distance_greedy,10,0.02,642,19405,14
Facebook Penn94,distance_greedy,10,0.02,643,19479,16
Facebook Penn94,distance_greedy,10,0.02,644,19420,21
Facebook Penn94,distance_greedy,10,0.02,645,19614,16
Facebook Penn94,distance_greedy,10,0.02,646,19686,16
Facebook Penn94,distance_greedy,10,0.02,647,19724,14
Facebook Penn94,distance_greedy,10,0.02,648,19664,18
Facebook Penn94,distance_greedy,10,0.02,649,19624,16
Facebook Penn94,distance_greedy,10,0.02,650,19707,16
Facebook Penn94,distance_greedy,10,0.02,651,19559,15
Facebook Penn94,distance_greedy,10,0.02,652,19373,17
Facebook Penn94,distance_greedy,10,0.02,653,19507,15
Facebook Penn94,distance_greedy,10,0.02,654,19608,17
Facebook Penn94,distance_greedy,10,0.02,655,19484,15
Facebook Penn94,distance_greedy,10,0.02,656,19648,15
Facebook Penn94,distance_greedy,10,0.02,657,19402,15
Facebook Penn94,distance_greedy,10,0.02,658,19651,15
Facebook Penn94,distance_greedy,10,0.02,659,19582,17
Facebook Penn94,distance_greedy,10,0.02,660,19535,16
Facebook Penn94,distance_greedy,10,0.02,661,19706,14
Facebook Penn94,distance_greedy,10,0.02,662,19821,18
Facebook Penn94,distance_greedy,10,0.02,663,19348,16
Facebook Penn94,distance_greedy,10,0.02,664,19438,16
Facebook Penn94,distance_greedy,10,0.02,665,19540,17
Facebook Penn94,distance_greedy,10,0.02,666,19697,15
Facebook Penn94,distance_greedy,10,0.02,667,19345,14
Facebook Penn94,distance_greedy,10,0.02,668,19748,16
Facebook Penn94,distance_greedy,10,0.02,669,19614,15
Facebook Penn94,distance_greedy,10,0.02,670,19297,17
Facebook Penn94,distance_greedy,10,0.02,671,19613,15
Facebook Penn94,distance_greedy,10,0.02,672,19448,17
Facebook Penn94,distance_greedy,10,0.02,673,19416,16
Facebook Penn94,distance_greedy,10,0.02,674,19443,15
Facebook Penn94,distance_greedy,10,0.02,675,19635,16
Facebook Penn94,distance_greedy,10,0.02,676,19499,20
Facebook Penn94,distance_greedy,10,0.02,677,19410,15
Facebook Penn94,distance_greedy,10,0.02,678,19658,14
Facebook Penn94,distance_greedy,10,0.02,679,19722,15
Facebook Penn94,distance_greedy,10,0.02,680,19440,17
Facebook Penn94,distance_greedy,10,0.02,681,19569,14
Facebook Penn94,distance_greedy,10,0.02,682,19509,15
Facebook Penn94,distance_greedy,10,0.02,683,19446,14
Facebook Penn94,distance_greedy,10,0.02,684,19501,18
Facebook Penn94,distance_greedy,10,0.02,685,19555,16
Facebook Penn94,distance_greedy,10,0.02,686,19527,17
Facebook Penn94,distance_greedy,10,0.02,687,19702,16
Facebook Penn94,distance_greedy,10,0.02,688,19563,15
Facebook Penn94,distance_greedy,10,0.02,689,19595,17
Facebook Penn94,distance_greedy,10,0.02,690,19323,15
Facebook Penn94,distance_greedy,10,0.02,691,19443,16
Facebook Penn94,distance_greedy,10,0.02,692,19597,17
Facebook Penn94,distance_greedy,10,0.02,693,19427,16
Facebook Penn94,distance_greedy,10,0.02,694,19428,15
Facebook Penn94,distance_greedy,10,0.02,695,19471,15
Facebook Penn94,distance_greedy,10,0.02,696,19507,15
Facebook Penn94,distance_greedy,10,0.02,697,19557,15
Facebook Penn94,distance_greedy,10,0.02,698,19642,15
Facebook Penn94,distance_greedy,10,0.02,699,19666,15
Facebook Penn94,distance_greedy,10,0.02,700,19545,15
Facebook Penn94,distance_greedy,10,0.02,701,19442,14
Facebook Penn94,distance_greedy,10,0.02,702,19492,15
Facebook Penn94,distance_greedy,10,0.02,703,19646,14
Facebook Penn94,distance_greedy,10,0.02,704,19187,16
Facebook Penn94,distance_greedy,10,0.02,705,19453,15
Facebook Penn94,distance_greedy,10,0.02,706,19558,14
Facebook Penn94,distance_greedy,10,0.02,707,19674,15
Facebook Penn94,distance_greedy,10,0.02,708,19582,15
Facebook Penn94,distance_greedy,10,0.02,709,19393,18
Facebook Penn94,distance_greedy,10,0.02,710,19550,17
Facebook Penn94,distance_greedy,10,0.02,711,19811,16
Facebook Penn94,distance_greedy,10,0.02,712,19410,15
Facebook Penn94,distance_greedy,10,0.02,713,19449,17
Facebook Penn94,distance_greedy,10,0.02,714,19600,15
Facebook Penn94,distance_greedy,10,0.02,715,19650,14
Facebook Penn94,distance_greedy,10,0.02,716,19387,17
Facebook Penn94,distance_greedy,10,0.02,717,19545,16
Facebook Penn94,distance_greedy,10,0.02,718,19627,15
Facebook Penn94,distance_greedy,10,0.02,719,19281,17
Facebook Penn94,distance_greedy,10,0.02,720,19664,15
Facebook Penn94,distance_greedy,10,0.02,721,19521,15
Facebook Penn94,distance_greedy,10,0.02,722,19575,14
Facebook Penn94,distance_greedy,10,0.02,723,19537,14
Facebook Penn94,distance_greedy,10,0.02,724,19540,20
Facebook Penn94,distance_greedy,10,0.02,725,19562,19
Facebook Penn94,distance_greedy,10,0.02,726,19438,16
Facebook Penn94,distance_greedy,10,0.02,727,19579,14
Facebook Penn94,distance_greedy,10,0.02,728,19475,16
Facebook Penn94,distance_greedy,10,0.02,729,19494,16
Facebook Penn94,distance_greedy,10,0.02,730,19575,15
Facebook Penn94,distance_greedy,10,0.02,731,19475,17
Facebook Penn94,distance_greedy,10,0.02,732,19604,15
Facebook Penn94,distance_greedy,10,0.02,733,19439,14
Facebook Penn94,distance_greedy,10,0.02,734,19311,14
Facebook Penn94,distance_greedy,10,0.02,735,19438,15
Facebook Penn94,distance_greedy,10,0.02,736,19388,15
Facebook Penn94,distance_greedy,10,0.02,737,19598,21
Facebook Penn94,distance_greedy,10,0.02,738,19512,15
Facebook Penn94,distance_greedy,10,0.02,739,19625,16
Facebook Penn94,distance_greedy,10,0.02,740,19654,15
Facebook Penn94,distance_greedy,10,0.02,741,19228,14
Facebook Penn94,distance_greedy,10,0.02,742,19654,16
Facebook Penn94,distance_greedy,10,0.02,743,19662,16
Facebook Penn94,distance_greedy,10,0.02,744,19459,16
Facebook Penn94,distance_greedy,10,0.02,745,19586,15
Facebook Penn94,distance_greedy,10,0.02,746,19575,17
Facebook Penn94,distance_greedy,10,0.02,747,19486,14
Facebook Penn94,distance_greedy,10,0.02,748,19668,15
Facebook Penn94,distance_greedy,10,0.02,749,19665,15
Facebook Penn94,distance_greedy,10,0.02,750,19813,16
Facebook Penn94,distance_greedy,10,0.02,751,19347,14
Facebook Penn94,distance_greedy,10,0.02,752,19543,14
Facebook Penn94,distance_greedy,10,0.02,753,19571,17
Facebook Penn94,distance_greedy,10,0.02,754,19686,16
Facebook Penn94,distance_greedy,10,0.02,755,19505,14
Facebook Penn94,distance_greedy,10,0.02,756,19633,15
Facebook Penn94,distance_greedy,10,0.02,757,19399,16
Facebook Penn94,distance_greedy,10,0.02,758,19747,16
Facebook Penn94,distance_greedy,10,0.02,759,19493,15
Facebook Penn94,distance_greedy,10,0.02,760,19516,22
Facebook Penn94,distance_greedy,10,0.02,761,19724,18
Facebook Penn94,distance_greedy,10,0.02,762,19510,14
Facebook Penn94,distance_greedy,10,0.02,763,19403,18
Facebook Penn94,distance_greedy,10,0.02,764,19439,15
Facebook Penn94,distance_greedy,10,0.02,765,19648,15
Facebook Penn94,distance_greedy,10,0.02,766,19597,15
Facebook Penn94,distance_greedy,10,0.02,767,19480,14
Facebook Penn94,distance_greedy,10,0.02,768,19564,16
Facebook Penn94,distance_greedy,10,0.02,769,19556,16
Facebook Penn94,distance_greedy,10,0.02,770,19694,15
Facebook Penn94,distance_greedy,10,0.02,771,19535,15
Facebook Penn94,distance_greedy,10,0.02,772,19548,16
Facebook Penn94,distance_greedy,10,0.02,773,19595,15
Facebook Penn94,distance_greedy,10,0.02,774,19431,17
Facebook Penn94,distance_greedy,10,0.02,775,19700,18
Facebook Penn94,distance_greedy,10,0.02,776,19859,15
Facebook Penn94,distance_greedy,10,0.02,777,19660,16
Facebook Penn94,distance_greedy,10,0.02,778,19361,14
Facebook Penn94,distance_greedy,10,0.02,779,19421,15
Facebook Penn94,distance_greedy,10,0.02,780,19976,14
Facebook Penn94,distance_greedy,10,0.02,781,19536,15
Facebook Penn94,distance_greedy,10,0.02,782,19512,15
Facebook Penn94,distance_greedy,10,0.02,783,19358,14
Facebook Penn94,distance_greedy,10,0.02,784,19355,21
Facebook Penn94,distance_greedy,10,0.02,785,19639,16
Facebook Penn94,distance_greedy,10,0.02,786,19586,16
Facebook Penn94,distance_greedy,10,0.02,787,19742,16
Facebook Penn94,distance_greedy,10,0.02,788,19601,18
Facebook Penn94,distance_greedy,10,0.02,789,19387,15
Facebook Penn94,distance_greedy,10,0.02,790,19488,16
Facebook Penn94,distance_greedy,10,0.02,791,19462,20
Facebook Penn94,distance_greedy,10,0.02,792,19559,17
Facebook Penn94,distance_greedy,10,0.02,793,19696,15
Facebook Penn94,distance_greedy,10,0.02,794,19372,14
Facebook Penn94,distance_greedy,10,0.02,795,19366,14
Facebook Penn94,distance_greedy,10,0.02,796,19638,15
Facebook Penn94,distance_greedy,10,0.02,797,19429,15
Facebook Penn94,distance_greedy,10,0.02,798,19587,15
Facebook Penn94,distance_greedy,10,0.02,799,19692,14
Facebook Penn94,distance_greedy,10,0.02,800,19537,15
Facebook Penn94,distance_greedy,10,0.02,801,19570,15
Facebook Penn94,distance_greedy,10,0.02,802,19507,16
Facebook Penn94,distance_greedy,10,0.02,803,19603,15
Facebook Penn94,distance_greedy,10,0.02,804,19390,14
Facebook Penn94,distance_greedy,10,0.02,805,19402,16
Facebook Penn94,distance_greedy,10,0.02,806,19645,17
Facebook Penn94,distance_greedy,10,0.02,807,19665,16
Facebook Penn94,distance_greedy,10,0.02,808,19535,15
Facebook Penn94,distance_greedy,10,0.02,809,19287,15
Facebook Penn94,distance_greedy,10,0.02,810,19553,16
Facebook Penn94,distance_greedy,10,0.02,811,19183,15
Facebook Penn94,distance_greedy,10,0.02,812,19596,20
Facebook Penn94,distance_greedy,10,0.02,813,19613,16
Facebook Penn94,distance_greedy,10,0.02,814,19613,16
Facebook Penn94,distance_greedy,10,0.02,815,19611,16
Facebook Penn94,distance_greedy,10,0.02,816,19717,16
Facebook Penn94,distance_greedy,10,0.02,817,19587,16
Facebook Penn94,distance_greedy,10,0.02,818,19533,16
Facebook Penn94,distance_greedy,10,0.02,819,19451,15
Facebook Penn94,distance_greedy,10,0.02,820,19665,14
Facebook Penn94,distance_greedy,10,0.02,821,19525,15
Facebook Penn94,distance_greedy,10,0.02,822,19209,15
Facebook Penn94,distance_greedy,10,0.02,823,19328,16
Facebook Penn94,distance_greedy,10,0.02,824,19596,17
Facebook Penn94,distance_greedy,10,0.02,825,19378,14
Facebook Penn94,distance_greedy,10,0.02,826,19734,14
Facebook Penn94,distance_greedy,10,0.02,827,19678,16
Facebook Penn94,distance_greedy,10,0.02,828,19846,18
Facebook Penn94,distance_greedy,10,0.02,829,19479,18
Facebook Penn94,distance_greedy,10,0.02,830,19508,14
Facebook Penn94,distance_greedy,10,0.02,831,19426,15
Facebook Penn94,distance_greedy,10,0.02,832,19565,14
Facebook Penn94,distance_greedy,10,0.02,833,19582,15
Facebook Penn94,distance_greedy,10,0.02,834,19468,18
Facebook Penn94,distance_greedy,10,0.02,835,19323,16
Facebook Penn94,distance_greedy,10,0.02,836,19615,18
Facebook Penn94,distance_greedy,10,0.02,837,19652,15
Facebook Penn94,distance_greedy,10,0.02,838,19441,15
Facebook Penn94,distance_greedy,10,0.02,839,19372,17
Facebook Penn94,distance_greedy,10,0.02,840,19507,16
Facebook Penn94,distance_greedy,10,0.02,841,19510,15
Facebook Penn94,distance_greedy,10,0.02,842,19494,17
Facebook Penn94,distance_greedy,10,0.02,843,19520,16
Facebook Penn94,distance_greedy,10,0.02,844,19402,15
Facebook Penn94,distance_greedy,10,0.02,845,19448,17
Facebook Penn94,distance_greedy,10,0.02,846,19505,16
Facebook Penn94,distance_greedy,10,0.02,847,19583,15
Facebook Penn94,distance_greedy,10,0.02,848,19550,15
Facebook Penn94,distance_greedy,10,0.02,849,19541,18
Facebook Penn94,distance_greedy,10,0.02,850,19605,17
Facebook Penn94,distance_greedy,10,0.02,851,19327,16
Facebook Penn94,distance_greedy,10,0.02,852,19588,15
Facebook Penn94,distance_greedy,10,0.02,853,19423,14
Facebook Penn94,distance_greedy,10,0.02,854,19623,17
Facebook Penn94,distance_greedy,10,0.02,855,19432,18
Facebook Penn94,distance_greedy,10,0.02,856,19236,15
Facebook Penn94,distance_greedy,10,0.02,857,19456,16
Facebook Penn94,distance_greedy,10,0.02,858,19446,16
Facebook Penn94,distance_greedy,10,0.02,859,19680,16
Facebook Penn94,distance_greedy,10,0.02,860,19596,15
Facebook Penn94,distance_greedy,10,0.02,861,19649,14
Facebook Penn94,distance_greedy,10,0.02,862,19608,14
Facebook Penn94,distance_greedy,10,0.02,863,19611,18
Facebook Penn94,distance_greedy,10,0.02,864,19563,14
Facebook Penn94,distance_greedy,10,0.02,865,19684,16
Facebook Penn94,distance_greedy,10,0.02,866,19467,14
Facebook Penn94,distance_greedy,10,0.02,867,19277,14
Facebook Penn94,distance_greedy,10,0.02,868,19506,16
Facebook Penn94,distance_greedy,10,0.02,869,19453,17
Facebook Penn94,distance_greedy,10,0.02,870,19640,18
Facebook Penn94,distance_greedy,10,0.02,871,19408,16
Facebook Penn94,distance_greedy,10,0.02,872,19580,16
Facebook Penn94,distance_greedy,10,0.02,873,19117,14
Facebook Penn94,distance_greedy,10,0.02,874,19467,19
Facebook Penn94,distance_greedy,10,0.02,875,19836,18
Facebook Penn94,distance_greedy,10,0.02,876,19769,16
Facebook Penn94,distance_greedy,10,0.02,877,19576,16
Facebook Penn94,distance_greedy,10,0.02,878,19547,17
Facebook Penn94,distance_greedy,10,0.02,879,19435,15
Facebook Penn94,distance_greedy,10,0.02,880,19345,16
Facebook Penn94,distance_greedy,10,0.02,881,19547,19
Facebook Penn94,distance_greedy,10,0.02,882,19668,15
Facebook Penn94,distance_greedy,10,0.02,883,19695,15
Facebook Penn94,distance_greedy,10,0.02,884,19620,16
Facebook Penn94,distance_greedy,10,0.02,885,19503,16
Facebook Penn94,distance_greedy,10,0.02,886,19600,16
Facebook Penn94,distance_greedy,10,0.02,887,19199,15
Facebook Penn94,distance_greedy,10,0.02,888,19539,19
Facebook Penn94,distance_greedy,10,0.02,889,19465,14
Facebook Penn94,distance_greedy,10,0.02,890,19748,16
Facebook Penn94,distance_greedy,10,0.02,891,19640,16
Facebook Penn94,distance_greedy,10,0.02,892,19818,15
Facebook Penn94,distance_greedy,10,0.02,893,19698,16
Facebook Penn94,distance_greedy,10,0.02,894,19362,17
Facebook Penn94,distance_greedy,10,0.02,895,19734,14
Facebook Penn94,distance_greedy,10,0.02,896,19410,16
Facebook Penn94,distance_greedy,10,0.02,897,19575,17
Facebook Penn94,distance_greedy,10,0.02,898,19448,18
Facebook Penn94,distance_greedy,10,0.02,899,19475,15
Facebook Penn94,distance_greedy,10,0.02,900,19308,16
Facebook Penn94,distance_greedy,10,0.02,901,19669,16
Facebook Penn94,distance_greedy,10,0.02,902,19523,15
Facebook Penn94,distance_greedy,10,0.02,903,19626,14
Facebook Penn94,distance_greedy,10,0.02,904,19582,16
Facebook Penn94,distance_greedy,10,0.02,905,19421,15
Facebook Penn94,distance_greedy,10,0.02,906,19514,16
Facebook Penn94,distance_greedy,10,0.02,907,19671,18
Facebook Penn94,distance_greedy,10,0.02,908,19607,17
Facebook Penn94,distance_greedy,10,0.02,909,19629,16
Facebook Penn94,distance_greedy,10,0.02,910,19900,14
Facebook Penn94,distance_greedy,10,0.02,911,19487,16
Facebook Penn94,distance_greedy,10,0.02,912,19494,21
Facebook Penn94,distance_greedy,10,0.02,913,19651,14
Facebook Penn94,distance_greedy,10,0.02,914,19387,14
Facebook Penn94,distance_greedy,10,0.02,915,19586,16
Facebook Penn94,distance_greedy,10,0.02,916,19613,17
Facebook Penn94,distance_greedy,10,0.02,917,19490,14
Facebook Penn94,distance_greedy,10,0.02,918,19578,16
Facebook Penn94,distance_greedy,10,0.02,919,19366,17
Facebook Penn94,distance_greedy,10,0.02,920,19523,16
Facebook Penn94,distance_greedy,10,0.02,921,19737,14
Facebook Penn94,distance_greedy,10,0.02,922,19611,15
Facebook Penn94,distance_greedy,10,0.02,923,19355,14
Facebook Penn94,distance_greedy,10,0.02,924,19526,15
Facebook Penn94,distance_greedy,10,0.02,925,19696,15
Facebook Penn94,distance_greedy,10,0.02,926,19482,15
Facebook Penn94,distance_greedy,10,0.02,927,19359,21
Facebook Penn94,distance_greedy,10,0.02,928,19492,15
Facebook Penn94,distance_greedy,10,0.02,929,19397,20
Facebook Penn94,distance_greedy,10,0.02,930,19270,14
Facebook Penn94,distance_greedy,10,0.02,931,19670,15
Facebook Penn94,distance_greedy,10,0.02,932,19759,16
Facebook Penn94,distance_greedy,10,0.02,933,19655,15
Facebook Penn94,distance_greedy,10,0.02,934,19631,16
Facebook Penn94,distance_greedy,10,0.02,935,19386,18
Facebook Penn94,distance_greedy,10,0.02,936,19407,15
Facebook Penn94,distance_greedy,10,0.02,937,19469,15
Facebook Penn94,distance_greedy,10,0.02,938,19418,17
Facebook Penn94,distance_greedy,10,0.02,939,19713,15
Facebook Penn94,distance_greedy,10,0.02,940,19527,15
Facebook Penn94,distance_greedy,10,0.02,941,19712,14
Facebook Penn94,distance_greedy,10,0.02,942,19715,16
Facebook Penn94,distance_greedy,10,0.02,943,19614,14
Facebook Penn94,distance_greedy,10,0.02,944,19376,17
Facebook Penn94,distance_greedy,10,0.02,945,19588,16
Facebook Penn94,distance_greedy,10,0.02,946,19421,14
Facebook Penn94,distance_greedy,10,0.02,947,19576,17
Facebook Penn94,distance_greedy,10,0.02,948,19637,17
Facebook Penn94,distance_greedy,10,0.02,949,19392,15
Facebook Penn94,distance_greedy,10,0.02,950,19545,15
Facebook Penn94,distance_greedy,10,0.02,951,19682,15
Facebook Penn94,distance_greedy,10,0.02,952,19812,15
Facebook Penn94,distance_greedy,10,0.02,953,19582,15
Facebook Penn94,distance_greedy,10,0.02,954,19581,15
Facebook Penn94,distance_greedy,10,0.02,955,19638,15
Facebook Penn94,distance_greedy,10,0.02,956,19402,14
Facebook Penn94,distance_greedy,10,0.02,957,19719,15
Facebook Penn94,distance_greedy,10,0.02,958,19605,15
Facebook Penn94,distance_greedy,10,0.02,959,19558,16
Facebook Penn94,distance_greedy,10,0.02,960,19341,16
Facebook Penn94,distance_greedy,10,0.02,961,19719,17
Facebook Penn94,distance_greedy,10,0.02,962,19493,16
Facebook Penn94,distance_greedy,10,0.02,963,19369,16
Facebook Penn94,distance_greedy,10,0.02,964,19155,17
Facebook Penn94,distance_greedy,10,0.02,965,19697,19
Facebook Penn94,distance_greedy,10,0.02,966,19589,17
Facebook Penn94,distance_greedy,10,0.02,967,19629,19
Facebook Penn94,distance_greedy,10,0.02,968,19635,15
Facebook Penn94,distance_greedy,10,0.02,969,19540,20
Facebook Penn94,distance_greedy,10,0.02,970,19438,17
Facebook Penn94,distance_greedy,10,0.02,971,19551,15
Facebook Penn94,distance_greedy,10,0.02,972,19569,14
Facebook Penn94,distance_greedy,10,0.02,973,19549,16
Facebook Penn94,distance_greedy,10,0.02,974,19622,14
Facebook Penn94,distance_greedy,10,0.02,975,19497,14
Facebook Penn94,distance_greedy,10,0.02,976,19420,15
Facebook Penn94,distance_greedy,10,0.02,977,19584,15
Facebook Penn94,distance_greedy,10,0.02,978,19417,16
Facebook Penn94,distance_greedy,10,0.02,979,19497,17
Facebook Penn94,distance_greedy,10,0.02,980,19449,16
Facebook Penn94,distance_greedy,10,0.02,981,19678,14
Facebook Penn94,distance_greedy,10,0.02,982,19651,16
Facebook Penn94,distance_greedy,10,0.02,983,19593,14
Facebook Penn94,distance_greedy,10,0.02,984,19561,14
Facebook Penn94,distance_greedy,10,0.02,985,19620,14
Facebook Penn94,distance_greedy,10,0.02,986,19576,15
Facebook Penn94,distance_greedy,10,0.02,987,19648,16
Facebook Penn94,distance_greedy,10,0.02,988,19439,15
Facebook Penn94,distance_greedy,10,0.02,989,19676,16
Facebook Penn94,distance_greedy,10,0.02,990,19854,17
Facebook Penn94,distance_greedy,10,0.02,991,19442,16
Facebook Penn94,distance_greedy,10,0.02,992,19561,15
Facebook Penn94,distance_greedy,10,0.02,993,19611,15
Facebook Penn94,distance_greedy,10,0.02,994,19529,19
Facebook Penn94,distance_greedy,10,0.02,995,19409,15
Facebook Penn94,distance_greedy,10,0.02,996,19497,16
Facebook Penn94,distance_greedy,10,0.02,997,19539,17
Facebook Penn94,distance_greedy,10,0.02,998,19735,15
Facebook Penn94,distance_greedy,10,0.02,999,19545,14
