source,target,weight
1,2,61.0
1,4,59.0
1,5,30.0
1,6,634.0
1,7,2709.0
1,8,302.0
1,9,2407.0
1,11,1129.0
1,14,225.0
1,15,18271.0
1,17,75734.0
1,19,9942.0
1,22,35.0
1,23,315.0
1,27,1054.0
1,28,84982.0
1,30,118.0
1,32,18864.0
1,33,215.0
1,34,326.0
1,35,525.0
1,36,43.0
1,40,2701.0
1,42,441.0
1,44,1411.0
1,45,2450.0
1,55,5.0
1,58,18.0
1,60,64.0
1,70,69.0
1,73,219.0
1,78,1.0
1,80,34.0
1,89,1602.0
1,110,14.0
1,116,8.0
1,117,1953.0
1,121,23.0
1,128,56.0
1,134,7.0
1,146,1901.0
1,150,107.0
1,180,1.0
1,182,1.0
1,187,1.0
2,1,805.0
2,2,26191.0
2,3,7291.0
2,4,187801.0
2,5,10484.0
2,6,379633.0
2,7,5054892.0
2,8,482527.0
2,9,3851186.0
2,10,719533.0
2,11,43996.0
2,13,16773.0
2,14,49826.0
2,15,191684.0
2,16,11275.0
2,17,316372.0
2,18,2204214.0
2,19,48794.0
2,21,38574.0
2,22,226131.0
2,23,4125675.0
2,25,39961.0
2,26,903653.0
2,27,166893.0
2,28,261978.0
2,29,240764.0
2,30,4145.0
2,31,2007706.0
2,32,262475.0
2,33,438588.0
2,34,730277.0
2,35,18467.0
2,36,45291.0
2,37,85850.0
2,39,556558.0
2,40,57083.0
2,42,629.0
2,44,691517.0
2,45,2173819.0
2,48,456.0
2,49,4728.0
2,51,1893.0
2,52,821.0
2,54,244.0
2,55,688.0
2,57,9.0
2,58,1481.0
2,59,1289.0
2,60,1684.0
2,62,787.0
2,63,2368.0
2,66,15.0
2,67,2180.0
2,68,1757.0
2,69,203.0
2,70,79404.0
2,71,5371.0
2,72,2.0
2,73,811.0
2,74,1.0
2,75,27963.0
2,76,42896.0
2,77,60.0
2,78,33198.0
2,79,45.0
2,80,28613.0
2,82,276.0
2,83,7.0
2,84,2620.0
2,86,506.0
2,87,101.0
2,88,296.0
2,89,1479.0
2,90,1376.0
2,91,3561.0
2,92,110.0
2,94,35.0
2,95,35.0
2,96,25137.0
2,97,10309.0
2,98,585.0
2,99,113927.0
2,100,4.0
2,102,1694.0
2,103,15349.0
2,104,1608.0
2,105,1299022.0
2,108,2944.0
2,109,106140.0
2,110,144274.0
2,112,11793.0
2,113,90309.0
2,115,142.0
2,116,301.0
2,117,272.0
2,119,1326.0
2,120,351.0
2,121,811.0
2,125,81821.0
2,127,27.0
2,128,678.0
2,133,2377.0
2,134,176458.0
2,139,7561.0
2,140,1646.0
2,146,97240.0
2,148,2998.0
2,150,90628.0
2,155,10243.0
2,156,63419.0
2,157,319.0
2,158,161757.0
2,159,35.0
2,165,4283.0
2,166,28415.0
2,168,1597.0
2,170,195.0
2,173,101.0
2,178,96.0
2,182,25926.0
2,187,3794.0
2,190,164.0
2,212,18857.0
3,1,233.0
3,2,55462.0
3,4,128500.0
3,5,48443.0
3,6,13369.0
3,7,30947.0
3,8,5900.0
3,9,20262.0
3,10,4785.0
3,11,69459.0
3,13,28611.0
3,14,252171.0
3,15,3038162.0
3,16,1552.0
3,17,11646.0
3,18,1737.0
3,19,115495.0
3,21,9074.0
3,22,1541341.0
3,23,88331.0
3,25,19241.0
3,26,1045.0
3,27,267079.0
3,28,9052.0
3,29,3461.0
3,30,195561.0
3,31,53388.0
3,32,179765.0
3,33,32329.0
3,34,5718.0
3,35,220099.0
3,36,91948.0
3,37,350912.0
3,40,46316.0
3,42,29759.0
3,44,302476.0
3,45,468454.0
3,48,24207.0
3,49,6083.0
3,51,34386.0
3,52,72711.0
3,53,48.0
3,54,197.0
3,55,6200.0
3,57,241.0
3,58,1593.0
3,59,839.0
3,60,93995.0
3,62,10203.0
3,63,357612.0
3,66,249.0
3,67,285.0
3,68,93696.0
3,69,373644.0
3,70,14412.0
3,71,1950.0
3,72,2249.0
3,73,13963.0
3,74,4763.0
3,75,2394.0
3,76,10351.0
3,77,26330.0
3,78,8439.0
3,79,409.0
3,80,20438.0
3,82,24288.0
3,83,2651.0
3,84,152885.0
3,86,21095.0
3,87,169430.0
3,88,425376.0
3,89,5147.0
3,90,20682.0
3,91,1915.0
3,92,2255.0
3,94,2839.0
3,95,4955.0
3,96,15261.0
3,97,715.0
3,98,10097.0
3,99,29.0
3,102,1606.0
3,103,5203.0
3,105,8996.0
3,108,4651.0
3,109,29661.0
3,110,4770.0
3,112,1713.0
3,113,2082.0
3,116,5904.0
3,117,12281.0
3,119,175.0
3,120,56.0
3,121,9599.0
3,125,5377.0
3,128,257.0
3,130,123.0
3,133,6508.0
3,134,5483.0
3,136,1814.0
3,139,27.0
3,146,9564.0
3,148,4936.0
3,150,2057.0
3,155,17.0
3,156,374.0
3,157,104.0
3,158,9390.0
3,159,624.0
3,166,8.0
3,168,1.0
3,170,223.0
3,173,283.0
3,178,161.0
3,180,12.0
3,182,126.0
3,187,783.0
3,190,1.0
3,193,35.0
3,212,1041.0
4,1,3516.0
4,2,69050.0
4,3,244354.0
4,5,119533.0
4,6,163696.0
4,7,275970.0
4,8,91654.0
4,9,153428.0
4,10,30574.0
4,11,273720.0
4,13,199464.0
4,14,7368296.0
4,15,4861304.0
4,16,7565.0
4,17,13833.0
4,18,71941.0
4,19,30588.0
4,21,176179.0
4,22,1307376.0
4,23,173185.0
4,25,50706.0
4,26,42171.0
4,27,5375707.0
4,28,4279.0
4,29,27922.0
4,30,636393.0
4,31,98315.0
4,32,542910.0
4,33,115589.0
4,34,40023.0
4,35,887488.0
4,36,451105.0
4,37,189667.0
4,39,33493.0
4,40,52822.0
4,42,42194.0
4,44,2725185.0
4,45,455016.0
4,48,2648.0
4,49,3117.0
4,51,4526.0
4,52,56289.0
4,53,12022.0
4,54,40987.0
4,55,5924.0
4,57,44553.0
4,58,2707.0
4,59,8096.0
4,60,30236.0
4,62,43960.0
4,63,256048.0
4,66,6753.0
4,67,16481.0
4,68,320668.0
4,69,101007.0
4,70,100877.0
4,71,2427.0
4,72,1756.0
4,73,74475.0
4,74,857851.0
4,75,151.0
4,76,17876.0
4,77,2772.0
4,78,29078.0
4,79,1084.0
4,80,161020.0
4,82,205367.0
4,83,4387.0
4,84,114060.0
4,86,11214.0
4,87,50663.0
4,88,42837.0
4,89,22901.0
4,90,1671.0
4,91,68933.0
4,92,5802.0
4,94,19794.0
4,95,302.0
4,96,24872.0
4,97,1894.0
4,98,16875.0
4,99,1208.0
4,102,9983.0
4,103,16847.0
4,104,12674.0
4,105,14701.0
4,108,13687.0
4,109,72612.0
4,110,7625.0
4,112,4594.0
4,113,19898.0
4,115,2280.0
4,116,1901.0
4,117,50760.0
4,118,1146.0
4,119,59433.0
4,120,1924.0
4,121,27152.0
4,124,1283.0
4,125,10196.0
4,127,263.0
4,128,621.0
4,130,2370.0
4,133,1544.0
4,134,7426.0
4,136,5.0
4,138,294.0
4,139,1880.0
4,140,314.0
4,146,23332.0
4,148,25109.0
4,150,5145.0
4,155,353.0
4,156,13058.0
4,157,7471.0
4,158,16465.0
4,159,8316.0
4,166,2.0
4,168,37957.0
4,170,6022.0
4,173,11192.0
4,178,349.0
4,180,14511.0
4,181,6669.0
4,182,6253.0
4,187,22641.0
4,193,2488.0
4,212,524.0
4,213,9982.0
5,1,24430.0
5,2,121625.0
5,3,24708.0
5,4,926347.0
5,5,6274.0
5,6,960835.0
5,7,12971530.0
5,8,1402142.0
5,9,10702346.0
5,10,866704.0
5,11,199015.0
5,13,129629.0
5,14,1305462.0
5,15,2711491.0
5,16,12393.0
5,17,505836.0
5,18,969384.0
5,19,555116.0
5,21,85491.0
5,22,1083545.0
5,23,2384438.0
5,25,238424.0
5,26,710882.0
5,27,4072947.0
5,28,56609.0
5,29,108211.0
5,30,89274.0
5,31,1103288.0
5,32,3853584.0
5,33,2261511.0
5,34,330406.0
5,35,1725804.0
5,36,238208.0
5,37,389564.0
5,39,1214535.0
5,40,312022.0
5,42,251852.0
5,44,1536652.0
5,45,2959308.0
5,48,39953.0
5,49,609943.0
5,51,154109.0
5,52,101212.0
5,53,22314.0
5,54,30771.0
5,55,322494.0
5,57,12147.0
5,58,5203.0
5,59,23539.0
5,60,140187.0
5,62,16222.0
5,63,34957.0
5,66,67131.0
5,67,85434.0
5,68,127254.0
5,69,19088.0
5,70,169302.0
5,71,13185.0
5,72,2903.0
5,73,20984.0
5,74,3453.0
5,75,219.0
5,76,118400.0
5,77,34699.0
5,78,627965.0
5,79,1957.0
5,80,494741.0
5,82,485556.0
5,83,14373.0
5,84,203255.0
5,86,73673.0
5,87,1045.0
5,88,243514.0
5,89,591417.0
5,90,56589.0
5,91,167100.0
5,92,41958.0
5,94,1753412.0
5,95,35147.0
5,96,342484.0
5,97,15441.0
5,98,689.0
5,99,275.0
5,102,3829.0
5,103,23621.0
5,104,18930.0
5,105,32184.0
5,108,105161.0
5,109,346624.0
5,110,52232.0
5,112,26970.0
5,113,22001.0
5,115,244.0
5,116,50067.0
5,117,133768.0
5,118,6999.0
5,119,168305.0
5,120,3012.0
5,121,2552.0
5,124,56.0
5,125,100322.0
5,127,11594.0
5,128,2316.0
5,130,17055.0
5,133,161335.0
5,134,55241.0
5,136,671.0
5,138,792.0
5,139,3078.0
5,140,338.0
5,146,126039.0
5,148,15675.0
5,150,7875.0
5,155,7791.0
5,156,4727.0
5,157,17941.0
5,158,129770.0
5,165,30.0
5,166,88.0
5,168,436.0
5,170,16296.0
5,173,8770.0
5,178,701.0
5,180,21393.0
5,182,1242.0
5,187,101011.0
5,193,46279.0
5,212,6086.0
5,213,46308.0
6,1,1127.0
6,2,198834.0
6,3,3205.0
6,4,352037.0
6,5,170318.0
6,6,73763.0
6,7,3257048.0
6,8,333107.0
6,9,2724481.0
6,10,199395.0
6,11,61276.0
6,13,9389.0
6,14,123069.0
6,15,312675.0
6,16,16706.0
6,17,438668.0
6,18,313196.0
6,19,23027.0
6,21,30224.0
6,22,393248.0
6,23,3474514.0
6,25,16076.0
6,26,162332.0
6,27,212020.0
6,28,253865.0
6,29,140537.0
6,30,12362.0
6,31,455341.0
6,32,305634.0
6,33,200102.0
6,34,68704.0
6,35,131769.0
6,36,14061.0
6,37,69249.0
6,39,83709.0
6,40,200430.0
6,42,15247.0
6,44,366787.0
6,45,16664554.0
6,48,4446.0
6,49,7724.0
6,51,5349.0
6,52,3585.0
6,53,1777.0
6,54,21187.0
6,55,280047.0
6,57,77.0
6,58,43182.0
6,59,5931.0
6,60,6018.0
6,62,2131.0
6,63,32408.0
6,66,160204.0
6,67,212.0
6,68,21351.0
6,69,5774.0
6,70,19394.0
6,71,14875.0
6,72,213.0
6,73,1994.0
6,74,6148.0
6,75,10516.0
6,76,1585646.0
6,77,196.0
6,78,156323.0
6,79,9688.0
6,80,41606.0
6,82,91369.0
6,83,473.0
6,84,2466.0
6,86,1961.0
6,87,4299.0
6,88,1449.0
6,89,25909.0
6,90,10923.0
6,91,58852.0
6,92,1194.0
6,94,341045.0
6,95,473.0
6,96,90888.0
6,97,9342.0
6,98,553.0
6,99,692.0
6,100,3602.0
6,102,3289.0
6,103,25169.0
6,104,2388.0
6,105,64605.0
6,108,244752.0
6,109,115737.0
6,110,228432.0
6,112,28394.0
6,113,8845.0
6,115,42.0
6,116,8045.0
6,117,5597.0
6,118,185.0
6,119,102177.0
6,120,31885.0
6,121,1553.0
6,125,3905.0
6,127,1885.0
6,128,15431.0
6,130,942.0
6,133,763.0
6,134,20446.0
6,136,1694.0
6,138,1.0
6,139,276.0
6,140,65.0
6,146,19113.0
6,148,858.0
6,150,2977.0
6,155,2153.0
6,156,1279.0
6,157,2376.0
6,158,23774.0
6,159,7561.0
6,165,24.0
6,168,1128.0
6,170,1168.0
6,173,5946.0
6,178,2169.0
6,180,1427.0
6,181,61.0
6,182,3223.0
6,187,18142.0
6,212,57.0
6,213,41.0
7,1,16661.0
7,2,551865.0
7,3,55299.0
7,4,202994.0
7,5,393551.0
7,6,601481.0
7,11,62036.0
7,13,16343.0
7,14,358741.0
7,15,1212224.0
7,16,20440.0
7,17,365080.0
7,18,1240484.0
7,19,43309.0
7,21,23877.0
7,22,422707.0
7,23,6023167.0
7,25,52482.0
7,26,1019036.0
7,27,878245.0
7,28,155844.0
7,29,262505.0
7,30,176193.0
7,31,1989056.0
7,32,1017795.0
7,33,186730.0
7,34,753234.0
7,35,368560.0
7,36,51036.0
7,37,102746.0
7,39,665416.0
7,40,92605.0
7,42,69584.0
7,44,671042.0
7,45,3360022.0
7,48,3130.0
7,49,44377.0
7,51,5242.0
7,52,27629.0
7,53,1183.0
7,54,8919.0
7,55,73400.0
7,57,4934.0
7,58,36788.0
7,59,26261.0
7,60,20865.0
7,62,9335.0
7,63,56638.0
7,66,27492.0
7,67,8294.0
7,68,30274.0
7,69,15113.0
7,70,62900.0
7,71,11554.0
7,72,51852.0
7,73,16936.0
7,74,633.0
7,75,1820.0
7,76,136710.0
7,77,868.0
7,78,142427.0
7,79,4655.0
7,80,70700.0
7,82,24027.0
7,83,9750.0
7,84,79619.0
7,86,18183.0
7,87,11952.0
7,88,8505.0
7,89,28726.0
7,90,8120.0
7,91,11612.0
7,92,2814.0
7,94,74001.0
7,95,5401.0
7,96,50905.0
7,97,5209.0
7,98,3499.0
7,99,6982.0
7,100,10139.0
7,102,3312.0
7,103,9528.0
7,104,3122.0
7,105,103847.0
7,108,21564.0
7,109,216315.0
7,110,78828.0
7,112,14718.0
7,113,2969.0
7,115,2069.0
7,116,11566.0
7,117,33320.0
7,118,346.0
7,119,51028.0
7,120,5015.0
7,121,6791.0
7,124,442.0
7,125,22709.0
7,127,434.0
7,128,1159.0
7,130,3657.0
7,133,1275.0
7,134,21058.0
7,136,871.0
7,138,6287.0
7,139,18992.0
7,146,53097.0
7,148,1404.0
7,150,21914.0
7,155,24148.0
7,156,5386.0
7,157,12718.0
7,158,22264.0
7,159,2167.0
7,165,1185.0
7,166,5931.0
7,168,200169.0
7,170,8913.0
7,173,6436.0
7,178,317.0
7,180,26746.0
7,181,253.0
7,182,6639.0
7,187,24028.0
7,190,627.0
7,193,6659.0
7,212,1403.0
7,213,20523.0
8,1,887.0
8,2,40084.0
8,3,74.0
8,4,1592.0
8,5,495.0
8,6,19794.0
8,9,115299.0
8,10,12129.0
8,11,36.0
8,13,16.0
8,14,5384.0
8,15,2341.0
8,16,713.0
8,17,2552.0
8,18,6178.0
8,19,609.0
8,21,872.0
8,22,926.0
8,23,15579.0
8,25,285.0
8,26,25611.0
8,27,10188.0
8,28,104.0
8,29,7492.0
8,30,8.0
8,31,11124.0
8,32,65.0
8,33,142.0
8,34,78708.0
8,35,271.0
8,36,748.0
8,37,1693.0
8,39,2149.0
8,40,270.0
8,42,42.0
8,44,24493.0
8,45,84037.0
8,48,2.0
8,49,8.0
8,51,37.0
8,52,35.0
8,54,249.0
8,55,228.0
8,57,398.0
8,58,256.0
8,59,82.0
8,60,41.0
8,62,51.0
8,63,1603.0
8,66,486.0
8,67,1.0
8,68,5.0
8,69,86.0
8,70,3029.0
8,71,58.0
8,74,13.0
8,75,948.0
8,76,306.0
8,77,37.0
8,78,5.0
8,79,14.0
8,80,381.0
8,82,291.0
8,83,4.0
8,84,34.0
8,86,5.0
8,87,1.0
8,88,26.0
8,91,15.0
8,92,133.0
8,94,770.0
8,95,42.0
8,96,24.0
8,97,55.0
8,98,1.0
8,99,875.0
8,100,72.0
8,102,13.0
8,103,702.0
8,104,305.0
8,105,2378.0
8,108,400.0
8,109,1886.0
8,110,14255.0
8,112,491.0
8,113,5.0
8,115,454.0
8,116,6.0
8,117,2.0
8,118,40.0
8,119,743.0
8,120,29.0
8,121,4.0
8,125,31.0
8,127,102.0
8,128,67.0
8,130,266.0
8,133,28.0
8,134,655.0
8,136,43.0
8,138,126.0
8,139,3924.0
8,140,600578.0
8,146,13.0
8,148,3.0
8,150,294.0
8,155,45.0
8,156,1055.0
8,157,22.0
8,158,234.0
8,159,1.0
8,165,194.0
8,166,446.0
8,168,3765.0
8,170,608.0
8,173,908.0
8,178,9.0
8,180,709.0
8,182,1923.0
8,187,12.0
8,193,875.0
8,212,113.0
9,1,15462.0
9,2,485435.0
9,3,54427.0
9,4,198576.0
9,5,391513.0
9,6,529531.0
9,8,3296804.0
9,9,30931.0
9,10,373024.0
9,11,58393.0
9,13,16191.0
9,14,344881.0
9,15,1190647.0
9,16,19605.0
9,17,358912.0
9,18,1217913.0
9,19,41330.0
9,21,22690.0
9,22,416895.0
9,23,5706491.0
9,25,52023.0
9,26,938803.0
9,27,840516.0
9,28,155393.0
9,29,244319.0
9,30,175870.0
9,31,1907266.0
9,32,1017221.0
9,33,183955.0
9,34,622629.0
9,35,365548.0
9,36,49845.0
9,37,98722.0
9,39,636832.0
9,40,92181.0
9,42,69496.0
9,44,633774.0
9,45,3009467.0
9,48,3128.0
9,49,43813.0
9,51,5203.0
9,52,27498.0
9,53,1183.0
9,54,8621.0
9,55,72271.0
9,57,4265.0
9,58,36072.0
9,59,26083.0
9,60,20773.0
9,62,4747.0
9,63,52282.0
9,66,26942.0
9,67,8291.0
9,68,30225.0
9,69,14981.0
9,70,58651.0
9,71,11477.0
9,72,51852.0
9,73,16664.0
9,74,184.0
9,75,872.0
9,76,133986.0
9,77,821.0
9,78,142420.0
9,79,4570.0
9,80,60664.0
9,82,23092.0
9,83,9738.0
9,84,78992.0
9,86,17869.0
9,87,11734.0
9,88,8109.0
9,89,28630.0
9,90,7887.0
9,91,11559.0
9,92,2681.0
9,94,72891.0
9,95,5334.0
9,96,50372.0
9,97,4885.0
9,98,3498.0
9,99,6044.0
9,100,9980.0
9,102,2964.0
9,103,8792.0
9,104,2816.0
9,105,95562.0
9,108,20962.0
9,109,211247.0
9,110,63217.0
9,112,13994.0
9,113,2932.0
9,115,1611.0
9,116,11497.0
9,117,33292.0
9,118,306.0
9,119,49597.0
9,120,4976.0
9,121,6784.0
9,124,436.0
9,125,22631.0
9,127,332.0
9,128,1066.0
9,130,3191.0
9,133,1247.0
9,134,20106.0
9,136,726.0
9,138,6124.0
9,139,10102.0
9,140,165507.0
9,146,52858.0
9,148,1401.0
9,150,20731.0
9,156,3398.0
9,157,12664.0
9,158,21764.0
9,159,2166.0
9,165,952.0
9,166,5449.0
9,168,195653.0
9,170,8241.0
9,173,5528.0
9,178,307.0
9,180,26025.0
9,181,253.0
9,182,4521.0
9,187,23979.0
9,190,627.0
9,193,5737.0
9,212,1268.0
9,213,20523.0
10,1,312.0
10,2,26150.0
10,3,798.0
10,4,2826.0
10,5,1543.0
10,6,51576.0
10,8,173823.0
10,9,220682.0
10,11,3607.0
10,13,136.0
10,14,8464.0
10,15,19235.0
10,16,122.0
10,17,3616.0
10,18,16393.0
10,19,1370.0
10,21,315.0
10,22,4886.0
10,23,301097.0
10,25,173.0
10,26,53903.0
10,27,27534.0
10,28,347.0
10,29,10694.0
10,30,315.0
10,31,70665.0
10,32,509.0
10,33,2633.0
10,34,50866.0
10,35,2741.0
10,36,443.0
10,37,2326.0
10,39,26433.0
10,40,154.0
10,42,46.0
10,44,12701.0
10,45,265397.0
10,49,556.0
10,51,2.0
10,52,96.0
10,54,49.0
10,55,901.0
10,57,271.0
10,58,460.0
10,59,96.0
10,60,51.0
10,62,4537.0
10,63,2753.0
10,66,64.0
10,67,2.0
10,68,44.0
10,69,46.0
10,70,1220.0
10,71,8.0
10,73,272.0
10,74,436.0
10,76,2418.0
10,77,10.0
10,78,2.0
10,79,71.0
10,80,9655.0
10,82,640.0
10,83,8.0
10,84,593.0
10,86,309.0
10,87,217.0
10,88,370.0
10,89,96.0
10,90,233.0
10,91,38.0
10,94,340.0
10,95,25.0
10,96,509.0
10,97,269.0
10,99,63.0
10,100,87.0
10,102,335.0
10,103,34.0
10,104,1.0
10,105,5898.0
10,108,202.0
10,109,3003.0
10,110,1356.0
10,112,233.0
10,113,32.0
10,115,4.0
10,116,63.0
10,117,26.0
10,119,688.0
10,120,10.0
10,121,3.0
10,124,6.0
10,125,47.0
10,128,26.0
10,130,200.0
10,134,297.0
10,136,102.0
10,138,37.0
10,139,4966.0
10,140,4427.0
10,146,226.0
10,150,889.0
10,155,24103.0
10,156,921.0
10,157,32.0
10,158,266.0
10,165,39.0
10,166,36.0
10,168,751.0
10,170,64.0
10,178,1.0
10,180,12.0
10,182,194.0
10,187,37.0
10,193,47.0
10,212,22.0
11,1,295.0
11,2,228843.0
11,3,51028.0
11,4,182249.0
11,5,13442.0
11,6,72217.0
11,7,640396.0
11,8,108036.0
11,9,500106.0
11,10,32254.0
11,13,316561.0
11,14,351505.0
11,15,3037638.0
11,16,479.0
11,17,7545.0
11,18,23254.0
11,19,18753.0
11,21,45446.0
11,22,655262.0
11,23,950026.0
11,25,42297.0
11,26,42591.0
11,27,375872.0
11,28,5449.0
11,29,38966.0
11,30,579292.0
11,31,68699.0
11,32,581899.0
11,33,241137.0
11,34,39979.0
11,35,452938.0
11,36,1789652.0
11,37,64364.0
11,39,30236.0
11,40,16245.0
11,42,25291.0
11,44,1697177.0
11,45,356882.0
11,48,808.0
11,49,16353.0
11,51,2481.0
11,52,22722.0
11,53,196.0
11,54,678.0
11,55,1788.0
11,58,2141.0
11,59,660.0
11,60,21908.0
11,62,9305.0
11,63,88538.0
11,66,1076.0
11,67,697.0
11,68,175079.0
11,69,44891.0
11,70,36910.0
11,71,1657.0
11,72,167.0
11,73,94688.0
11,74,1725.0
11,75,6354.0
11,76,24443.0
11,77,232.0
11,78,2621.0
11,79,358.0
11,80,514153.0
11,82,95720.0
11,83,3030.0
11,84,50219.0
11,86,5171.0
11,87,31337.0
11,88,6685.0
11,89,6023.0
11,90,3276.0
11,91,3110.0
11,92,189.0
11,94,3018.0
11,95,136.0
11,96,10427.0
11,97,4632.0
11,98,58544.0
11,99,1193.0
11,100,928.0
11,102,43565.0
11,103,1875.0
11,104,97.0
11,105,20535.0
11,108,4267.0
11,109,23541.0
11,110,4685.0
11,112,2541.0
11,113,975.0
11,115,76.0
11,116,2394.0
11,117,10221.0
11,119,12040.0
11,120,1637.0
11,121,58519.0
11,125,113451.0
11,127,569.0
11,128,308.0
11,130,179.0
11,133,2114.0
11,134,6870.0
11,136,1575.0
11,138,43.0
11,139,138.0
11,146,12445.0
11,148,10630.0
11,150,2714.0
11,155,563.0
11,156,3711.0
11,157,385.0
11,158,10345.0
11,159,79.0
11,168,886.0
11,170,2006.0
11,173,476.0
11,178,1145.0
11,180,3528.0
11,181,140.0
11,182,1199.0
11,187,14868.0
11,190,71.0
11,193,792.0
11,212,1687.0
11,213,1296.0
12,1,116.0
12,2,4061.0
12,3,3107.0
12,4,55443.0
12,5,7906.0
12,6,10628.0
12,7,80851.0
12,8,11103.0
12,9,64867.0
12,10,4855.0
12,11,5531.0
12,13,4453.0
12,14,44280.0
12,15,101931.0
12,16,59.0
12,17,31503.0
12,18,27681.0
12,19,44650.0
12,21,4674.0
12,22,147508.0
12,23,14623.0
12,25,110815.0
12,26,14612.0
12,27,111864.0
12,28,21446.0
12,29,1056.0
12,30,6359.0
12,31,14813.0
12,32,232137.0
12,33,602534.0
12,34,4635.0
12,35,33401.0
12,36,7322.0
12,37,11588.0
12,39,7554.0
12,40,78626.0
12,42,58157.0
12,44,192827.0
12,45,77539.0
12,48,7587.0
12,49,1172.0
12,51,3361.0
12,52,5887.0
12,53,24.0
12,54,1222.0
12,55,289.0
12,57,3870.0
12,58,284.0
12,59,6997.0
12,60,5915.0
12,62,3284.0
12,63,1404.0
12,66,328.0
12,67,16078.0
12,68,33173.0
12,69,1411.0
12,70,16500.0
12,71,95732.0
12,72,32.0
12,73,2953.0
12,74,37.0
12,75,254.0
12,76,1407.0
12,77,854.0
12,78,94517.0
12,79,8.0
12,80,9562.0
12,82,5853.0
12,83,2838.0
12,84,11153.0
12,86,2588.0
12,87,407.0
12,88,4340.0
12,89,229567.0
12,90,747.0
12,91,36464.0
12,92,6382.0
12,94,1744.0
12,95,10.0
12,96,655.0
12,97,52.0
12,98,671.0
12,99,19.0
12,100,1182.0
12,102,919.0
12,103,1.0
12,104,26328.0
12,105,236.0
12,108,11.0
12,109,6635.0
12,110,2246.0
12,112,30.0
12,113,1445.0
12,115,1283.0
12,116,2281.0
12,117,12083.0
12,118,20.0
12,119,8095.0
12,120,49.0
12,121,3099.0
12,125,45856.0
12,128,39.0
12,130,34.0
12,133,220.0
12,134,26449.0
12,139,6.0
12,140,26.0
12,146,136184.0
12,148,1815.0
12,150,6002.0
12,155,4815.0
12,156,28.0
12,157,158.0
12,158,35579.0
12,159,8732.0
12,168,1186.0
12,170,3576.0
12,173,1479.0
12,180,1276.0
12,181,5334.0
12,182,14.0
12,187,17498.0
12,193,1510.0
12,212,1257.0
12,213,2062.0
13,1,112.0
13,2,2486.0
13,3,7054.0
13,4,35301.0
13,5,3555.0
13,6,10928.0
13,7,48393.0
13,8,4580.0
13,9,42039.0
13,10,1774.0
13,11,46895.0
13,14,47756.0
13,15,82678.0
13,16,363.0
13,17,1830.0
13,18,797.0
13,19,26.0
13,21,6360.0
13,22,26364.0
13,23,21107.0
13,25,1807.0
13,26,6385.0
13,27,27291.0
13,29,193.0
13,30,52064.0
13,31,17725.0
13,32,435973.0
13,33,4678.0
13,34,5546.0
13,35,20497.0
13,36,290422.0
13,37,9194.0
13,39,4495.0
13,40,6772.0
13,42,5623.0
13,44,59638.0
13,45,79955.0
13,49,48.0
13,51,383.0
13,52,2158.0
13,55,61.0
13,58,926.0
13,59,5.0
13,60,126.0
13,62,6169.0
13,63,9932.0
13,66,160.0
13,68,16190.0
13,69,1692.0
13,70,9451.0
13,72,463.0
13,73,13017.0
13,74,62.0
13,76,459.0
13,78,1300.0
13,79,224.0
13,80,72879.0
13,82,7250.0
13,83,1027.0
13,84,2146.0
13,86,252.0
13,87,3771.0
13,88,699.0
13,89,135.0
13,90,70.0
13,91,185.0
13,95,60.0
13,96,1356.0
13,97,451.0
13,98,150422.0
13,100,2020.0
13,102,967.0
13,105,17721.0
13,108,49.0
13,109,3888.0
13,116,2361.0
13,117,4169.0
13,119,13.0
13,121,18930.0
13,125,17.0
13,128,2.0
13,133,1630.0
13,134,77.0
13,146,531.0
13,148,25.0
13,155,95.0
13,156,186.0
13,157,238.0
13,158,58.0
13,178,38.0
13,182,11.0
13,187,45.0
13,212,3.0
14,1,346.0
14,2,304057.0
14,3,305863.0
14,4,7586278.0
14,5,203369.0
14,6,704864.0
14,7,2380314.0
14,8,560885.0
14,9,1549939.0
14,10,249817.0
14,11,540179.0
14,13,224233.0
14,14,89.0
14,15,6820765.0
14,16,2817.0
14,17,44689.0
14,18,126622.0
14,19,25329.0
14,21,427081.0
14,22,6778823.0
14,23,1573502.0
14,25,212620.0
14,26,173539.0
14,27,3777922.0
14,28,22902.0
14,29,67882.0
14,30,530086.0
14,31,258646.0
14,32,1251714.0
14,33,563681.0
14,34,904076.0
14,35,5100243.0
14,36,441542.0
14,37,1594618.0
14,39,134862.0
14,40,136262.0
14,42,119793.0
14,44,5855071.0
14,45,3445155.0
14,48,18692.0
14,49,21800.0
14,51,9485.0
14,52,109258.0
14,53,3451.0
14,54,194887.0
14,55,19425.0
14,57,55247.0
14,58,5887.0
14,59,321608.0
14,60,50343.0
14,62,57631.0
14,63,301094.0
14,66,4109.0
14,67,10695.0
14,68,883687.0
14,69,164774.0
14,70,117202.0
14,71,7728.0
14,72,565.0
14,73,102233.0
14,74,519821.0
14,75,655.0
14,76,136970.0
14,77,1100.0
14,78,777543.0
14,79,354.0
14,80,354315.0
14,82,993801.0
14,83,14045.0
14,84,157195.0
14,86,13383.0
14,87,77010.0
14,88,41160.0
14,89,105681.0
14,90,6158.0
14,91,220725.0
14,92,2453.0
14,94,73838.0
14,95,853.0
14,96,34496.0
14,97,1535.0
14,98,46207.0
14,99,243.0
14,100,7618.0
14,102,14081.0
14,103,7005.0
14,104,38507.0
14,105,44975.0
14,108,7782.0
14,109,112283.0
14,110,38598.0
14,112,7586.0
14,113,4489.0
14,115,2404.0
14,116,13089.0
14,117,36642.0
14,118,14039.0
14,119,31862.0
14,120,733.0
14,121,83636.0
14,124,206.0
14,125,56149.0
14,127,1613.0
14,128,8128.0
14,130,4875.0
14,133,3378.0
14,134,28170.0
14,136,58.0
14,138,1296.0
14,139,9324.0
14,140,19673.0
14,146,48155.0
14,148,30216.0
14,150,73834.0
14,155,680.0
14,156,138805.0
14,157,32796.0
14,158,47621.0
14,159,15263.0
14,165,76.0
14,166,1375.0
14,168,6523.0
14,170,31101.0
14,173,25570.0
14,178,1717.0
14,180,69444.0
14,181,353.0
14,182,111523.0
14,187,214073.0
14,190,6.0
14,193,2290.0
14,212,3501.0
14,213,100817.0
15,1,2404.0
15,2,203368.0
15,3,4929078.0
15,4,3549502.0
15,5,170593.0
15,6,271891.0
15,7,833155.0
15,8,427448.0
15,9,306096.0
15,10,97746.0
15,11,2539663.0
15,13,708956.0
15,14,6314451.0
15,16,6965.0
15,17,35354.0
15,18,55881.0
15,19,344325.0
15,21,415191.0
15,22,6934656.0
15,23,1254693.0
15,25,78809.0
15,26,96691.0
15,27,7857510.0
15,28,7801.0
15,29,61390.0
15,30,3354393.0
15,31,131920.0
15,32,2088785.0
15,33,882949.0
15,34,115223.0
15,35,2995794.0
15,36,1384289.0
15,37,1882248.0
15,39,106803.0
15,40,352907.0
15,42,330713.0
15,44,4429128.0
15,45,1398033.0
15,48,37451.0
15,49,14435.0
15,51,79696.0
15,52,235995.0
15,53,1198.0
15,54,9351.0
15,55,9391.0
15,57,5951.0
15,58,4057.0
15,59,20563.0
15,60,283709.0
15,62,89644.0
15,63,1976945.0
15,66,11985.0
15,67,6466.0
15,68,1123501.0
15,69,937703.0
15,70,156710.0
15,71,24520.0
15,72,3916.0
15,73,237437.0
15,74,414924.0
15,75,10116.0
15,76,52801.0
15,77,21743.0
15,78,110124.0
15,79,2718.0
15,80,384946.0
15,82,547931.0
15,83,24795.0
15,84,611769.0
15,86,73887.0
15,87,654633.0
15,88,281414.0
15,89,46300.0
15,90,41256.0
15,91,17188.0
15,92,9521.0
15,94,26987.0
15,95,3859.0
15,96,41215.0
15,97,8044.0
15,98,118563.0
15,99,251.0
15,100,20632.0
15,102,21676.0
15,103,3134.0
15,104,634.0
15,105,26450.0
15,108,6387.0
15,109,331687.0
15,110,11643.0
15,112,2584.0
15,113,43747.0
15,115,2092.0
15,116,16825.0
15,117,143274.0
15,118,309.0
15,119,11867.0
15,120,341.0
15,121,136770.0
15,124,155.0
15,125,62977.0
15,127,399.0
15,128,762.0
15,130,876.0
15,133,95174.0
15,134,40721.0
15,136,232.0
15,138,9.0
15,139,953.0
15,140,1865.0
15,146,14858.0
15,148,28124.0
15,150,3576.0
15,155,1482.0
15,156,5134.0
15,157,1425.0
15,158,70496.0
15,159,3344.0
15,166,2.0
15,168,41909.0
15,170,5069.0
15,173,3526.0
15,178,331.0
15,180,2412.0
15,181,610.0
15,182,2833.0
15,187,15463.0
15,193,4482.0
15,212,7749.0
15,213,19394.0
16,1,11.0
16,2,4425.0
16,3,2667.0
16,4,34817.0
16,5,4296.0
16,6,280737.0
16,7,87186.0
16,8,840.0
16,9,21623.0
16,10,64723.0
16,11,1096.0
16,13,19737.0
16,14,17695.0
16,15,100834.0
16,17,33045.0
16,18,120.0
16,21,1250.0
16,22,62754.0
16,23,176136.0
16,25,1271.0
16,26,5593.0
16,27,78369.0
16,28,3479.0
16,29,23393.0
16,30,4154.0
16,31,117507.0
16,32,40892.0
16,33,130840.0
16,34,22917.0
16,35,12830.0
16,36,7031.0
16,37,28623.0
16,39,68.0
16,40,9748.0
16,42,6793.0
16,44,53688.0
16,45,1539202.0
16,48,52.0
16,49,3483.0
16,51,38.0
16,55,45654.0
16,58,67369.0
16,59,12.0
16,60,381.0
16,63,40.0
16,66,7184.0
16,67,42.0
16,68,131.0
16,69,12.0
16,70,2037.0
16,71,96.0
16,73,1.0
16,76,337923.0
16,77,75.0
16,78,1009.0
16,79,63309.0
16,80,21953.0
16,82,1951.0
16,83,10.0
16,84,2859.0
16,86,177.0
16,88,112.0
16,89,11512.0
16,90,604.0
16,91,1.0
16,92,8.0
16,94,47377.0
16,95,598.0
16,96,97913.0
16,97,300743.0
16,99,59.0
16,102,106.0
16,103,9512.0
16,105,2217.0
16,108,63986.0
16,109,2736.0
16,110,15373.0
16,112,13170.0
16,113,7.0
16,115,1.0
16,116,92.0
16,117,6000.0
16,119,10.0
16,120,1892.0
16,125,951.0
16,127,265.0
16,128,811.0
16,130,3604.0
16,134,1417.0
16,136,7926.0
16,146,3149.0
16,150,144.0
16,155,746.0
16,156,10.0
16,158,5639.0
16,178,484.0
16,182,2.0
17,1,30661.0
17,2,165755.0
17,3,13955.0
17,4,188487.0
17,5,92273.0
17,6,190496.0
17,7,2608409.0
17,8,101776.0
17,9,2348991.0
17,10,157636.0
17,11,23640.0
17,13,7361.0
17,14,269114.0
17,15,455845.0
17,16,2963.0
17,18,508440.0
17,19,315972.0
17,21,18143.0
17,22,249481.0
17,23,601332.0
17,25,43232.0
17,26,823030.0
17,27,435581.0
17,28,495991.0
17,29,160321.0
17,30,64352.0
17,31,310062.0
17,32,408218.0
17,33,1421723.0
17,34,196233.0
17,35,100816.0
17,36,24469.0
17,37,69957.0
17,39,254071.0
17,40,182231.0
17,42,57801.0
17,44,581832.0
17,45,1530039.0
17,48,6099.0
17,49,8664.0
17,51,8599.0
17,52,9292.0
17,54,2947.0
17,55,5360.0
17,57,9045.0
17,58,1396.0
17,59,7374.0
17,60,20259.0
17,62,7859.0
17,63,12865.0
17,66,4087.0
17,67,16434.0
17,68,46324.0
17,69,9293.0
17,70,47846.0
17,71,28072.0
17,72,2910.0
17,73,6241.0
17,74,11.0
17,75,4319.0
17,76,60193.0
17,77,2004.0
17,78,15626.0
17,79,264.0
17,80,28654.0
17,82,17762.0
17,83,1486.0
17,84,18054.0
17,86,10645.0
17,87,1320.0
17,88,2825.0
17,89,63680.0
17,90,6002.0
17,91,45796.0
17,92,8587.0
17,94,3013.0
17,95,1043.0
17,96,6045.0
17,97,155.0
17,98,2311.0
17,99,2482.0
17,100,1282.0
17,102,1128.0
17,103,698.0
17,104,3271.0
17,105,28732.0
17,108,3595.0
17,109,141610.0
17,110,290144.0
17,112,6493.0
17,113,4491.0
17,115,717.0
17,116,17085.0
17,117,22391.0
17,118,237.0
17,119,13564.0
17,120,841.0
17,121,4122.0
17,124,686.0
17,125,123762.0
17,128,420.0
17,130,43.0
17,133,11196.0
17,134,90553.0
17,136,2374.0
17,138,1051.0
17,139,9845.0
17,140,6.0
17,146,92520.0
17,148,535.0
17,150,55146.0
17,155,269825.0
17,156,2066.0
17,157,1138.0
17,158,109118.0
17,165,69.0
17,168,10859.0
17,170,3865.0
17,173,732.0
17,178,17.0
17,180,2448.0
17,181,74.0
17,182,540.0
17,187,11727.0
17,190,86760.0
17,193,8337.0
17,212,42425.0
17,213,550.0
18,1,2418.0
18,2,166188.0
18,3,5229.0
18,4,157068.0
18,5,699236.0
18,6,326962.0
18,7,4820176.0
18,8,455143.0
18,9,4145977.0
18,10,218892.0
18,11,63470.0
18,13,14821.0
18,14,362797.0
18,15,1284468.0
18,16,109.0
18,17,3326958.0
18,18,3980.0
18,19,18938.0
18,21,11535.0
18,22,745156.0
18,23,1557489.0
18,25,5712.0
18,26,2884075.0
18,27,1148182.0
18,28,138188.0
18,29,207006.0
18,30,75997.0
18,31,658889.0
18,32,510349.0
18,33,143841.0
18,34,811685.0
18,35,689632.0
18,36,18034.0
18,37,32019.0
18,39,247293.0
18,40,401337.0
18,42,135558.0
18,44,363920.0
18,45,3081621.0
18,48,282.0
18,49,92314.0
18,51,946.0
18,52,14296.0
18,53,30.0
18,54,8650.0
18,55,8281.0
18,57,4987.0
18,58,421.0
18,59,72983.0
18,60,1614.0
18,62,124.0
18,63,25394.0
18,66,9331.0
18,67,14820.0
18,68,52766.0
18,69,20868.0
18,70,20825.0
18,71,267745.0
18,72,234.0
18,73,7924.0
18,75,7180.0
18,76,132642.0
18,77,128.0
18,78,29381.0
18,79,9.0
18,80,7373.0
18,82,19324.0
18,83,557.0
18,84,57952.0
18,86,15943.0
18,87,8516.0
18,88,41792.0
18,89,12272.0
18,90,1260.0
18,91,39830.0
18,92,96585.0
18,94,18421.0
18,95,51.0
18,96,25541.0
18,97,15.0
18,98,6342.0
18,99,2628.0
18,100,3749.0
18,102,439.0
18,103,3464.0
18,104,2009.0
18,105,133609.0
18,108,8664.0
18,109,276183.0
18,110,31103.0
18,112,2782.0
18,113,91981.0
18,115,951.0
18,116,19065.0
18,117,27949.0
18,118,1475.0
18,119,21471.0
18,120,31.0
18,121,366.0
18,125,22626.0
18,128,601.0
18,130,519.0
18,133,3923.0
18,134,3907.0
18,139,134875.0
18,140,164.0
18,146,22906.0
18,148,682.0
18,150,4897.0
18,155,52113.0
18,156,866.0
18,157,745.0
18,158,3491.0
18,165,1473.0
18,166,570.0
18,168,12777.0
18,170,54.0
18,173,790.0
18,178,15.0
18,180,2594.0
18,182,570.0
18,187,3658.0
18,193,1197.0
18,212,3270.0
18,213,97.0
19,1,53887.0
19,2,12292.0
19,3,4441.0
19,4,17139.0
19,5,8332.0
19,6,27446.0
19,7,526144.0
19,8,363262.0
19,9,145448.0
19,10,17434.0
19,11,1972.0
19,13,96.0
19,14,13075.0
19,15,191777.0
19,17,48077.0
19,18,3316.0
19,21,88.0
19,22,71722.0
19,23,14169.0
19,25,26223.0
19,26,10514.0
19,27,19654.0
19,28,22261.0
19,29,88.0
19,30,26167.0
19,31,6536.0
19,32,227299.0
19,33,21993.0
19,34,5295.0
19,35,77221.0
19,36,6104.0
19,37,3046.0
19,39,1334.0
19,40,28774.0
19,42,20070.0
19,44,18141.0
19,45,9584.0
19,48,199.0
19,49,4205.0
19,51,1097.0
19,52,1002.0
19,54,317.0
19,55,84.0
19,57,226.0
19,58,1.0
19,59,535.0
19,60,1898.0
19,62,461.0
19,63,1181.0
19,66,54.0
19,67,1253.0
19,68,1094.0
19,69,2755.0
19,71,2340.0
19,72,1830.0
19,73,4363.0
19,74,832.0
19,76,640.0
19,77,168.0
19,79,8.0
19,82,239.0
19,83,663.0
19,84,4745.0
19,86,2440.0
19,87,5917.0
19,88,167.0
19,89,38657.0
19,90,542.0
19,91,1439.0
19,92,40.0
19,94,6.0
19,95,9.0
19,96,658.0
19,98,78.0
19,99,88.0
19,100,9266.0
19,102,455.0
19,103,203.0
19,104,193.0
19,105,1970.0
19,109,2126.0
19,110,6420.0
19,112,419.0
19,113,423.0
19,115,1.0
19,116,16866.0
19,117,3442.0
19,118,45.0
19,119,14.0
19,121,1105.0
19,125,32855.0
19,133,25084.0
19,134,8405.0
19,136,104.0
19,146,1237.0
19,148,266.0
19,150,249.0
19,155,29.0
19,156,51.0
19,157,3698.0
19,158,9968.0
19,168,3566.0
19,170,244.0
19,178,60.0
19,180,1.0
19,182,30.0
19,187,176.0
19,212,45.0
20,1,10.0
20,4,50.0
20,6,894.0
20,7,1116.0
20,9,1116.0
20,14,32.0
20,17,33138.0
20,18,970.0
20,19,53.0
20,21,21.0
20,22,447.0
20,25,1074.0
20,26,40.0
20,28,95.0
20,31,635.0
20,36,60.0
20,40,2718.0
20,42,335.0
20,44,146.0
20,45,284.0
20,52,7.0
20,67,30.0
20,78,5800.0
20,84,18.0
20,87,3.0
20,89,2110.0
20,110,11.0
20,133,179.0
20,134,5.0
20,158,44.0
20,187,21.0
21,1,1613.0
21,2,438097.0
21,3,20095.0
21,4,332369.0
21,5,3295.0
21,6,131751.0
21,7,244036.0
21,8,123266.0
21,9,110687.0
21,10,10041.0
21,11,219093.0
21,13,29989.0
21,14,731779.0
21,15,1170848.0
21,16,3128.0
21,17,2183.0
21,18,37049.0
21,19,34662.0
21,22,516837.0
21,23,62828.0
21,25,10981.0
21,26,48563.0
21,27,509776.0
21,28,3384.0
21,29,60954.0
21,30,72960.0
21,31,24568.0
21,32,212786.0
21,33,580538.0
21,34,63010.0
21,35,685771.0
21,36,254883.0
21,37,140421.0
21,39,21230.0
21,40,35953.0
21,42,19044.0
21,44,5205736.0
21,45,596488.0
21,48,784.0
21,49,2318.0
21,51,929.0
21,52,13239.0
21,53,2.0
21,54,2434.0
21,55,8755.0
21,57,485.0
21,58,4650.0
21,59,16673.0
21,60,2970.0
21,62,19550.0
21,63,51229.0
21,66,4712.0
21,67,2607.0
21,68,51346.0
21,69,36233.0
21,70,84264.0
21,71,10688.0
21,72,13.0
21,73,3108.0
21,74,1184.0
21,75,5900.0
21,76,43993.0
21,77,21.0
21,78,10375.0
21,79,1066.0
21,80,33561.0
21,82,93369.0
21,83,451.0
21,84,5017.0
21,86,2344.0
21,87,12447.0
21,88,2579.0
21,89,9624.0
21,90,864.0
21,91,4482.0
21,92,33.0
21,94,11039.0
21,95,121.0
21,96,4064.0
21,97,6859.0
21,98,13131.0
21,99,2.0
21,100,394.0
21,102,12325.0
21,103,2299.0
21,105,51028.0
21,108,9366.0
21,109,70674.0
21,110,1397.0
21,112,15921.0
21,113,12908.0
21,115,2627.0
21,116,1395.0
21,117,1460.0
21,118,33.0
21,119,22932.0
21,120,2927.0
21,121,4942.0
21,125,11648.0
21,127,24.0
21,128,1566.0
21,130,70.0
21,133,1596.0
21,134,18771.0
21,136,266.0
21,138,666.0
21,139,4923.0
21,140,42.0
21,146,52958.0
21,148,10766.0
21,150,1827.0
21,155,22.0
21,156,2430.0
21,157,212.0
21,158,12704.0
21,166,25.0
21,168,2206.0
21,170,3296.0
21,173,75.0
21,178,712.0
21,180,754.0
21,182,3687.0
21,187,9706.0
21,212,221.0
21,213,82.0
22,1,431.0
22,2,401005.0
22,3,1259195.0
22,4,1038590.0
22,5,148834.0
22,6,778681.0
22,7,504135.0
22,8,179539.0
22,9,251568.0
22,10,72883.0
22,11,627494.0
22,13,143592.0
22,14,4113417.0
22,15,6201918.0
22,16,4713.0
22,17,39282.0
22,18,19388.0
22,19,10287.0
22,21,103554.0
22,23,740335.0
22,25,76736.0
22,26,36018.0
22,27,1063218.0
22,28,91589.0
22,29,41493.0
22,30,624033.0
22,31,133909.0
22,32,945717.0
22,33,138605.0
22,34,74697.0
22,35,1215953.0
22,36,503351.0
22,37,1622571.0
22,39,69469.0
22,40,179941.0
22,42,92602.0
22,44,3112711.0
22,45,3376813.0
22,48,136042.0
22,49,25031.0
22,51,69433.0
22,52,98219.0
22,53,2134.0
22,54,4550.0
22,55,12422.0
22,57,4740.0
22,58,7388.0
22,59,29470.0
22,60,233851.0
22,62,63028.0
22,63,376260.0
22,66,7673.0
22,67,62693.0
22,68,764969.0
22,69,205284.0
22,70,123524.0
22,71,11291.0
22,72,1163.0
22,73,143080.0
22,74,98072.0
22,75,207.0
22,76,93332.0
22,77,16176.0
22,78,39393.0
22,79,878.0
22,80,306934.0
22,82,226231.0
22,83,13665.0
22,84,275743.0
22,86,56688.0
22,87,115131.0
22,88,344488.0
22,89,25950.0
22,90,18570.0
22,91,144278.0
22,92,3886.0
22,94,44962.0
22,95,1032.0
22,96,26605.0
22,97,1813.0
22,98,28107.0
22,99,489.0
22,100,10990.0
22,102,11155.0
22,103,1377.0
22,104,2892.0
22,105,45246.0
22,108,6895.0
22,109,91256.0
22,110,7776.0
22,112,3559.0
22,113,7358.0
22,115,211.0
22,116,16983.0
22,117,42160.0
22,118,1719.0
22,119,20604.0
22,120,285.0
22,121,66717.0
22,124,35.0
22,125,16399.0
22,127,924.0
22,128,2025.0
22,130,377.0
22,133,8576.0
22,134,13349.0
22,136,205.0
22,138,71.0
22,139,276.0
22,140,145.0
22,146,16299.0
22,148,149914.0
22,150,12866.0
22,155,1974.0
22,156,7273.0
22,157,2489.0
22,158,23042.0
22,159,3956.0
22,166,38.0
22,168,7500.0
22,170,3710.0
22,173,2150.0
22,178,256.0
22,180,8772.0
22,181,1402.0
22,182,7203.0
22,187,5220.0
22,190,214.0
22,193,825.0
22,212,4285.0
22,213,1174.0
23,1,12067.0
23,2,49632.0
23,3,3810.0
23,4,6314.0
23,5,6369.0
23,6,50416.0
23,7,1512020.0
23,8,583029.0
23,9,245043.0
23,10,680798.0
23,11,3228.0
23,13,762.0
23,14,42602.0
23,15,40616.0
23,16,212.0
23,17,3622.0
23,18,25098.0
23,19,462.0
23,21,460.0
23,22,15994.0
23,25,1128.0
23,26,67488.0
23,27,35930.0
23,28,2996.0
23,29,8615.0
23,30,834.0
23,31,301597.0
23,32,25039.0
23,33,5161.0
23,34,151475.0
23,35,7964.0
23,36,3615.0
23,37,13648.0
23,39,80474.0
23,40,13068.0
23,42,2728.0
23,44,48975.0
23,45,493751.0
23,48,6.0
23,49,563.0
23,51,27.0
23,52,38.0
23,54,4.0
23,55,106.0
23,58,20.0
23,59,16.0
23,60,560.0
23,62,1308.0
23,63,1713.0
23,66,141.0
23,67,50.0
23,68,1949.0
23,69,424.0
23,70,4266.0
23,71,2282.0
23,73,6.0
23,74,2.0
23,75,6.0
23,76,6334.0
23,77,30.0
23,78,758.0
23,79,12.0
23,80,3500.0
23,82,1956.0
23,83,43.0
23,84,49.0
23,86,294.0
23,87,38.0
23,88,232.0
23,89,773.0
23,90,67.0
23,91,37.0
23,92,78.0
23,94,233.0
23,95,7.0
23,96,528.0
23,97,7.0
23,98,3.0
23,99,113.0
23,100,1.0
23,102,191.0
23,103,13.0
23,104,506.0
23,105,11579.0
23,108,157.0
23,109,1692.0
23,110,543.0
23,112,2.0
23,113,44.0
23,115,5.0
23,116,14.0
23,117,1033.0
23,118,146.0
23,119,17.0
23,120,3.0
23,121,118.0
23,124,3.0
23,125,2157.0
23,128,19.0
23,130,42.0
23,133,24.0
23,134,1863.0
23,138,42.0
23,139,1013.0
23,140,3150.0
23,146,373.0
23,148,2.0
23,150,289.0
23,155,50.0
23,156,748.0
23,157,674.0
23,158,2340.0
23,165,21.0
23,166,16.0
23,168,5068.0
23,170,2080.0
23,178,1.0
23,181,8254.0
23,182,1935.0
23,187,90.0
23,190,23.0
23,193,16.0
23,212,3568.0
23,213,235.0
24,1,189064.0
24,3,1293.0
24,4,16947.0
24,6,7.0
24,7,32083.0
24,8,41.0
24,9,31872.0
24,10,170.0
24,11,4319.0
24,13,3475.0
24,14,8864.0
24,15,17170.0
24,17,186.0
24,18,181.0
24,19,90690.0
24,21,85.0
24,22,32798.0
24,23,124.0
24,25,14204.0
24,26,91.0
24,27,11063.0
24,28,827.0
24,30,6714.0
24,31,824.0
24,32,123234.0
24,33,13727.0
24,34,5.0
24,35,1175.0
24,36,4672.0
24,37,73.0
24,40,124703.0
24,42,4622.0
24,44,10495.0
24,45,68.0
24,48,1371.0
24,60,44.0
24,62,4766.0
24,63,5999.0
24,68,18483.0
24,69,680.0
24,72,155849.0
24,73,391.0
24,75,4184.0
24,80,4583.0
24,83,318.0
24,88,84.0
24,91,2983.0
24,98,4.0
24,100,72167.0
24,116,4566.0
24,117,3524.0
24,121,4746.0
24,133,259460.0
24,158,48.0
25,1,4.0
25,2,7406.0
25,3,485.0
25,4,2786.0
25,5,890.0
25,6,14087.0
25,7,539.0
25,8,457.0
25,9,44.0
25,10,38.0
25,11,521.0
25,13,102.0
25,14,6963.0
25,15,14698.0
25,17,616.0
25,18,85.0
25,19,3993.0
25,21,23.0
25,22,2059.0
25,23,134.0
25,25,1122.0
25,26,3010.0
25,27,12929.0
25,28,18.0
25,29,224.0
25,30,2098.0
25,31,5.0
25,32,6571.0
25,33,71378.0
25,34,165.0
25,35,761.0
25,36,6354.0
25,37,1783.0
25,40,5810.0
25,42,2173.0
25,44,6513.0
25,45,26088.0
25,49,474.0
25,52,9388.0
25,54,58.0
25,55,125.0
25,57,196.0
25,58,16.0
25,62,2588.0
25,63,607.0
25,67,48.0
25,68,1000.0
25,69,359.0
25,73,24.0
25,75,16.0
25,76,234.0
25,78,680.0
25,80,643.0
25,82,2.0
25,84,2388.0
25,86,167.0
25,87,102.0
25,89,70268.0
25,91,1005.0
25,92,37.0
25,94,468.0
25,95,16.0
25,96,45.0
25,102,3.0
25,104,13.0
25,105,246.0
25,109,679.0
25,110,11.0
25,113,1.0
25,115,120.0
25,116,97.0
25,117,746.0
25,118,209.0
25,119,832.0
25,125,8042.0
25,130,18.0
25,133,257.0
25,134,6052.0
25,139,2.0
25,146,46790.0
25,148,36.0
25,150,6.0
25,157,517.0
25,158,30540.0
25,168,11.0
25,170,379.0
25,173,85.0
25,180,478.0
25,181,1.0
25,187,452.0
25,193,375.0
25,212,56.0
25,213,28.0
26,1,752.0
26,2,328305.0
26,3,6467.0
26,4,38022.0
26,5,207404.0
26,6,150588.0
26,7,5224190.0
26,8,284679.0
26,9,4607445.0
26,10,329003.0
26,11,84813.0
26,13,36914.0
26,14,158762.0
26,15,440765.0
26,16,1841.0
26,17,677798.0
26,18,456235.0
26,19,319009.0
26,21,32286.0
26,22,196947.0
26,23,1001287.0
26,25,20653.0
26,26,1709.0
26,27,1070533.0
26,28,1276689.0
26,29,242674.0
26,30,39340.0
26,31,604577.0
26,32,366384.0
26,33,213893.0
26,34,1829268.0
26,35,122599.0
26,36,151533.0
26,37,9076.0
26,39,261329.0
26,40,377542.0
26,42,55979.0
26,44,264035.0
26,45,1772043.0
26,48,754.0
26,49,43016.0
26,51,937.0
26,52,9240.0
26,53,19.0
26,54,21452.0
26,55,25460.0
26,57,13373.0
26,58,211.0
26,59,8736.0
26,60,7952.0
26,62,1602.0
26,63,118973.0
26,66,12525.0
26,67,188719.0
26,68,46050.0
26,69,10019.0
26,70,16239.0
26,71,40882.0
26,72,2437.0
26,73,530.0
26,75,6610.0
26,76,87492.0
26,77,58.0
26,78,14010.0
26,79,18.0
26,80,43631.0
26,82,78165.0
26,83,1668.0
26,84,34692.0
26,86,19897.0
26,87,5430.0
26,88,7813.0
26,89,43952.0
26,90,3327.0
26,91,28077.0
26,92,80610.0
26,94,6225.0
26,95,245.0
26,96,3511.0
26,97,86.0
26,98,2892.0
26,99,11098.0
26,100,1040.0
26,102,25.0
26,103,3141.0
26,104,14424.0
26,105,155392.0
26,108,18795.0
26,109,322860.0
26,110,77805.0
26,112,9497.0
26,113,84140.0
26,115,531.0
26,116,2457.0
26,117,10037.0
26,118,2219.0
26,119,49199.0
26,120,2965.0
26,121,170.0
26,125,84541.0
26,128,711.0
26,130,1127.0
26,133,32116.0
26,134,13532.0
26,136,695.0
26,138,243.0
26,139,20212.0
26,140,3063.0
26,146,19792.0
26,148,195.0
26,150,20750.0
26,155,19390.0
26,156,1520.0
26,157,13226.0
26,158,15690.0
26,159,1761.0
26,165,246.0
26,166,571.0
26,168,100.0
26,170,5779.0
26,173,3925.0
26,178,7.0
26,180,60764.0
26,181,3.0
26,182,1437.0
26,187,8157.0
26,190,535.0
26,193,8422.0
26,212,12079.0
26,213,20937.0
27,1,3587.0
27,2,205460.0
27,3,1318462.0
27,4,7748607.0
27,5,158536.0
27,6,264459.0
27,7,1198030.0
27,8,551390.0
27,9,437514.0
27,10,189029.0
27,11,1445852.0
27,13,652189.0
27,14,7418186.0
27,15,18691407.0
27,16,13000.0
27,17,33201.0
27,18,167798.0
27,19,620330.0
27,21,735977.0
27,22,4212097.0
27,23,1816776.0
27,25,117559.0
27,26,191529.0
27,28,29723.0
27,29,88075.0
27,30,1706703.0
27,31,220339.0
27,32,1682041.0
27,33,405990.0
27,34,147292.0
27,35,2404033.0
27,36,1541688.0
27,37,885582.0
27,39,107648.0
27,40,246333.0
27,42,169617.0
27,44,7508777.0
27,45,2194313.0
27,48,9810.0
27,49,20656.0
27,51,36074.0
27,52,184535.0
27,53,26591.0
27,54,24711.0
27,55,21296.0
27,57,23396.0
27,58,21268.0
27,59,63361.0
27,60,177140.0
27,62,99676.0
27,63,705962.0
27,66,9112.0
27,67,7885.0
27,68,1046091.0
27,69,483253.0
27,70,283383.0
27,71,17562.0
27,72,1059.0
27,73,540289.0
27,74,122264.0
27,75,812.0
27,76,103076.0
27,77,28616.0
27,78,78418.0
27,79,8457.0
27,80,447603.0
27,82,468543.0
27,83,12209.0
27,84,313369.0
27,86,32582.0
27,87,169414.0
27,88,126177.0
27,89,89039.0
27,90,14882.0
27,91,46839.0
27,92,2972.0
27,94,64336.0
27,95,2519.0
27,96,42629.0
27,97,14966.0
27,98,90068.0
27,99,375.0
27,100,11318.0
27,102,35383.0
27,103,11368.0
27,104,3684.0
27,105,46550.0
27,108,17481.0
27,109,178711.0
27,110,76256.0
27,112,18542.0
27,113,10897.0
27,115,891.0
27,116,7215.0
27,117,65987.0
27,118,1217.0
27,119,43262.0
27,120,10375.0
27,121,146517.0
27,124,198.0
27,125,48257.0
27,127,35963.0
27,128,7669.0
27,130,59286.0
27,133,6026.0
27,134,43975.0
27,136,4944.0
27,139,1189.0
27,140,20097.0
27,146,49325.0
27,148,59891.0
27,150,7450.0
27,155,3601.0
27,156,5260.0
27,157,2535.0
27,158,56804.0
27,159,1983.0
27,166,170.0
27,168,10387.0
27,170,8812.0
27,173,6294.0
27,178,732.0
27,180,40153.0
27,181,1312.0
27,182,8728.0
27,187,38825.0
27,190,107.0
27,193,11698.0
27,212,5125.0
27,213,18752.0
28,1,131149.0
28,2,26945.0
28,3,645.0
28,4,32698.0
28,5,298.0
28,6,22743.0
28,7,165384.0
28,8,18004.0
28,9,121636.0
28,10,25744.0
28,11,3712.0
28,13,330.0
28,14,30163.0
28,15,74498.0
28,16,181.0
28,17,67548.0
28,18,27877.0
28,19,380462.0
28,21,2216.0
28,22,41318.0
28,23,6823.0
28,25,3582.0
28,26,83495.0
28,27,32252.0
28,29,104457.0
28,30,5425.0
28,31,8086.0
28,32,102950.0
28,33,234118.0
28,34,8712.0
28,35,13665.0
28,36,6260.0
28,37,8627.0
28,39,18105.0
28,40,17004.0
28,42,20553.0
28,44,127190.0
28,45,68634.0
28,48,677.0
28,49,142.0
28,51,110.0
28,52,514.0
28,53,516.0
28,54,19336.0
28,55,237.0
28,57,213.0
28,58,24.0
28,59,47252.0
28,60,280.0
28,62,1168.0
28,63,487.0
28,67,16277.0
28,68,4520.0
28,69,1.0
28,70,128.0
28,71,80818.0
28,72,1963.0
28,73,1855.0
28,75,144.0
28,76,2776.0
28,77,92.0
28,78,150.0
28,79,2.0
28,80,11638.0
28,82,3735.0
28,83,1165.0
28,84,6800.0
28,86,1971.0
28,87,12.0
28,88,626.0
28,89,11472.0
28,90,9.0
28,91,3035.0
28,92,15014.0
28,94,219.0
28,96,670.0
28,98,393.0
28,99,128.0
28,100,1158.0
28,102,13.0
28,103,55.0
28,104,43518.0
28,105,5645.0
28,108,10.0
28,109,50312.0
28,110,89789.0
28,112,75.0
28,113,986.0
28,115,518.0
28,116,3368.0
28,117,12819.0
28,118,119.0
28,119,7531.0
28,121,204.0
28,125,109256.0
28,128,3.0
28,130,8.0
28,133,1585.0
28,134,54258.0
28,138,215.0
28,139,77.0
28,146,3118.0
28,148,89.0
28,150,27268.0
28,155,801.0
28,156,10.0
28,157,12213.0
28,158,103048.0
28,168,11568.0
28,170,15814.0
28,173,1759.0
28,180,6642.0
28,182,5.0
28,187,15423.0
28,193,7289.0
28,212,2977.0
28,213,2166.0
29,1,1.0
29,2,35662.0
29,3,1566.0
29,4,37399.0
29,5,10092.0
29,6,62218.0
29,7,539866.0
29,8,90714.0
29,9,417678.0
29,10,31155.0
29,11,15661.0
29,13,1390.0
29,14,41745.0
29,15,193642.0
29,16,209.0
29,17,7599.0
29,18,52772.0
29,19,151386.0
29,21,5489.0
29,22,44271.0
29,23,1058176.0
29,25,3627.0
29,26,218247.0
29,27,318371.0
29,28,9952.0
29,30,6110.0
29,31,456869.0
29,32,44597.0
29,33,131235.0
29,34,58686.0
29,35,60794.0
29,36,8231.0
29,37,4765.0
29,39,167001.0
29,40,8293.0
29,42,3432.0
29,44,44410.0
29,45,952407.0
29,48,15.0
29,49,4461.0
29,51,65.0
29,52,206.0
29,54,10.0
29,55,623.0
29,58,242.0
29,59,22.0
29,60,251.0
29,62,806.0
29,63,3576.0
29,66,442.0
29,67,15.0
29,68,850.0
29,69,423.0
29,70,4502.0
29,71,211.0
29,72,5.0
29,73,897.0
29,75,152.0
29,76,24443.0
29,77,24.0
29,78,681.0
29,79,24.0
29,80,3460.0
29,82,425.0
29,83,1.0
29,84,1019.0
29,86,620.0
29,87,57.0
29,88,92.0
29,89,1026.0
29,90,67.0
29,91,88.0
29,92,88.0
29,94,1604.0
29,95,31.0
29,96,3309.0
29,97,122.0
29,98,55.0
29,99,124.0
29,100,218.0
29,102,292.0
29,103,188.0
29,104,61.0
29,105,57756.0
29,108,412.0
29,109,15952.0
29,110,1894.0
29,112,967.0
29,115,1.0
29,116,823.0
29,117,228.0
29,119,7.0
29,121,129.0
29,125,2314.0
29,127,188.0
29,128,138.0
29,130,41.0
29,133,261.0
29,134,12067.0
29,139,1215.0
29,140,319.0
29,146,3461.0
29,148,426.0
29,150,605.0
29,155,375.0
29,156,287.0
29,157,1.0
29,158,25655.0
29,165,101.0
29,166,259.0
29,168,24807.0
29,182,1268.0
29,187,419.0
29,212,539.0
30,1,194.0
30,2,27610.0
30,3,268263.0
30,4,348808.0
30,5,5336.0
30,6,49785.0
30,7,110190.0
30,8,69242.0
30,9,36144.0
30,10,4802.0
30,11,273475.0
30,13,130838.0
30,14,872694.0
30,15,2753510.0
30,16,393.0
30,17,12438.0
30,18,2590.0
30,19,890.0
30,21,74032.0
30,22,1008553.0
30,23,72271.0
30,25,22162.0
30,26,10600.0
30,27,907160.0
30,28,2669.0
30,29,1281.0
30,31,13632.0
30,32,1017309.0
30,33,95893.0
30,34,10680.0
30,35,328127.0
30,36,275948.0
30,37,52430.0
30,39,3419.0
30,40,202521.0
30,42,324618.0
30,44,1341840.0
30,45,248752.0
30,48,45808.0
30,49,1523.0
30,51,40951.0
30,52,140933.0
30,53,17.0
30,54,248.0
30,55,633.0
30,57,98.0
30,58,5.0
30,59,5043.0
30,60,95953.0
30,62,9720.0
30,63,1036191.0
30,66,1188.0
30,67,333.0
30,68,121669.0
30,69,564983.0
30,70,76951.0
30,71,860.0
30,72,1487.0
30,73,421753.0
30,74,33057.0
30,75,17.0
30,76,16319.0
30,77,1504.0
30,78,17285.0
30,79,62.0
30,80,76839.0
30,82,54076.0
30,83,17949.0
30,84,293367.0
30,86,22576.0
30,87,520232.0
30,88,91856.0
30,89,47201.0
30,90,23297.0
30,91,1496.0
30,92,22.0
30,94,1203.0
30,95,112.0
30,96,3921.0
30,97,15.0
30,98,82585.0
30,99,1.0
30,100,7949.0
30,102,5006.0
30,103,21.0
30,104,40.0
30,105,3133.0
30,108,1194.0
30,109,10913.0
30,110,714.0
30,112,346.0
30,113,1985.0
30,116,4816.0
30,117,194993.0
30,119,4606.0
30,121,191915.0
30,125,4608.0
30,127,1.0
30,128,283.0
30,130,77.0
30,133,4664.0
30,134,2860.0
30,139,399.0
30,140,2.0
30,146,15588.0
30,148,14543.0
30,150,639.0
30,155,465.0
30,156,495.0
30,157,14.0
30,158,3653.0
30,166,1.0
30,168,994.0
30,170,13.0
30,173,1127.0
30,178,4.0
30,180,7339.0
30,182,332.0
30,187,1289.0
30,193,72.0
30,212,137.0
30,213,311.0
31,1,26023.0
31,2,61607.0
31,3,1496.0
31,4,1435.0
31,5,3859.0
31,6,49555.0
31,7,622754.0
31,8,239594.0
31,9,258220.0
31,10,124905.0
31,11,2549.0
31,13,1168.0
31,14,9333.0
31,15,12676.0
31,16,1022.0
31,17,7284.0
31,18,55927.0
31,19,11894.0
31,21,454.0
31,22,2874.0
31,23,1016139.0
31,25,1000.0
31,26,22309.0
31,27,14442.0
31,29,21177.0
31,30,1126.0
31,32,127153.0
31,33,14537.0
31,34,71088.0
31,35,3798.0
31,36,2235.0
31,37,705.0
31,39,48083.0
31,40,3528.0
31,42,2411.0
31,44,14728.0
31,45,353059.0
31,48,114.0
31,49,1509.0
31,51,1.0
31,52,426.0
31,54,52.0
31,55,218.0
31,57,1.0
31,58,32.0
31,59,60.0
31,60,2.0
31,62,40.0
31,63,2260.0
31,66,986.0
31,67,335.0
31,68,3252.0
31,69,202.0
31,70,14866.0
31,71,170.0
31,72,2716.0
31,73,2053.0
31,75,3.0
31,76,2279.0
31,77,3.0
31,78,85.0
31,79,31.0
31,80,4207.0
31,82,204.0
31,83,21.0
31,84,889.0
31,86,16.0
31,87,365.0
31,88,724.0
31,89,1229.0
31,90,5.0
31,91,224.0
31,92,16.0
31,94,2788.0
31,95,86.0
31,96,1920.0
31,97,65.0
31,98,82.0
31,99,165.0
31,100,974.0
31,102,98.0
31,103,195.0
31,104,403.0
31,105,20745.0
31,108,235.0
31,109,6011.0
31,110,632.0
31,112,216.0
31,113,18.0
31,115,50.0
31,116,6185.0
31,117,914.0
31,119,370.0
31,121,61.0
31,124,4.0
31,125,698.0
31,127,191.0
31,128,3.0
31,133,416.0
31,134,871.0
31,136,16.0
31,138,3.0
31,139,2856.0
31,140,35.0
31,146,1040.0
31,148,3.0
31,150,239.0
31,155,1201.0
31,156,28.0
31,158,4000.0
31,166,43.0
31,168,13.0
31,170,11.0
31,173,8.0
31,180,40.0
31,182,44.0
31,187,128.0
31,193,1.0
31,212,71.0
31,213,4.0
32,1,6999.0
32,2,4574.0
32,3,9635.0
32,4,36181.0
32,5,7687.0
32,6,17992.0
32,7,61465.0
32,8,18461.0
32,9,29586.0
32,10,13418.0
32,11,17059.0
32,13,11947.0
32,14,77528.0
32,15,106910.0
32,16,143.0
32,17,28718.0
32,18,18625.0
32,19,43947.0
32,21,745.0
32,22,214965.0
32,23,26628.0
32,25,66440.0
32,26,12477.0
32,27,30004.0
32,28,7293.0
32,29,20936.0
32,30,25409.0
32,31,35760.0
32,33,242230.0
32,34,1752.0
32,35,61789.0
32,36,8716.0
32,37,2194.0
32,39,30117.0
32,40,576238.0
32,42,386834.0
32,44,90405.0
32,45,167090.0
32,48,38837.0
32,49,146.0
32,51,1997.0
32,52,5470.0
32,53,4.0
32,54,79.0
32,55,108.0
32,58,13.0
32,59,24.0
32,60,1597.0
32,62,12112.0
32,63,4227.0
32,66,9.0
32,67,9965.0
32,68,41536.0
32,69,740.0
32,70,19604.0
32,71,56304.0
32,72,126932.0
32,73,39150.0
32,74,1.0
32,75,12809.0
32,76,1842.0
32,77,843.0
32,78,9845.0
32,79,125.0
32,80,7121.0
32,82,226.0
32,83,60485.0
32,84,5256.0
32,86,20300.0
32,87,1457.0
32,88,615.0
32,89,121359.0
32,90,2089.0
32,91,46427.0
32,92,39975.0
32,94,300.0
32,95,119.0
32,96,4599.0
32,97,43.0
32,98,12030.0
32,99,1.0
32,100,129684.0
32,102,352.0
32,103,3.0
32,104,137.0
32,105,1253.0
32,108,9347.0
32,109,11126.0
32,110,630.0
32,112,137.0
32,113,74331.0
32,116,199788.0
32,117,607957.0
32,119,43.0
32,121,43301.0
32,125,10253.0
32,127,31.0
32,128,6.0
32,133,258727.0
32,134,400.0
32,139,5.0
32,146,78333.0
32,148,10.0
32,150,15.0
32,155,997.0
32,156,77.0
32,158,316.0
32,159,8456.0
32,166,25.0
32,168,6088.0
32,178,8.0
32,182,82.0
32,187,263.0
32,193,11.0
32,212,21.0
32,213,2860.0
33,1,24440.0
33,2,801.0
33,3,13.0
33,4,192.0
33,5,1.0
33,6,1475.0
33,7,4441.0
33,8,3888.0
33,9,260.0
33,10,293.0
33,11,496.0
33,14,232.0
33,15,1108.0
33,17,20297.0
33,18,853.0
33,19,3928.0
33,21,443.0
33,22,3545.0
33,23,31.0
33,25,95907.0
33,26,5341.0
33,27,503.0
33,28,13972.0
33,29,1152.0
33,30,1.0
33,31,149.0
33,32,4285.0
33,34,1018.0
33,35,383.0
33,36,593.0
33,37,217.0
33,39,427.0
33,40,3742.0
33,42,241.0
33,44,3143.0
33,45,2828.0
33,48,94.0
33,51,287.0
33,52,11.0
33,54,1260.0
33,55,130.0
33,59,2367.0
33,60,363.0
33,62,50.0
33,67,13466.0
33,68,114.0
33,71,28224.0
33,75,14.0
33,76,15.0
33,77,1.0
33,78,1173.0
33,80,2508.0
33,82,117.0
33,83,3.0
33,87,24.0
33,89,67467.0
33,91,7470.0
33,92,6301.0
33,94,3791.0
33,95,3.0
33,99,1.0
33,100,41.0
33,102,2.0
33,104,64.0
33,105,74.0
33,108,23.0
33,109,2272.0
33,110,10514.0
33,112,10.0
33,113,12008.0
33,115,56.0
33,116,513.0
33,117,171.0
33,118,46.0
33,119,491.0
33,120,6.0
33,125,125822.0
33,133,213.0
33,134,131710.0
33,139,62.0
33,146,264931.0
33,150,265.0
33,155,197.0
33,157,490.0
33,158,300272.0
33,159,135.0
33,166,52.0
33,168,313.0
33,170,56.0
33,173,16.0
33,180,39.0
33,181,2.0
33,187,1967.0
33,193,279.0
33,212,331.0
33,213,2955.0
34,1,338.0
34,2,333294.0
34,3,44.0
34,4,11679.0
34,5,21658.0
34,6,31580.0
34,7,848274.0
34,8,263000.0
34,9,489913.0
34,10,88465.0
34,11,1777.0
34,13,1495.0
34,14,11575.0
34,15,10324.0
34,16,2006.0
34,17,41504.0
34,18,179281.0
34,19,298438.0
34,21,4609.0
34,22,2516.0
34,23,520406.0
34,25,5431.0
34,26,343336.0
34,27,31536.0
34,28,20806.0
34,29,102075.0
34,30,473.0
34,31,79093.0
34,32,19410.0
34,33,23149.0
34,35,13237.0
34,36,1729.0
34,37,7417.0
34,39,137287.0
34,40,3940.0
34,42,5639.0
34,44,36766.0
34,45,117255.0
34,48,43.0
34,49,1042.0
34,51,12.0
34,52,162.0
34,53,60.0
34,54,2096.0
34,55,607.0
34,57,5456.0
34,58,1231.0
34,59,1205.0
34,60,620.0
34,62,10026.0
34,63,1467.0
34,66,8721.0
34,67,1038.0
34,68,716.0
34,69,980.0
34,70,53850.0
34,71,166841.0
34,72,1820.0
34,73,828.0
34,75,8043.0
34,76,8183.0
34,78,99.0
34,79,33.0
34,80,1594.0
34,82,523.0
34,83,1319.0
34,84,24.0
34,86,73.0
34,87,15.0
34,88,3.0
34,89,2060.0
34,90,212.0
34,91,141.0
34,92,8692.0
34,94,2124.0
34,95,362.0
34,96,567.0
34,97,621.0
34,98,1.0
34,99,8305.0
34,100,3221.0
34,102,67.0
34,103,144.0
34,104,25582.0
34,105,45688.0
34,108,1331.0
34,109,23658.0
34,110,293811.0
34,112,246.0
34,113,3111.0
34,115,25837.0
34,116,2297.0
34,117,1093.0
34,118,781.0
34,119,5286.0
34,120,233.0
34,121,455.0
34,125,4512.0
34,128,137.0
34,130,11.0
34,133,1329.0
34,134,7388.0
34,136,202.0
34,138,102.0
34,139,11992.0
34,140,6896.0
34,146,3760.0
34,148,46.0
34,150,2866.0
34,155,8917.0
34,156,438.0
34,157,271.0
34,158,8526.0
34,165,906.0
34,166,1392.0
34,168,30110.0
34,170,776.0
34,173,1793.0
34,178,111.0
34,180,9224.0
34,182,955.0
34,187,633.0
34,190,612.0
34,193,2906.0
34,212,22789.0
34,213,12796.0
35,1,59.0
35,2,161068.0
35,3,250692.0
35,4,1082787.0
35,5,152731.0
35,6,189073.0
35,7,446278.0
35,8,163844.0
35,9,249586.0
35,10,32333.0
35,11,412662.0
35,13,200292.0
35,14,6468181.0
35,15,4159964.0
35,16,11814.0
35,17,49041.0
35,18,14024.0
35,19,13489.0
35,21,142736.0
35,22,3432852.0
35,23,336842.0
35,25,78412.0
35,26,21668.0
35,27,1585144.0
35,28,12233.0
35,29,35948.0
35,30,697280.0
35,31,124283.0
35,32,965239.0
35,33,195350.0
35,34,25059.0
35,35,921.0
35,36,414717.0
35,37,636417.0
35,39,28623.0
35,40,132008.0
35,42,71378.0
35,44,3048755.0
35,45,1330762.0
35,48,3345.0
35,49,23292.0
35,51,10951.0
35,52,83772.0
35,53,10791.0
35,54,12699.0
35,55,29284.0
35,57,2727.0
35,58,10992.0
35,59,36000.0
35,60,49574.0
35,62,30324.0
35,63,329561.0
35,66,11633.0
35,67,692.0
35,68,283800.0
35,69,78248.0
35,70,66625.0
35,71,2099.0
35,72,608.0
35,73,108956.0
35,74,9725.0
35,75,5.0
35,76,232155.0
35,77,2653.0
35,78,135336.0
35,79,2970.0
35,80,344147.0
35,82,3740604.0
35,83,5461.0
35,84,99577.0
35,86,16623.0
35,87,82677.0
35,88,38194.0
35,89,24940.0
35,90,11891.0
35,91,53121.0
35,92,251.0
35,94,50396.0
35,95,2526.0
35,96,38458.0
35,97,5211.0
35,98,32779.0
35,99,23.0
35,100,3625.0
35,102,11879.0
35,103,1244.0
35,104,1694.0
35,105,21537.0
35,108,22413.0
35,109,80003.0
35,110,1073.0
35,112,2653.0
35,113,1634.0
35,115,305.0
35,116,6270.0
35,117,51420.0
35,118,924.0
35,119,10905.0
35,120,63.0
35,121,65092.0
35,125,12785.0
35,127,565.0
35,128,464.0
35,130,184.0
35,133,2293.0
35,134,8271.0
35,136,77.0
35,138,31.0
35,139,644.0
35,140,515.0
35,146,14476.0
35,148,27723.0
35,150,4663.0
35,155,497.0
35,156,7390.0
35,157,3956.0
35,158,13318.0
35,159,738.0
35,166,5.0
35,168,1903.0
35,170,3946.0
35,173,3064.0
35,178,60.0
35,180,24733.0
35,181,15.0
35,182,4095.0
35,187,17706.0
35,193,1790.0
35,212,602.0
35,213,4371.0
36,1,18.0
36,2,14525.0
36,3,17637.0
36,4,80488.0
36,5,9074.0
36,6,55293.0
36,7,58760.0
36,8,12079.0
36,9,40219.0
36,10,6462.0
36,11,798647.0
36,13,632383.0
36,14,108018.0
36,15,292288.0
36,16,1571.0
36,17,2017.0
36,18,9880.0
36,19,1109.0
36,21,16428.0
36,22,81720.0
36,23,33856.0
36,25,2942.0
36,26,8280.0
36,27,92454.0
36,28,348.0
36,29,11495.0
36,30,87355.0
36,31,6045.0
36,32,98356.0
36,33,11670.0
36,34,14674.0
36,35,96816.0
36,37,25914.0
36,39,5507.0
36,40,10447.0
36,42,38412.0
36,44,237550.0
36,45,526039.0
36,48,201.0
36,49,1444.0
36,51,2283.0
36,52,6267.0
36,54,20.0
36,55,1355.0
36,57,77.0
36,58,5570.0
36,59,440.0
36,60,3950.0
36,62,4639.0
36,63,21888.0
36,66,367.0
36,67,120.0
36,68,34461.0
36,69,7553.0
36,70,6781.0
36,71,330.0
36,72,9.0
36,73,28200.0
36,74,846.0
36,75,53.0
36,76,19653.0
36,77,33.0
36,78,16161.0
36,79,1655.0
36,80,555799.0
36,82,6725.0
36,83,682.0
36,84,7297.0
36,86,2976.0
36,87,7188.0
36,88,4579.0
36,89,1327.0
36,90,641.0
36,91,31121.0
36,94,22903.0
36,95,505.0
36,96,6017.0
36,97,3810.0
36,98,42056.0
36,100,616.0
36,102,16795.0
36,103,91.0
36,105,7505.0
36,108,2191.0
36,109,8473.0
36,110,119.0
36,112,617.0
36,113,5.0
36,115,1.0
36,116,355.0
36,117,4163.0
36,119,369.0
36,120,15.0
36,121,17914.0
36,125,44485.0
36,127,822.0
36,128,966.0
36,130,11.0
36,133,23.0
36,134,1171.0
36,146,3216.0
36,148,745.0
36,150,133.0
36,155,36.0
36,156,1331.0
36,157,34.0
36,158,831.0
36,159,151.0
36,165,1.0
36,168,15.0
36,170,14.0
36,178,164.0
36,180,6.0
36,182,532.0
36,187,31.0
36,193,26.0
36,212,1.0
37,1,212.0
37,2,103562.0
37,3,888748.0
37,4,103072.0
37,5,52861.0
37,6,153712.0
37,7,144766.0
37,8,66984.0
37,9,50279.0
37,10,20675.0
37,11,42395.0
37,13,34396.0
37,14,899977.0
37,15,1368382.0
37,16,524.0
37,17,12713.0
37,18,21541.0
37,19,1066426.0
37,21,14923.0
37,22,415936.0
37,23,552204.0
37,25,117136.0
37,26,28515.0
37,27,247417.0
37,28,1696.0
37,29,21434.0
37,30,18743.0
37,31,34456.0
37,32,217921.0
37,33,239708.0
37,34,108993.0
37,35,52000.0
37,36,63825.0
37,39,22535.0
37,40,55492.0
37,42,32201.0
37,44,191350.0
37,45,684368.0
37,48,2977.0
37,49,8382.0
37,51,2492.0
37,52,3335.0
37,53,800.0
37,54,1515.0
37,55,4105.0
37,57,23.0
37,58,2049.0
37,59,2377.0
37,60,9516.0
37,62,5173.0
37,63,20911.0
37,66,235.0
37,67,649.0
37,68,5811.0
37,69,12167.0
37,70,677983.0
37,71,5568.0
37,72,1504.0
37,73,472.0
37,74,7105.0
37,75,23007.0
37,76,21864.0
37,77,640.0
37,78,11019.0
37,79,426.0
37,80,101217.0
37,82,71352.0
37,83,3731.0
37,84,8306.0
37,86,2693.0
37,87,8927.0
37,88,9539.0
37,89,166754.0
37,90,1263.0
37,91,13473.0
37,92,1515.0
37,94,10636.0
37,95,343.0
37,96,18830.0
37,97,579.0
37,98,673.0
37,99,112.0
37,100,4062.0
37,102,13256.0
37,103,990.0
37,104,6210.0
37,105,17267.0
37,108,2005.0
37,109,29773.0
37,110,15515.0
37,112,866.0
37,113,125.0
37,115,91.0
37,116,2032.0
37,117,6166.0
37,119,22259.0
37,120,20.0
37,121,1537.0
37,124,132.0
37,125,11432.0
37,127,509.0
37,128,363.0
37,130,183.0
37,133,666.0
37,134,19701.0
37,136,34.0
37,138,707.0
37,139,72.0
37,140,6828.0
37,146,7646.0
37,148,2217.0
37,150,2977.0
37,155,1400.0
37,156,1133.0
37,157,390.0
37,158,22374.0
37,159,202.0
37,165,215.0
37,166,9.0
37,168,4892.0
37,170,3204.0
37,173,12.0
37,178,2.0
37,180,8680.0
37,181,21.0
37,182,1585.0
37,187,1317.0
37,193,905.0
37,212,963.0
37,213,197.0
38,1,11654.0
38,3,1673.0
38,4,1802.0
38,7,6226.0
38,9,5777.0
38,10,449.0
38,14,4044.0
38,15,2826.0
38,17,141.0
38,19,4309.0
38,22,3391.0
38,28,5077.0
38,30,109.0
38,32,201071.0
38,40,62562.0
38,42,2266.0
38,45,92.0
38,63,1067.0
38,69,446.0
38,72,247.0
38,83,33.0
38,88,128.0
38,90,37.0
38,91,376.0
38,100,48.0
38,116,91.0
38,117,4979.0
38,121,9.0
38,133,202.0
39,1,5551.0
39,2,394516.0
39,3,14903.0
39,4,73125.0
39,5,304976.0
39,6,329460.0
39,7,5973513.0
39,8,711016.0
39,9,4778124.0
39,10,481847.0
39,11,34205.0
39,13,25471.0
39,14,381873.0
39,15,383592.0
39,16,711.0
39,17,251450.0
39,18,1003387.0
39,19,43047.0
39,21,30586.0
39,22,270638.0
39,23,3587852.0
39,25,25108.0
39,26,1942064.0
39,27,453698.0
39,28,127751.0
39,29,637118.0
39,30,106960.0
39,31,866139.0
39,32,178057.0
39,33,153636.0
39,34,505457.0
39,35,203490.0
39,36,85851.0
39,37,83790.0
39,39,19738.0
39,40,159677.0
39,42,12598.0
39,44,800413.0
39,45,2142795.0
39,48,2710.0
39,49,14682.0
39,51,837.0
39,52,1173.0
39,53,11717.0
39,54,126515.0
39,55,4281.0
39,57,11779.0
39,58,1801.0
39,59,276640.0
39,60,5975.0
39,62,6444.0
39,63,32247.0
39,66,1265.0
39,67,27424.0
39,68,9635.0
39,69,15285.0
39,70,76209.0
39,71,3597.0
39,72,119.0
39,73,1849.0
39,74,100.0
39,75,282.0
39,76,40332.0
39,77,153.0
39,78,5453.0
39,79,225.0
39,80,64039.0
39,82,10130.0
39,83,820.0
39,84,21741.0
39,86,9943.0
39,87,2832.0
39,88,3035.0
39,89,84398.0
39,90,309.0
39,91,7840.0
39,92,13785.0
39,94,7164.0
39,95,198.0
39,96,13303.0
39,97,135.0
39,98,1219.0
39,99,7136.0
39,100,392.0
39,102,2384.0
39,103,2793.0
39,104,5857.0
39,105,79555.0
39,108,2793.0
39,109,358408.0
39,110,47868.0
39,112,3668.0
39,113,7830.0
39,115,287.0
39,116,3622.0
39,117,6382.0
39,119,84582.0
39,120,117.0
39,121,1136.0
39,125,7559.0
39,127,136.0
39,128,683.0
39,130,1807.0
39,133,4236.0
39,134,19805.0
39,136,179.0
39,138,170.0
39,139,65989.0
39,140,2526.0
39,146,28462.0
39,148,1549.0
39,150,16809.0
39,155,16209.0
39,156,10068.0
39,157,16350.0
39,158,32026.0
39,159,672.0
39,165,590.0
39,166,511.0
39,168,12177.0
39,170,12989.0
39,173,6514.0
39,178,28.0
39,180,42010.0
39,181,721.0
39,182,14907.0
39,187,122461.0
39,190,698.0
39,193,4271.0
39,212,9241.0
39,213,21737.0
40,1,7304.0
40,2,84346.0
40,3,410012.0
40,4,200582.0
40,5,57870.0
40,6,119068.0
40,7,83463.0
40,8,22860.0
40,9,52840.0
40,10,7763.0
40,11,59333.0
40,13,15914.0
40,14,398935.0
40,15,1117364.0
40,16,510.0
40,17,33960.0
40,18,178875.0
40,19,165392.0
40,21,10095.0
40,22,504477.0
40,23,90588.0
40,25,90594.0
40,26,24759.0
40,27,294001.0
40,28,15841.0
40,29,33496.0
40,30,155672.0
40,31,38677.0
40,32,1480549.0
40,33,350051.0
40,34,13604.0
40,35,131415.0
40,36,58424.0
40,37,129046.0
40,39,34972.0
40,42,160560.0
40,44,403414.0
40,45,472096.0
40,48,37338.0
40,49,6506.0
40,51,35854.0
40,52,108079.0
40,53,205.0
40,54,7988.0
40,55,2416.0
40,58,639.0
40,59,7678.0
40,60,27682.0
40,63,43624.0
40,66,575.0
40,67,6837.0
40,68,108367.0
40,69,46028.0
40,70,121310.0
40,71,5503.0
40,72,7106.0
40,73,17199.0
40,75,3244.0
40,76,8836.0
40,77,3145.0
40,78,8754.0
40,79,77.0
40,80,37177.0
40,82,7607.0
40,83,24417.0
40,84,147555.0
40,86,38607.0
40,87,21611.0
40,88,17801.0
40,89,118947.0
40,90,25014.0
40,91,89036.0
40,92,1426.0
40,94,8368.0
40,95,272.0
40,96,4398.0
40,97,3360.0
40,98,3016.0
40,99,8.0
40,100,75938.0
40,102,1043.0
40,103,2248.0
40,104,13275.0
40,105,23355.0
40,108,885.0
40,109,19368.0
40,110,4892.0
40,112,1421.0
40,113,2477.0
40,115,29.0
40,116,28.0
40,117,35498.0
40,119,8902.0
40,120,1365.0
40,121,10134.0
40,125,17603.0
40,127,300.0
40,128,845.0
40,130,184.0
40,133,44823.0
40,134,23959.0
40,136,53.0
40,138,31.0
40,139,76.0
40,146,68848.0
40,148,2467.0
40,150,2352.0
40,155,1741.0
40,156,861.0
40,157,3380.0
40,158,22629.0
40,159,3.0
40,165,10.0
40,168,4213.0
40,170,1633.0
40,173,2441.0
40,178,194.0
40,180,2397.0
40,181,350.0
40,182,273.0
40,187,6981.0
40,193,8417.0
40,212,2360.0
40,213,9633.0
41,1,2393.0
41,4,628.0
41,5,258.0
41,7,42309.0
41,8,36.0
41,9,42273.0
41,14,448.0
41,15,1378.0
41,17,3945.0
41,18,937.0
41,19,17410.0
41,22,1867.0
41,23,112.0
41,28,12948.0
41,31,110.0
41,32,10339.0
41,35,2.0
41,39,1382.0
41,40,154180.0
41,42,1246.0
41,44,29.0
41,45,1497.0
41,51,143.0
41,63,103.0
41,69,62.0
41,72,419.0
41,82,151.0
41,83,63.0
41,88,170.0
41,94,63.0
41,100,27.0
41,116,240.0
41,117,1041.0
41,133,40.0
41,134,95.0
41,150,256.0
42,1,1504.0
42,2,321.0
42,3,16290.0
42,4,158255.0
42,5,105.0
42,6,2862.0
42,7,46420.0
42,8,3173.0
42,9,33765.0
42,10,9482.0
42,11,43900.0
42,13,3171.0
42,14,335315.0
42,15,83064.0
42,17,391939.0
42,18,11724.0
42,19,10720.0
42,21,29.0
42,22,254583.0
42,23,66225.0
42,25,84564.0
42,26,21193.0
42,27,268856.0
42,28,23600.0
42,29,12885.0
42,30,274781.0
42,31,137382.0
42,32,1899033.0
42,33,875659.0
42,34,511.0
42,35,209606.0
42,36,5599.0
42,37,6272.0
42,39,14326.0
42,40,584125.0
42,44,99052.0
42,45,14986.0
42,48,18425.0
42,49,19.0
42,51,1189.0
42,52,7537.0
42,59,35.0
42,60,7120.0
42,62,5430.0
42,63,21863.0
42,67,30168.0
42,68,24936.0
42,69,40422.0
42,70,34407.0
42,71,99089.0
42,72,51730.0
42,73,63900.0
42,75,3945.0
42,76,136.0
42,77,33.0
42,78,66595.0
42,80,16763.0
42,82,114571.0
42,83,171560.0
42,84,8327.0
42,86,1512.0
42,87,4977.0
42,88,1053.0
42,89,193804.0
42,90,448.0
42,91,185175.0
42,92,41996.0
42,94,19.0
42,96,106.0
42,98,10374.0
42,99,14.0
42,100,230837.0
42,102,2.0
42,104,179.0
42,105,106.0
42,108,3.0
42,109,8732.0
42,110,1318.0
42,112,147.0
42,113,49759.0
42,116,84372.0
42,117,423455.0
42,118,339.0
42,119,343.0
42,120,30.0
42,121,18916.0
42,125,14461.0
42,127,10.0
42,128,29.0
42,133,117902.0
42,134,237.0
42,139,54.0
42,146,93950.0
42,148,327.0
42,150,21.0
42,155,26013.0
42,156,236.0
42,157,507.0
42,158,541.0
42,165,15.0
42,168,254.0
42,170,134.0
42,178,2.0
42,182,245.0
42,187,252.0
42,193,35.0
43,1,14930.0
43,2,9225.0
43,3,283.0
43,4,1034.0
43,5,358.0
43,6,7528.0
43,7,76384.0
43,8,10398.0
43,9,64701.0
43,10,1285.0
43,11,2906.0
43,13,50.0
43,14,51719.0
43,15,1555.0
43,16,1.0
43,17,44403.0
43,18,11321.0
43,19,2930753.0
43,21,758.0
43,22,141053.0
43,23,10041.0
43,25,48503.0
43,26,17631.0
43,27,6856.0
43,28,107.0
43,29,2737.0
43,30,21.0
43,31,1185.0
43,32,5706.0
43,33,894729.0
43,34,19837.0
43,35,3012.0
43,36,416.0
43,37,1021.0
43,39,50336.0
43,40,2925.0
43,42,1611.0
43,44,85855.0
43,45,29757.0
43,48,172.0
43,51,13.0
43,52,194.0
43,53,12.0
43,54,1313.0
43,55,30.0
43,57,2248.0
43,58,30.0
43,59,2273.0
43,62,726.0
43,63,136.0
43,66,194.0
43,67,17008.0
43,68,257.0
43,69,218.0
43,70,61.0
43,71,14523.0
43,72,639.0
43,74,1.0
43,75,1330.0
43,76,155.0
43,78,14080.0
43,80,125.0
43,82,64.0
43,83,46.0
43,84,67.0
43,87,16.0
43,88,15.0
43,89,19080.0
43,90,57.0
43,91,1143.0
43,92,5142.0
43,94,1106.0
43,96,49.0
43,98,1.0
43,99,261.0
43,100,933.0
43,104,12268.0
43,105,1570.0
43,109,14700.0
43,110,33754.0
43,112,20.0
43,113,34181.0
43,115,1476.0
43,116,538.0
43,117,3.0
43,118,25.0
43,119,6588.0
43,120,23.0
43,121,192.0
43,124,74.0
43,125,826624.0
43,130,70.0
43,133,816.0
43,134,74462.0
43,136,54.0
43,138,234.0
43,139,1507.0
43,146,48900.0
43,148,244.0
43,150,643.0
43,155,3166.0
43,156,223.0
43,157,75.0
43,158,167768.0
43,159,14134.0
43,165,37.0
43,166,7.0
43,168,133478.0
43,170,503.0
43,173,1863.0
43,180,19551.0
43,181,699.0
43,187,3899.0
43,193,4793.0
43,212,29059.0
43,213,1529.0
44,1,1321.0
44,2,330787.0
44,3,81891.0
44,4,807362.0
44,5,125240.0
44,6,407279.0
44,7,975336.0
44,8,419067.0
44,9,293612.0
44,10,238197.0
44,11,364865.0
44,13,107091.0
44,14,2402333.0
44,15,1680867.0
44,16,7308.0
44,17,90579.0
44,18,19946.0
44,19,254768.0
44,21,4061047.0
44,22,738857.0
44,23,315485.0
44,25,72499.0
44,26,136449.0
44,27,1521742.0
44,28,10829.0
44,29,15373.0
44,30,398771.0
44,31,251861.0
44,32,335671.0
44,33,176951.0
44,34,517960.0
44,35,1492610.0
44,36,354618.0
44,37,181968.0
44,39,195824.0
44,40,80616.0
44,42,39219.0
44,45,1861834.0
44,48,5125.0
44,49,21535.0
44,51,4336.0
44,52,24401.0
44,53,574.0
44,54,10471.0
44,55,31334.0
44,57,223.0
44,58,10215.0
44,59,6671.0
44,60,13960.0
44,62,111943.0
44,63,97658.0
44,66,9417.0
44,67,5190.0
44,68,318670.0
44,69,94392.0
44,70,315479.0
44,71,12774.0
44,72,607.0
44,73,23156.0
44,74,3423.0
44,75,2471.0
44,76,138492.0
44,77,874.0
44,78,54229.0
44,79,832.0
44,80,221556.0
44,82,266518.0
44,83,3394.0
44,84,57530.0
44,86,4655.0
44,87,25171.0
44,88,12992.0
44,89,25651.0
44,90,3534.0
44,91,19532.0
44,92,5256.0
44,94,93873.0
44,95,7146.0
44,96,33335.0
44,97,2443.0
44,98,68343.0
44,99,780.0
44,100,963.0
44,102,22505.0
44,103,10393.0
44,104,345.0
44,105,58000.0
44,108,14860.0
44,109,289633.0
44,110,42745.0
44,112,22438.0
44,113,4807.0
44,115,1403.0
44,116,1909.0
44,117,13002.0
44,118,51.0
44,119,25699.0
44,120,9185.0
44,121,26511.0
44,124,1885.0
44,125,25647.0
44,127,61732.0
44,128,17215.0
44,130,2586.0
44,133,903.0
44,134,47160.0
44,136,1337.0
44,138,927.0
44,139,92.0
44,140,24460.0
44,146,18306.0
44,148,63053.0
44,150,13161.0
44,155,5086.0
44,156,4300.0
44,157,1360.0
44,158,38174.0
44,159,1017.0
44,165,2.0
44,166,142.0
44,168,100904.0
44,170,565.0
44,173,552.0
44,178,6103.0
44,180,9603.0
44,181,1203.0
44,182,1362.0
44,187,4843.0
44,190,218.0
44,193,1485.0
44,212,2400.0
44,213,90.0
45,1,40768.0
45,2,971564.0
45,3,30795.0
45,4,483580.0
45,5,496714.0
45,6,15321474.0
45,7,23693278.0
45,8,2652270.0
45,9,17607799.0
45,10,3426551.0
45,11,130887.0
45,13,31004.0
45,14,570397.0
45,15,1445613.0
45,16,876397.0
45,17,360888.0
45,18,2197097.0
45,19,13842.0
45,21,301531.0
45,22,712703.0
45,23,14588879.0
45,25,158611.0
45,26,789867.0
45,27,1648433.0
45,28,255840.0
45,29,943904.0
45,30,177157.0
45,31,5330804.0
45,32,1294333.0
45,33,915541.0
45,34,559828.0
45,35,1183662.0
45,36,157009.0
45,37,249172.0
45,39,1117938.0
45,40,1905407.0
45,42,188380.0
45,44,1446974.0
45,48,21049.0
45,49,105590.0
45,51,11997.0
45,52,15505.0
45,53,5821.0
45,54,11862.0
45,55,798897.0
45,57,4828.0
45,58,536171.0
45,59,11446.0
45,60,28112.0
45,62,13317.0
45,63,45160.0
45,66,233273.0
45,67,240691.0
45,68,114150.0
45,69,43366.0
45,70,538402.0
45,71,97125.0
45,72,49522.0
45,73,23279.0
45,74,94387.0
45,75,17746.0
45,76,14976597.0
45,77,1321.0
45,78,880962.0
45,79,245609.0
45,80,134442.0
45,82,162893.0
45,83,21189.0
45,84,62775.0
45,86,10160.0
45,87,7196.0
45,88,48427.0
45,89,444995.0
45,90,18151.0
45,91,320071.0
45,92,19701.0
45,94,1110932.0
45,95,29710.0
45,96,431141.0
45,97,489188.0
45,98,7789.0
45,99,3935.0
45,100,35063.0
45,102,28569.0
45,103,399717.0
45,104,7358.0
45,105,287765.0
45,108,760846.0
45,109,242380.0
45,110,32658.0
45,112,291991.0
45,113,16916.0
45,115,948.0
45,116,29162.0
45,117,26766.0
45,118,6173.0
45,119,81689.0
45,120,58957.0
45,121,5582.0
45,124,1996.0
45,125,33812.0
45,127,118099.0
45,128,108775.0
45,130,38093.0
45,133,19048.0
45,134,64183.0
45,136,48489.0
45,138,673.0
45,139,7887.0
45,140,6658.0
45,146,199718.0
45,148,4385.0
45,150,2865.0
45,155,15836.0
45,156,15611.0
45,157,55830.0
45,158,75103.0
45,159,2286.0
45,165,11871.0
45,166,778.0
45,168,4944.0
45,170,5055.0
45,173,497.0
45,178,37015.0
45,180,1273.0
45,181,1818.0
45,182,65597.0
45,187,18266.0
45,190,5.0
45,193,5982.0
45,212,8976.0
45,213,813.0
46,1,16855.0
46,2,68.0
46,3,1832.0
46,4,1305.0
46,5,6.0
46,6,206.0
46,7,718341.0
46,8,29.0
46,9,716572.0
46,10,1740.0
46,11,11.0
46,13,3.0
46,14,2823.0
46,15,12503.0
46,17,4485.0
46,18,5465.0
46,19,74201.0
46,22,16788.0
46,23,313.0
46,25,93.0
46,26,3531.0
46,27,3228.0
46,28,9609.0
46,30,790.0
46,31,4481.0
46,32,518152.0
46,33,976.0
46,35,97.0
46,36,5.0
46,37,39.0
46,39,3977.0
46,40,48301.0
46,42,9602.0
46,44,74.0
46,45,1942.0
46,49,29.0
46,51,233.0
46,60,13.0
46,63,4898.0
46,68,4.0
46,69,185.0
46,70,388.0
46,71,209.0
46,72,3831.0
46,73,138.0
46,76,2.0
46,78,1516.0
46,80,16.0
46,82,1081.0
46,83,694.0
46,84,395.0
46,86,129.0
46,88,598.0
46,90,3.0
46,91,641.0
46,95,3.0
46,96,338.0
46,98,16.0
46,100,5158.0
46,105,8.0
46,109,84.0
46,112,5.0
46,116,59.0
46,117,20823.0
46,121,1024.0
46,133,3055.0
46,134,5.0
46,146,48.0
47,1,7089.0
47,2,134427.0
47,3,5621.0
47,4,114638.0
47,5,24258.0
47,6,85411.0
47,7,1382000.0
47,8,134806.0
47,9,1022986.0
47,10,223520.0
47,11,7436.0
47,13,6181.0
47,14,101535.0
47,15,515492.0
47,16,98.0
47,17,124574.0
47,18,310565.0
47,19,2491.0
47,21,2701.0
47,22,196015.0
47,23,264312.0
47,25,9125.0
47,26,633765.0
47,27,241354.0
47,28,17942.0
47,29,1203006.0
47,30,34180.0
47,31,209908.0
47,32,272293.0
47,33,20365.0
47,34,118847.0
47,35,183520.0
47,36,15902.0
47,37,25292.0
47,39,107895.0
47,40,43968.0
47,42,20271.0
47,44,131638.0
47,45,1012298.0
47,48,2681.0
47,49,10492.0
47,51,3918.0
47,52,12609.0
47,53,735.0
47,54,34676.0
47,55,646.0
47,57,7726.0
47,58,255.0
47,59,79659.0
47,60,7142.0
47,62,1442.0
47,63,24161.0
47,66,1969.0
47,67,2500.0
47,68,13406.0
47,69,2686.0
47,70,34278.0
47,71,8702.0
47,72,2431.0
47,73,1886.0
47,75,3.0
47,76,6494.0
47,77,372.0
47,78,15398.0
47,79,2071.0
47,80,11488.0
47,82,15938.0
47,83,1331.0
47,84,13684.0
47,86,16283.0
47,87,5464.0
47,88,4615.0
47,89,7924.0
47,90,1596.0
47,91,4380.0
47,92,5781.0
47,94,1346.0
47,95,42.0
47,96,14542.0
47,98,1463.0
47,99,17138.0
47,100,6178.0
47,102,194.0
47,103,233.0
47,104,461.0
47,105,21366.0
47,108,4533.0
47,109,49638.0
47,110,13624.0
47,112,1057.0
47,115,1157.0
47,116,6318.0
47,117,8920.0
47,118,666.0
47,119,67089.0
47,120,72.0
47,121,849.0
47,125,1603.0
47,128,45.0
47,130,257.0
47,133,259.0
47,134,1155.0
47,136,848.0
47,139,32381.0
47,140,688.0
47,146,5681.0
47,148,426.0
47,150,558.0
47,155,2482.0
47,156,1298.0
47,157,21495.0
47,158,2617.0
47,165,15.0
47,166,2232.0
47,168,7536.0
47,170,11528.0
47,173,1793.0
47,180,1874.0
47,182,392.0
47,187,47259.0
47,193,67.0
47,212,50.0
47,213,358.0
48,2,59.0
48,3,4001.0
48,5,65.0
48,6,462.0
48,7,89.0
48,8,45.0
48,9,41.0
48,10,3.0
48,11,216.0
48,14,1758.0
48,15,7304.0
48,17,27.0
48,18,2.0
48,21,4.0
48,22,15098.0
48,23,204.0
48,25,1.0
48,26,2.0
48,27,1.0
48,30,229.0
48,31,2538.0
48,32,424.0
48,35,604.0
48,37,659.0
48,40,3968.0
48,42,316.0
48,44,14.0
48,45,7044.0
48,49,18.0
48,51,2779.0
48,52,1657.0
48,53,15.0
48,59,67.0
48,60,731.0
48,63,835.0
48,68,4784.0
48,69,255.0
48,73,125.0
48,75,76.0
48,76,29.0
48,77,316.0
48,84,231.0
48,86,1424.0
48,87,55.0
48,88,233.0
48,90,1050.0
48,105,8.0
48,109,106.0
48,112,3.0
48,117,20.0
48,121,15.0
48,150,9.0
48,156,3.0
48,170,2.0
48,173,42.0
48,178,32.0
48,182,2.0
48,187,3.0
48,193,56.0
49,2,166985.0
49,3,9331.0
49,4,218122.0
49,5,3128161.0
49,6,230949.0
49,7,6017793.0
49,8,145670.0
49,9,5650915.0
49,10,221194.0
49,11,501385.0
49,13,14948.0
49,14,379773.0
49,15,707274.0
49,16,44674.0
49,17,709951.0
49,18,902353.0
49,19,92496.0
49,21,101001.0
49,22,1093256.0
49,23,504051.0
49,25,67823.0
49,26,955260.0
49,27,1929894.0
49,28,24369.0
49,29,194715.0
49,30,372218.0
49,31,443551.0
49,32,777475.0
49,33,288490.0
49,34,25703.0
49,35,1027174.0
49,36,44444.0
49,37,54068.0
49,39,446813.0
49,40,200033.0
49,42,52228.0
49,44,866207.0
49,45,1122480.0
49,48,6069.0
49,49,9647.0
49,51,8228.0
49,52,10199.0
49,53,4372.0
49,54,18476.0
49,55,1130677.0
49,57,6883.0
49,58,10609.0
49,59,14116.0
49,60,8227.0
49,62,52865.0
49,63,6014.0
49,66,322686.0
49,67,1196.0
49,68,141303.0
49,69,5669.0
49,70,156391.0
49,71,2223.0
49,72,290.0
49,73,21162.0
49,74,1118.0
49,75,36120.0
49,76,137230.0
49,77,776.0
49,78,290209.0
49,79,4455.0
49,80,37765.0
49,82,95048.0
49,83,3015.0
49,84,52163.0
49,86,8593.0
49,87,1185.0
49,88,168209.0
49,89,276794.0
49,90,10298.0
49,91,139654.0
49,92,4.0
49,94,531527.0
49,95,179995.0
49,96,1381736.0
49,97,2979.0
49,98,2403.0
49,99,224.0
49,102,4860.0
49,103,4491.0
49,104,403.0
49,105,47534.0
49,108,656893.0
49,109,582619.0
49,110,370.0
49,112,14593.0
49,113,31015.0
49,115,565.0
49,116,6186.0
49,117,183082.0
49,119,23753.0
49,120,249.0
49,121,3340.0
49,125,22914.0
49,127,2902.0
49,128,1866.0
49,130,4945.0
49,133,20848.0
49,134,5433.0
49,136,106.0
49,139,44.0
49,140,14.0
49,146,147584.0
49,148,1121.0
49,150,55737.0
49,155,68812.0
49,156,1063.0
49,157,11253.0
49,158,7653.0
49,159,196.0
49,168,214.0
49,170,1807.0
49,173,202.0
49,178,518.0
49,180,1422.0
49,182,3654.0
49,187,108827.0
49,193,108.0
49,212,129.0
49,213,235.0
50,2,54.0
50,4,1.0
50,6,323.0
50,7,136.0
50,8,31.0
50,9,28.0
50,10,77.0
50,14,548.0
50,15,96.0
50,17,8.0
50,18,15.0
50,22,1003.0
50,23,82.0
50,26,90.0
50,27,4.0
50,30,17.0
50,31,87.0
50,32,2196.0
50,34,215.0
50,35,422.0
50,36,22.0
50,37,3.0
50,39,93.0
50,40,205.0
50,42,7.0
50,44,49.0
50,45,3924.0
50,48,83.0
50,49,5.0
50,51,4.0
50,53,12.0
50,58,4782.0
50,59,10.0
50,60,48.0
50,68,324.0
50,71,1.0
50,72,6.0
50,76,538.0
50,77,19.0
50,78,120.0
50,80,959.0
50,83,41.0
50,90,13.0
50,100,192.0
50,102,1.0
50,103,29.0
50,105,55.0
50,109,20.0
50,112,3492.0
50,116,14.0
50,117,71.0
50,119,1.0
50,125,48.0
50,134,202.0
50,150,62.0
50,156,1.0
50,166,27.0
50,178,1.0
50,187,10.0
50,212,34.0
51,2,468.0
51,3,44748.0
51,4,224.0
51,6,517.0
51,7,163.0
51,8,146.0
51,9,14.0
51,10,3.0
51,11,288.0
51,14,1476.0
51,15,6027.0
51,21,22.0
51,22,17471.0
51,25,5345.0
51,27,1103.0
51,30,316.0
51,35,39.0
51,36,5146.0
51,37,2240.0
51,40,30691.0
51,42,39.0
51,44,641.0
51,45,3700.0
51,48,13489.0
51,52,75.0
51,57,11.0
51,60,111624.0
51,62,1.0
51,63,465.0
51,68,1825.0
51,69,1387.0
51,76,4.0
51,77,18794.0
51,80,330.0
51,84,248.0
51,86,49367.0
51,87,1555.0
51,88,26349.0
51,89,5879.0
51,90,13818.0
51,146,3584.0
51,155,12.0
51,156,1.0
51,173,4.0
52,2,10230.0
52,3,27050.0
52,4,137649.0
52,5,2559.0
52,6,16698.0
52,7,4662.0
52,8,551.0
52,9,2307.0
52,10,1804.0
52,11,8235.0
52,13,4703.0
52,14,138153.0
52,15,134997.0
52,17,2193.0
52,18,6388.0
52,19,1175.0
52,21,57.0
52,22,110499.0
52,23,8054.0
52,25,12589.0
52,26,1615.0
52,27,69952.0
52,28,17958.0
52,29,443.0
52,30,59039.0
52,31,34011.0
52,32,69473.0
52,33,18334.0
52,34,930.0
52,35,152839.0
52,36,9181.0
52,37,7358.0
52,39,1874.0
52,40,225266.0
52,42,11606.0
52,44,42704.0
52,45,54561.0
52,48,31396.0
52,49,537.0
52,51,8787.0
52,53,21.0
52,55,172.0
52,57,38.0
52,59,428.0
52,60,19112.0
52,62,31480.0
52,63,22779.0
52,66,29.0
52,67,47825.0
52,68,314460.0
52,69,22166.0
52,70,10767.0
52,71,520.0
52,72,88.0
52,73,11863.0
52,74,25.0
52,76,5818.0
52,77,2504.0
52,78,9849.0
52,79,3.0
52,80,3573.0
52,82,22098.0
52,83,5696.0
52,84,556932.0
52,86,17873.0
52,87,24544.0
52,88,4417.0
52,89,559.0
52,90,43381.0
52,91,13103.0
52,92,25.0
52,94,350.0
52,96,207.0
52,98,498.0
52,99,77.0
52,100,6267.0
52,102,17.0
52,104,18.0
52,105,720.0
52,108,12.0
52,109,2325.0
52,110,3835.0
52,112,53.0
52,116,3112.0
52,117,3597.0
52,118,8.0
52,119,76.0
52,121,3216.0
52,125,765.0
52,133,1631.0
52,134,147.0
52,136,8.0
52,139,19.0
52,146,7661.0
52,148,2244.0
52,150,317.0
52,155,326.0
52,156,34.0
52,157,29.0
52,158,200.0
52,168,6691.0
52,170,26.0
52,173,11.0
52,178,2.0
52,180,53.0
52,182,2.0
52,187,469.0
53,5,54.0
53,14,4.0
53,17,31.0
53,22,10.0
53,27,57.0
53,35,66.0
53,37,20.0
53,45,503.0
53,48,80.0
53,82,444.0
53,102,7.0
53,136,12.0
53,187,1.0
53,193,17.0
54,3,712.0
54,4,76250.0
54,5,3207.0
54,6,931.0
54,7,82356.0
54,8,7.0
54,9,82190.0
54,10,159.0
54,11,666.0
54,13,618.0
54,14,183441.0
54,15,60678.0
54,17,1268.0
54,18,14509.0
54,21,23.0
54,22,41912.0
54,23,3357.0
54,25,75.0
54,26,45688.0
54,27,494917.0
54,28,526.0
54,30,12181.0
54,32,7347.0
54,34,591.0
54,35,62803.0
54,37,1767.0
54,39,10395.0
54,40,16883.0
54,42,830.0
54,44,77033.0
54,45,60830.0
54,48,84.0
54,49,69.0
54,51,86.0
54,52,1387.0
54,57,13656.0
54,58,4.0
54,59,26.0
54,60,408.0
54,63,143.0
54,68,70.0
54,69,107.0
54,70,97.0
54,76,207.0
54,78,4470.0
54,80,108.0
54,82,8419.0
54,84,291.0
54,86,109.0
54,87,1.0
54,88,9280.0
54,90,119.0
54,91,7046.0
54,94,579.0
54,100,1426.0
54,105,163.0
54,109,103.0
54,116,157.0
54,117,232.0
54,118,6208.0
54,121,1.0
54,134,720.0
54,146,153.0
54,148,1.0
54,150,139.0
54,156,1.0
54,158,15.0
54,168,138.0
54,170,491.0
54,187,25.0
55,1,213.0
55,2,24867.0
55,3,1619.0
55,4,696054.0
55,5,21784.0
55,6,346048.0
55,7,15861.0
55,8,4658.0
55,9,5167.0
55,10,6036.0
55,11,10998.0
55,13,30050.0
55,14,59253.0
55,15,237135.0
55,16,8345.0
55,17,3142.0
55,18,966.0
55,21,1716.0
55,22,126420.0
55,23,449289.0
55,25,32776.0
55,26,3025.0
55,27,108103.0
55,28,685.0
55,29,115.0
55,30,6646.0
55,31,73927.0
55,32,114562.0
55,33,3587.0
55,34,2272.0
55,35,125934.0
55,36,41405.0
55,37,113298.0
55,39,689.0
55,40,5282.0
55,42,7590.0
55,44,331118.0
55,45,2184837.0
55,48,302.0
55,49,9555.0
55,51,2279.0
55,52,144.0
55,53,60.0
55,54,247.0
55,55,231.0
55,57,543.0
55,58,12522.0
55,59,63.0
55,60,5827.0
55,62,53.0
55,63,2112.0
55,66,157121.0
55,67,4.0
55,68,9339.0
55,70,2854.0
55,71,336.0
55,72,69.0
55,73,60.0
55,74,65.0
55,75,111.0
55,76,88311.0
55,77,159.0
55,78,3182.0
55,79,137.0
55,80,46026.0
55,82,18216.0
55,83,567.0
55,84,6132.0
55,86,4038.0
55,87,1459.0
55,88,6332.0
55,89,30657.0
55,90,493.0
55,91,8.0
55,92,5002.0
55,94,167667.0
55,95,12887.0
55,96,143575.0
55,97,4595.0
55,99,90.0
55,100,769.0
55,102,2188.0
55,103,29523.0
55,104,102.0
55,105,5953.0
55,108,145671.0
55,109,16194.0
55,110,16681.0
55,112,21929.0
55,113,469.0
55,115,434.0
55,116,2107.0
55,117,17614.0
55,119,125.0
55,120,3923.0
55,121,19.0
55,125,17.0
55,127,26062.0
55,128,1843.0
55,130,6962.0
55,133,1933.0
55,134,636.0
55,136,289.0
55,139,378.0
55,146,1682.0
55,148,85.0
55,150,49.0
55,155,15.0
55,156,54.0
55,157,1.0
55,158,371.0
55,159,1.0
55,168,2802.0
55,178,702.0
55,182,22.0
55,187,731.0
55,193,50.0
55,213,26.0
56,2,17.0
56,4,92.0
56,5,6.0
56,6,136.0
56,7,23.0
56,9,22.0
56,10,1.0
56,14,6301.0
56,15,1117.0
56,17,786.0
56,22,184.0
56,23,14.0
56,25,18.0
56,26,13.0
56,27,1536.0
56,28,88.0
56,32,294.0
56,33,404.0
56,34,5227.0
56,35,44.0
56,37,1.0
56,40,69.0
56,42,13.0
56,44,49.0
56,45,1741.0
56,48,2.0
56,49,16.0
56,51,1.0
56,58,19.0
56,60,8.0
56,68,329.0
56,76,44.0
56,78,1.0
56,80,14.0
56,83,6.0
56,96,5.0
56,109,253.0
56,112,6.0
56,117,2.0
56,120,1.0
56,128,1.0
56,134,21.0
56,150,1.0
56,155,163.0
56,158,47.0
57,4,1601.0
57,5,2.0
57,6,3.0
57,7,320.0
57,8,23.0
57,9,294.0
57,10,3.0
57,11,61.0
57,14,2237.0
57,15,5556.0
57,17,5186.0
57,18,320.0
57,22,3397.0
57,23,17.0
57,25,2.0
57,26,5557.0
57,27,7.0
57,28,224.0
57,30,1425.0
57,31,12.0
57,32,42.0
57,35,4443.0
57,36,76.0
57,37,272.0
57,39,6.0
57,40,3312.0
57,42,54.0
57,44,4737.0
57,45,4962.0
57,48,6.0
57,49,190.0
57,51,227.0
57,54,7286.0
57,60,134.0
57,63,96.0
57,68,152.0
57,78,799.0
57,80,1.0
57,82,297.0
57,84,932.0
57,90,67.0
57,109,3907.0
57,118,413.0
57,134,2.0
57,168,1122.0
57,187,101.0
57,193,35.0
58,2,7031.0
58,3,1442.0
58,4,440433.0
58,5,5597.0
58,6,223978.0
58,7,19954.0
58,8,730.0
58,9,16430.0
58,10,2687.0
58,11,1682.0
58,13,347.0
58,14,29838.0
58,15,142610.0
58,16,145701.0
58,17,309.0
58,18,3077.0
58,19,1269.0
58,21,12850.0
58,22,147180.0
58,23,34323.0
58,25,1361.0
58,26,2258.0
58,27,391406.0
58,29,637.0
58,30,1742.0
58,31,5706.0
58,32,78416.0
58,33,22292.0
58,34,451.0
58,35,72216.0
58,36,37818.0
58,37,57260.0
58,39,2333.0
58,40,16419.0
58,42,6284.0
58,44,300316.0
58,45,1445576.0
58,48,749.0
58,49,776.0
58,51,1048.0
58,52,694.0
58,53,7.0
58,54,12.0
58,55,13297.0
58,57,30.0
58,59,35.0
58,60,4919.0
58,62,31.0
58,63,175.0
58,66,2090.0
58,68,6326.0
58,69,463.0
58,70,1512.0
58,71,17.0
58,72,48.0
58,73,24.0
58,76,121692.0
58,77,130.0
58,78,2725.0
58,79,152576.0
58,80,33775.0
58,82,71053.0
58,83,775.0
58,84,1994.0
58,86,4894.0
58,87,313.0
58,88,1367.0
58,89,9868.0
58,90,572.0
58,91,1537.0
58,92,4.0
58,94,12273.0
58,95,30.0
58,96,6773.0
58,97,88796.0
58,98,41.0
58,100,302.0
58,102,3061.0
58,103,11687.0
58,105,1657.0
58,108,676.0
58,109,1304.0
58,112,18900.0
58,113,12.0
58,115,28.0
58,116,601.0
58,117,29461.0
58,120,856.0
58,121,19.0
58,125,181.0
58,127,2627.0
58,128,7008.0
58,130,3668.0
58,133,119.0
58,134,113.0
58,136,2724.0
58,140,107.0
58,146,915.0
58,148,91.0
58,150,18.0
58,156,67.0
58,157,1.0
58,158,227.0
58,173,4.0
58,178,157.0
58,182,11.0
58,212,32.0
59,2,17100.0
59,3,76.0
59,4,344967.0
59,5,58853.0
59,6,181135.0
59,7,111273.0
59,8,16923.0
59,9,88262.0
59,10,6088.0
59,11,19.0
59,13,4457.0
59,14,627076.0
59,15,384525.0
59,17,163992.0
59,18,43726.0
59,19,419.0
59,21,67.0
59,22,222958.0
59,23,13335.0
59,25,840.0
59,26,145984.0
59,27,1101029.0
59,28,1563.0
59,29,1497.0
59,30,138974.0
59,31,62.0
59,32,205134.0
59,33,690.0
59,34,39369.0
59,35,226365.0
59,36,547.0
59,37,15072.0
59,39,22231.0
59,40,95042.0
59,42,87849.0
59,44,134558.0
59,45,893008.0
59,48,149.0
59,49,1431.0
59,51,418.0
59,52,5112.0
59,53,10.0
59,54,11514.0
59,55,77.0
59,57,1575.0
59,60,1819.0
59,63,20670.0
59,66,916.0
59,68,25491.0
59,69,2353.0
59,70,10010.0
59,71,279.0
59,73,73.0
59,74,313.0
59,76,15200.0
59,77,4.0
59,78,11949.0
59,79,1.0
59,80,1452.0
59,82,22914.0
59,83,1892.0
59,84,4608.0
59,86,11097.0
59,87,3499.0
59,88,11.0
59,89,648.0
59,90,658.0
59,91,17835.0
59,94,444.0
59,98,2826.0
59,102,27.0
59,108,266.0
59,109,29358.0
59,110,105.0
59,112,55.0
59,113,34.0
59,116,1411.0
59,117,32245.0
59,118,45.0
59,119,12122.0
59,121,204.0
59,134,1.0
59,146,250.0
59,150,2738.0
59,156,16.0
59,157,16232.0
59,158,19.0
59,168,26.0
59,170,93106.0
59,173,10077.0
59,180,5887.0
59,182,23.0
59,187,46785.0
59,193,336.0
59,213,537.0
60,2,8343.0
60,3,40646.0
60,4,823.0
60,5,1726.0
60,6,6044.0
60,7,3947.0
60,8,3624.0
60,9,173.0
60,10,150.0
60,11,233.0
60,14,6328.0
60,15,54356.0
60,17,1.0
60,18,2168.0
60,19,429.0
60,21,4.0
60,22,68499.0
60,25,10728.0
60,27,3411.0
60,30,10274.0
60,31,1652.0
60,32,21852.0
60,33,7486.0
60,34,241.0
60,35,5512.0
60,36,6048.0
60,37,5446.0
60,39,1.0
60,40,22546.0
60,42,1822.0
60,44,10330.0
60,45,22568.0
60,48,15527.0
60,49,19.0
60,51,408142.0
60,52,3847.0
60,57,11.0
60,62,2.0
60,63,10071.0
60,68,36690.0
60,69,50936.0
60,70,680.0
60,72,45.0
60,73,780.0
60,76,1288.0
60,77,22648.0
60,78,3199.0
60,80,675.0
60,82,98.0
60,83,315.0
60,84,9127.0
60,86,68995.0
60,87,9274.0
60,88,168594.0
60,89,1642.0
60,90,40103.0
60,91,7488.0
60,96,129.0
60,98,6.0
60,100,683.0
60,102,14.0
60,105,213.0
60,108,25.0
60,109,1275.0
60,110,337.0
60,116,730.0
60,117,260.0
60,121,1270.0
60,133,1122.0
60,134,1.0
60,146,1617.0
60,148,180.0
60,180,28.0
60,182,5.0
61,2,3507.0
61,3,2075.0
61,4,8250.0
61,5,1438.0
61,6,8646.0
61,7,255405.0
61,8,23633.0
61,9,230702.0
61,10,1069.0
61,11,509.0
61,14,7748.0
61,15,20842.0
61,16,465.0
61,17,336.0
61,18,205.0
61,21,165.0
61,22,17815.0
61,23,6245.0
61,25,3294.0
61,26,663.0
61,27,33282.0
61,28,6.0
61,29,251.0
61,30,863.0
61,31,1471.0
61,32,53200.0
61,33,287.0
61,34,3256.0
61,35,95223.0
61,36,725.0
61,37,30856.0
61,39,941.0
61,40,1318.0
61,42,11744.0
61,44,19578.0
61,48,88.0
61,49,2139.0
61,51,15.0
61,52,664.0
61,53,47.0
61,54,6.0
61,55,769.0
61,57,262.0
61,58,18.0
61,59,19.0
61,60,536.0
61,62,6129.0
61,63,1170.0
61,66,76.0
61,67,28.0
61,68,3245.0
61,69,79.0
61,71,102.0
61,73,1.0
61,76,5092.0
61,77,55.0
61,78,738.0
61,79,1.0
61,80,1490.0
61,82,18912.0
61,83,111.0
61,84,235.0
61,86,754.0
61,87,987.0
61,88,50.0
61,89,3395.0
61,90,91.0
61,91,68.0
61,94,167.0
61,95,593.0
61,96,6666.0
61,97,29.0
61,98,434.0
61,100,70.0
61,102,71.0
61,103,517.0
61,105,850.0
61,108,641.0
61,109,1040.0
61,112,21.0
61,116,165.0
61,117,259.0
61,125,38.0
61,127,69.0
61,128,134.0
61,133,3.0
61,134,722.0
61,136,77.0
61,139,4.0
61,140,1.0
61,146,5.0
61,148,220.0
61,150,201.0
61,155,4.0
61,156,171.0
61,157,5.0
61,158,1364.0
61,165,1.0
61,166,31.0
61,178,16.0
61,182,52.0
61,187,358.0
62,2,3561.0
62,3,8811.0
62,4,12344.0
62,5,51.0
62,6,2196.0
62,7,4856.0
62,8,3480.0
62,9,384.0
62,10,878.0
62,11,2645.0
62,13,3030.0
62,14,6143.0
62,15,36245.0
62,17,83.0
62,18,75.0
62,19,5924.0
62,21,1079.0
62,22,5866.0
62,23,206.0
62,25,3007.0
62,26,886.0
62,27,13181.0
62,28,60.0
62,29,743.0
62,30,16931.0
62,31,7.0
62,32,10458.0
62,33,8728.0
62,34,929.0
62,35,1574.0
62,36,6541.0
62,37,614.0
62,39,100.0
62,40,37693.0
62,42,5001.0
62,44,55351.0
62,45,3386.0
62,48,607.0
62,51,106.0
62,52,13399.0
62,54,144.0
62,59,1.0
62,60,1000.0
62,63,2024.0
62,67,10.0
62,68,69649.0
62,69,12091.0
62,70,17301.0
62,71,324.0
62,73,196.0
62,77,1.0
62,78,74.0
62,80,1861.0
62,82,110.0
62,83,6.0
62,84,12330.0
62,86,569.0
62,87,2886.0
62,88,351.0
62,89,317.0
62,90,41.0
62,91,64.0
62,98,270.0
62,102,5.0
62,104,57.0
62,105,4.0
62,109,121.0
62,110,148.0
62,113,43.0
62,116,254.0
62,117,186.0
62,119,170.0
62,121,1468.0
62,125,801.0
62,130,33.0
62,134,612.0
62,138,75.0
62,139,106.0
62,140,114.0
62,146,1665.0
62,148,1640.0
62,150,246.0
62,156,40.0
62,158,1521.0
62,166,23.0
62,170,30.0
62,173,2.0
62,178,16.0
62,187,2.0
62,193,113.0
62,212,78.0
63,2,4692.0
63,3,329408.0
63,4,71709.0
63,5,701.0
63,6,9375.0
63,7,23929.0
63,8,1096.0
63,9,21139.0
63,10,1569.0
63,11,47527.0
63,13,27324.0
63,14,160877.0
63,15,1032837.0
63,17,1423.0
63,18,6229.0
63,19,194.0
63,21,28488.0
63,22,389562.0
63,23,48222.0
63,25,25254.0
63,26,1365.0
63,27,99526.0
63,28,59.0
63,29,974.0
63,30,517492.0
63,31,3498.0
63,32,100630.0
63,33,26173.0
63,34,373.0
63,35,52092.0
63,36,65016.0
63,37,34774.0
63,39,13029.0
63,40,18707.0
63,42,23707.0
63,44,350778.0
63,45,33066.0
63,48,3237.0
63,49,266.0
63,51,6473.0
63,52,31617.0
63,53,12.0
63,54,96.0
63,55,1307.0
63,58,5.0
63,59,84.0
63,60,40957.0
63,62,1812.0
63,67,109.0
63,68,12315.0
63,69,203967.0
63,70,6695.0
63,71,11.0
63,72,3.0
63,73,29513.0
63,74,2180.0
63,76,420.0
63,77,328.0
63,78,838.0
63,80,17751.0
63,82,5120.0
63,83,2835.0
63,84,97127.0
63,86,9935.0
63,87,1545623.0
63,88,58054.0
63,89,1214.0
63,90,2460.0
63,91,1038.0
63,92,312.0
63,94,667.0
63,96,78.0
63,97,40.0
63,98,4494.0
63,100,12834.0
63,102,1068.0
63,105,1359.0
63,108,495.0
63,109,6691.0
63,110,147.0
63,113,50.0
63,115,11.0
63,116,733.0
63,117,13341.0
63,120,3.0
63,121,12878.0
63,125,21.0
63,130,2.0
63,133,422.0
63,134,235.0
63,138,14.0
63,140,125.0
63,146,2846.0
63,148,469.0
63,150,76.0
63,155,5.0
63,156,237.0
63,157,1.0
63,158,416.0
63,170,3.0
63,173,123.0
63,180,3758.0
63,182,224.0
63,187,97.0
64,2,6.0
64,4,627.0
64,5,9.0
64,6,5.0
64,7,233.0
64,9,2.0
64,10,203.0
64,14,1118.0
64,18,68.0
64,23,4890.0
64,25,27.0
64,27,386.0
64,32,2.0
64,34,449.0
64,36,28.0
64,37,7.0
64,44,5871.0
64,45,471.0
64,48,126.0
64,49,3.0
64,51,8.0
64,60,143.0
64,70,42.0
64,76,2.0
64,77,16.0
64,83,1.0
64,86,68.0
64,103,2239.0
64,109,1.0
64,112,3293.0
64,116,187.0
64,120,59.0
64,127,72.0
64,128,62.0
64,130,1010.0
64,140,28.0
64,146,22.0
64,150,12.0
64,178,63.0
64,213,50.0
65,2,1760.0
65,3,161.0
65,4,111450.0
65,5,67.0
65,6,22268.0
65,7,1522.0
65,8,1338.0
65,9,64.0
65,10,26.0
65,11,319.0
65,13,102.0
65,14,22576.0
65,15,34117.0
65,16,1847.0
65,17,8690.0
65,18,69.0
65,21,1009.0
65,22,19725.0
65,23,145.0
65,25,970.0
65,26,255.0
65,27,85369.0
65,28,57.0
65,29,1690.0
65,30,126.0
65,31,654.0
65,32,2248.0
65,35,150928.0
65,36,3104.0
65,37,8445.0
65,39,96.0
65,40,1080.0
65,42,58.0
65,44,173765.0
65,45,788890.0
65,48,6.0
65,49,350.0
65,52,495.0
65,54,7215.0
65,55,1650.0
65,58,2070.0
65,60,124.0
65,62,139.0
65,63,308.0
65,66,95.0
65,68,774.0
65,69,84.0
65,70,1160.0
65,72,17.0
65,73,8.0
65,76,7109.0
65,78,151.0
65,79,37.0
65,80,3095.0
65,82,824.0
65,83,17.0
65,84,49.0
65,87,50.0
65,88,20.0
65,89,370.0
65,90,2.0
65,91,15.0
65,94,5472.0
65,95,225.0
65,96,12175.0
65,97,149.0
65,98,20.0
65,100,7054.0
65,102,29.0
65,103,8926.0
65,105,226.0
65,108,235.0
65,109,129.0
65,110,371.0
65,112,116.0
65,117,14.0
65,120,825.0
65,121,18.0
65,127,714.0
65,128,2420.0
65,134,3.0
65,140,94.0
65,148,8.0
65,150,28.0
65,156,1.0
65,157,840.0
65,158,122.0
65,166,1.0
65,170,470.0
65,178,622.0
65,213,153.0
66,2,7516.0
66,3,4029.0
66,4,371983.0
66,5,18834.0
66,6,165087.0
66,7,6496.0
66,8,938.0
66,9,3110.0
66,10,2364.0
66,11,7344.0
66,13,1436.0
66,14,38591.0
66,15,277855.0
66,16,1136.0
66,17,2229.0
66,18,901.0
66,19,12258.0
66,21,1963.0
66,22,239496.0
66,23,92766.0
66,25,399.0
66,26,2401.0
66,27,311851.0
66,29,240.0
66,30,51105.0
66,31,1589.0
66,32,893848.0
66,33,19883.0
66,34,4512.0
66,35,93579.0
66,36,10446.0
66,37,87109.0
66,39,92.0
66,40,77498.0
66,42,120887.0
66,44,68370.0
66,45,992954.0
66,48,11823.0
66,49,121385.0
66,51,19860.0
66,52,9413.0
66,54,120.0
66,55,148725.0
66,58,2987.0
66,59,5.0
66,60,34102.0
66,62,88.0
66,63,359.0
66,67,14.0
66,68,57450.0
66,69,3.0
66,70,3886.0
66,71,1161.0
66,72,5022.0
66,73,1899.0
66,74,969.0
66,76,41025.0
66,77,3933.0
66,78,4027.0
66,79,1676.0
66,80,30869.0
66,82,22534.0
66,83,5465.0
66,84,27584.0
66,86,22083.0
66,87,140.0
66,88,30851.0
66,89,41974.0
66,90,10435.0
66,91,3629.0
66,94,135271.0
66,95,2495.0
66,96,91153.0
66,97,954.0
66,98,77.0
66,100,13152.0
66,102,323.0
66,103,1063.0
66,105,22068.0
66,108,39338.0
66,109,1786.0
66,110,3330.0
66,112,2023.0
66,116,11401.0
66,117,26352.0
66,119,1611.0
66,120,103.0
66,121,132.0
66,125,303.0
66,127,17.0
66,128,415.0
66,130,6.0
66,133,17554.0
66,134,600.0
66,136,46.0
66,140,84.0
66,146,936.0
66,150,11.0
66,155,386.0
66,156,30.0
66,158,2843.0
66,178,2.0
66,182,138.0
66,212,89.0
67,2,10721.0
67,3,439.0
67,4,145927.0
67,6,14439.0
67,7,244524.0
67,8,679.0
67,9,241713.0
67,10,2132.0
67,11,1035.0
67,13,11156.0
67,14,44882.0
67,15,206638.0
67,16,140.0
67,17,10870.0
67,18,4040.0
67,19,699.0
67,21,17.0
67,22,34793.0
67,23,43678.0
67,25,904.0
67,26,625.0
67,27,51979.0
67,28,15506.0
67,30,288.0
67,31,11291.0
67,32,11746.0
67,33,145892.0
67,34,353.0
67,35,6814.0
67,36,29905.0
67,37,23554.0
67,39,1558.0
67,40,24918.0
67,42,579.0
67,44,22806.0
67,45,107173.0
67,48,112.0
67,49,3.0
67,51,134.0
67,52,930.0
67,54,8.0
67,55,3.0
67,58,2.0
67,59,7.0
67,60,1515.0
67,62,173.0
67,63,3455.0
67,68,17063.0
67,69,80.0
67,70,44122.0
67,71,568.0
67,73,195.0
67,75,5.0
67,76,1230.0
67,77,23.0
67,78,880.0
67,80,13510.0
67,82,1305.0
67,83,1.0
67,84,1439.0
67,86,267.0
67,87,731.0
67,88,446.0
67,89,1720.0
67,90,104.0
67,91,513.0
67,92,65.0
67,96,41.0
67,97,213.0
67,102,133.0
67,105,2630.0
67,108,275.0
67,109,5665.0
67,113,6.0
67,116,392.0
67,117,301.0
67,125,147.0
67,134,1330.0
67,138,24.0
67,146,17352.0
67,148,1.0
67,150,67.0
67,155,11.0
67,156,98.0
67,158,497.0
67,168,62.0
67,182,93.0
68,2,62247.0
68,3,60196.0
68,4,117857.0
68,5,3601.0
68,6,57295.0
68,7,34461.0
68,8,6444.0
68,9,20562.0
68,10,7455.0
68,11,45806.0
68,13,24254.0
68,14,97608.0
68,15,719460.0
68,16,54.0
68,17,4333.0
68,18,49335.0
68,19,6802.0
68,21,4529.0
68,22,619148.0
68,23,27228.0
68,25,3794.0
68,26,7180.0
68,27,137898.0
68,28,10050.0
68,29,176.0
68,30,106016.0
68,31,15669.0
68,32,181827.0
68,33,33021.0
68,34,4524.0
68,35,46661.0
68,36,70480.0
68,39,18968.0
68,40,400786.0
68,42,42372.0
68,44,257831.0
68,45,217287.0
68,48,123856.0
68,49,157.0
68,51,10601.0
68,52,369082.0
68,54,55.0
68,55,82.0
68,58,165.0
68,59,541.0
68,60,18347.0
68,62,246444.0
68,63,58689.0
68,66,123.0
68,67,342.0
68,69,30060.0
68,70,40626.0
68,71,978.0
68,72,16.0
68,73,9471.0
68,74,1684.0
68,76,16922.0
68,77,3786.0
68,78,5387.0
68,79,3.0
68,80,11497.0
68,82,18658.0
68,83,36979.0
68,84,104042.0
68,86,44359.0
68,87,17375.0
68,88,13854.0
68,89,5107.0
68,90,36645.0
68,91,28292.0
68,92,22.0
68,94,1380.0
68,95,50.0
68,96,826.0
68,98,2279.0
68,100,681.0
68,102,225.0
68,103,51.0
68,104,39.0
68,105,3819.0
68,108,830.0
68,109,3842.0
68,110,3.0
68,112,238.0
68,113,10.0
68,116,13945.0
68,117,6312.0
68,119,65.0
68,120,11.0
68,121,4943.0
68,125,299.0
68,128,5.0
68,133,751.0
68,134,2429.0
68,146,2881.0
68,148,6974.0
68,150,44.0
68,155,2.0
68,156,73.0
68,157,731.0
68,158,426.0
68,168,1102.0
68,170,9.0
68,178,1.0
68,182,56.0
68,187,82.0
68,212,415.0
68,213,5144.0
69,2,4792.0
69,3,530147.0
69,4,154418.0
69,5,1366.0
69,6,12155.0
69,7,28348.0
69,8,9265.0
69,9,6190.0
69,10,12893.0
69,11,37243.0
69,13,16435.0
69,14,226049.0
69,15,845530.0
69,17,576.0
69,18,228.0
69,19,1364.0
69,21,5456.0
69,22,702595.0
69,23,166976.0
69,25,30272.0
69,26,298.0
69,27,254421.0
69,28,127.0
69,29,946.0
69,30,262874.0
69,31,88589.0
69,32,256972.0
69,33,19679.0
69,34,942.0
69,35,53555.0
69,36,55886.0
69,37,77868.0
69,39,1286.0
69,40,160015.0
69,42,106199.0
69,44,160240.0
69,45,28285.0
69,48,13022.0
69,49,327.0
69,51,114953.0
69,52,113103.0
69,54,9.0
69,55,30.0
69,57,3.0
69,59,18.0
69,60,120266.0
69,62,16793.0
69,63,273744.0
69,68,99568.0
69,70,43550.0
69,71,20.0
69,72,885.0
69,73,41005.0
69,74,1791.0
69,76,1314.0
69,77,5132.0
69,78,995.0
69,80,11724.0
69,82,10068.0
69,83,10512.0
69,84,847170.0
69,86,22138.0
69,87,685474.0
69,88,164181.0
69,89,21662.0
69,90,7844.0
69,91,15149.0
69,92,141.0
69,94,78.0
69,95,3.0
69,96,195.0
69,98,13620.0
69,100,4843.0
69,102,851.0
69,103,74.0
69,104,65.0
69,105,279.0
69,108,627.0
69,109,1304.0
69,112,7.0
69,116,2515.0
69,117,17441.0
69,121,14623.0
69,125,300.0
69,128,1.0
69,133,1643.0
69,134,134.0
69,139,7.0
69,146,6970.0
69,148,8710.0
69,150,24.0
69,156,371.0
69,158,364.0
69,168,261.0
69,182,511.0
69,187,295.0
69,213,9.0
70,2,14426.0
70,3,2374.0
70,4,174248.0
70,5,4667.0
70,6,30564.0
70,7,55748.0
70,8,6796.0
70,9,44445.0
70,10,4507.0
70,11,3530.0
70,13,8259.0
70,14,104554.0
70,15,82055.0
70,16,508.0
70,17,10640.0
70,18,50.0
70,21,11991.0
70,22,193531.0
70,23,50225.0
70,27,278951.0
70,29,1239.0
70,30,13131.0
70,31,10410.0
70,32,260197.0
70,34,5585.0
70,35,37191.0
70,36,24122.0
70,37,26604.0
70,39,21013.0
70,40,12987.0
70,42,7924.0
70,44,149416.0
70,45,228258.0
70,48,1200.0
70,49,1674.0
70,51,501.0
70,52,3462.0
70,53,1.0
70,54,706.0
70,55,2131.0
70,58,1036.0
70,60,4508.0
70,62,11855.0
70,63,9191.0
70,66,870.0
70,67,530.0
70,68,8499.0
70,69,2892.0
70,71,1053.0
70,72,36.0
70,73,2273.0
70,74,10.0
70,75,2.0
70,76,5926.0
70,77,97.0
70,78,1934.0
70,79,2.0
70,80,26612.0
70,82,3477.0
70,83,708.0
70,84,11657.0
70,86,1779.0
70,87,343.0
70,88,109319.0
70,90,960.0
70,92,25.0
70,94,222.0
70,95,1.0
70,96,522.0
70,97,12.0
70,98,731.0
70,99,7.0
70,100,386.0
70,102,929.0
70,103,79.0
70,104,22.0
70,105,2305.0
70,108,647.0
70,109,8104.0
70,110,313.0
70,115,35.0
70,116,2425.0
70,117,14281.0
70,119,1339.0
70,120,77.0
70,121,2746.0
70,124,4.0
70,127,3.0
70,128,1.0
70,133,225.0
70,138,7.0
70,146,14324.0
70,148,103.0
70,150,501.0
70,155,210.0
70,156,24.0
70,168,422.0
70,170,17.0
70,182,5.0
70,187,250.0
70,193,4.0
71,1,21736.0
71,2,5801.0
71,3,571.0
71,4,53327.0
71,5,511.0
71,6,15361.0
71,7,20354.0
71,8,11326.0
71,9,8244.0
71,10,784.0
71,11,486.0
71,13,28317.0
71,14,78642.0
71,15,105105.0
71,16,2.0
71,17,38853.0
71,18,8350.0
71,19,3687.0
71,21,15164.0
71,22,13166.0
71,23,36335.0
71,25,884.0
71,26,3634.0
71,27,444262.0
71,28,178790.0
71,29,127.0
71,30,15694.0
71,31,3288.0
71,32,84839.0
71,33,14513.0
71,34,2809.0
71,35,22785.0
71,36,44826.0
71,37,26412.0
71,39,22.0
71,40,5934.0
71,42,4889.0
71,44,476448.0
71,45,80082.0
71,48,20.0
71,49,16.0
71,51,132.0
71,52,2570.0
71,54,2.0
71,55,1346.0
71,58,42.0
71,59,150.0
71,60,531.0
71,62,2856.0
71,63,1822.0
71,66,564.0
71,67,2843.0
71,68,959.0
71,69,36.0
71,70,644.0
71,72,960.0
71,73,8.0
71,75,23143.0
71,76,146.0
71,77,29.0
71,78,137.0
71,80,39407.0
71,82,648.0
71,83,57.0
71,84,2207.0
71,86,391.0
71,87,16.0
71,88,54.0
71,89,222.0
71,90,95.0
71,91,93.0
71,92,78859.0
71,96,1902.0
71,100,54.0
71,102,159.0
71,104,1166.0
71,105,2186.0
71,109,9846.0
71,110,9157.0
71,112,2.0
71,113,35399.0
71,115,14646.0
71,116,4166.0
71,117,871.0
71,118,144.0
71,119,2380.0
71,121,1.0
71,125,4546.0
71,128,1.0
71,133,732.0
71,134,1434.0
71,138,55.0
71,146,1796.0
71,148,39.0
71,150,37660.0
71,156,9.0
71,158,4089.0
71,159,27666.0
71,168,19474.0
71,173,9.0
71,181,1537.0
71,182,5.0
71,187,28.0
71,193,40.0
71,212,4.0
71,213,25.0
72,2,21.0
72,4,91.0
72,7,12762.0
72,9,12735.0
72,10,27.0
72,11,60.0
72,14,373.0
72,15,3320.0
72,17,251.0
72,18,407.0
72,19,8012.0
72,22,124.0
72,23,22.0
72,26,110.0
72,27,8.0
72,28,7.0
72,30,300.0
72,31,108.0
72,32,182558.0
72,35,147.0
72,36,71.0
72,40,26458.0
72,42,2708.0
72,44,10.0
72,45,240.0
72,48,38.0
72,51,222.0
72,52,3313.0
72,60,97.0
72,63,4.0
72,68,303.0
72,69,23.0
72,70,6.0
72,73,2.0
72,77,163.0
72,80,5.0
72,82,134.0
72,83,499.0
72,84,56.0
72,86,3786.0
72,88,101.0
72,89,96.0
72,90,1053.0
72,91,16.0
72,100,1280.0
72,109,598.0
72,116,41.0
72,117,3573.0
72,121,52.0
72,133,169.0
73,2,545.0
73,3,10407.0
73,4,93723.0
73,5,41.0
73,6,2831.0
73,7,2996.0
73,8,141.0
73,9,2840.0
73,10,15.0
73,11,81340.0
73,13,76342.0
73,14,43853.0
73,15,268398.0
73,17,686.0
73,18,8875.0
73,21,11690.0
73,22,127234.0
73,23,1596.0
73,25,55.0
73,26,231.0
73,27,84563.0
73,28,24.0
73,30,114344.0
73,31,104.0
73,32,333530.0
73,33,84331.0
73,34,529.0
73,35,35862.0
73,36,94382.0
73,37,5239.0
73,39,144.0
73,40,26157.0
73,42,13010.0
73,44,176727.0
73,45,5857.0
73,48,245.0
73,51,24.0
73,52,4751.0
73,54,50.0
73,57,725.0
73,59,245.0
73,60,3905.0
73,62,938.0
73,63,9306.0
73,67,1102.0
73,68,2124.0
73,69,9946.0
73,70,15796.0
73,71,3517.0
73,72,972.0
73,74,19.0
73,75,8308.0
73,76,4129.0
73,78,2690.0
73,80,47062.0
73,82,1403.0
73,83,1510.0
73,84,2623.0
73,86,386.0
73,87,1158.0
73,88,1771.0
73,89,189.0
73,90,588.0
73,91,4120.0
73,92,1946.0
73,94,565.0
73,97,11.0
73,98,147542.0
73,100,2540.0
73,102,273.0
73,103,41.0
73,105,20.0
73,108,117.0
73,109,5005.0
73,110,201.0
73,113,11358.0
73,116,907.0
73,117,24518.0
73,119,9.0
73,121,460043.0
73,128,316.0
73,133,3213.0
73,134,291.0
73,146,4.0
73,148,519.0
73,150,2143.0
73,156,6.0
73,157,199.0
73,158,4475.0
73,166,2.0
73,180,13.0
73,182,26.0
73,187,720.0
73,213,49.0
74,2,950.0
74,3,3888.0
74,4,193887.0
74,6,154.0
74,7,439.0
74,9,430.0
74,10,9.0
74,11,12567.0
74,13,3168.0
74,14,193736.0
74,15,929643.0
74,17,213.0
74,18,56.0
74,19,458.0
74,21,8681.0
74,22,34995.0
74,23,152.0
74,25,1193.0
74,26,286.0
74,27,94844.0
74,30,2366.0
74,31,6.0
74,32,182.0
74,33,184.0
74,34,11.0
74,35,26985.0
74,36,3363.0
74,37,1826.0
74,39,1.0
74,40,671.0
74,42,1.0
74,44,21771.0
74,45,189.0
74,48,72.0
74,51,150.0
74,52,128.0
74,53,2036.0
74,60,118.0
74,62,113.0
74,63,5365.0
74,66,2683.0
74,67,30.0
74,68,5552.0
74,69,4700.0
74,70,37932.0
74,71,299.0
74,73,4.0
74,78,32.0
74,80,8870.0
74,82,3100.0
74,83,1.0
74,84,988.0
74,86,24.0
74,87,1486.0
74,88,818.0
74,90,3.0
74,91,3.0
74,94,55.0
74,98,133.0
74,100,30.0
74,102,40.0
74,105,131.0
74,109,5.0
74,115,125.0
74,116,42.0
74,121,87.0
74,133,170.0
74,134,89.0
74,148,189.0
74,150,7.0
74,156,173.0
74,158,42.0
74,159,745.0
74,168,1050.0
74,182,122.0
75,2,4357.0
75,3,2424.0
75,4,23665.0
75,5,3397.0
75,6,2075.0
75,7,36193.0
75,8,68.0
75,9,30843.0
75,10,5282.0
75,11,3339.0
75,13,1043.0
75,14,4679.0
75,15,117452.0
75,17,789.0
75,18,9962.0
75,21,107.0
75,22,3947.0
75,23,38052.0
75,26,4504.0
75,27,57349.0
75,28,8870.0
75,29,3220.0
75,30,7003.0
75,31,22700.0
75,32,81281.0
75,33,705.0
75,35,16068.0
75,36,2454.0
75,37,9754.0
75,40,20221.0
75,42,19239.0
75,44,41523.0
75,45,65134.0
75,48,1.0
75,49,1315.0
75,51,1246.0
75,52,2315.0
75,55,52.0
75,59,164.0
75,60,539.0
75,62,1.0
75,63,2484.0
75,67,45.0
75,68,9266.0
75,69,461.0
75,70,672.0
75,71,5960.0
75,73,6316.0
75,76,5190.0
75,78,849.0
75,80,386.0
75,82,2985.0
75,83,283.0
75,84,3882.0
75,86,1193.0
75,90,357.0
75,91,2755.0
75,92,7.0
75,99,82.0
75,104,323.0
75,105,952.0
75,109,45175.0
75,110,327.0
75,112,128.0
75,113,6987.0
75,115,3253.0
75,116,800.0
75,117,2342.0
75,133,584.0
75,134,4.0
75,138,640.0
75,146,55.0
75,150,1395.0
75,168,39749.0
75,187,135.0
75,213,39.0
76,2,119267.0
76,3,1315.0
76,4,81910.0
76,5,48677.0
76,6,1084334.0
76,7,117432.0
76,8,38046.0
76,9,68103.0
76,10,11279.0
76,11,8713.0
76,13,7960.0
76,14,62482.0
76,15,154401.0
76,16,209416.0
76,17,2769.0
76,18,8185.0
76,19,6.0
76,21,17719.0
76,22,120968.0
76,23,650834.0
76,25,5712.0
76,26,8903.0
76,27,158058.0
76,28,5225.0
76,29,745.0
76,30,4484.0
76,31,51511.0
76,32,60910.0
76,33,16285.0
76,34,11707.0
76,35,140073.0
76,36,15749.0
76,37,44085.0
76,39,5943.0
76,40,10830.0
76,42,4532.0
76,44,175755.0
76,45,14449046.0
76,48,1693.0
76,49,33844.0
76,51,387.0
76,52,281.0
76,53,41.0
76,54,2744.0
76,55,96538.0
76,58,88458.0
76,59,47.0
76,60,1404.0
76,62,1361.0
76,63,15456.0
76,66,35203.0
76,67,53.0
76,68,19530.0
76,69,563.0
76,70,11373.0
76,71,682.0
76,72,83.0
76,73,588.0
76,77,44.0
76,78,1915.0
76,79,37570.0
76,80,15763.0
76,82,6686.0
76,83,270.0
76,84,1253.0
76,86,296.0
76,87,233.0
76,88,371.0
76,89,528.0
76,90,135.0
76,91,23071.0
76,92,2.0
76,94,154414.0
76,95,7996.0
76,96,62514.0
76,97,90287.0
76,98,947.0
76,99,36.0
76,102,474.0
76,103,6691.0
76,105,22373.0
76,108,62411.0
76,109,11843.0
76,110,412.0
76,112,11837.0
76,116,305.0
76,117,1461.0
76,119,65.0
76,120,2731.0
76,121,1308.0
76,125,483.0
76,127,2671.0
76,128,1415.0
76,130,2036.0
76,133,5.0
76,134,1600.0
76,136,18322.0
76,140,4.0
76,146,1446.0
76,148,278.0
76,150,89.0
76,155,4.0
76,156,206.0
76,158,1478.0
76,166,87.0
76,178,173.0
76,182,534.0
76,187,28.0
76,193,51.0
76,212,10.0
77,2,12.0
77,3,1471.0
77,4,38.0
77,6,288.0
77,7,309.0
77,9,307.0
77,10,2.0
77,11,2.0
77,14,204.0
77,15,625.0
77,22,1941.0
77,27,341.0
77,30,49.0
77,32,2544.0
77,36,63.0
77,37,119.0
77,44,100.0
77,45,492.0
77,48,1141.0
77,51,16840.0
77,52,17.0
77,60,705.0
77,62,18.0
77,63,29.0
77,69,357.0
77,74,21.0
77,80,48.0
77,84,5.0
77,87,19.0
77,88,568.0
77,90,731.0
77,182,1.0
78,2,2805.0
78,3,715.0
78,4,40190.0
78,5,1873.0
78,6,89440.0
78,7,4229.0
78,8,71.0
78,9,3297.0
78,10,861.0
78,11,1419.0
78,13,2100.0
78,14,864370.0
78,15,60678.0
78,16,20.0
78,17,1088.0
78,18,37.0
78,21,1125.0
78,22,43422.0
78,23,19127.0
78,25,23051.0
78,26,68.0
78,27,122242.0
78,28,385.0
78,29,2.0
78,30,3328.0
78,31,5330.0
78,32,244611.0
78,33,19941.0
78,34,845.0
78,35,229444.0
78,36,10842.0
78,37,26605.0
78,39,447.0
78,40,2869.0
78,42,536.0
78,44,108123.0
78,45,150852.0
78,48,5.0
78,49,311.0
78,51,341.0
78,52,24.0
78,53,16.0
78,54,2948.0
78,55,270.0
78,57,306.0
78,58,37.0
78,59,4291.0
78,60,1328.0
78,62,191.0
78,63,1867.0
78,67,554.0
78,68,520.0
78,69,1100.0
78,70,2563.0
78,72,54.0
78,73,5209.0
78,76,771.0
78,77,39.0
78,79,9.0
78,80,7206.0
78,82,5730.0
78,83,86.0
78,84,46.0
78,86,110.0
78,87,3131.0
78,88,674.0
78,89,3445.0
78,90,12.0
78,91,15651.0
78,94,1771.0
78,95,2.0
78,96,341.0
78,97,47.0
78,102,485.0
78,104,436.0
78,105,319.0
78,108,37.0
78,109,3016.0
78,110,166.0
78,116,84.0
78,117,7652.0
78,118,1380.0
78,119,3013.0
78,120,246.0
78,125,926.0
78,128,6.0
78,130,3.0
78,134,1683.0
78,146,23860.0
78,148,7728.0
78,150,557.0
78,156,298.0
78,157,2974.0
78,158,2395.0
78,170,671.0
78,173,278.0
78,180,584.0
78,182,177.0
78,187,8480.0
78,193,4509.0
78,213,14707.0
79,2,7325.0
79,3,487.0
79,4,23140.0
79,5,69.0
79,6,28350.0
79,7,16640.0
79,8,1272.0
79,9,467.0
79,10,14898.0
79,11,396.0
79,13,18727.0
79,14,18077.0
79,15,27726.0
79,16,44704.0
79,17,250.0
79,18,1.0
79,19,546.0
79,21,1640.0
79,22,15280.0
79,23,17820.0
79,25,202.0
79,26,23590.0
79,27,7599.0
79,29,44.0
79,30,342.0
79,31,3131.0
79,32,11700.0
79,35,27657.0
79,36,13058.0
79,37,8153.0
79,39,4.0
79,40,24.0
79,42,506.0
79,44,17797.0
79,45,519453.0
79,48,28.0
79,49,49.0
79,52,58.0
79,55,4312.0
79,58,58440.0
79,59,14.0
79,60,87.0
79,62,30.0
79,63,127.0
79,66,2781.0
79,67,1.0
79,68,235.0
79,70,106.0
79,73,3.0
79,76,59666.0
79,77,8.0
79,78,506.0
79,80,1123.0
79,82,1008.0
79,83,3.0
79,84,56.0
79,86,6.0
79,87,59.0
79,88,144.0
79,89,191.0
79,90,10.0
79,94,163980.0
79,95,170.0
79,96,6945.0
79,97,154959.0
79,98,3.0
79,102,701.0
79,103,2277.0
79,105,450.0
79,108,2295.0
79,109,500.0
79,112,1602.0
79,116,15.0
79,117,29.0
79,120,350.0
79,121,11.0
79,127,139.0
79,128,70.0
79,130,1131.0
79,136,19.0
79,140,3.0
79,146,72.0
79,150,4.0
79,156,4.0
79,182,73.0
80,2,15405.0
80,3,67.0
80,4,12705.0
80,5,1679.0
80,6,15068.0
80,7,9405.0
80,8,2705.0
80,9,5445.0
80,10,1255.0
80,11,65996.0
80,13,46432.0
80,14,729.0
80,15,33304.0
80,16,10.0
80,17,1145.0
80,18,259.0
80,21,2053.0
80,22,52758.0
80,23,2380.0
80,25,136.0
80,26,300.0
80,27,10688.0
80,29,961.0
80,30,775.0
80,31,1092.0
80,32,50014.0
80,33,1074.0
80,34,1886.0
80,35,12250.0
80,36,231390.0
80,37,755.0
80,39,1489.0
80,40,3497.0
80,42,7542.0
80,44,19155.0
80,45,83791.0
80,48,199.0
80,49,32.0
80,51,7.0
80,52,1.0
80,54,7.0
80,55,69.0
80,57,2.0
80,58,69.0
80,59,11.0
80,60,21.0
80,62,3.0
80,63,3684.0
80,66,14.0
80,68,157.0
80,69,45.0
80,70,635.0
80,71,85.0
80,72,670.0
80,73,3536.0
80,74,9.0
80,76,619.0
80,77,35.0
80,78,33.0
80,82,78.0
80,83,2.0
80,84,308.0
80,86,45.0
80,87,18.0
80,88,1.0
80,90,7.0
80,91,5288.0
80,92,1.0
80,94,21.0
80,96,69.0
80,98,1071.0
80,100,230.0
80,102,13097.0
80,103,20.0
80,104,5.0
80,105,270.0
80,109,278.0
80,110,38.0
80,112,9.0
80,113,10.0
80,116,354.0
80,117,1488.0
80,119,1.0
80,121,40.0
80,125,437.0
80,128,7.0
80,133,69.0
80,134,310.0
80,139,1.0
80,146,9.0
80,148,38.0
80,150,10.0
80,157,605.0
80,158,21.0
80,178,37.0
80,182,2.0
80,193,208.0
80,213,102.0
81,2,866.0
81,3,1.0
81,4,7870.0
81,5,489.0
81,6,5481.0
81,7,9831.0
81,8,2848.0
81,9,6.0
81,10,6977.0
81,11,8.0
81,13,646.0
81,14,804.0
81,15,59342.0
81,16,18007.0
81,17,238.0
81,19,151.0
81,21,13.0
81,22,15374.0
81,23,3834.0
81,26,7747.0
81,27,31443.0
81,29,3.0
81,30,73.0
81,31,84.0
81,32,2182.0
81,34,392.0
81,35,14718.0
81,36,44778.0
81,37,20896.0
81,39,15.0
81,40,211.0
81,42,187.0
81,44,12758.0
81,45,64374.0
81,48,107.0
81,49,20.0
81,51,938.0
81,53,53.0
81,55,1424.0
81,58,19014.0
81,60,645.0
81,66,4735.0
81,68,1433.0
81,70,15753.0
81,72,51.0
81,76,1509.0
81,77,13.0
81,79,5294.0
81,80,12032.0
81,82,1843.0
81,83,354.0
81,84,799.0
81,86,617.0
81,88,19.0
81,89,630.0
81,90,235.0
81,91,4.0
81,92,430.0
81,94,6546.0
81,95,1750.0
81,96,7402.0
81,97,10387.0
81,100,150.0
81,102,1222.0
81,103,3324.0
81,105,103.0
81,108,77.0
81,109,1.0
81,110,87.0
81,112,559.0
81,116,23.0
81,117,205.0
81,120,155.0
81,121,14.0
81,127,3030.0
81,128,206.0
81,130,94.0
81,133,1455.0
81,136,9466.0
81,150,14.0
81,156,20.0
81,158,5.0
81,168,474.0
81,173,32.0
81,178,5.0
82,2,5022.0
82,3,13524.0
82,4,142571.0
82,5,216607.0
82,6,60375.0
82,7,23462.0
82,8,7231.0
82,9,9351.0
82,10,1042.0
82,11,63992.0
82,13,16426.0
82,14,435092.0
82,15,323046.0
82,16,11.0
82,17,625.0
82,18,457.0
82,19,24587.0
82,21,23211.0
82,22,226627.0
82,23,37106.0
82,25,1510.0
82,26,445.0
82,27,183371.0
82,28,18.0
82,29,835.0
82,30,28635.0
82,31,482.0
82,32,25511.0
82,33,1437.0
82,34,1229.0
82,35,1500030.0
82,36,29431.0
82,37,63949.0
82,39,661.0
82,40,10693.0
82,42,2124.0
82,44,318329.0
82,45,104558.0
82,48,721.0
82,49,213.0
82,51,38.0
82,52,2442.0
82,53,77569.0
82,54,125.0
82,55,236.0
82,57,328.0
82,58,77.0
82,59,1997.0
82,60,439.0
82,62,6162.0
82,63,45839.0
82,66,42.0
82,67,151.0
82,68,28411.0
82,69,14011.0
82,70,2053.0
82,71,125.0
82,73,1337.0
82,74,31242.0
82,75,64.0
82,76,3557.0
82,77,55.0
82,78,31182.0
82,79,2.0
82,80,18598.0
82,83,173.0
82,84,15179.0
82,86,375.0
82,87,2940.0
82,88,456.0
82,89,3172.0
82,90,199.0
82,91,509.0
82,92,18.0
82,94,11802.0
82,95,603.0
82,96,382.0
82,97,101.0
82,98,921.0
82,102,490.0
82,103,11.0
82,104,61.0
82,105,1803.0
82,108,49.0
82,109,8619.0
82,110,1.0
82,112,709.0
82,113,273.0
82,115,23.0
82,116,543.0
82,117,558.0
82,119,186.0
82,121,1272.0
82,125,141.0
82,127,16.0
82,128,44.0
82,130,40.0
82,133,110.0
82,134,121.0
82,138,14.0
82,140,5838.0
82,146,6184.0
82,148,445.0
82,150,977.0
82,156,245.0
82,157,3.0
82,158,847.0
82,166,2.0
82,168,5546.0
82,170,2.0
82,173,662.0
82,178,15.0
82,180,88.0
82,182,204.0
82,187,1729.0
82,193,27.0
82,212,793.0
82,213,29.0
83,2,54.0
83,3,4611.0
83,4,809.0
83,6,218.0
83,7,1446.0
83,8,31.0
83,9,1407.0
83,10,8.0
83,11,24.0
83,13,8.0
83,14,24008.0
83,15,14076.0
83,21,112.0
83,22,38043.0
83,23,70.0
83,25,4451.0
83,26,9.0
83,27,3457.0
83,29,55.0
83,30,18340.0
83,32,250078.0
83,33,10210.0
83,35,387.0
83,36,142.0
83,37,848.0
83,39,11.0
83,40,65624.0
83,42,20496.0
83,44,2974.0
83,45,4301.0
83,48,4485.0
83,51,636.0
83,52,6085.0
83,59,235.0
83,60,163.0
83,62,171.0
83,63,5993.0
83,68,22402.0
83,69,1250.0
83,70,733.0
83,72,2038.0
83,73,3844.0
83,80,49.0
83,84,41368.0
83,86,4087.0
83,87,727.0
83,88,646.0
83,89,9927.0
83,90,59.0
83,91,876.0
83,96,1.0
83,98,1232.0
83,100,1411.0
83,116,544.0
83,117,73136.0
83,119,82.0
83,121,2498.0
83,133,1943.0
83,146,1581.0
83,148,34.0
83,150,33.0
83,156,2.0
84,2,275.0
84,3,45455.0
84,4,115838.0
84,5,90.0
84,6,2257.0
84,7,8629.0
84,8,3271.0
84,9,5293.0
84,10,61.0
84,11,8900.0
84,13,2855.0
84,14,172713.0
84,15,165665.0
84,17,1418.0
84,18,188.0
84,19,219.0
84,21,2527.0
84,22,662839.0
84,23,826.0
84,25,18369.0
84,26,827.0
84,27,139034.0
84,28,70977.0
84,29,34373.0
84,30,50075.0
84,31,32021.0
84,32,32941.0
84,33,79189.0
84,34,1261.0
84,35,230638.0
84,36,1220.0
84,37,3666.0
84,39,13954.0
84,40,131212.0
84,42,15447.0
84,44,125234.0
84,45,10015.0
84,48,13690.0
84,49,3.0
84,51,23295.0
84,52,341354.0
84,55,75.0
84,58,7.0
84,60,51322.0
84,62,49190.0
84,63,34160.0
84,67,15575.0
84,68,147029.0
84,69,174453.0
84,70,25988.0
84,72,715.0
84,73,4304.0
84,74,341.0
84,77,1107.0
84,78,1098.0
84,80,1063.0
84,82,49423.0
84,83,25238.0
84,86,15822.0
84,87,26638.0
84,88,8755.0
84,89,64449.0
84,90,2968.0
84,91,12962.0
84,94,129.0
84,96,5.0
84,98,2770.0
84,100,7304.0
84,102,51.0
84,105,8.0
84,109,12335.0
84,110,1258.0
84,116,1171.0
84,117,1174.0
84,119,85.0
84,121,3081.0
84,125,731.0
84,133,1160.0
84,134,4207.0
84,140,4.0
84,146,27425.0
84,148,5572.0
84,150,85.0
84,156,2.0
84,157,31.0
84,158,258.0
84,168,214.0
84,180,15.0
84,182,1.0
84,187,108.0
84,193,58.0
85,4,1917.0
85,14,501.0
85,22,161.0
85,23,7.0
85,26,2.0
85,27,5212.0
85,35,5.0
85,45,50.0
85,48,16.0
85,54,1.0
85,67,150.0
85,71,9.0
85,82,294.0
85,109,5.0
85,120,13.0
86,2,1929.0
86,3,121284.0
86,4,28803.0
86,6,1765.0
86,7,513.0
86,8,29.0
86,9,437.0
86,10,47.0
86,11,4315.0
86,13,1202.0
86,14,59406.0
86,15,112662.0
86,19,507.0
86,21,3490.0
86,22,76848.0
86,23,1961.0
86,25,2658.0
86,27,23965.0
86,30,12674.0
86,31,38757.0
86,32,154654.0
86,35,46533.0
86,36,121.0
86,37,11604.0
86,39,36.0
86,42,9015.0
86,44,9553.0
86,45,9154.0
86,48,137.0
86,49,26.0
86,51,401513.0
86,52,38869.0
86,53,174.0
86,60,65714.0
86,62,15256.0
86,63,5771.0
86,67,1.0
86,68,102074.0
86,69,68787.0
86,70,251.0
86,72,8.0
86,73,134.0
86,74,2.0
86,76,1.0
86,77,266867.0
86,78,26.0
86,80,544.0
86,82,313.0
86,83,553.0
86,84,41045.0
86,87,9973.0
86,88,94806.0
86,89,8093.0
86,90,161322.0
86,91,2945.0
86,94,10.0
86,96,55.0
86,98,179.0
86,100,275.0
86,102,5.0
86,105,33.0
86,109,95.0
86,112,34.0
86,116,550.0
86,117,3255.0
86,121,491.0
86,134,2.0
86,148,41.0
86,150,4.0
86,155,1.0
86,156,38.0
86,182,20.0
86,187,194.0
86,193,8.0
87,2,1191.0
87,3,264142.0
87,4,28708.0
87,5,803.0
87,6,1195.0
87,7,263.0
87,8,188.0
87,9,62.0
87,10,13.0
87,11,7022.0
87,13,10543.0
87,14,15750.0
87,15,132491.0
87,17,15.0
87,18,346.0
87,21,465.0
87,22,113834.0
87,23,9.0
87,25,1424.0
87,26,12.0
87,27,25210.0
87,29,63.0
87,30,266538.0
87,31,5.0
87,32,17099.0
87,33,335.0
87,34,60.0
87,35,21043.0
87,36,9056.0
87,37,1625.0
87,39,33.0
87,40,9577.0
87,42,7397.0
87,44,20951.0
87,45,1997.0
87,48,1221.0
87,49,27.0
87,51,3335.0
87,52,32537.0
87,54,3.0
87,55,42.0
87,60,15896.0
87,62,294.0
87,63,655531.0
87,68,2879.0
87,69,319511.0
87,70,276.0
87,72,25.0
87,73,6743.0
87,76,7.0
87,77,228.0
87,78,9.0
87,80,4732.0
87,82,1645.0
87,83,714.0
87,84,68133.0
87,86,4232.0
87,88,15157.0
87,90,3829.0
87,91,79.0
87,98,1377.0
87,100,11.0
87,102,5.0
87,103,60.0
87,105,154.0
87,109,76.0
87,116,48.0
87,117,4079.0
87,121,634.0
87,133,200.0
87,134,34.0
87,138,23.0
87,146,10.0
87,148,107.0
87,157,5.0
87,158,11.0
87,180,8.0
87,182,1.0
87,213,68.0
88,2,1306.0
88,3,97865.0
88,4,3877.0
88,6,2370.0
88,7,9130.0
88,8,7090.0
88,9,1200.0
88,10,840.0
88,11,5180.0
88,13,112.0
88,14,13978.0
88,15,45988.0
88,17,284.0
88,19,8.0
88,22,453617.0
88,23,252.0
88,25,1357.0
88,26,571.0
88,27,17848.0
88,28,289.0
88,30,11583.0
88,31,48.0
88,32,45327.0
88,34,114.0
88,35,3575.0
88,36,6292.0
88,37,10052.0
88,39,8432.0
88,40,2058.0
88,42,3192.0
88,44,8892.0
88,45,8332.0
88,48,1329.0
88,49,4.0
88,51,71140.0
88,52,16737.0
88,53,15.0
88,55,8.0
88,60,66509.0
88,62,138.0
88,63,8394.0
88,68,3179.0
88,69,98320.0
88,70,2943.0
88,72,103.0
88,73,1746.0
88,74,1067.0
88,76,490.0
88,77,10000.0
88,78,296.0
88,79,27.0
88,80,381.0
88,82,321.0
88,83,419.0
88,84,8006.0
88,86,14761.0
88,87,6010.0
88,90,24539.0
88,96,3.0
88,98,169.0
88,100,218.0
88,102,21.0
88,104,16.0
88,105,2.0
88,109,541.0
88,116,100.0
88,117,4423.0
88,121,765.0
88,128,31.0
88,133,159.0
88,136,63.0
88,146,54.0
88,148,1186.0
88,150,22.0
88,156,8.0
88,158,17.0
88,182,7.0
88,187,498.0
88,193,339.0
88,213,238.0
89,2,780.0
89,3,874.0
89,4,8208.0
89,5,4475.0
89,6,3484.0
89,7,35325.0
89,8,8751.0
89,9,26438.0
89,10,136.0
89,11,134.0
89,13,2.0
89,14,5911.0
89,15,35944.0
89,16,78.0
89,17,8228.0
89,18,4159.0
89,19,4723.0
89,21,37.0
89,22,22251.0
89,23,8514.0
89,25,144418.0
89,26,247.0
89,27,7156.0
89,28,316.0
89,30,2002.0
89,31,1.0
89,32,16123.0
89,33,341050.0
89,34,445.0
89,35,6331.0
89,36,2014.0
89,37,354.0
89,39,300.0
89,40,111505.0
89,42,3454.0
89,44,2222.0
89,45,13289.0
89,48,609.0
89,49,588.0
89,51,99.0
89,52,206.0
89,53,220.0
89,54,25.0
89,55,897.0
89,58,4.0
89,59,60.0
89,60,1.0
89,62,1063.0
89,63,41.0
89,66,1157.0
89,67,19.0
89,68,1399.0
89,69,93.0
89,71,5.0
89,73,96.0
89,76,1071.0
89,78,6903.0
89,80,381.0
89,82,2641.0
89,83,1245.0
89,84,1445.0
89,86,253.0
89,87,224.0
89,90,18.0
89,91,8920.0
89,94,7616.0
89,95,57.0
89,96,145.0
89,100,403.0
89,102,1.0
89,105,116.0
89,108,38.0
89,109,223.0
89,110,6.0
89,112,55.0
89,113,2.0
89,116,428.0
89,117,409.0
89,119,4276.0
89,125,10064.0
89,128,4.0
89,133,318.0
89,134,2936.0
89,146,182685.0
89,148,29.0
89,150,72.0
89,156,6.0
89,158,47876.0
89,159,514.0
89,170,7.0
89,178,2.0
89,182,5.0
89,187,145.0
89,193,51.0
89,213,464.0
90,2,3116.0
90,3,6528.0
90,4,4032.0
90,5,1093.0
90,6,2889.0
90,7,535.0
90,8,2.0
90,9,528.0
90,10,5.0
90,11,240.0
90,14,4114.0
90,15,38725.0
90,18,10.0
90,22,18681.0
90,23,8186.0
90,25,11.0
90,27,9622.0
90,30,7165.0
90,31,1678.0
90,32,22073.0
90,33,276.0
90,35,84.0
90,36,1803.0
90,37,3520.0
90,40,4797.0
90,42,4200.0
90,44,420.0
90,45,21421.0
90,48,21524.0
90,49,1711.0
90,51,41984.0
90,52,47620.0
90,60,43501.0
90,62,187.0
90,63,6761.0
90,68,23750.0
90,69,3290.0
90,70,283.0
90,73,1066.0
90,74,13.0
90,76,24.0
90,77,12874.0
90,78,211.0
90,80,179.0
90,82,49.0
90,83,626.0
90,84,6118.0
90,86,116999.0
90,87,2270.0
90,88,10698.0
90,98,74.0
90,102,3.0
90,105,181.0
90,109,5.0
90,117,3275.0
90,121,1064.0
90,133,341.0
90,150,31.0
90,156,1.0
91,2,1051.0
91,3,2260.0
91,4,13876.0
91,5,1510.0
91,6,12112.0
91,7,3595.0
91,8,1368.0
91,9,1613.0
91,10,614.0
91,11,2257.0
91,13,120.0
91,14,143180.0
91,15,21858.0
91,16,16.0
91,17,2065.0
91,18,5012.0
91,19,19.0
91,21,6.0
91,22,205864.0
91,23,3095.0
91,25,4981.0
91,26,10652.0
91,27,5230.0
91,28,38.0
91,29,52.0
91,30,73.0
91,31,82.0
91,32,9676.0
91,33,6725.0
91,34,123.0
91,35,39726.0
91,36,758.0
91,37,5451.0
91,39,1992.0
91,40,5058.0
91,42,388.0
91,44,6166.0
91,45,90734.0
91,48,141.0
91,49,54.0
91,51,306.0
91,52,3.0
91,53,22.0
91,54,3485.0
91,55,508.0
91,57,1487.0
91,58,4.0
91,59,3653.0
91,60,241.0
91,62,234.0
91,63,233.0
91,67,16.0
91,68,8.0
91,69,487.0
91,70,1918.0
91,71,1.0
91,73,66.0
91,74,4.0
91,76,84.0
91,77,33.0
91,78,110467.0
91,79,1.0
91,80,328.0
91,82,3981.0
91,83,2.0
91,84,49.0
91,86,265.0
91,87,261.0
91,88,100.0
91,89,568.0
91,90,54.0
91,94,57.0
91,102,136.0
91,104,129.0
91,105,97.0
91,109,258.0
91,117,150.0
91,118,199.0
91,119,355.0
91,121,73.0
91,125,312.0
91,130,66.0
91,133,185.0
91,134,841.0
91,146,1802.0
91,148,226.0
91,150,460.0
91,156,141.0
91,157,4013.0
91,158,3034.0
91,170,919.0
91,173,342.0
91,180,2282.0
91,182,14.0
91,187,12147.0
91,193,177.0
91,212,29.0
91,213,2711.0
92,2,4697.0
92,3,26.0
92,4,38618.0
92,5,8.0
92,6,2277.0
92,7,18052.0
92,8,3369.0
92,9,14479.0
92,10,204.0
92,11,5650.0
92,13,3291.0
92,14,11375.0
92,15,100033.0
92,17,8157.0
92,18,8941.0
92,19,30.0
92,21,13.0
92,22,46030.0
92,23,2681.0
92,25,67.0
92,26,402.0
92,27,85895.0
92,28,9887.0
92,30,12709.0
92,31,4663.0
92,32,18675.0
92,33,316.0
92,35,37950.0
92,36,5265.0
92,37,3843.0
92,39,238.0
92,40,11198.0
92,42,3008.0
92,44,15092.0
92,45,37920.0
92,48,168.0
92,51,642.0
92,52,2505.0
92,53,13.0
92,58,9.0
92,59,80.0
92,60,171.0
92,63,6.0
92,66,194.0
92,67,3.0
92,68,172.0
92,69,416.0
92,70,3576.0
92,71,85351.0
92,75,7.0
92,76,33.0
92,78,2671.0
92,80,1134.0
92,82,10682.0
92,83,38.0
92,84,4716.0
92,86,3563.0
92,88,128.0
92,89,477.0
92,90,419.0
92,91,3.0
92,97,437.0
92,102,18.0
92,105,196.0
92,109,7992.0
92,113,4774.0
92,116,1920.0
92,117,878.0
92,125,799.0
92,134,31.0
92,138,6.0
92,146,5.0
92,150,84.0
92,159,8374.0
92,168,1366.0
92,181,6777.0
92,187,216.0
93,2,73397.0
93,4,11.0
93,5,10.0
93,7,3166.0
93,8,1527.0
93,9,1325.0
93,10,314.0
93,11,12795.0
93,14,6196.0
93,16,863.0
93,17,5308.0
93,18,333.0
93,19,10945.0
93,21,1473.0
93,22,69.0
93,23,1046.0
93,25,65002.0
93,26,80.0
93,27,133565.0
93,28,209028.0
93,30,14884.0
93,31,38.0
93,32,32794.0
93,33,104972.0
93,34,8218.0
93,35,5.0
93,36,8364.0
93,37,3.0
93,39,7320.0
93,40,22201.0
93,42,905.0
93,44,80464.0
93,48,51515.0
93,49,19493.0
93,51,32.0
93,52,22.0
93,53,2015.0
93,54,438.0
93,55,16983.0
93,58,39542.0
93,59,2891.0
93,60,11.0
93,62,93.0
93,63,4060.0
93,66,6426.0
93,68,155.0
93,70,11892.0
93,71,833.0
93,74,52.0
93,76,1710.0
93,77,13770.0
93,80,32.0
93,82,71.0
93,83,2272.0
93,84,515.0
93,87,141.0
93,88,47.0
93,89,21785.0
93,90,5675.0
93,91,7789.0
93,95,3.0
93,96,5878.0
93,97,1979.0
93,99,3.0
93,100,36410.0
93,102,1.0
93,103,2.0
93,104,2603.0
93,105,53.0
93,109,422.0
93,110,314.0
93,116,1976.0
93,119,1.0
93,124,51.0
93,127,10797.0
93,133,79.0
93,146,1021.0
93,148,283.0
93,156,8.0
93,157,3202.0
93,158,51.0
93,166,1.0
93,168,1.0
93,178,136.0
93,180,368.0
93,187,60.0
93,213,172.0
94,2,165.0
94,3,27.0
94,4,4145.0
94,5,53.0
94,6,341.0
94,7,15152.0
94,8,14275.0
94,9,872.0
94,10,5.0
94,14,2645.0
94,15,9918.0
94,16,1631.0
94,17,76.0
94,18,373.0
94,19,2.0
94,22,20987.0
94,23,14494.0
94,25,12.0
94,26,20.0
94,27,8030.0
94,29,76.0
94,30,12.0
94,31,709.0
94,32,285.0
94,34,88.0
94,35,10398.0
94,37,1944.0
94,39,13.0
94,40,142.0
94,42,2.0
94,44,1299.0
94,45,14760.0
94,48,27.0
94,49,553.0
94,51,53.0
94,53,1.0
94,55,3225.0
94,58,166.0
94,60,36.0
94,63,1319.0
94,66,415.0
94,67,5.0
94,68,3430.0
94,73,2110.0
94,76,4541.0
94,77,1.0
94,80,37.0
94,82,14462.0
94,83,1.0
94,84,618.0
94,86,53.0
94,90,7.0
94,95,123.0
94,96,12260.0
94,97,82.0
94,98,2.0
94,102,19.0
94,108,425.0
94,109,31.0
94,112,46.0
94,117,2.0
94,127,4851.0
94,128,5.0
94,155,63.0
94,156,3.0
94,158,7.0
94,180,15.0
94,182,22.0
95,2,5793.0
95,3,120.0
95,4,5019.0
95,5,29456.0
95,6,7837.0
95,7,309.0
95,9,274.0
95,10,35.0
95,11,91.0
95,13,64.0
95,14,9762.0
95,15,19187.0
95,16,141.0
95,17,113.0
95,21,274.0
95,22,5148.0
95,23,11455.0
95,25,1.0
95,27,20303.0
95,30,430.0
95,31,610.0
95,32,3757.0
95,35,14585.0
95,36,274.0
95,37,1739.0
95,40,42.0
95,44,35319.0
95,45,71644.0
95,48,13.0
95,49,29842.0
95,51,63.0
95,55,243247.0
95,58,1934.0
95,59,2.0
95,60,125.0
95,66,13829.0
95,70,2480.0
95,73,92.0
95,76,998.0
95,77,18.0
95,78,87.0
95,80,1123.0
95,82,279.0
95,86,595.0
95,90,14.0
95,91,4.0
95,94,315874.0
95,96,43777.0
95,97,512.0
95,102,22.0
95,103,7.0
95,105,1233.0
95,108,170395.0
95,109,4356.0
95,112,6.0
95,117,206.0
95,121,78.0
95,150,1.0
95,156,5.0
95,158,2.0
95,182,10.0
95,187,57.0
96,2,30445.0
96,3,10251.0
96,4,63206.0
96,5,335825.0
96,6,497084.0
96,7,744686.0
96,8,210420.0
96,9,440393.0
96,10,93729.0
96,11,93964.0
96,13,43255.0
96,14,139018.0
96,15,240122.0
96,16,35801.0
96,17,27843.0
96,18,11452.0
96,19,2780.0
96,21,55222.0
96,22,154934.0
96,23,403029.0
96,25,1408.0
96,26,8420.0
96,27,613517.0
96,28,77.0
96,29,5508.0
96,30,30472.0
96,31,247555.0
96,32,226616.0
96,33,81095.0
96,34,17874.0
96,35,173714.0
96,36,59422.0
96,37,32288.0
96,39,11329.0
96,40,16923.0
96,42,12851.0
96,44,655293.0
96,45,2610844.0
96,48,82.0
96,49,143998.0
96,51,503.0
96,52,873.0
96,53,149.0
96,54,1598.0
96,55,256138.0
96,57,23.0
96,58,49535.0
96,59,524.0
96,60,9308.0
96,62,3161.0
96,63,9690.0
96,66,193296.0
96,67,35.0
96,68,12801.0
96,69,6517.0
96,70,6774.0
96,71,2259.0
96,72,225.0
96,73,7120.0
96,74,87.0
96,76,468305.0
96,77,170.0
96,78,2306.0
96,79,6222.0
96,80,48672.0
96,82,25812.0
96,83,507.0
96,84,747.0
96,86,1185.0
96,87,450.0
96,88,1244.0
96,89,447.0
96,90,265.0
96,91,175.0
96,92,91.0
96,94,220686.0
96,95,49868.0
96,97,20341.0
96,98,5598.0
96,99,140.0
96,100,17861.0
96,102,3317.0
96,103,4925.0
96,105,13674.0
96,108,256912.0
96,109,6057.0
96,110,289.0
96,112,5919.0
96,113,82.0
96,116,1023.0
96,117,9148.0
96,119,2428.0
96,120,1112.0
96,121,3125.0
96,125,1370.0
96,127,2005.0
96,128,1327.0
96,130,347.0
96,133,192.0
96,134,1763.0
96,136,870.0
96,139,259.0
96,140,144.0
96,146,2820.0
96,148,2103.0
96,150,503.0
96,155,86.0
96,156,302.0
96,157,16.0
96,158,3894.0
96,159,119.0
96,166,46.0
96,170,57.0
96,178,1001.0
96,180,196.0
96,182,1520.0
96,187,321.0
96,212,83.0
96,213,17.0
97,2,2889.0
97,3,583.0
97,4,10611.0
97,6,49605.0
97,7,4370.0
97,8,568.0
97,9,14.0
97,10,3788.0
97,11,3.0
97,13,1639.0
97,14,6461.0
97,15,89295.0
97,16,195516.0
97,17,70.0
97,18,1.0
97,21,1817.0
97,22,8235.0
97,23,21844.0
97,25,47.0
97,26,15302.0
97,27,4410.0
97,30,125.0
97,31,7212.0
97,32,86.0
97,34,84.0
97,35,1095.0
97,36,7673.0
97,37,2155.0
97,39,18.0
97,40,38.0
97,42,20.0
97,44,9770.0
97,45,239144.0
97,49,2.0
97,55,171.0
97,58,20459.0
97,60,29.0
97,63,354.0
97,66,206.0
97,68,2.0
97,70,136.0
97,76,18536.0
97,78,36.0
97,79,45390.0
97,80,335.0
97,82,685.0
97,84,6466.0
97,86,1.0
97,88,11.0
97,90,10.0
97,94,4702.0
97,95,2.0
97,96,5300.0
97,100,4442.0
97,102,163.0
97,103,1911.0
97,105,189.0
97,108,2.0
97,109,201.0
97,112,111.0
97,116,133.0
97,117,6.0
97,127,5.0
97,128,31.0
97,133,12584.0
97,136,1179.0
97,178,7.0
98,2,195.0
98,3,1733.0
98,4,10378.0
98,6,3029.0
98,7,740.0
98,8,284.0
98,9,328.0
98,10,128.0
98,11,12204.0
98,13,115985.0
98,14,5424.0
98,15,35123.0
98,17,101.0
98,21,498.0
98,22,13429.0
98,23,394.0
98,26,19.0
98,27,16963.0
98,30,8130.0
98,31,286.0
98,32,117671.0
98,33,751.0
98,34,37.0
98,35,3524.0
98,36,27357.0
98,37,1073.0
98,39,89.0
98,40,3970.0
98,42,28167.0
98,44,1653.0
98,45,5302.0
98,49,68.0
98,52,1817.0
98,54,10.0
98,58,190.0
98,59,167.0
98,60,668.0
98,62,1821.0
98,63,367.0
98,68,204.0
98,69,20.0
98,70,41.0
98,71,6475.0
98,72,233.0
98,73,120812.0
98,76,34.0
98,77,2.0
98,80,8964.0
98,82,1921.0
98,84,698.0
98,86,24.0
98,87,121.0
98,88,43.0
98,89,187.0
98,90,94.0
98,96,386.0
98,100,1328.0
98,102,196.0
98,105,33.0
98,108,6.0
98,109,125.0
98,117,2170.0
98,119,57.0
98,121,151059.0
98,125,23.0
98,133,51.0
98,134,2.0
98,148,363.0
98,150,4.0
98,158,5.0
99,2,29311.0
99,3,129.0
99,5,5.0
99,6,3462.0
99,7,6974.0
99,8,1504.0
99,9,468.0
99,10,5002.0
99,13,4.0
99,14,98.0
99,15,1089.0
99,17,229.0
99,18,22.0
99,22,13.0
99,23,251.0
99,27,2608.0
99,29,17.0
99,30,15.0
99,31,4134.0
99,32,2.0
99,34,608.0
99,35,12.0
99,37,27.0
99,39,43.0
99,42,86.0
99,44,44693.0
99,45,83809.0
99,49,25.0
99,51,28.0
99,60,2.0
99,63,8.0
99,76,1383.0
99,88,9.0
99,105,25182.0
99,109,2.0
99,112,3498.0
99,146,13.0
99,156,897.0
99,158,63.0
99,165,6053.0
99,166,9522.0
99,182,2668.0
100,2,406.0
100,3,239.0
100,4,1010.0
100,6,640.0
100,7,832.0
100,8,86.0
100,9,746.0
100,11,10.0
100,13,46.0
100,14,2142.0
100,15,16712.0
100,17,1.0
100,18,15.0
100,19,6126.0
100,21,152.0
100,22,6073.0
100,23,265.0
100,25,2635.0
100,26,14.0
100,27,1625.0
100,29,26.0
100,30,4774.0
100,31,67.0
100,32,863.0
100,35,2816.0
100,36,33.0
100,37,24.0
100,39,1.0
100,40,3503.0
100,42,68020.0
100,44,3022.0
100,45,5431.0
100,49,350.0
100,52,101.0
100,55,6.0
100,60,119.0
100,62,50.0
100,63,7565.0
100,68,1306.0
100,69,219.0
100,70,1112.0
100,72,568.0
100,73,8349.0
100,77,18.0
100,80,91.0
100,82,2224.0
100,83,769.0
100,84,22.0
100,87,994.0
100,88,964.0
100,89,585.0
100,90,3.0
100,98,995.0
100,103,26.0
100,109,91.0
100,112,17.0
100,113,2.0
100,116,11769.0
100,117,14767.0
100,121,4346.0
100,133,20550.0
100,138,9.0
100,158,415.0
100,193,9.0
101,2,9212.0
101,3,797.0
101,4,128681.0
101,5,73.0
101,6,54633.0
101,7,3160.0
101,8,982.0
101,9,121.0
101,10,2057.0
101,11,2441.0
101,13,10106.0
101,14,46459.0
101,15,239789.0
101,16,63045.0
101,17,5.0
101,18,96.0
101,21,4418.0
101,22,46349.0
101,23,25439.0
101,25,404.0
101,26,75.0
101,27,43727.0
101,28,18.0
101,30,1382.0
101,31,40912.0
101,32,7080.0
101,34,75.0
101,35,20485.0
101,36,20305.0
101,37,26079.0
101,39,80.0
101,40,1118.0
101,42,115.0
101,44,70116.0
101,45,523881.0
101,49,20.0
101,51,78.0
101,52,7493.0
101,55,19025.0
101,58,13937.0
101,60,3928.0
101,62,85.0
101,63,4165.0
101,66,501.0
101,68,41.0
101,69,14.0
101,70,747.0
101,73,2.0
101,76,101696.0
101,77,2.0
101,78,934.0
101,79,56813.0
101,80,2700.0
101,82,3285.0
101,83,17.0
101,84,818.0
101,86,192.0
101,87,159.0
101,88,327.0
101,89,366.0
101,90,37.0
101,91,23.0
101,96,17.0
101,97,107194.0
101,98,9.0
101,102,50.0
101,103,4434.0
101,105,189.0
101,108,9.0
101,109,1255.0
101,112,4876.0
101,116,127.0
101,117,3586.0
101,120,249.0
101,127,86.0
101,128,43.0
101,130,441.0
101,133,5.0
101,136,463.0
101,146,519.0
101,158,21.0
101,168,162.0
101,178,188.0
102,2,111.0
102,3,293.0
102,4,137.0
102,6,959.0
102,7,913.0
102,8,426.0
102,9,364.0
102,10,123.0
102,11,9277.0
102,13,1507.0
102,14,542.0
102,15,4107.0
102,17,56.0
102,21,2217.0
102,22,224.0
102,23,7133.0
102,25,324.0
102,27,4757.0
102,28,188.0
102,30,428.0
102,31,195.0
102,32,1591.0
102,35,2952.0
102,36,2736.0
102,37,1327.0
102,39,32.0
102,40,482.0
102,42,53.0
102,44,6089.0
102,45,17079.0
102,48,84.0
102,49,18.0
102,51,1.0
102,59,242.0
102,60,36.0
102,67,6.0
102,68,19.0
102,69,14.0
102,70,3777.0
102,72,8.0
102,73,357.0
102,74,9.0
102,76,1.0
102,77,1.0
102,80,7591.0
102,82,249.0
102,84,143.0
102,87,11.0
102,88,57.0
102,94,122.0
102,96,5043.0
102,98,10.0
102,99,3.0
102,100,214.0
102,105,73.0
102,109,357.0
102,110,7.0
102,117,99.0
102,121,252.0
102,128,3.0
102,134,58.0
102,148,1.0
102,150,119.0
102,155,1.0
102,158,33.0
102,165,24.0
102,178,36.0
102,180,33.0
102,182,1.0
102,187,9.0
102,213,245.0
103,2,1162.0
103,3,183.0
103,4,1485.0
103,5,87.0
103,6,30186.0
103,7,1128.0
103,8,12.0
103,9,355.0
103,10,761.0
103,13,94.0
103,14,2211.0
103,15,3490.0
103,16,34.0
103,17,275.0
103,18,22.0
103,21,1.0
103,22,1030.0
103,23,18668.0
103,25,9.0
103,26,143.0
103,27,3702.0
103,30,1.0
103,31,585.0
103,32,991.0
103,34,194.0
103,35,230.0
103,36,2941.0
103,37,1776.0
103,39,9.0
103,40,3.0
103,42,14.0
103,44,55057.0
103,45,113208.0
103,49,9.0
103,55,6.0
103,58,39.0
103,59,1.0
103,60,22.0
103,62,1.0
103,63,20.0
103,66,118.0
103,67,3.0
103,68,168.0
103,72,2.0
103,76,1992.0
103,80,364.0
103,82,10823.0
103,83,29.0
103,84,1.0
103,86,1.0
103,96,83.0
103,97,62.0
103,102,3.0
103,103,67.0
103,105,4026.0
103,108,1059.0
103,109,181.0
103,112,4253.0
103,117,73.0
103,119,10.0
103,120,3155.0
103,127,1461.0
103,128,5052.0
103,130,2101.0
103,136,2000.0
103,146,16.0
103,156,1.0
103,159,1.0
103,165,1.0
103,178,1951.0
103,182,10.0
104,2,82.0
104,4,5901.0
104,5,41.0
104,6,6972.0
104,7,4837.0
104,8,1219.0
104,9,3342.0
104,10,276.0
104,11,49.0
104,14,60748.0
104,15,18487.0
104,17,5508.0
104,18,5365.0
104,19,7.0
104,22,2554.0
104,23,5441.0
104,25,288.0
104,26,2518.0
104,27,64124.0
104,28,550.0
104,29,97.0
104,30,160.0
104,31,463.0
104,32,231.0
104,33,657.0
104,34,15589.0
104,35,3182.0
104,36,6.0
104,37,7488.0
104,39,5.0
104,40,451.0
104,42,254.0
104,44,2397.0
104,45,37492.0
104,49,398.0
104,51,13.0
104,52,5500.0
104,54,1.0
104,55,5.0
104,59,69.0
104,60,109.0
104,63,425.0
104,68,1112.0
104,69,1.0
104,70,17.0
104,71,4188.0
104,73,5.0
104,76,159.0
104,77,1.0
104,78,3818.0
104,80,589.0
104,82,117.0
104,83,4.0
104,86,36.0
104,88,68.0
104,90,1.0
104,91,124.0
104,94,9.0
104,96,11.0
104,99,17.0
104,102,34.0
104,105,26.0
104,108,406.0
104,109,1058.0
104,112,68.0
104,116,6.0
104,117,24.0
104,120,2.0
104,128,1.0
104,133,1.0
104,134,42.0
104,139,2.0
104,150,5442.0
104,155,133.0
104,156,31.0
104,157,1.0
104,158,92.0
104,182,12.0
104,187,1.0
105,2,1675049.0
105,3,8339.0
105,4,370554.0
105,5,6396.0
105,6,271688.0
105,7,2675503.0
105,8,246194.0
105,9,1972332.0
105,10,456849.0
105,11,123845.0
105,13,8856.0
105,14,146512.0
105,15,321269.0
105,16,15211.0
105,17,91339.0
105,18,516694.0
105,19,61395.0
105,21,19813.0
105,22,128341.0
105,23,1110293.0
105,25,7791.0
105,26,468259.0
105,27,282917.0
105,28,36543.0
105,29,361176.0
105,30,3424.0
105,31,392136.0
105,32,115976.0
105,33,374806.0
105,34,391984.0
105,35,83902.0
105,36,35569.0
105,37,67192.0
105,39,298227.0
105,40,19570.0
105,42,801.0
105,44,908182.0
105,45,1541060.0
105,48,1082.0
105,49,3875.0
105,51,902.0
105,52,2611.0
105,53,2.0
105,54,4434.0
105,55,447.0
105,57,1528.0
105,58,441.0
105,59,13980.0
105,60,884.0
105,62,11083.0
105,63,538.0
105,66,148.0
105,67,672.0
105,68,24736.0
105,69,1500.0
105,70,1538.0
105,71,4431.0
105,72,288.0
105,73,3616.0
105,75,585.0
105,76,259323.0
105,77,3.0
105,78,51758.0
105,79,5802.0
105,80,22931.0
105,82,19094.0
105,83,1002.0
105,84,1016.0
105,86,632.0
105,87,141.0
105,88,46.0
105,89,60248.0
105,90,659.0
105,91,2378.0
105,92,11.0
105,94,134936.0
105,95,8.0
105,96,5055.0
105,97,15446.0
105,98,722.0
105,99,88342.0
105,100,658.0
105,102,1099.0
105,103,27034.0
105,104,78.0
105,105,29354.0
105,108,40289.0
105,109,49280.0
105,110,63814.0
105,112,34948.0
105,113,126.0
105,115,659.0
105,116,10052.0
105,117,1350.0
105,119,34062.0
105,120,11451.0
105,121,1197.0
105,125,33263.0
105,127,848.0
105,128,19976.0
105,133,17618.0
105,134,66046.0
105,136,310.0
105,139,1.0
105,140,128.0
105,146,44467.0
105,148,3330.0
105,150,45535.0
105,155,10093.0
105,156,55587.0
105,157,279.0
105,158,18986.0
105,165,13953.0
105,166,4864.0
105,168,561.0
105,170,873.0
105,173,26.0
105,178,909.0
105,182,83046.0
105,187,20598.0
105,190,37.0
105,193,208.0
105,212,1400.0
106,2,45811.0
106,4,45507.0
106,5,1.0
106,6,1525.0
106,7,3346.0
106,8,409.0
106,9,2681.0
106,10,256.0
106,11,345.0
106,13,78.0
106,14,3766.0
106,15,198401.0
106,17,102.0
106,18,15760.0
106,21,47.0
106,22,41663.0
106,23,31717.0
106,26,117960.0
106,27,105276.0
106,28,317.0
106,29,15329.0
106,31,4179.0
106,32,7284.0
106,34,26320.0
106,35,98914.0
106,36,397.0
106,37,33.0
106,39,22920.0
106,42,776.0
106,44,82526.0
106,45,81730.0
106,49,12.0
106,60,4.0
106,68,3299.0
106,80,7.0
106,82,600.0
106,90,18.0
106,96,146.0
106,99,675.0
106,102,10.0
106,105,6127.0
106,109,1002.0
106,110,123.0
106,117,2.0
106,156,939.0
106,166,258.0
106,182,250.0
107,2,613.0
107,3,373.0
107,4,25789.0
107,5,434717.0
107,6,3798.0
107,7,4617.0
107,8,1352.0
107,9,981.0
107,10,2284.0
107,11,224.0
107,14,52023.0
107,15,203034.0
107,16,220.0
107,17,4971.0
107,18,6073.0
107,19,7942.0
107,21,10.0
107,22,258509.0
107,23,27053.0
107,25,3555.0
107,26,142.0
107,27,254053.0
107,28,748.0
107,29,593.0
107,30,44571.0
107,31,2055.0
107,32,447822.0
107,33,38976.0
107,34,110.0
107,35,203853.0
107,36,205.0
107,37,8772.0
107,39,6640.0
107,40,221847.0
107,42,148.0
107,44,12373.0
107,45,43530.0
107,48,1822.0
107,49,22277.0
107,52,7.0
107,53,1.0
107,54,578.0
107,55,23937.0
107,57,914.0
107,58,131.0
107,59,2116.0
107,60,1867.0
107,63,402.0
107,66,406.0
107,68,74651.0
107,69,10.0
107,70,55946.0
107,71,2816.0
107,76,67224.0
107,78,31681.0
107,80,39.0
107,82,58622.0
107,86,1.0
107,88,33719.0
107,89,2050.0
107,90,325.0
107,91,13.0
107,92,2131.0
107,94,86328.0
107,95,5383.0
107,96,607640.0
107,97,138.0
107,102,13.0
107,105,243.0
107,108,240083.0
107,109,5121.0
107,112,576.0
107,116,367.0
107,117,63.0
107,119,150.0
107,127,11718.0
107,134,942.0
107,136,1166.0
107,146,11223.0
107,156,1.0
107,158,219.0
107,182,1.0
107,187,2733.0
107,193,11.0
108,2,18074.0
108,3,3902.0
108,4,156733.0
108,5,42134.0
108,6,125291.0
108,7,77772.0
108,8,31412.0
108,9,44280.0
108,10,2078.0
108,11,15258.0
108,13,14452.0
108,14,117957.0
108,15,377393.0
108,16,5432.0
108,17,2429.0
108,18,3361.0
108,21,4039.0
108,22,56528.0
108,23,52189.0
108,25,2146.0
108,26,455.0
108,27,253206.0
108,28,16.0
108,29,106.0
108,30,3454.0
108,31,34676.0
108,32,42188.0
108,33,2737.0
108,34,4369.0
108,35,271588.0
108,36,47045.0
108,37,35201.0
108,39,1507.0
108,40,1907.0
108,42,784.0
108,44,130097.0
108,45,1106537.0
108,48,3.0
108,49,7688.0
108,51,66.0
108,52,7447.0
108,53,145.0
108,54,1.0
108,55,139364.0
108,58,6888.0
108,59,55.0
108,60,461.0
108,62,28.0
108,63,5550.0
108,66,210595.0
108,68,1143.0
108,69,117.0
108,70,3807.0
108,73,286.0
108,74,1.0
108,76,29087.0
108,77,11.0
108,78,4837.0
108,79,656.0
108,80,22933.0
108,82,8256.0
108,83,79.0
108,84,1756.0
108,86,118.0
108,87,7.0
108,88,799.0
108,89,93.0
108,90,9.0
108,91,94.0
108,94,28768.0
108,95,30397.0
108,96,67510.0
108,97,1192.0
108,98,11.0
108,102,583.0
108,103,950.0
108,105,2931.0
108,108,746.0
108,109,3873.0
108,112,2523.0
108,116,5.0
108,117,818.0
108,119,784.0
108,120,812.0
108,121,2.0
108,125,175.0
108,127,775.0
108,128,131.0
108,130,66.0
108,133,5.0
108,134,394.0
108,136,1310.0
108,139,90.0
108,140,2.0
108,146,164.0
108,148,83.0
108,150,131.0
108,156,51.0
108,157,22.0
108,158,108.0
108,173,64.0
108,178,1242.0
108,182,113.0
108,187,930.0
108,193,608.0
108,213,73.0
109,2,51947.0
109,3,11757.0
109,4,66180.0
109,5,11910.0
109,6,149387.0
109,7,421384.0
109,8,155502.0
109,9,252098.0
109,10,13773.0
109,11,54102.0
109,13,21611.0
109,14,119935.0
109,15,279013.0
109,16,113.0
109,17,39485.0
109,18,57442.0
109,19,16364.0
109,21,27710.0
109,22,122714.0
109,23,185189.0
109,25,1914.0
109,26,77673.0
109,27,1009158.0
109,28,2988.0
109,29,23001.0
109,30,4683.0
109,31,71626.0
109,32,220364.0
109,33,161030.0
109,34,51595.0
109,35,49054.0
109,36,105140.0
109,37,71712.0
109,39,11782.0
109,40,7579.0
109,42,18340.0
109,44,778066.0
109,45,232294.0
109,48,45.0
109,49,5005.0
109,51,1144.0
109,52,2878.0
109,53,174.0
109,54,27327.0
109,55,260.0
109,57,2893.0
109,58,352.0
109,59,8957.0
109,60,5717.0
109,62,3453.0
109,63,2509.0
109,66,184.0
109,67,4002.0
109,68,10011.0
109,69,144.0
109,70,22973.0
109,71,110182.0
109,72,226.0
109,73,4855.0
109,74,630.0
109,75,42017.0
109,76,2342.0
109,77,476.0
109,78,1422.0
109,79,385.0
109,80,55836.0
109,82,53725.0
109,83,936.0
109,84,897.0
109,86,1949.0
109,87,54.0
109,88,403.0
109,90,366.0
109,91,266.0
109,92,29649.0
109,94,282.0
109,95,391.0
109,96,4472.0
109,98,2455.0
109,99,121.0
109,100,550.0
109,102,3386.0
109,103,327.0
109,104,24935.0
109,105,20018.0
109,108,1214.0
109,109,19749.0
109,110,1955.0
109,112,816.0
109,113,32518.0
109,115,132721.0
109,116,1571.0
109,117,5208.0
109,118,533.0
109,119,28720.0
109,120,60.0
109,121,1700.0
109,124,1301.0
109,125,22352.0
109,127,44.0
109,128,767.0
109,130,92.0
109,133,281.0
109,134,16448.0
109,138,643704.0
109,139,956.0
109,140,11.0
109,146,9175.0
109,148,966.0
109,150,74847.0
109,155,146.0
109,156,367.0
109,157,1127.0
109,158,18629.0
109,159,8164.0
109,168,689567.0
109,170,353.0
109,173,693.0
109,178,34.0
109,180,9795.0
109,181,25.0
109,182,279.0
109,187,9382.0
109,193,2351.0
109,212,2076.0
109,213,1269.0
110,1,7.0
110,2,40319.0
110,3,611.0
110,4,32605.0
110,5,473.0
110,6,15875.0
110,7,53763.0
110,8,23381.0
110,9,19543.0
110,10,10839.0
110,11,2671.0
110,13,1643.0
110,14,22853.0
110,15,58190.0
110,16,873.0
110,17,123598.0
110,18,68027.0
110,19,45790.0
110,21,9086.0
110,22,21905.0
110,23,94194.0
110,25,11846.0
110,26,50341.0
110,27,33716.0
110,28,44125.0
110,29,1354.0
110,30,21272.0
110,31,25607.0
110,32,241337.0
110,33,27419.0
110,34,15033.0
110,35,10999.0
110,36,3849.0
110,37,5448.0
110,39,7528.0
110,40,18927.0
110,42,33108.0
110,44,30025.0
110,45,72857.0
110,49,1435.0
110,51,28.0
110,52,1824.0
110,54,18.0
110,55,5154.0
110,58,248.0
110,59,850.0
110,60,308.0
110,62,1205.0
110,63,3057.0
110,66,3884.0
110,67,102.0
110,68,1881.0
110,69,377.0
110,70,2663.0
110,71,1916.0
110,72,1123.0
110,73,3541.0
110,75,45.0
110,76,48532.0
110,77,12.0
110,78,878.0
110,79,706.0
110,80,2062.0
110,82,1471.0
110,83,1890.0
110,84,686.0
110,86,371.0
110,87,246.0
110,88,658.0
110,89,59582.0
110,90,1456.0
110,91,3027.0
110,92,1.0
110,94,190.0
110,95,339.0
110,96,24099.0
110,98,1212.0
110,99,1847.0
110,100,1158.0
110,102,111.0
110,103,163.0
110,104,7.0
110,105,16923.0
110,108,4229.0
110,109,8904.0
110,112,279.0
110,113,8.0
110,115,17.0
110,116,1293.0
110,117,9635.0
110,119,1880.0
110,120,251.0
110,121,1866.0
110,125,1516.0
110,128,89.0
110,130,109.0
110,133,12642.0
110,134,2503.0
110,136,99.0
110,138,56.0
110,139,106.0
110,146,21871.0
110,148,138.0
110,150,787.0
110,155,419.0
110,156,232.0
110,157,254.0
110,158,6006.0
110,170,604.0
110,173,26.0
110,178,56.0
110,182,387.0
110,187,10.0
110,193,167.0
110,212,29757.0
110,213,56.0
111,2,23.0
111,6,388.0
111,7,74547.0
111,8,201.0
111,9,71330.0
111,10,3016.0
111,13,695.0
111,15,10851.0
111,16,162.0
111,17,4628.0
111,18,454.0
111,21,1.0
111,22,707.0
111,23,2599.0
111,25,25453.0
111,26,18.0
111,27,1101.0
111,28,8244.0
111,30,1676.0
111,31,6628.0
111,32,411.0
111,33,203182.0
111,35,1062.0
111,37,100.0
111,39,1957.0
111,40,3033.0
111,42,15.0
111,44,9313.0
111,45,9.0
111,49,16.0
111,51,5.0
111,52,27.0
111,55,21.0
111,60,26.0
111,67,2988.0
111,68,7016.0
111,71,5.0
111,76,14639.0
111,77,4.0
111,78,1.0
111,82,41.0
111,83,2.0
111,86,60.0
111,89,16576.0
111,90,44.0
111,91,11196.0
111,92,272.0
111,94,127.0
111,96,13.0
111,98,22.0
111,104,137.0
111,105,8.0
111,109,4.0
111,113,14.0
111,116,2.0
111,125,132.0
111,127,19.0
111,134,121.0
111,146,30462.0
111,158,3412.0
111,166,2.0
111,168,9104.0
111,213,5.0
112,2,199.0
112,4,1253.0
112,6,3009.0
112,7,611.0
112,10,611.0
112,14,5577.0
112,21,306.0
112,22,51.0
112,23,624.0
112,27,4339.0
112,31,73.0
112,32,113.0
112,33,603.0
112,34,14.0
112,35,68.0
112,36,43.0
112,37,48.0
112,40,63.0
112,44,5761.0
112,45,26515.0
112,49,1.0
112,54,2.0
112,55,4766.0
112,58,88.0
112,60,1.0
112,68,2227.0
112,76,4.0
112,79,110.0
112,80,2.0
112,96,1.0
112,97,6.0
112,102,2.0
112,103,70494.0
112,105,241.0
112,109,431.0
112,112,183.0
112,120,39109.0
112,127,1240.0
112,128,33511.0
112,130,37148.0
112,136,627.0
112,157,3.0
112,168,85.0
112,178,11641.0
112,182,1.0
113,2,3779.0
113,3,575.0
113,4,32060.0
113,5,243.0
113,6,2109.0
113,7,71815.0
113,8,3721.0
113,9,62967.0
113,10,5127.0
113,11,4623.0
113,13,5182.0
113,14,6012.0
113,15,57628.0
113,17,124742.0
113,18,35554.0
113,19,167.0
113,21,320.0
113,22,21363.0
113,23,86912.0
113,25,11.0
113,26,5848.0
113,27,67173.0
113,28,10379.0
113,29,26.0
113,30,3587.0
113,31,4332.0
113,32,40482.0
113,33,128.0
113,34,4536.0
113,35,9311.0
113,36,1150.0
113,37,21759.0
113,39,28735.0
113,40,11435.0
113,42,4338.0
113,44,31374.0
113,45,26300.0
113,49,32.0
113,52,99.0
113,58,2.0
113,59,3.0
113,60,73.0
113,63,2945.0
113,67,2.0
113,68,4085.0
113,69,363.0
113,70,428.0
113,71,39805.0
113,73,2901.0
113,75,17088.0
113,76,19.0
113,78,1355.0
113,80,2264.0
113,82,2934.0
113,84,3292.0
113,86,532.0
113,90,553.0
113,92,14971.0
113,96,128.0
113,100,14.0
113,102,4.0
113,105,1547.0
113,108,2.0
113,109,13329.0
113,110,25.0
113,112,279.0
113,115,3626.0
113,116,3.0
113,117,638.0
113,121,14.0
113,125,6224.0
113,133,107.0
113,134,15.0
113,138,53.0
113,146,38.0
113,150,3223.0
113,155,83.0
113,158,6124.0
113,159,9986.0
113,168,398.0
113,181,5113.0
113,187,201.0
113,213,29.0
114,2,10168.0
114,3,560.0
114,4,15545.0
114,5,955090.0
114,6,39105.0
114,7,814344.0
114,8,45608.0
114,9,768170.0
114,10,566.0
114,11,5742.0
114,13,2882.0
114,14,11844.0
114,15,213139.0
114,16,6791.0
114,17,8412.0
114,18,1626.0
114,19,1843.0
114,21,8842.0
114,22,80838.0
114,23,4652.0
114,25,41310.0
114,26,22514.0
114,27,224220.0
114,28,5296.0
114,29,49260.0
114,30,595.0
114,31,21068.0
114,32,324492.0
114,33,17578.0
114,34,19833.0
114,35,99486.0
114,36,15743.0
114,37,19382.0
114,39,727.0
114,40,155948.0
114,42,778.0
114,44,122689.0
114,45,132383.0
114,48,63.0
114,49,55692.0
114,51,120.0
114,52,267.0
114,53,7836.0
114,54,3516.0
114,55,18927.0
114,57,1135.0
114,58,7289.0
114,59,5306.0
114,60,3360.0
114,62,1542.0
114,63,1414.0
114,66,7139.0
114,68,767.0
114,70,48185.0
114,71,1796.0
114,73,173.0
114,74,39.0
114,76,97859.0
114,77,64.0
114,78,9723.0
114,79,4870.0
114,80,13954.0
114,82,23943.0
114,83,30.0
114,84,361.0
114,86,96.0
114,87,11.0
114,88,87.0
114,89,4705.0
114,90,199.0
114,91,51397.0
114,92,2682.0
114,94,182560.0
114,95,950.0
114,96,88889.0
114,97,27909.0
114,98,720.0
114,100,667.0
114,102,93.0
114,103,366.0
114,104,97.0
114,105,226.0
114,108,66954.0
114,109,18654.0
114,110,15.0
114,112,5629.0
114,113,1.0
114,116,102.0
114,117,978.0
114,119,53.0
114,121,245.0
114,125,1922.0
114,127,5485.0
114,128,1891.0
114,130,3.0
114,133,36.0
114,134,217.0
114,139,71.0
114,146,13414.0
114,148,150.0
114,150,40.0
114,156,9.0
114,157,34.0
114,158,2772.0
114,165,16.0
114,170,1256.0
114,173,20.0
114,178,284.0
114,180,101.0
114,182,5606.0
114,187,36988.0
114,193,26.0
114,213,311.0
115,2,3253.0
115,3,348.0
115,4,4273.0
115,6,3.0
115,7,36846.0
115,8,371.0
115,9,36134.0
115,10,341.0
115,11,1450.0
115,13,208.0
115,14,2631.0
115,15,16892.0
115,18,3414.0
115,19,2617.0
115,22,406.0
115,23,10159.0
115,26,324.0
115,27,16896.0
115,30,407.0
115,31,2.0
115,32,7971.0
115,34,83.0
115,35,13009.0
115,36,339.0
115,37,495.0
115,39,5494.0
115,40,7533.0
115,42,1360.0
115,44,26325.0
115,45,285.0
115,49,2.0
115,52,4705.0
115,60,70.0
115,63,3.0
115,68,182.0
115,69,3.0
115,71,7998.0
115,75,110143.0
115,78,93.0
115,80,808.0
115,82,17645.0
115,84,7539.0
115,86,39.0
115,92,18.0
115,98,11.0
115,102,1.0
115,105,224.0
115,109,41272.0
115,113,11785.0
115,138,5349.0
115,150,5929.0
115,158,28.0
115,168,129879.0
115,181,10065.0
115,187,197.0
116,2,419.0
116,3,3.0
116,4,43.0
116,5,21.0
116,6,44.0
116,7,156.0
116,8,63.0
116,9,91.0
116,10,2.0
116,11,24.0
116,13,156.0
116,14,588.0
116,15,1270.0
116,18,10.0
116,19,24588.0
116,22,406.0
116,23,101.0
116,25,31.0
116,26,43.0
116,30,126.0
116,31,10.0
116,32,111613.0
116,36,602.0
116,37,8.0
116,39,399.0
116,42,3852.0
116,44,4.0
116,45,5977.0
116,52,318.0
116,59,61.0
116,62,26.0
116,63,208.0
116,68,55.0
116,69,149.0
116,70,88.0
116,72,60.0
116,73,160.0
116,83,457.0
116,84,4.0
116,88,2.0
116,98,52.0
116,109,82.0
116,117,4070.0
116,121,940.0
116,146,8.0
116,213,4.0
117,2,15.0
117,3,1549.0
117,4,1473.0
117,6,67.0
117,7,6439.0
117,8,60.0
117,9,6379.0
117,11,1241.0
117,13,510.0
117,14,1541.0
117,15,37328.0
117,17,527.0
117,19,1582.0
117,22,6427.0
117,23,1139.0
117,25,283.0
117,27,2171.0
117,28,1007.0
117,30,20336.0
117,31,4.0
117,32,3477.0
117,33,220.0
117,34,66.0
117,35,1006.0
117,36,673.0
117,37,1564.0
117,40,8012.0
117,42,70106.0
117,44,562.0
117,45,744.0
117,52,101.0
117,60,12.0
117,62,1.0
117,63,1569.0
117,68,173.0
117,69,130.0
117,70,1489.0
117,72,32206.0
117,73,45074.0
117,80,6598.0
117,83,8233.0
117,84,974.0
117,86,2.0
117,87,371.0
117,89,1225.0
117,90,45.0
117,94,4476.0
117,96,18.0
117,98,6928.0
117,100,14841.0
117,102,2.0
117,105,15.0
117,108,14.0
117,116,6396.0
117,121,18800.0
117,125,255.0
117,133,4570.0
117,193,8.0
118,4,1712.0
118,6,13.0
118,14,1416.0
118,15,503.0
118,17,65.0
118,18,6883.0
118,22,214.0
118,23,270.0
118,25,10.0
118,27,29.0
118,28,1.0
118,30,35.0
118,32,21.0
118,39,610.0
118,40,6.0
118,44,82.0
118,45,769.0
118,51,2.0
118,57,248.0
118,63,93.0
118,77,2.0
118,78,611.0
118,82,1948.0
118,91,555.0
118,98,5.0
118,103,121.0
118,109,1.0
118,116,5.0
118,168,12.0
118,193,9.0
119,2,4147.0
119,3,320.0
119,4,210613.0
119,5,8386.0
119,6,16720.0
119,7,55902.0
119,8,91.0
119,9,55429.0
119,10,382.0
119,11,2.0
119,13,1759.0
119,14,226673.0
119,15,132475.0
119,17,58385.0
119,18,31544.0
119,19,3606.0
119,21,25.0
119,22,60764.0
119,23,134005.0
119,25,2019.0
119,26,134588.0
119,27,569886.0
119,28,641.0
119,29,480.0
119,30,27104.0
119,31,15377.0
119,32,116578.0
119,33,105.0
119,34,30785.0
119,35,102367.0
119,36,1212.0
119,37,108076.0
119,39,24277.0
119,40,126857.0
119,44,246444.0
119,45,196292.0
119,51,830.0
119,52,4892.0
119,53,44.0
119,54,1281.0
119,57,734.0
119,59,4907.0
119,60,12462.0
119,62,3.0
119,63,1306.0
119,67,53.0
119,68,283.0
119,70,2.0
119,71,102.0
119,74,1694.0
119,75,6.0
119,76,751.0
119,77,34.0
119,78,4453.0
119,80,160.0
119,82,964.0
119,84,1000.0
119,86,21927.0
119,87,3589.0
119,90,1485.0
119,98,3065.0
119,102,2.0
119,103,327.0
119,105,3687.0
119,109,2787.0
119,110,4294.0
119,112,7.0
119,113,104.0
119,116,948.0
119,117,34959.0
119,118,64.0
119,120,1.0
119,121,3878.0
119,134,1.0
119,138,5.0
119,146,240.0
119,157,3904.0
119,158,28.0
119,170,4165.0
119,173,5337.0
119,180,1057.0
119,187,8109.0
119,193,321.0
119,213,7.0
120,2,131.0
120,4,6785.0
120,6,4731.0
120,7,660.0
120,8,61.0
120,9,593.0
120,10,6.0
120,14,10049.0
120,15,4925.0
120,16,25.0
120,22,1347.0
120,23,33.0
120,25,341.0
120,27,27759.0
120,28,62.0
120,30,653.0
120,32,221.0
120,34,5.0
120,36,75.0
120,37,99.0
120,39,15.0
120,40,49.0
120,42,21.0
120,44,44956.0
120,45,24369.0
120,51,2.0
120,60,1.0
120,76,1711.0
120,80,9.0
120,82,58299.0
120,94,3784.0
120,103,33567.0
120,109,310.0
120,112,17829.0
120,116,2.0
120,127,541.0
120,128,9862.0
120,130,2639.0
120,156,2.0
120,178,3457.0
120,182,3.0
121,2,84.0
121,3,3339.0
121,4,7899.0
121,6,566.0
121,7,4801.0
121,8,816.0
121,9,3966.0
121,10,19.0
121,11,27323.0
121,13,26794.0
121,14,7417.0
121,15,101704.0
121,16,100.0
121,18,25.0
121,21,3279.0
121,22,23699.0
121,23,654.0
121,25,386.0
121,26,1871.0
121,27,24291.0
121,28,329.0
121,29,9.0
121,30,24331.0
121,31,317.0
121,32,81676.0
121,33,30094.0
121,34,870.0
121,35,29109.0
121,36,8391.0
121,37,676.0
121,39,1691.0
121,40,2969.0
121,42,348.0
121,44,11777.0
121,45,53901.0
121,51,19.0
121,52,323.0
121,58,1.0
121,60,398.0
121,62,862.0
121,63,895.0
121,67,11344.0
121,68,4095.0
121,69,191.0
121,70,2027.0
121,71,2017.0
121,72,154.0
121,73,279525.0
121,76,9.0
121,78,77.0
121,80,11323.0
121,82,2280.0
121,83,245.0
121,84,858.0
121,87,6615.0
121,88,164.0
121,89,229.0
121,91,5301.0
121,92,279.0
121,96,40.0
121,98,144493.0
121,100,742.0
121,102,48.0
121,105,74.0
121,109,220.0
121,112,5.0
121,113,23328.0
121,116,1028.0
121,117,4143.0
121,119,61.0
121,128,10.0
121,133,2871.0
121,146,9.0
121,148,33.0
121,178,8.0
122,2,362.0
122,4,1640.0
122,6,132.0
122,7,68061.0
122,8,98.0
122,9,65725.0
122,10,2238.0
122,14,5148.0
122,15,2599.0
122,17,1079.0
122,18,20159.0
122,22,6126.0
122,23,12.0
122,25,2.0
122,26,2156.0
122,27,3261.0
122,28,10510.0
122,31,3.0
122,32,1.0
122,35,328.0
122,37,75.0
122,39,13610.0
122,40,1308.0
122,42,3.0
122,45,350.0
122,51,75.0
122,59,154.0
122,60,2.0
122,63,166.0
122,68,125.0
122,71,54.0
122,75,1.0
122,78,4092.0
122,80,22.0
122,82,950.0
122,89,702.0
122,91,8.0
122,102,24.0
122,109,1.0
122,112,1.0
122,113,4.0
122,116,2.0
122,117,54.0
122,119,31.0
122,130,59.0
122,150,1736.0
122,156,2.0
122,157,3260.0
122,170,855.0
122,173,1.0
122,180,102.0
122,181,12.0
122,187,78.0
122,193,191.0
122,213,202.0
123,6,3.0
123,27,70.0
123,75,203.0
123,110,6.0
123,116,1.0
123,193,16.0
124,2,101.0
124,3,97.0
124,4,62782.0
124,5,421.0
124,6,42633.0
124,7,16347.0
124,8,80.0
124,9,15431.0
124,10,836.0
124,11,5.0
124,13,15.0
124,14,49129.0
124,15,117097.0
124,16,250.0
124,17,16662.0
124,18,6273.0
124,21,325.0
124,22,33741.0
124,23,61998.0
124,25,2191.0
124,26,31298.0
124,27,389851.0
124,28,11099.0
124,29,727.0
124,30,7500.0
124,31,2.0
124,32,4105.0
124,33,397.0
124,34,33311.0
124,35,86919.0
124,36,462.0
124,37,59.0
124,39,7322.0
124,40,78375.0
124,42,9604.0
124,44,42387.0
124,45,68120.0
124,49,1863.0
124,51,55.0
124,54,1577.0
124,55,97.0
124,57,19.0
124,59,5742.0
124,60,213.0
124,62,7.0
124,63,219.0
124,68,951.0
124,69,67.0
124,70,1051.0
124,71,333.0
124,73,56.0
124,75,6.0
124,76,14828.0
124,77,19.0
124,78,20273.0
124,80,51.0
124,82,3428.0
124,83,1.0
124,84,781.0
124,86,112.0
124,89,38127.0
124,90,228.0
124,91,8.0
124,94,45.0
124,96,74.0
124,97,32.0
124,102,1.0
124,103,32.0
124,105,3.0
124,109,8798.0
124,113,7.0
124,116,201.0
124,117,12053.0
124,119,8448.0
124,121,35.0
124,128,5.0
124,130,2.0
124,134,124.0
124,138,15.0
124,146,79.0
124,157,40973.0
124,158,48.0
124,168,1233.0
124,170,33.0
124,173,6205.0
124,180,3213.0
124,182,1.0
124,187,558.0
124,193,40.0
125,2,652.0
125,4,182.0
125,6,88.0
125,7,458.0
125,8,370.0
125,9,88.0
125,14,84.0
125,15,3.0
125,17,3258.0
125,18,64.0
125,19,75.0
125,21,22.0
125,22,699.0
125,23,5916.0
125,25,1619.0
125,26,482.0
125,27,135.0
125,28,614.0
125,29,32.0
125,33,165723.0
125,34,716.0
125,35,267.0
125,36,1.0
125,37,1.0
125,39,13.0
125,40,250.0
125,44,267.0
125,45,461.0
125,54,99.0
125,57,42.0
125,59,455.0
125,62,14.0
125,63,5.0
125,67,2266.0
125,68,29.0
125,71,494.0
125,72,1.0
125,78,61.0
125,89,1599.0
125,91,412.0
125,92,64.0
125,105,489.0
125,109,268.0
125,110,18.0
125,113,424.0
125,115,109.0
125,116,108.0
125,119,47.0
125,133,2.0
125,134,10615.0
125,138,185.0
125,146,6270.0
125,148,11.0
125,150,231.0
125,155,37.0
125,158,20111.0
125,166,8.0
125,187,17.0
125,193,12.0
125,212,354.0
125,213,9.0
126,2,203.0
126,3,1.0
126,4,3935.0
126,6,49.0
126,7,289.0
126,9,289.0
126,13,9.0
126,14,813.0
126,15,4682.0
126,18,24.0
126,22,765.0
126,25,67.0
126,26,52.0
126,27,22534.0
126,28,12.0
126,30,290.0
126,32,36.0
126,35,1486.0
126,36,180.0
126,37,25.0
126,40,140.0
126,44,261.0
126,45,222.0
126,60,31.0
126,63,337.0
126,78,231.0
126,82,2690.0
126,84,302.0
126,88,3.0
126,89,87.0
126,92,25.0
126,105,20.0
126,109,1.0
126,110,7.0
126,116,3.0
126,119,62.0
126,125,1646.0
126,128,2.0
126,193,8.0
127,4,67.0
127,15,1.0
127,27,110.0
127,29,79.0
127,45,18.0
127,77,1.0
127,88,118.0
127,94,2.0
127,110,14.0
127,130,1.0
127,158,93.0
128,2,1358.0
128,6,5801.0
128,7,8.0
128,9,8.0
128,14,6392.0
128,15,536.0
128,22,351.0
128,23,78.0
128,26,6.0
128,27,1922.0
128,32,92.0
128,36,44.0
128,37,93.0
128,39,130.0
128,44,11381.0
128,45,14555.0
128,51,7.0
128,55,32.0
128,58,23.0
128,60,37.0
128,72,1.0
128,76,111.0
128,78,9.0
128,80,44.0
128,90,12.0
128,94,5.0
128,99,5.0
128,103,3141.0
128,105,734.0
128,109,7.0
128,112,5724.0
128,117,19.0
128,120,1814.0
128,124,468.0
128,127,13.0
128,128,4.0
128,130,555.0
128,136,158.0
128,155,5.0
128,178,2922.0
129,2,266.0
129,14,103.0
129,17,37.0
129,23,20.0
129,26,90.0
129,27,8279.0
129,28,28.0
129,34,78.0
129,37,2.0
129,39,3.0
129,44,8.0
129,45,302.0
129,55,12.0
129,94,326.0
129,99,2.0
129,103,2622.0
129,105,2.0
129,108,6.0
129,112,899.0
129,119,8.0
129,120,233.0
129,127,7566.0
129,128,119.0
129,130,401.0
129,133,6.0
129,134,38.0
129,155,15.0
129,178,2.0
129,193,2643.0
130,2,44.0
130,4,1284.0
130,6,11.0
130,7,72.0
130,8,72.0
130,11,51.0
130,14,43948.0
130,15,561.0
130,17,8.0
130,27,15914.0
130,31,120.0
130,32,1.0
130,35,37.0
130,39,6.0
130,44,340.0
130,45,3.0
130,62,32.0
130,67,4.0
130,80,16.0
130,82,2416.0
130,86,177.0
130,91,8.0
130,103,10639.0
130,109,60.0
130,112,1862.0
130,120,3708.0
130,127,224.0
130,128,128.0
130,146,46.0
130,156,1.0
130,178,26.0
131,2,2.0
131,6,1.0
131,7,54.0
131,10,54.0
131,18,1556.0
131,71,1.0
131,99,3.0
131,105,5.0
131,117,2.0
131,165,39.0
132,2,3.0
132,3,10.0
132,6,317.0
132,11,36.0
132,13,162.0
132,14,6349.0
132,18,1.0
132,23,84.0
132,27,27.0
132,31,34.0
132,37,113.0
132,44,118.0
132,45,70.0
132,54,467.0
132,57,11.0
132,67,81.0
132,68,2.0
132,75,2163.0
132,84,15.0
132,94,19.0
132,112,2.0
132,120,24.0
132,124,49.0
132,127,24.0
132,128,248.0
132,130,39.0
132,136,5.0
132,148,24.0
132,155,14.0
132,168,8.0
132,178,81.0
132,213,5.0
133,1,8227.0
133,2,15.0
133,4,585.0
133,6,54.0
133,7,90.0
133,8,54.0
133,9,36.0
133,14,211.0
133,15,9914.0
133,18,504.0
133,19,15037.0
133,21,5.0
133,22,5541.0
133,23,74.0
133,25,10.0
133,29,11.0
133,30,2476.0
133,31,15.0
133,32,235156.0
133,33,85.0
133,37,92.0
133,39,128.0
133,40,8834.0
133,42,2707.0
133,44,47.0
133,45,1899.0
133,51,7.0
133,60,7.0
133,63,147.0
133,68,202.0
133,69,20.0
133,70,163.0
133,72,3062.0
133,73,1056.0
133,76,2.0
133,77,2.0
133,80,1.0
133,83,129.0
133,98,395.0
133,105,56.0
133,117,2160.0
133,121,933.0
133,134,1.0
133,157,59.0
133,178,4.0
133,193,27.0
134,2,33.0
134,4,1.0
134,6,19.0
134,7,903.0
134,8,606.0
134,9,297.0
134,14,10.0
134,15,55.0
134,17,252.0
134,19,321.0
134,22,3.0
134,25,1675.0
134,26,136.0
134,28,2047.0
134,29,5.0
134,31,1.0
134,32,16.0
134,33,148026.0
134,34,295.0
134,37,3.0
134,39,161.0
134,40,9.0
134,45,1967.0
134,68,14.0
134,71,29.0
134,76,1.0
134,89,378.0
134,109,16.0
134,110,2.0
134,125,10579.0
134,130,31.0
134,134,9.0
134,146,6224.0
134,150,541.0
134,155,53.0
134,158,19544.0
134,212,4.0
135,2,869.0
135,4,5485.0
135,5,747.0
135,6,1576.0
135,7,26738.0
135,8,3900.0
135,9,18994.0
135,10,3844.0
135,11,679.0
135,14,1331.0
135,15,5660.0
135,17,28018.0
135,18,444.0
135,19,130.0
135,21,12.0
135,22,3905.0
135,23,393.0
135,25,35.0
135,26,6662.0
135,27,12925.0
135,28,9525.0
135,29,6281.0
135,30,1282.0
135,31,5597.0
135,32,1821.0
135,33,14270.0
135,34,4889.0
135,35,726.0
135,36,176.0
135,37,203.0
135,39,186.0
135,40,4152.0
135,42,524.0
135,44,16728.0
135,45,17677.0
135,54,55.0
135,57,8.0
135,59,60.0
135,62,98.0
135,68,924.0
135,69,113.0
135,71,35.0
135,76,77.0
135,80,51.0
135,82,96.0
135,83,21.0
135,84,556.0
135,103,172.0
135,105,180.0
135,109,1056.0
135,110,470.0
135,117,1175.0
135,119,96.0
135,125,122.0
135,133,37.0
135,134,1064.0
135,136,1.0
135,139,7.0
135,146,94.0
135,155,2055.0
135,157,10.0
135,158,2754.0
135,168,14661.0
135,170,36.0
135,173,4.0
135,178,3.0
135,180,71.0
135,187,533.0
135,190,2242.0
135,212,69.0
135,213,161.0
136,2,204.0
136,4,1364.0
136,5,45.0
136,6,4327.0
136,7,115.0
136,8,85.0
136,9,6.0
136,10,24.0
136,11,97.0
136,14,200.0
136,16,202.0
136,17,9.0
136,18,165.0
136,21,8725.0
136,22,64.0
136,23,6003.0
136,27,10692.0
136,35,45.0
136,36,2.0
136,37,32.0
136,39,11.0
136,44,89263.0
136,45,31406.0
136,48,40.0
136,58,16.0
136,80,15.0
136,82,508.0
136,97,10.0
136,103,6998.0
136,105,70.0
136,112,9477.0
136,120,724.0
136,128,1330.0
136,134,151.0
136,155,440.0
136,157,1.0
136,178,21.0
137,2,41.0
137,5,71.0
137,6,894.0
137,11,180.0
137,13,20.0
137,22,16.0
137,23,16.0
137,30,2.0
137,32,204.0
137,36,1.0
137,39,1.0
137,44,204.0
137,45,1470.0
137,55,3390.0
137,60,22.0
137,63,200.0
137,70,1930.0
137,80,21.0
137,83,1.0
137,103,1.0
137,109,1.0
137,117,2.0
137,150,2.0
137,157,66.0
138,2,9.0
138,7,15.0
138,8,4.0
138,9,11.0
138,14,2652.0
138,15,19836.0
138,21,1.0
138,27,1219.0
138,35,122.0
138,37,42.0
138,39,254.0
138,44,32885.0
138,58,12.0
138,62,80.0
138,68,2970.0
138,69,12.0
138,75,309.0
138,76,3.0
138,80,10708.0
138,92,51.0
138,115,2154.0
138,119,1.0
138,168,23934.0
139,2,880.0
139,3,5.0
139,4,532.0
139,6,12.0
139,7,44238.0
139,8,296.0
139,9,41162.0
139,10,2780.0
139,11,12.0
139,13,3.0
139,14,26347.0
139,15,1644.0
139,17,5690.0
139,18,685.0
139,22,734.0
139,23,162.0
139,26,23480.0
139,27,1223.0
139,30,128.0
139,31,11072.0
139,32,793.0
139,34,5926.0
139,35,914.0
139,36,507.0
139,37,7714.0
139,39,67913.0
139,44,4547.0
139,45,6763.0
139,63,120.0
139,73,1562.0
139,82,1530.0
139,88,564.0
139,98,14.0
139,102,1.0
139,105,39.0
139,109,121.0
139,110,167.0
139,117,1797.0
139,121,346.0
139,134,3.0
139,150,6.0
139,157,1.0
139,158,4.0
139,159,1230.0
139,168,334.0
139,187,13.0
140,2,196.0
140,6,580.0
140,8,32195.0
140,9,251.0
140,10,138.0
140,14,12.0
140,15,1.0
140,25,1.0
140,26,719.0
140,27,7.0
140,31,1.0
140,34,1031.0
140,37,5.0
140,39,2.0
140,44,74.0
140,45,1121.0
140,71,11.0
140,82,4.0
140,105,9.0
140,109,179.0
140,156,12.0
140,182,1.0
141,2,21.0
141,3,62.0
141,7,21367.0
141,9,19190.0
141,10,2177.0
141,14,113.0
141,17,23.0
141,25,175.0
141,27,1.0
141,28,791.0
141,32,20.0
141,39,76.0
141,42,8.0
141,52,7.0
141,55,78.0
141,63,88.0
141,67,87.0
141,86,6.0
141,92,2.0
141,94,165.0
141,95,3.0
141,97,19.0
141,103,42.0
141,110,70.0
141,115,14.0
141,130,346.0
141,158,1.0
141,187,45.0
142,2,164.0
142,4,10010.0
142,5,76.0
142,6,19.0
142,7,113.0
142,9,113.0
142,13,347.0
142,14,5995.0
142,15,6322.0
142,17,771.0
142,22,4972.0
142,26,533.0
142,27,3274.0
142,28,50.0
142,30,1254.0
142,32,527.0
142,35,1544.0
142,37,560.0
142,40,581.0
142,44,463.0
142,45,3437.0
142,51,7.0
142,57,5367.0
142,59,152.0
142,68,49.0
142,70,164.0
142,71,13438.0
142,75,57.0
142,78,3615.0
142,80,3.0
142,92,595.0
142,109,1062.0
142,113,71.0
142,115,74.0
142,118,10.0
142,120,3.0
142,124,97.0
142,155,30.0
142,159,26267.0
142,168,2094.0
142,181,95.0
143,2,102.0
143,4,615.0
143,5,440.0
143,7,548.0
143,8,48.0
143,9,500.0
143,13,320.0
143,15,401.0
143,17,591.0
143,18,262.0
143,22,2346.0
143,27,577.0
143,28,660.0
143,33,15222.0
143,35,459.0
143,36,4942.0
143,40,174.0
143,44,78.0
143,45,855.0
143,63,236.0
143,109,2.0
143,125,3409.0
143,146,118.0
143,158,42.0
143,187,1876.0
144,2,7.0
144,7,354.0
144,9,354.0
144,15,24.0
144,18,116.0
144,22,215.0
144,33,3065.0
144,36,4.0
144,37,4.0
144,90,9.0
144,92,96.0
144,113,2.0
144,134,2.0
145,2,38.0
145,3,99.0
145,4,3312.0
145,6,138.0
145,7,685.0
145,8,8.0
145,9,675.0
145,10,2.0
145,14,14271.0
145,15,14377.0
145,16,1.0
145,17,7578.0
145,22,2875.0
145,23,3.0
145,26,1704.0
145,27,1033.0
145,30,5027.0
145,32,93.0
145,35,7206.0
145,36,1120.0
145,37,74.0
145,39,11.0
145,40,2197.0
145,42,658.0
145,44,2783.0
145,45,1160.0
145,59,1.0
145,60,3.0
145,63,1409.0
145,78,8859.0
145,80,98.0
145,82,13.0
145,84,686.0
145,109,1786.0
145,170,2.0
145,187,1155.0
145,193,596.0
146,2,518.0
146,3,169.0
146,4,210.0
146,6,1251.0
146,7,2388.0
146,8,2292.0
146,9,96.0
146,11,146.0
146,14,1017.0
146,15,1361.0
146,17,92.0
146,19,1692.0
146,21,12.0
146,22,358.0
146,23,44.0
146,25,20118.0
146,26,208.0
146,27,397.0
146,28,448.0
146,30,346.0
146,31,8.0
146,32,10367.0
146,33,55113.0
146,34,7.0
146,35,331.0
146,36,337.0
146,37,132.0
146,39,64.0
146,40,398.0
146,42,685.0
146,44,5867.0
146,45,5779.0
146,51,168.0
146,52,2797.0
146,59,23.0
146,60,117.0
146,62,48.0
146,63,202.0
146,67,371.0
146,68,374.0
146,69,6197.0
146,70,9153.0
146,71,70.0
146,73,26.0
146,76,2.0
146,78,751.0
146,80,30.0
146,82,109.0
146,83,36.0
146,84,3807.0
146,87,197.0
146,89,64712.0
146,90,16.0
146,91,972.0
146,96,6.0
146,100,191.0
146,105,35.0
146,108,1.0
146,109,76.0
146,110,212.0
146,117,72.0
146,119,60.0
146,121,48.0
146,125,2769.0
146,133,228.0
146,134,4907.0
146,150,60.0
146,155,31.0
146,158,14494.0
146,168,3985.0
146,187,377.0
146,212,140.0
146,213,9.0
147,2,147.0
147,3,441.0
147,4,9012.0
147,6,31.0
147,7,54143.0
147,8,12.0
147,9,53929.0
147,10,202.0
147,11,38.0
147,14,1683.0
147,15,9905.0
147,17,41.0
147,18,265.0
147,22,4288.0
147,23,6732.0
147,27,1030.0
147,30,5628.0
147,31,71.0
147,34,321.0
147,35,764.0
147,36,457.0
147,37,19.0
147,39,48123.0
147,42,240.0
147,44,20481.0
147,45,1474.0
147,80,33.0
147,82,849.0
147,84,368.0
147,105,168.0
147,125,586.0
147,138,7.0
147,139,493.0
147,158,7.0
148,2,174.0
148,3,235.0
148,4,60.0
148,5,20.0
148,6,573.0
148,7,84.0
148,8,12.0
148,9,72.0
148,11,112.0
148,13,1.0
148,14,2374.0
148,15,286.0
148,17,53.0
148,19,6740.0
148,21,5670.0
148,22,9186.0
148,23,80.0
148,25,506.0
148,27,5673.0
148,30,28.0
148,33,14027.0
148,34,321.0
148,35,1979.0
148,36,1166.0
148,37,65.0
148,39,1.0
148,44,1788.0
148,45,76.0
148,52,908.0
148,53,1709.0
148,54,613.0
148,55,83.0
148,57,57.0
148,59,31.0
148,60,1.0
148,62,254.0
148,63,5507.0
148,67,174.0
148,68,290.0
148,69,278.0
148,70,830.0
148,71,65.0
148,73,40.0
148,80,1.0
148,82,831.0
148,84,210.0
148,87,13.0
148,88,66.0
148,91,78.0
148,102,3.0
148,104,7.0
148,113,1.0
148,118,33.0
148,119,112.0
148,121,501.0
148,125,3019.0
148,133,6.0
148,134,1050.0
148,146,460.0
148,150,94.0
148,155,32.0
148,156,6.0
148,157,207.0
148,158,2232.0
148,170,106.0
148,173,21.0
148,187,341.0
148,193,14.0
148,212,374.0
148,213,188.0
149,2,190.0
149,4,88.0
149,7,15.0
149,10,15.0
149,15,1.0
149,17,29.0
149,27,1.0
149,31,79.0
149,44,5.0
149,45,2999.0
149,68,41.0
149,99,3.0
149,113,13.0
150,2,647.0
150,3,1649.0
150,4,6374.0
150,6,303.0
150,7,1753.0
150,8,1324.0
150,9,361.0
150,10,68.0
150,11,106.0
150,13,26.0
150,14,64970.0
150,15,5133.0
150,17,59.0
150,21,1801.0
150,22,71505.0
150,23,772.0
150,25,27.0
150,27,5663.0
150,29,146.0
150,30,1415.0
150,31,2515.0
150,32,7986.0
150,33,551.0
150,34,276.0
150,35,15387.0
150,36,147.0
150,37,867.0
150,39,442.0
150,40,85.0
150,42,99.0
150,44,45284.0
150,45,7968.0
150,48,3.0
150,51,138.0
150,52,637.0
150,60,529.0
150,63,373.0
150,67,1.0
150,68,9070.0
150,70,706.0
150,71,8845.0
150,73,2.0
150,75,1460.0
150,76,2.0
150,77,117.0
150,80,150.0
150,82,12508.0
150,83,1.0
150,84,435.0
150,86,95.0
150,87,74.0
150,90,51.0
150,92,2642.0
150,102,8.0
150,104,29979.0
150,105,73.0
150,109,2052.0
150,110,949.0
150,113,857.0
150,115,3175.0
150,116,2.0
150,117,118.0
150,119,425.0
150,125,188.0
150,134,17.0
150,138,2149.0
150,146,12.0
150,158,16.0
150,168,8772.0
150,170,7.0
150,180,1809.0
150,181,35.0
150,212,3.0
151,2,6.0
151,3,329.0
151,4,13.0
151,6,4.0
151,7,58378.0
151,9,58359.0
151,10,19.0
151,14,1.0
151,15,4829.0
151,17,774.0
151,19,2472.0
151,22,4431.0
151,23,274.0
151,25,54.0
151,30,31.0
151,31,420.0
151,32,27044.0
151,34,73.0
151,36,17.0
151,37,1065.0
151,39,3.0
151,40,90.0
151,44,43.0
151,45,1533.0
151,63,1.0
151,89,139.0
151,178,1.0
152,2,1206.0
152,3,70.0
152,4,7220.0
152,5,2101.0
152,6,1212.0
152,7,29438.0
152,8,897.0
152,9,26906.0
152,10,1635.0
152,11,755.0
152,14,2123.0
152,15,32434.0
152,16,681.0
152,17,10932.0
152,18,19749.0
152,19,4551.0
152,21,6.0
152,22,587.0
152,23,4866.0
152,25,1501.0
152,26,2144.0
152,27,32239.0
152,28,502.0
152,29,7276.0
152,30,1746.0
152,31,1132.0
152,32,33818.0
152,33,81.0
152,34,1033.0
152,35,8591.0
152,36,11.0
152,37,5844.0
152,39,8065.0
152,40,11329.0
152,42,4201.0
152,44,19103.0
152,45,34972.0
152,49,1764.0
152,51,4.0
152,60,2477.0
152,63,267.0
152,66,104.0
152,68,4310.0
152,69,261.0
152,71,491.0
152,73,3674.0
152,75,25227.0
152,76,5800.0
152,80,2.0
152,82,21143.0
152,84,6192.0
152,86,664.0
152,99,1.0
152,104,5705.0
152,109,30115.0
152,112,21.0
152,113,5342.0
152,115,4606.0
152,117,767.0
152,133,4.0
152,134,766.0
152,146,24.0
152,150,2676.0
152,158,34.0
152,168,95177.0
152,181,372.0
153,2,1337.0
153,4,941.0
153,6,1.0
153,7,261764.0
153,8,1290.0
153,9,242650.0
153,10,17824.0
153,14,96.0
153,15,720.0
153,17,350438.0
153,18,28429.0
153,19,86.0
153,22,408.0
153,23,40265.0
153,25,7.0
153,26,127230.0
153,27,3282.0
153,28,21306.0
153,29,11110.0
153,30,262.0
153,31,25812.0
153,32,6563.0
153,33,1539.0
153,34,10992.0
153,35,235.0
153,37,35.0
153,39,44087.0
153,40,24.0
153,42,96.0
153,44,6274.0
153,48,125.0
153,54,4125.0
153,59,30272.0
153,63,265.0
153,68,27.0
153,70,399.0
153,71,20.0
153,73,35.0
153,77,18.0
153,82,125.0
153,92,418.0
153,99,55.0
153,102,1.0
153,104,300.0
153,105,224.0
153,109,86.0
153,110,6378.0
153,112,18.0
153,116,69.0
153,117,3.0
153,125,137.0
153,134,760.0
153,139,24.0
153,150,213.0
153,157,1526.0
153,158,2340.0
153,170,18510.0
153,173,276.0
154,2,68.0
154,3,68.0
154,4,694.0
154,5,12.0
154,6,58.0
154,7,249.0
154,8,199.0
154,9,29.0
154,10,21.0
154,11,14.0
154,13,1.0
154,14,3412.0
154,15,1429.0
154,17,23398.0
154,18,33.0
154,22,1980.0
154,23,57.0
154,27,55275.0
154,31,2.0
154,32,4122.0
154,33,186.0
154,35,473.0
154,36,9.0
154,40,11.0
154,42,5.0
154,44,58363.0
154,45,98.0
154,51,5.0
154,52,8.0
154,54,740.0
154,60,31.0
154,62,731.0
154,68,524.0
154,69,41.0
154,70,110.0
154,71,227.0
154,73,46.0
154,75,38.0
154,77,5.0
154,78,2.0
154,80,17839.0
154,83,9.0
154,86,9.0
154,87,1.0
154,92,79.0
154,97,18.0
154,99,2.0
154,102,69.0
154,105,20.0
154,109,166.0
154,110,64.0
154,113,516.0
154,115,3967.0
154,117,97.0
154,118,33.0
154,138,19036.0
154,139,1.0
154,148,247.0
154,166,1.0
154,168,5666.0
154,178,33.0
155,2,174.0
155,3,15.0
155,4,201.0
155,6,156.0
155,7,329.0
155,8,135.0
155,9,125.0
155,10,69.0
155,11,16.0
155,13,11.0
155,14,166.0
155,15,551.0
155,17,82110.0
155,18,6.0
155,22,40.0
155,23,770.0
155,26,26.0
155,27,99.0
155,28,269.0
155,29,5.0
155,30,4.0
155,31,179.0
155,32,131.0
155,33,122.0
155,34,2119.0
155,36,42.0
155,37,74.0
155,39,15.0
155,40,1.0
155,42,1.0
155,44,394.0
155,45,1840.0
155,63,262.0
155,69,202.0
155,70,29.0
155,73,3.0
155,76,2.0
155,80,1.0
155,96,2.0
155,105,3.0
155,109,1.0
155,110,47.0
155,113,2.0
155,158,1014.0
155,190,404.0
156,2,128.0
156,4,3.0
156,7,121.0
156,9,112.0
156,10,9.0
156,14,2632.0
156,15,237.0
156,18,24.0
156,22,48.0
156,23,1439.0
156,27,1.0
156,31,50.0
156,35,30.0
156,45,92.0
156,99,1.0
156,104,192.0
156,105,426.0
156,120,1.0
156,130,104.0
156,166,454.0
156,178,1.0
156,182,369.0
157,2,103.0
157,6,2.0
157,7,141.0
157,9,141.0
157,14,24.0
157,25,3.0
157,35,1446.0
157,37,5.0
157,42,4.0
157,44,69.0
157,45,40.0
157,58,4.0
157,59,610.0
157,60,15.0
157,67,109.0
157,68,30.0
157,75,65.0
157,76,42.0
157,86,10.0
157,109,2.0
157,110,56.0
157,119,10578.0
157,134,12.0
157,158,6.0
157,170,123.0
157,173,21.0
157,180,48.0
157,193,57.0
158,2,1.0
158,3,15.0
158,4,53.0
158,7,4.0
158,8,3.0
158,9,1.0
158,11,6.0
158,14,107.0
158,15,39.0
158,17,169.0
158,25,195.0
158,26,32.0
158,27,101.0
158,28,151.0
158,31,1.0
158,33,6913.0
158,34,62.0
158,37,12.0
158,39,1.0
158,40,553.0
158,44,37.0
158,45,164.0
158,78,14.0
158,82,5.0
158,89,357.0
158,109,13.0
158,110,14.0
158,119,1.0
158,125,244.0
158,134,502.0
158,193,42.0
159,2,35.0
159,4,13425.0
159,6,411.0
159,7,185.0
159,8,5.0
159,9,47.0
159,10,133.0
159,11,80.0
159,13,650.0
159,14,3018.0
159,15,15648.0
159,22,614.0
159,23,501.0
159,27,1.0
159,28,17676.0
159,30,2077.0
159,31,42.0
159,32,1284.0
159,35,254.0
159,36,1112.0
159,37,3.0
159,39,2.0
159,42,1.0
159,44,6894.0
159,45,19916.0
159,51,14.0
159,68,7.0
159,70,67.0
159,71,3089.0
159,78,239.0
159,80,63.0
159,82,1162.0
159,84,1645.0
159,92,1751.0
159,105,16.0
159,109,253.0
159,113,85.0
159,117,4.0
159,138,3.0
159,168,3.0
159,181,1058.0
160,2,13.0
160,6,91.0
160,14,123.0
160,15,61.0
160,18,132.0
160,22,17.0
160,27,48.0
160,30,1.0
160,35,15.0
160,44,20247.0
160,45,503.0
160,103,72.0
160,105,2.0
160,112,4756.0
160,120,1218.0
160,128,6086.0
160,136,153.0
160,178,1840.0
161,2,382.0
161,5,16.0
161,6,191.0
161,7,8.0
161,9,4.0
161,10,4.0
161,19,366.0
161,23,160.0
161,26,37.0
161,27,134.0
161,30,1.0
161,31,87.0
161,34,220.0
161,37,11.0
161,39,5.0
161,44,104.0
161,45,1288.0
161,99,62.0
161,105,697.0
161,110,13.0
162,2,265.0
162,6,128.0
162,7,252.0
162,8,212.0
162,9,40.0
162,14,408.0
162,15,4064.0
162,18,10964.0
162,22,3678.0
162,23,7.0
162,26,3721.0
162,27,2219.0
162,28,6.0
162,29,6030.0
162,31,2.0
162,32,14.0
162,34,2306.0
162,35,10139.0
162,44,1973.0
162,45,922.0
162,60,1.0
162,76,14.0
162,88,21.0
162,99,11.0
162,105,5.0
162,134,32.0
162,156,1.0
162,166,16.0
163,2,57829.0
163,4,18.0
163,6,117.0
163,7,713.0
163,8,461.0
163,9,1.0
163,10,251.0
163,11,54.0
163,14,15864.0
163,15,18516.0
163,17,121.0
163,18,197.0
163,21,741.0
163,22,35398.0
163,23,1742.0
163,26,75.0
163,27,17594.0
163,29,6.0
163,30,25327.0
163,31,44.0
163,32,1781.0
163,33,312.0
163,34,140.0
163,35,10119.0
163,36,555.0
163,37,114.0
163,39,52.0
163,42,191.0
163,44,19465.0
163,45,19290.0
163,51,1.0
163,52,147.0
163,54,1097.0
163,59,6.0
163,60,16.0
163,62,106.0
163,67,4.0
163,68,9129.0
163,71,1328.0
163,73,12.0
163,75,431.0
163,76,1.0
163,77,2.0
163,80,3580.0
163,82,16961.0
163,83,30.0
163,84,26976.0
163,86,15.0
163,90,3.0
163,92,326.0
163,100,2.0
163,104,1737.0
163,105,24533.0
163,110,1262.0
163,112,6.0
163,113,4718.0
163,115,1258.0
163,117,21.0
163,138,620.0
163,150,7582.0
163,156,2.0
163,158,295.0
163,166,3.0
163,168,22476.0
163,178,11.0
163,180,86.0
163,193,395.0
164,2,656.0
164,6,1337.0
164,7,278.0
164,9,84.0
164,10,194.0
164,18,548.0
164,23,1680.0
164,26,30.0
164,31,168.0
164,44,68.0
164,82,1354.0
164,105,180.0
164,187,19.0
165,2,363.0
165,4,39.0
165,6,3.0
165,18,200.0
165,23,662.0
165,31,795.0
165,35,346.0
165,44,25.0
165,45,687.0
165,99,14.0
165,105,910.0
165,165,167.0
166,2,701.0
166,6,8.0
166,7,606.0
166,8,173.0
166,9,304.0
166,10,129.0
166,14,1768.0
166,15,2468.0
166,18,1198.0
166,23,1404.0
166,26,1512.0
166,27,2315.0
166,29,5477.0
166,34,2342.0
166,44,172.0
166,45,1233.0
166,63,6.0
166,99,22.0
166,105,440.0
166,117,2.0
166,155,12.0
166,156,3113.0
167,2,176.0
167,6,89.0
167,7,644.0
167,8,16.0
167,9,554.0
167,10,74.0
167,14,34.0
167,15,566.0
167,17,3334.0
167,18,402.0
167,22,3882.0
167,23,5561.0
167,25,621.0
167,26,4112.0
167,28,139.0
167,30,2.0
167,31,20.0
167,32,173.0
167,33,98527.0
167,34,3.0
167,37,1.0
167,40,891.0
167,42,19.0
167,44,78.0
167,45,3288.0
167,67,4658.0
167,71,40.0
167,78,22.0
167,82,101.0
167,89,5028.0
167,92,83.0
167,109,17.0
167,113,3.0
167,125,4898.0
167,134,175.0
167,146,8719.0
167,158,2304.0
167,168,678.0
167,193,9.0
167,213,85.0
168,2,9279.0
168,3,936.0
168,4,1225.0
168,5,2.0
168,6,773.0
168,7,138071.0
168,8,640.0
168,9,130253.0
168,10,7178.0
168,11,304.0
168,13,181.0
168,14,10634.0
168,15,18802.0
168,17,729.0
168,18,20992.0
168,19,3230.0
168,22,7346.0
168,23,3789.0
168,25,1.0
168,26,1539.0
168,27,63413.0
168,28,1.0
168,29,1091.0
168,30,6199.0
168,31,1470.0
168,32,12495.0
168,34,1649.0
168,35,2525.0
168,36,197.0
168,37,2866.0
168,39,23246.0
168,40,6132.0
168,42,2988.0
168,44,19305.0
168,45,15991.0
168,48,1.0
168,49,1.0
168,51,1942.0
168,52,727.0
168,54,136.0
168,55,1129.0
168,60,121.0
168,63,1.0
168,67,10.0
168,68,2313.0
168,69,1748.0
168,70,111.0
168,71,6308.0
168,73,28.0
168,75,7006.0
168,76,4.0
168,77,1.0
168,80,1833.0
168,82,29035.0
168,83,4.0
168,84,19907.0
168,86,18.0
168,90,2.0
168,92,80.0
168,102,12.0
168,104,4.0
168,105,1559.0
168,108,3.0
168,109,83044.0
168,112,141.0
168,113,26.0
168,115,6039.0
168,117,2636.0
168,118,19.0
168,130,3.0
168,133,51.0
168,134,17.0
168,138,4459.0
168,139,65.0
168,146,21821.0
168,150,6479.0
168,158,41.0
168,187,83.0
169,2,5.0
169,3,20.0
169,4,229.0
169,6,812.0
169,7,101.0
169,8,3.0
169,9,98.0
169,14,21354.0
169,15,488.0
169,17,1666.0
169,21,9.0
169,22,5109.0
169,25,14320.0
169,26,93.0
169,27,692.0
169,28,321.0
169,32,521.0
169,33,5277.0
169,35,1670.0
169,36,50.0
169,37,300.0
169,39,201.0
169,40,2973.0
169,42,340.0
169,44,2699.0
169,45,282.0
169,48,2395.0
169,51,541.0
169,53,130.0
169,54,3.0
169,59,27.0
169,60,5.0
169,63,11.0
169,68,412.0
169,76,1.0
169,78,571.0
169,80,119.0
169,82,1261.0
169,88,11.0
169,89,22164.0
169,91,12818.0
169,92,21.0
169,104,372.0
169,109,298.0
169,113,2853.0
169,119,2242.0
169,124,119.0
169,125,208.0
169,134,1002.0
169,146,16536.0
169,148,11.0
169,150,25.0
169,156,35.0
169,157,3109.0
169,158,478.0
169,170,2.0
169,182,16.0
169,187,197.0
169,193,749.0
169,213,28.0
170,3,6.0
170,4,1321.0
170,5,52.0
170,6,117.0
170,7,124406.0
170,8,1412.0
170,9,116699.0
170,10,6295.0
170,14,5971.0
170,15,4381.0
170,17,1781.0
170,18,53288.0
170,21,31.0
170,22,497.0
170,23,30212.0
170,25,728.0
170,26,1471.0
170,27,3958.0
170,28,8448.0
170,29,1012.0
170,30,146.0
170,35,495.0
170,36,12.0
170,37,118.0
170,39,33724.0
170,40,21210.0
170,42,2.0
170,44,285.0
170,45,232.0
170,59,130.0
170,60,1.0
170,68,1569.0
170,70,167.0
170,74,30.0
170,76,153.0
170,78,2983.0
170,80,453.0
170,82,2621.0
170,86,1.0
170,88,284.0
170,89,1229.0
170,91,2033.0
170,102,9.0
170,109,1.0
170,119,5939.0
170,124,31.0
170,134,1508.0
170,146,319.0
170,150,1.0
170,157,4197.0
170,173,831.0
170,187,1.0
171,3,13.0
171,4,733.0
171,6,454.0
171,7,4.0
171,9,4.0
171,14,199.0
171,15,700.0
171,21,1.0
171,22,45.0
171,27,1596.0
171,42,4.0
171,44,314.0
171,45,1327.0
171,48,4.0
171,59,2.0
171,60,4.0
171,77,5.0
171,80,119.0
171,86,3.0
171,103,143.0
171,109,1.0
171,112,148.0
171,128,48.0
171,130,1.0
171,133,10.0
171,159,46.0
171,178,338.0
172,2,18.0
172,3,5.0
172,4,17.0
172,7,1300.0
172,8,468.0
172,9,832.0
172,14,37.0
172,15,1345.0
172,17,1180.0
172,19,28912.0
172,21,11.0
172,25,1066.0
172,26,20.0
172,27,5.0
172,28,803.0
172,29,11.0
172,30,14.0
172,31,1.0
172,33,98314.0
172,37,43.0
172,39,2.0
172,44,103.0
172,45,74.0
172,62,90.0
172,67,38.0
172,71,145.0
172,84,2.0
172,89,665.0
172,91,135.0
172,109,3.0
172,110,2.0
172,116,31.0
172,125,2179.0
172,134,9372.0
172,146,7147.0
172,148,76.0
172,155,11.0
172,157,15.0
172,158,17102.0
172,173,4.0
172,180,30.0
172,193,200.0
172,213,4.0
173,3,43.0
173,4,58752.0
173,6,3036.0
173,7,30718.0
173,8,4192.0
173,9,22186.0
173,10,4340.0
173,11,79.0
173,14,18070.0
173,15,145974.0
173,17,29.0
173,18,6315.0
173,22,11837.0
173,25,37.0
173,26,7919.0
173,27,29308.0
173,30,1972.0
173,32,10293.0
173,35,10187.0
173,36,1.0
173,37,594.0
173,39,339.0
173,40,2983.0
173,42,100.0
173,44,7.0
173,45,8354.0
173,54,196.0
173,57,145.0
173,59,4862.0
173,63,35.0
173,78,5785.0
173,82,1172.0
173,109,514.0
173,117,75.0
173,118,1.0
173,119,5677.0
173,120,7.0
173,157,4290.0
173,170,6000.0
173,173,237.0
173,180,17098.0
173,187,420.0
173,193,11.0
174,15,1776.0
174,17,1340.0
174,27,96.0
174,35,200.0
174,36,218.0
174,44,1133.0
174,84,2.0
174,134,60.0
175,4,5.0
175,6,6.0
175,7,37.0
175,8,37.0
175,13,432.0
175,17,30.0
175,21,3.0
175,23,20.0
175,27,29.0
175,29,14.0
175,31,53.0
175,37,20.0
175,134,12.0
175,193,6.0
176,6,5.0
176,7,768.0
176,8,148.0
176,9,613.0
176,10,7.0
176,15,289.0
176,17,8161.0
176,18,12.0
176,19,308.0
176,23,47.0
176,25,243.0
176,28,3873.0
176,33,125163.0
176,35,39.0
176,36,5.0
176,40,1215.0
176,45,10.0
176,67,128.0
176,71,116.0
176,78,56.0
176,109,1.0
176,125,71225.0
176,134,107.0
176,158,2076.0
176,193,12.0
177,4,54.0
177,6,278.0
177,7,10.0
177,9,10.0
177,15,387.0
177,27,119.0
177,28,7.0
177,32,85.0
177,36,45.0
177,39,12.0
177,44,16.0
177,45,2193.0
177,76,198.0
177,97,7.0
177,103,4.0
177,105,1.0
177,120,184.0
177,128,186.0
177,130,23.0
177,178,302.0
178,6,71.0
178,7,21.0
178,9,21.0
178,14,92.0
178,27,50.0
178,44,3758.0
178,45,301.0
178,103,344.0
178,112,2413.0
178,128,3257.0
179,4,1.0
179,5,2298.0
179,7,37.0
179,8,37.0
179,14,1.0
179,15,4.0
179,27,1.0
179,35,213.0
179,44,1.0
179,82,563.0
179,109,4.0
179,138,119.0
179,168,3876.0
180,3,2.0
180,4,883.0
180,7,59247.0
180,9,56395.0
180,10,2852.0
180,14,1456.0
180,15,507.0
180,17,79465.0
180,18,22548.0
180,21,1.0
180,22,6269.0
180,23,16.0
180,25,109.0
180,26,4294.0
180,27,368.0
180,28,1447.0
180,35,347.0
180,37,98.0
180,39,6299.0
180,40,3217.0
180,54,1565.0
180,55,63.0
180,57,102.0
180,59,3989.0
180,78,3129.0
180,82,10115.0
180,91,195.0
180,108,219.0
180,109,3687.0
180,119,377.0
180,150,704.0
180,157,11314.0
180,170,797.0
180,173,678.0
180,187,545.0
181,4,4026.0
181,6,48.0
181,7,290.0
181,10,290.0
181,11,748.0
181,13,1256.0
181,14,1916.0
181,15,22697.0
181,17,180.0
181,18,141.0
181,22,401.0
181,23,102.0
181,27,3.0
181,28,7518.0
181,30,1572.0
181,31,7.0
181,32,2068.0
181,35,271.0
181,36,2335.0
181,37,461.0
181,42,15.0
181,45,3408.0
181,63,161.0
181,71,1441.0
181,78,681.0
181,80,14.0
181,84,1142.0
181,92,118.0
181,102,13.0
181,109,165.0
181,113,1.0
181,125,503.0
181,158,4.0
181,159,3121.0
182,2,14.0
182,3,5.0
182,4,140.0
182,5,11.0
182,6,73.0
182,7,1007.0
182,9,1007.0
182,11,97.0
182,14,6977.0
182,15,1840.0
182,17,7.0
182,22,4.0
182,23,1279.0
182,27,12.0
182,30,1.0
182,31,257.0
182,36,33.0
182,39,4.0
182,45,9082.0
182,80,20.0
182,82,23.0
182,96,16.0
182,100,29.0
182,105,2.0
182,148,3.0
182,156,40.0
183,4,31.0
183,6,20.0
183,7,1137.0
183,9,1137.0
183,11,106.0
183,14,3604.0
183,15,2889.0
183,17,4565.0
183,18,109.0
183,22,1572.0
183,26,649.0
183,27,2799.0
183,30,368.0
183,35,26992.0
183,37,2.0
183,44,1255.0
183,45,6246.0
183,51,1.0
183,54,5647.0
183,57,18555.0
183,75,59.0
183,78,319.0
183,80,9.0
183,82,68.0
183,109,4.0
183,118,5686.0
183,119,1.0
183,157,2.0
183,178,5.0
183,180,8.0
184,3,1.0
184,4,158.0
184,5,558.0
184,6,649.0
184,7,57.0
184,9,56.0
184,10,1.0
184,14,9059.0
184,15,9895.0
184,17,612.0
184,18,8.0
184,21,85.0
184,22,451.0
184,23,371.0
184,27,660.0
184,30,57.0
184,35,4580.0
184,36,36.0
184,37,2790.0
184,40,23.0
184,44,225.0
184,45,20764.0
184,49,74.0
184,55,64.0
184,58,14.0
184,80,1.0
184,108,1.0
184,109,6.0
184,127,4.0
184,128,20.0
184,146,17.0
184,159,15.0
184,178,25.0
185,4,8081.0
185,5,2189.0
185,6,26157.0
185,7,4496.0
185,9,4496.0
185,13,6197.0
185,14,6711.0
185,15,18728.0
185,17,68.0
185,22,3889.0
185,26,8630.0
185,27,7081.0
185,32,6513.0
185,35,5097.0
185,37,42.0
185,40,37.0
185,42,2289.0
185,44,5675.0
185,45,130260.0
185,51,40.0
185,59,13228.0
185,60,9.0
185,63,5306.0
185,68,16.0
185,76,331.0
185,80,9.0
185,86,13.0
185,88,6592.0
185,90,58.0
185,109,925.0
185,117,4644.0
185,130,1.0
185,178,1.0
185,193,7.0
186,3,47.0
186,4,2919.0
186,14,763.0
186,15,190.0
186,18,8.0
186,22,583.0
186,26,25.0
186,27,1743.0
186,33,1943.0
186,36,8.0
186,37,380.0
186,40,397.0
186,44,930.0
186,45,2886.0
186,60,1.0
186,62,3.0
186,80,632.0
186,88,140.0
186,100,74604.0
186,146,7447.0
186,158,417.0
187,4,14005.0
187,5,286.0
187,6,42.0
187,7,44032.0
187,8,156.0
187,9,43275.0
187,10,601.0
187,14,36746.0
187,15,2926.0
187,16,203.0
187,17,7740.0
187,18,162.0
187,22,24136.0
187,23,225.0
187,27,9599.0
187,28,2900.0
187,30,1.0
187,31,9.0
187,32,459.0
187,35,5230.0
187,37,7739.0
187,39,1558.0
187,40,34.0
187,42,3.0
187,44,16033.0
187,45,386.0
187,53,3344.0
187,54,373.0
187,55,1560.0
187,57,859.0
187,59,12079.0
187,71,1.0
187,76,1447.0
187,77,1.0
187,78,1902.0
187,80,1501.0
187,82,4695.0
187,83,1.0
187,86,21.0
187,91,2068.0
187,97,284.0
187,102,13.0
187,104,1.0
187,109,139.0
187,117,20.0
187,119,9.0
187,156,21.0
187,157,5730.0
187,170,9430.0
187,173,5666.0
187,180,1301.0
187,182,45.0
187,193,2209.0
187,213,3732.0
188,6,75.0
188,7,12.0
188,10,12.0
188,15,18.0
188,18,298.0
188,29,137.0
188,37,81.0
188,45,13.0
188,55,9.0
188,92,318.0
188,109,2.0
188,115,146.0
188,128,4.0
188,136,41.0
188,168,1075.0
188,178,24.0
189,2,1388.0
189,6,24.0
189,7,206.0
189,8,206.0
189,14,16.0
189,15,1.0
189,18,30.0
189,26,20.0
189,27,62.0
189,34,18.0
189,35,32.0
189,37,15.0
189,39,1.0
189,44,13.0
189,71,6.0
189,75,106.0
189,104,24.0
189,110,484.0
189,115,973.0
189,119,159.0
189,133,29.0
189,150,34.0
189,155,66.0
189,158,44.0
189,168,1279.0
189,180,15.0
190,2,49.0
190,6,2.0
190,7,383.0
190,8,378.0
190,10,5.0
190,17,762.0
190,23,19.0
190,31,2.0
190,39,74.0
190,45,151.0
191,6,65.0
191,15,67.0
191,23,669.0
191,45,35.0
191,60,12.0
191,69,6.0
191,80,5.0
191,83,2.0
191,95,10.0
191,105,81.0
192,7,6.0
192,9,6.0
192,15,96.0
192,17,935.0
192,31,5.0
192,32,59.0
192,44,236.0
192,45,127.0
192,71,16.0
192,76,62.0
192,138,1.0
192,168,7385.0
193,7,241.0
193,8,24.0
193,10,217.0
193,11,8.0
193,14,10177.0
193,15,8.0
193,17,13905.0
193,21,56.0
193,27,36.0
193,44,5444.0
193,45,24.0
193,86,1.0
193,110,663.0
193,156,2.0
193,173,4.0
193,181,2.0
193,187,79.0
193,213,112.0
194,15,284.0
194,17,58774.0
194,22,12.0
194,27,32.0
194,35,6412.0
194,36,77.0
194,53,58.0
194,82,93.0
194,193,377.0
195,105,260.0
195,108,84.0
195,139,1223.0
195,178,23.0
196,7,3095.0
196,9,2423.0
196,10,672.0
196,14,907.0
196,15,3172.0
196,17,278.0
196,18,2978.0
196,35,1023.0
196,40,39.0
196,51,2.0
196,54,11.0
196,57,4.0
196,78,1.0
196,82,9543.0
196,90,52.0
196,109,1.0
196,118,424.0
196,124,64.0
196,134,3.0
196,168,27.0
196,193,21.0
197,6,15.0
197,35,2455.0
197,40,21.0
197,54,5.0
197,213,2.0
198,6,78.0
198,7,65.0
198,10,65.0
198,11,7236.0
198,27,14.0
198,36,2.0
198,40,3.0
198,80,1043.0
198,102,5639.0
199,6,16.0
199,27,3.0
199,37,65.0
199,97,38.0
199,173,1.0
200,6,34.0
200,14,1.0
201,22,9.0
201,27,2.0
201,37,9.0
201,45,59.0
201,51,3.0
201,57,3235.0
201,60,1.0
201,67,238.0
201,76,96.0
201,103,84.0
201,115,20.0
201,118,414.0
201,120,133.0
201,155,14.0
201,157,9.0
201,170,8.0
201,193,147.0
202,7,127.0
202,8,125.0
202,9,2.0
202,14,83.0
202,23,3.0
202,26,364.0
202,34,109.0
202,44,14.0
202,105,26.0
202,170,66.0
202,193,554.0
203,7,228.0
203,9,228.0
203,11,601.0
203,15,1.0
203,23,25.0
203,27,13.0
203,37,65839.0
203,76,1.0
203,80,972.0
203,102,1075.0
204,3,2.0
204,4,32.0
204,6,22.0
204,7,353.0
204,9,353.0
204,14,10.0
204,17,1291.0
204,22,1385.0
204,25,32.0
204,27,1.0
204,31,73.0
204,33,125.0
204,35,26.0
204,37,2.0
204,40,2141.0
204,44,15.0
204,59,2623.0
204,60,1.0
204,68,125.0
204,82,145.0
204,89,1619.0
204,91,1224.0
204,113,3.0
204,119,23.0
204,146,233.0
204,148,5.0
204,157,10.0
204,158,34.0
204,168,345.0
204,173,2.0
204,213,18.0
205,7,95.0
205,9,95.0
205,18,8.0
205,31,1.0
205,37,7.0
205,45,121.0
205,94,1.0
205,105,3.0
206,7,4.0
206,10,4.0
206,23,216.0
206,45,4.0
206,70,9.0
207,7,1606.0
207,10,1606.0
207,51,14.0
207,86,5.0
207,99,56.0
207,105,44.0
208,18,338.0
208,99,9.0
208,193,7.0
209,2,26.0
209,99,21.0
210,6,11.0
210,14,17.0
210,21,1.0
210,23,23.0
210,36,39.0
210,37,159.0
210,44,21.0
210,45,1045.0
210,51,5.0
210,53,40.0
210,55,838.0
210,60,116.0
210,76,12.0
210,100,614.0
210,103,3.0
210,109,102.0
211,11,28.0
211,14,399.0
211,104,1.0
211,109,1.0
212,6,3.0
212,17,55.0
212,18,1.0
212,23,8.0
212,31,719.0
212,36,78.0
212,45,164.0
212,110,125.0
212,158,1.0
213,7,71.0
213,8,71.0
213,14,7.0
213,17,28.0
213,22,8.0
213,25,2.0
213,28,322.0
213,31,1283.0
213,35,51.0
213,40,648.0
213,44,2.0
213,54,1.0
213,70,146.0
213,76,1.0
213,78,15.0
213,83,4.0
213,91,92.0
213,113,6.0
213,119,271.0
213,148,627.0
213,157,117.0
213,158,13.0
213,187,50.0
213,193,110.0
214,159,11.0
