network,method,k,p,simulation_id,final_active_count,total_steps
Facebook Penn94,highest_degree,2,0.1,0,36099,8
Facebook Penn94,highest_degree,2,0.1,1,36144,7
Facebook Penn94,highest_degree,2,0.1,2,36098,8
Facebook Penn94,highest_degree,2,0.1,3,36105,8
Facebook Penn94,highest_degree,2,0.1,4,36042,9
Facebook Penn94,highest_degree,2,0.1,5,36095,9
Facebook Penn94,highest_degree,2,0.1,6,36113,8
Facebook Penn94,highest_degree,2,0.1,7,36059,8
Facebook Penn94,highest_degree,2,0.1,8,36072,9
Facebook Penn94,highest_degree,2,0.1,9,36008,8
Facebook Penn94,highest_degree,2,0.1,10,36113,10
Facebook Penn94,highest_degree,2,0.1,11,36113,8
Facebook Penn94,highest_degree,2,0.1,12,36094,8
Facebook Penn94,highest_degree,2,0.1,13,36011,10
Facebook Penn94,highest_degree,2,0.1,14,36166,8
Facebook Penn94,highest_degree,2,0.1,15,36011,8
Facebook Penn94,highest_degree,2,0.1,16,36044,9
Facebook Penn94,highest_degree,2,0.1,17,36154,8
Facebook Penn94,highest_degree,2,0.1,18,36088,9
Facebook Penn94,highest_degree,2,0.1,19,36051,8
Facebook Penn94,highest_degree,2,0.1,20,36147,8
Facebook Penn94,highest_degree,2,0.1,21,36054,8
Facebook Penn94,highest_degree,2,0.1,22,36092,8
Facebook Penn94,highest_degree,2,0.1,23,36045,7
Facebook Penn94,highest_degree,2,0.1,24,36042,8
Facebook Penn94,highest_degree,2,0.1,25,36062,8
Facebook Penn94,highest_degree,2,0.1,26,36029,9
Facebook Penn94,highest_degree,2,0.1,27,36021,9
Facebook Penn94,highest_degree,2,0.1,28,36042,9
Facebook Penn94,highest_degree,2,0.1,29,36064,8
Facebook Penn94,highest_degree,2,0.1,30,36095,8
Facebook Penn94,highest_degree,2,0.1,31,36038,8
Facebook Penn94,highest_degree,2,0.1,32,36020,8
Facebook Penn94,highest_degree,2,0.1,33,36088,8
Facebook Penn94,highest_degree,2,0.1,34,36112,10
Facebook Penn94,highest_degree,2,0.1,35,35954,9
Facebook Penn94,highest_degree,2,0.1,36,36101,8
Facebook Penn94,highest_degree,2,0.1,37,36114,8
Facebook Penn94,highest_degree,2,0.1,38,36115,11
Facebook Penn94,highest_degree,2,0.1,39,36226,8
Facebook Penn94,highest_degree,2,0.1,40,36057,9
Facebook Penn94,highest_degree,2,0.1,41,36087,9
Facebook Penn94,highest_degree,2,0.1,42,36077,9
Facebook Penn94,highest_degree,2,0.1,43,35983,8
Facebook Penn94,highest_degree,2,0.1,44,36101,8
Facebook Penn94,highest_degree,2,0.1,45,36082,9
Facebook Penn94,highest_degree,2,0.1,46,36042,8
Facebook Penn94,highest_degree,2,0.1,47,36076,7
Facebook Penn94,highest_degree,2,0.1,48,36104,8
Facebook Penn94,highest_degree,2,0.1,49,36100,9
Facebook Penn94,highest_degree,2,0.1,50,36053,9
Facebook Penn94,highest_degree,2,0.1,51,36087,8
Facebook Penn94,highest_degree,2,0.1,52,36132,7
Facebook Penn94,highest_degree,2,0.1,53,36136,10
Facebook Penn94,highest_degree,2,0.1,54,36009,10
Facebook Penn94,highest_degree,2,0.1,55,36073,8
Facebook Penn94,highest_degree,2,0.1,56,36133,7
Facebook Penn94,highest_degree,2,0.1,57,36128,8
Facebook Penn94,highest_degree,2,0.1,58,36102,8
Facebook Penn94,highest_degree,2,0.1,59,36033,7
Facebook Penn94,highest_degree,2,0.1,60,36053,8
Facebook Penn94,highest_degree,2,0.1,61,36036,7
Facebook Penn94,highest_degree,2,0.1,62,36009,8
Facebook Penn94,highest_degree,2,0.1,63,36062,9
Facebook Penn94,highest_degree,2,0.1,64,36094,9
Facebook Penn94,highest_degree,2,0.1,65,36110,9
Facebook Penn94,highest_degree,2,0.1,66,36060,8
Facebook Penn94,highest_degree,2,0.1,67,36100,8
Facebook Penn94,highest_degree,2,0.1,68,36148,8
Facebook Penn94,highest_degree,2,0.1,69,36044,11
Facebook Penn94,highest_degree,2,0.1,70,36008,9
Facebook Penn94,highest_degree,2,0.1,71,36058,9
Facebook Penn94,highest_degree,2,0.1,72,36037,8
Facebook Penn94,highest_degree,2,0.1,73,36097,8
Facebook Penn94,highest_degree,2,0.1,74,36055,11
Facebook Penn94,highest_degree,2,0.1,75,36111,8
Facebook Penn94,highest_degree,2,0.1,76,36227,9
Facebook Penn94,highest_degree,2,0.1,77,36027,8
Facebook Penn94,highest_degree,2,0.1,78,36146,11
Facebook Penn94,highest_degree,2,0.1,79,36017,8
Facebook Penn94,highest_degree,2,0.1,80,36057,8
Facebook Penn94,highest_degree,2,0.1,81,36112,7
Facebook Penn94,highest_degree,2,0.1,82,35993,8
Facebook Penn94,highest_degree,2,0.1,83,36108,9
Facebook Penn94,highest_degree,2,0.1,84,36108,7
Facebook Penn94,highest_degree,2,0.1,85,36082,8
Facebook Penn94,highest_degree,2,0.1,86,36112,8
Facebook Penn94,highest_degree,2,0.1,87,36111,8
Facebook Penn94,highest_degree,2,0.1,88,36067,8
Facebook Penn94,highest_degree,2,0.1,89,36176,8
Facebook Penn94,highest_degree,2,0.1,90,36155,8
Facebook Penn94,highest_degree,2,0.1,91,36021,7
Facebook Penn94,highest_degree,2,0.1,92,36115,9
Facebook Penn94,highest_degree,2,0.1,93,36097,9
Facebook Penn94,highest_degree,2,0.1,94,36075,9
Facebook Penn94,highest_degree,2,0.1,95,36151,9
Facebook Penn94,highest_degree,2,0.1,96,36095,9
Facebook Penn94,highest_degree,2,0.1,97,36070,9
Facebook Penn94,highest_degree,2,0.1,98,36043,9
Facebook Penn94,highest_degree,2,0.1,99,36144,8
Facebook Penn94,highest_degree,2,0.1,100,36134,9
Facebook Penn94,highest_degree,2,0.1,101,36150,7
Facebook Penn94,highest_degree,2,0.1,102,36128,9
Facebook Penn94,highest_degree,2,0.1,103,36069,10
Facebook Penn94,highest_degree,2,0.1,104,36083,8
Facebook Penn94,highest_degree,2,0.1,105,36069,7
Facebook Penn94,highest_degree,2,0.1,106,36094,11
Facebook Penn94,highest_degree,2,0.1,107,36090,8
Facebook Penn94,highest_degree,2,0.1,108,36023,9
Facebook Penn94,highest_degree,2,0.1,109,36128,9
Facebook Penn94,highest_degree,2,0.1,110,36079,8
Facebook Penn94,highest_degree,2,0.1,111,36090,9
Facebook Penn94,highest_degree,2,0.1,112,36038,8
Facebook Penn94,highest_degree,2,0.1,113,36044,9
Facebook Penn94,highest_degree,2,0.1,114,36088,8
Facebook Penn94,highest_degree,2,0.1,115,36127,8
Facebook Penn94,highest_degree,2,0.1,116,36035,8
Facebook Penn94,highest_degree,2,0.1,117,36099,8
Facebook Penn94,highest_degree,2,0.1,118,36144,9
Facebook Penn94,highest_degree,2,0.1,119,36044,8
Facebook Penn94,highest_degree,2,0.1,120,36048,9
Facebook Penn94,highest_degree,2,0.1,121,36147,9
Facebook Penn94,highest_degree,2,0.1,122,36102,8
Facebook Penn94,highest_degree,2,0.1,123,36031,9
Facebook Penn94,highest_degree,2,0.1,124,36109,9
Facebook Penn94,highest_degree,2,0.1,125,36166,12
Facebook Penn94,highest_degree,2,0.1,126,36118,8
Facebook Penn94,highest_degree,2,0.1,127,36078,10
Facebook Penn94,highest_degree,2,0.1,128,35969,8
Facebook Penn94,highest_degree,2,0.1,129,36074,8
Facebook Penn94,highest_degree,2,0.1,130,36037,10
Facebook Penn94,highest_degree,2,0.1,131,36068,9
Facebook Penn94,highest_degree,2,0.1,132,36066,9
Facebook Penn94,highest_degree,2,0.1,133,36195,9
Facebook Penn94,highest_degree,2,0.1,134,36041,8
Facebook Penn94,highest_degree,2,0.1,135,36160,8
Facebook Penn94,highest_degree,2,0.1,136,36057,8
Facebook Penn94,highest_degree,2,0.1,137,36064,8
Facebook Penn94,highest_degree,2,0.1,138,36061,10
Facebook Penn94,highest_degree,2,0.1,139,36160,9
Facebook Penn94,highest_degree,2,0.1,140,36026,8
Facebook Penn94,highest_degree,2,0.1,141,36049,8
Facebook Penn94,highest_degree,2,0.1,142,36127,9
Facebook Penn94,highest_degree,2,0.1,143,36018,8
Facebook Penn94,highest_degree,2,0.1,144,36122,8
Facebook Penn94,highest_degree,2,0.1,145,36101,8
Facebook Penn94,highest_degree,2,0.1,146,36156,8
Facebook Penn94,highest_degree,2,0.1,147,36130,8
Facebook Penn94,highest_degree,2,0.1,148,36003,8
Facebook Penn94,highest_degree,2,0.1,149,36040,8
Facebook Penn94,highest_degree,2,0.1,150,36126,10
Facebook Penn94,highest_degree,2,0.1,151,36065,8
Facebook Penn94,highest_degree,2,0.1,152,36107,7
Facebook Penn94,highest_degree,2,0.1,153,36085,10
Facebook Penn94,highest_degree,2,0.1,154,36056,8
Facebook Penn94,highest_degree,2,0.1,155,36130,8
Facebook Penn94,highest_degree,2,0.1,156,36052,9
Facebook Penn94,highest_degree,2,0.1,157,36071,8
Facebook Penn94,highest_degree,2,0.1,158,36051,7
Facebook Penn94,highest_degree,2,0.1,159,36021,9
Facebook Penn94,highest_degree,2,0.1,160,36148,10
Facebook Penn94,highest_degree,2,0.1,161,36031,9
Facebook Penn94,highest_degree,2,0.1,162,36128,7
Facebook Penn94,highest_degree,2,0.1,163,36013,8
Facebook Penn94,highest_degree,2,0.1,164,36082,8
Facebook Penn94,highest_degree,2,0.1,165,36191,8
Facebook Penn94,highest_degree,2,0.1,166,35979,9
Facebook Penn94,highest_degree,2,0.1,167,36001,8
Facebook Penn94,highest_degree,2,0.1,168,36045,8
Facebook Penn94,highest_degree,2,0.1,169,35987,8
Facebook Penn94,highest_degree,2,0.1,170,36105,8
Facebook Penn94,highest_degree,2,0.1,171,36038,8
Facebook Penn94,highest_degree,2,0.1,172,36131,9
Facebook Penn94,highest_degree,2,0.1,173,36078,9
Facebook Penn94,highest_degree,2,0.1,174,36043,7
Facebook Penn94,highest_degree,2,0.1,175,36163,7
Facebook Penn94,highest_degree,2,0.1,176,36110,10
Facebook Penn94,highest_degree,2,0.1,177,36084,9
Facebook Penn94,highest_degree,2,0.1,178,36109,10
Facebook Penn94,highest_degree,2,0.1,179,35997,9
Facebook Penn94,highest_degree,2,0.1,180,36070,8
Facebook Penn94,highest_degree,2,0.1,181,36103,8
Facebook Penn94,highest_degree,2,0.1,182,36048,8
Facebook Penn94,highest_degree,2,0.1,183,36054,7
Facebook Penn94,highest_degree,2,0.1,184,36036,10
Facebook Penn94,highest_degree,2,0.1,185,36085,11
Facebook Penn94,highest_degree,2,0.1,186,36111,9
Facebook Penn94,highest_degree,2,0.1,187,36070,8
Facebook Penn94,highest_degree,2,0.1,188,36025,11
Facebook Penn94,highest_degree,2,0.1,189,36154,9
Facebook Penn94,highest_degree,2,0.1,190,36154,10
Facebook Penn94,highest_degree,2,0.1,191,36107,7
Facebook Penn94,highest_degree,2,0.1,192,36088,9
Facebook Penn94,highest_degree,2,0.1,193,36046,8
Facebook Penn94,highest_degree,2,0.1,194,36001,8
Facebook Penn94,highest_degree,2,0.1,195,36048,9
Facebook Penn94,highest_degree,2,0.1,196,36071,8
Facebook Penn94,highest_degree,2,0.1,197,36048,8
Facebook Penn94,highest_degree,2,0.1,198,35943,9
Facebook Penn94,highest_degree,2,0.1,199,36081,9
Facebook Penn94,highest_degree,2,0.1,200,36029,9
Facebook Penn94,highest_degree,2,0.1,201,36082,9
Facebook Penn94,highest_degree,2,0.1,202,36112,9
Facebook Penn94,highest_degree,2,0.1,203,36141,9
Facebook Penn94,highest_degree,2,0.1,204,36107,8
Facebook Penn94,highest_degree,2,0.1,205,36106,9
Facebook Penn94,highest_degree,2,0.1,206,36037,8
Facebook Penn94,highest_degree,2,0.1,207,36053,8
Facebook Penn94,highest_degree,2,0.1,208,35999,9
Facebook Penn94,highest_degree,2,0.1,209,36198,9
Facebook Penn94,highest_degree,2,0.1,210,36011,9
Facebook Penn94,highest_degree,2,0.1,211,36129,7
Facebook Penn94,highest_degree,2,0.1,212,36078,8
Facebook Penn94,highest_degree,2,0.1,213,36077,10
Facebook Penn94,highest_degree,2,0.1,214,36050,10
Facebook Penn94,highest_degree,2,0.1,215,35993,8
Facebook Penn94,highest_degree,2,0.1,216,36056,9
Facebook Penn94,highest_degree,2,0.1,217,36034,8
Facebook Penn94,highest_degree,2,0.1,218,36126,8
Facebook Penn94,highest_degree,2,0.1,219,36114,9
Facebook Penn94,highest_degree,2,0.1,220,36076,8
Facebook Penn94,highest_degree,2,0.1,221,36059,10
Facebook Penn94,highest_degree,2,0.1,222,36099,8
Facebook Penn94,highest_degree,2,0.1,223,36084,8
Facebook Penn94,highest_degree,2,0.1,224,36016,8
Facebook Penn94,highest_degree,2,0.1,225,36234,7
Facebook Penn94,highest_degree,2,0.1,226,36039,8
Facebook Penn94,highest_degree,2,0.1,227,36120,9
Facebook Penn94,highest_degree,2,0.1,228,36041,12
Facebook Penn94,highest_degree,2,0.1,229,36046,9
Facebook Penn94,highest_degree,2,0.1,230,36141,8
Facebook Penn94,highest_degree,2,0.1,231,36010,7
Facebook Penn94,highest_degree,2,0.1,232,35943,8
Facebook Penn94,highest_degree,2,0.1,233,36138,7
Facebook Penn94,highest_degree,2,0.1,234,36092,9
Facebook Penn94,highest_degree,2,0.1,235,36113,8
Facebook Penn94,highest_degree,2,0.1,236,36107,9
Facebook Penn94,highest_degree,2,0.1,237,36015,7
Facebook Penn94,highest_degree,2,0.1,238,36024,8
Facebook Penn94,highest_degree,2,0.1,239,36098,8
Facebook Penn94,highest_degree,2,0.1,240,36078,9
Facebook Penn94,highest_degree,2,0.1,241,36105,8
Facebook Penn94,highest_degree,2,0.1,242,36107,9
Facebook Penn94,highest_degree,2,0.1,243,36115,8
Facebook Penn94,highest_degree,2,0.1,244,36041,9
Facebook Penn94,highest_degree,2,0.1,245,36058,8
Facebook Penn94,highest_degree,2,0.1,246,36128,12
Facebook Penn94,highest_degree,2,0.1,247,36110,8
Facebook Penn94,highest_degree,2,0.1,248,36015,9
Facebook Penn94,highest_degree,2,0.1,249,36076,8
Facebook Penn94,highest_degree,2,0.1,250,36087,8
Facebook Penn94,highest_degree,2,0.1,251,36118,8
Facebook Penn94,highest_degree,2,0.1,252,36094,9
Facebook Penn94,highest_degree,2,0.1,253,36020,9
Facebook Penn94,highest_degree,2,0.1,254,36064,10
Facebook Penn94,highest_degree,2,0.1,255,36063,9
Facebook Penn94,highest_degree,2,0.1,256,36146,7
Facebook Penn94,highest_degree,2,0.1,257,36053,9
Facebook Penn94,highest_degree,2,0.1,258,36008,8
Facebook Penn94,highest_degree,2,0.1,259,36060,8
Facebook Penn94,highest_degree,2,0.1,260,36059,8
Facebook Penn94,highest_degree,2,0.1,261,36110,8
Facebook Penn94,highest_degree,2,0.1,262,36045,8
Facebook Penn94,highest_degree,2,0.1,263,36070,10
Facebook Penn94,highest_degree,2,0.1,264,36093,9
Facebook Penn94,highest_degree,2,0.1,265,36033,8
Facebook Penn94,highest_degree,2,0.1,266,36023,11
Facebook Penn94,highest_degree,2,0.1,267,36026,9
Facebook Penn94,highest_degree,2,0.1,268,36091,9
Facebook Penn94,highest_degree,2,0.1,269,36033,8
Facebook Penn94,highest_degree,2,0.1,270,36050,8
Facebook Penn94,highest_degree,2,0.1,271,36096,7
Facebook Penn94,highest_degree,2,0.1,272,36041,7
Facebook Penn94,highest_degree,2,0.1,273,36047,8
Facebook Penn94,highest_degree,2,0.1,274,36053,9
Facebook Penn94,highest_degree,2,0.1,275,36057,12
Facebook Penn94,highest_degree,2,0.1,276,36126,8
Facebook Penn94,highest_degree,2,0.1,277,36075,9
Facebook Penn94,highest_degree,2,0.1,278,36056,8
Facebook Penn94,highest_degree,2,0.1,279,36058,9
Facebook Penn94,highest_degree,2,0.1,280,36004,8
Facebook Penn94,highest_degree,2,0.1,281,36060,7
Facebook Penn94,highest_degree,2,0.1,282,36118,9
Facebook Penn94,highest_degree,2,0.1,283,36082,8
Facebook Penn94,highest_degree,2,0.1,284,36093,9
Facebook Penn94,highest_degree,2,0.1,285,36044,8
Facebook Penn94,highest_degree,2,0.1,286,36010,10
Facebook Penn94,highest_degree,2,0.1,287,36155,8
Facebook Penn94,highest_degree,2,0.1,288,35994,8
Facebook Penn94,highest_degree,2,0.1,289,36067,7
Facebook Penn94,highest_degree,2,0.1,290,36126,9
Facebook Penn94,highest_degree,2,0.1,291,36099,8
Facebook Penn94,highest_degree,2,0.1,292,36099,8
Facebook Penn94,highest_degree,2,0.1,293,36082,8
Facebook Penn94,highest_degree,2,0.1,294,36084,8
Facebook Penn94,highest_degree,2,0.1,295,36145,9
Facebook Penn94,highest_degree,2,0.1,296,36019,9
Facebook Penn94,highest_degree,2,0.1,297,36098,8
Facebook Penn94,highest_degree,2,0.1,298,36095,8
Facebook Penn94,highest_degree,2,0.1,299,36078,7
Facebook Penn94,highest_degree,2,0.1,300,36137,8
Facebook Penn94,highest_degree,2,0.1,301,36027,8
Facebook Penn94,highest_degree,2,0.1,302,36050,8
Facebook Penn94,highest_degree,2,0.1,303,36073,8
Facebook Penn94,highest_degree,2,0.1,304,35969,8
Facebook Penn94,highest_degree,2,0.1,305,36019,8
Facebook Penn94,highest_degree,2,0.1,306,36101,8
Facebook Penn94,highest_degree,2,0.1,307,35964,8
Facebook Penn94,highest_degree,2,0.1,308,36191,9
Facebook Penn94,highest_degree,2,0.1,309,36167,8
Facebook Penn94,highest_degree,2,0.1,310,35999,8
Facebook Penn94,highest_degree,2,0.1,311,36088,9
Facebook Penn94,highest_degree,2,0.1,312,36091,8
Facebook Penn94,highest_degree,2,0.1,313,36080,10
Facebook Penn94,highest_degree,2,0.1,314,36111,8
Facebook Penn94,highest_degree,2,0.1,315,36205,8
Facebook Penn94,highest_degree,2,0.1,316,36187,8
Facebook Penn94,highest_degree,2,0.1,317,36092,9
Facebook Penn94,highest_degree,2,0.1,318,36031,8
Facebook Penn94,highest_degree,2,0.1,319,36091,8
Facebook Penn94,highest_degree,2,0.1,320,36122,8
Facebook Penn94,highest_degree,2,0.1,321,36043,8
Facebook Penn94,highest_degree,2,0.1,322,36100,8
Facebook Penn94,highest_degree,2,0.1,323,36090,10
Facebook Penn94,highest_degree,2,0.1,324,36146,8
Facebook Penn94,highest_degree,2,0.1,325,36057,9
Facebook Penn94,highest_degree,2,0.1,326,36051,8
Facebook Penn94,highest_degree,2,0.1,327,35997,9
Facebook Penn94,highest_degree,2,0.1,328,35998,8
Facebook Penn94,highest_degree,2,0.1,329,36019,8
Facebook Penn94,highest_degree,2,0.1,330,36145,8
Facebook Penn94,highest_degree,2,0.1,331,36085,8
Facebook Penn94,highest_degree,2,0.1,332,36053,8
Facebook Penn94,highest_degree,2,0.1,333,36038,9
Facebook Penn94,highest_degree,2,0.1,334,36073,8
Facebook Penn94,highest_degree,2,0.1,335,36072,8
Facebook Penn94,highest_degree,2,0.1,336,36140,11
Facebook Penn94,highest_degree,2,0.1,337,36028,7
Facebook Penn94,highest_degree,2,0.1,338,36092,8
Facebook Penn94,highest_degree,2,0.1,339,36070,8
Facebook Penn94,highest_degree,2,0.1,340,36128,9
Facebook Penn94,highest_degree,2,0.1,341,36048,8
Facebook Penn94,highest_degree,2,0.1,342,36038,11
Facebook Penn94,highest_degree,2,0.1,343,36044,8
Facebook Penn94,highest_degree,2,0.1,344,36116,8
Facebook Penn94,highest_degree,2,0.1,345,36150,10
Facebook Penn94,highest_degree,2,0.1,346,36031,9
Facebook Penn94,highest_degree,2,0.1,347,36177,9
Facebook Penn94,highest_degree,2,0.1,348,36016,8
Facebook Penn94,highest_degree,2,0.1,349,36003,9
Facebook Penn94,highest_degree,2,0.1,350,36115,7
Facebook Penn94,highest_degree,2,0.1,351,36055,7
Facebook Penn94,highest_degree,2,0.1,352,36040,9
Facebook Penn94,highest_degree,2,0.1,353,36046,8
Facebook Penn94,highest_degree,2,0.1,354,36115,10
Facebook Penn94,highest_degree,2,0.1,355,36135,7
Facebook Penn94,highest_degree,2,0.1,356,35949,7
Facebook Penn94,highest_degree,2,0.1,357,36106,8
Facebook Penn94,highest_degree,2,0.1,358,36167,8
Facebook Penn94,highest_degree,2,0.1,359,36085,9
Facebook Penn94,highest_degree,2,0.1,360,35980,8
Facebook Penn94,highest_degree,2,0.1,361,36073,8
Facebook Penn94,highest_degree,2,0.1,362,36097,8
Facebook Penn94,highest_degree,2,0.1,363,36073,8
Facebook Penn94,highest_degree,2,0.1,364,36104,9
Facebook Penn94,highest_degree,2,0.1,365,36048,8
Facebook Penn94,highest_degree,2,0.1,366,36144,8
Facebook Penn94,highest_degree,2,0.1,367,36086,8
Facebook Penn94,highest_degree,2,0.1,368,36116,8
Facebook Penn94,highest_degree,2,0.1,369,36074,9
Facebook Penn94,highest_degree,2,0.1,370,36009,8
Facebook Penn94,highest_degree,2,0.1,371,36118,8
Facebook Penn94,highest_degree,2,0.1,372,36030,8
Facebook Penn94,highest_degree,2,0.1,373,35999,8
Facebook Penn94,highest_degree,2,0.1,374,36083,9
Facebook Penn94,highest_degree,2,0.1,375,36027,8
Facebook Penn94,highest_degree,2,0.1,376,36058,8
Facebook Penn94,highest_degree,2,0.1,377,36080,9
Facebook Penn94,highest_degree,2,0.1,378,36023,8
Facebook Penn94,highest_degree,2,0.1,379,36046,8
Facebook Penn94,highest_degree,2,0.1,380,36000,9
Facebook Penn94,highest_degree,2,0.1,381,36148,8
Facebook Penn94,highest_degree,2,0.1,382,36130,8
Facebook Penn94,highest_degree,2,0.1,383,36046,10
Facebook Penn94,highest_degree,2,0.1,384,36006,9
Facebook Penn94,highest_degree,2,0.1,385,36109,9
Facebook Penn94,highest_degree,2,0.1,386,36115,9
Facebook Penn94,highest_degree,2,0.1,387,36037,8
Facebook Penn94,highest_degree,2,0.1,388,36150,8
Facebook Penn94,highest_degree,2,0.1,389,36060,10
Facebook Penn94,highest_degree,2,0.1,390,36155,8
Facebook Penn94,highest_degree,2,0.1,391,36099,8
Facebook Penn94,highest_degree,2,0.1,392,36171,9
Facebook Penn94,highest_degree,2,0.1,393,36094,8
Facebook Penn94,highest_degree,2,0.1,394,36087,9
Facebook Penn94,highest_degree,2,0.1,395,36022,8
Facebook Penn94,highest_degree,2,0.1,396,36065,9
Facebook Penn94,highest_degree,2,0.1,397,36018,9
Facebook Penn94,highest_degree,2,0.1,398,36115,9
Facebook Penn94,highest_degree,2,0.1,399,36070,8
Facebook Penn94,highest_degree,2,0.1,400,36012,8
Facebook Penn94,highest_degree,2,0.1,401,36146,8
Facebook Penn94,highest_degree,2,0.1,402,36172,8
Facebook Penn94,highest_degree,2,0.1,403,36051,8
Facebook Penn94,highest_degree,2,0.1,404,36147,11
Facebook Penn94,highest_degree,2,0.1,405,36140,8
Facebook Penn94,highest_degree,2,0.1,406,36036,8
Facebook Penn94,highest_degree,2,0.1,407,36171,10
Facebook Penn94,highest_degree,2,0.1,408,36120,10
Facebook Penn94,highest_degree,2,0.1,409,36107,8
Facebook Penn94,highest_degree,2,0.1,410,36056,9
Facebook Penn94,highest_degree,2,0.1,411,36012,8
Facebook Penn94,highest_degree,2,0.1,412,36123,10
Facebook Penn94,highest_degree,2,0.1,413,36064,8
Facebook Penn94,highest_degree,2,0.1,414,36016,9
Facebook Penn94,highest_degree,2,0.1,415,36018,9
Facebook Penn94,highest_degree,2,0.1,416,36120,7
Facebook Penn94,highest_degree,2,0.1,417,36032,8
Facebook Penn94,highest_degree,2,0.1,418,36117,9
Facebook Penn94,highest_degree,2,0.1,419,36086,7
Facebook Penn94,highest_degree,2,0.1,420,36060,7
Facebook Penn94,highest_degree,2,0.1,421,36102,7
Facebook Penn94,highest_degree,2,0.1,422,36164,8
Facebook Penn94,highest_degree,2,0.1,423,36054,9
Facebook Penn94,highest_degree,2,0.1,424,36086,9
Facebook Penn94,highest_degree,2,0.1,425,36091,11
Facebook Penn94,highest_degree,2,0.1,426,36088,9
Facebook Penn94,highest_degree,2,0.1,427,36094,9
Facebook Penn94,highest_degree,2,0.1,428,36061,8
Facebook Penn94,highest_degree,2,0.1,429,36097,9
Facebook Penn94,highest_degree,2,0.1,430,36095,8
Facebook Penn94,highest_degree,2,0.1,431,36040,8
Facebook Penn94,highest_degree,2,0.1,432,36025,8
Facebook Penn94,highest_degree,2,0.1,433,36113,8
Facebook Penn94,highest_degree,2,0.1,434,36023,7
Facebook Penn94,highest_degree,2,0.1,435,35986,8
Facebook Penn94,highest_degree,2,0.1,436,36113,8
Facebook Penn94,highest_degree,2,0.1,437,36100,7
Facebook Penn94,highest_degree,2,0.1,438,36053,8
Facebook Penn94,highest_degree,2,0.1,439,36077,8
Facebook Penn94,highest_degree,2,0.1,440,36101,8
Facebook Penn94,highest_degree,2,0.1,441,36090,9
Facebook Penn94,highest_degree,2,0.1,442,36024,10
Facebook Penn94,highest_degree,2,0.1,443,36036,9
Facebook Penn94,highest_degree,2,0.1,444,36101,8
Facebook Penn94,highest_degree,2,0.1,445,36147,8
Facebook Penn94,highest_degree,2,0.1,446,36185,8
Facebook Penn94,highest_degree,2,0.1,447,35953,9
Facebook Penn94,highest_degree,2,0.1,448,36090,8
Facebook Penn94,highest_degree,2,0.1,449,36007,9
Facebook Penn94,highest_degree,2,0.1,450,36039,8
Facebook Penn94,highest_degree,2,0.1,451,36071,9
Facebook Penn94,highest_degree,2,0.1,452,36069,10
Facebook Penn94,highest_degree,2,0.1,453,36027,9
Facebook Penn94,highest_degree,2,0.1,454,36134,8
Facebook Penn94,highest_degree,2,0.1,455,36090,8
Facebook Penn94,highest_degree,2,0.1,456,36126,7
Facebook Penn94,highest_degree,2,0.1,457,36071,8
Facebook Penn94,highest_degree,2,0.1,458,36100,7
Facebook Penn94,highest_degree,2,0.1,459,36042,9
Facebook Penn94,highest_degree,2,0.1,460,36083,11
Facebook Penn94,highest_degree,2,0.1,461,35987,9
Facebook Penn94,highest_degree,2,0.1,462,36025,7
Facebook Penn94,highest_degree,2,0.1,463,35983,8
Facebook Penn94,highest_degree,2,0.1,464,36078,14
Facebook Penn94,highest_degree,2,0.1,465,36169,9
Facebook Penn94,highest_degree,2,0.1,466,36191,9
Facebook Penn94,highest_degree,2,0.1,467,36071,8
Facebook Penn94,highest_degree,2,0.1,468,36121,9
Facebook Penn94,highest_degree,2,0.1,469,36123,9
Facebook Penn94,highest_degree,2,0.1,470,36101,8
Facebook Penn94,highest_degree,2,0.1,471,36057,8
Facebook Penn94,highest_degree,2,0.1,472,36076,8
Facebook Penn94,highest_degree,2,0.1,473,36004,8
Facebook Penn94,highest_degree,2,0.1,474,36070,9
Facebook Penn94,highest_degree,2,0.1,475,36053,8
Facebook Penn94,highest_degree,2,0.1,476,36003,8
Facebook Penn94,highest_degree,2,0.1,477,36113,7
Facebook Penn94,highest_degree,2,0.1,478,36040,9
Facebook Penn94,highest_degree,2,0.1,479,36106,10
Facebook Penn94,highest_degree,2,0.1,480,36136,8
Facebook Penn94,highest_degree,2,0.1,481,36098,9
Facebook Penn94,highest_degree,2,0.1,482,36129,8
Facebook Penn94,highest_degree,2,0.1,483,36211,10
Facebook Penn94,highest_degree,2,0.1,484,36181,8
Facebook Penn94,highest_degree,2,0.1,485,36159,8
Facebook Penn94,highest_degree,2,0.1,486,36147,8
Facebook Penn94,highest_degree,2,0.1,487,36114,8
Facebook Penn94,highest_degree,2,0.1,488,36106,9
Facebook Penn94,highest_degree,2,0.1,489,36025,7
Facebook Penn94,highest_degree,2,0.1,490,36138,8
Facebook Penn94,highest_degree,2,0.1,491,36007,7
Facebook Penn94,highest_degree,2,0.1,492,36125,9
Facebook Penn94,highest_degree,2,0.1,493,36026,9
Facebook Penn94,highest_degree,2,0.1,494,36033,9
Facebook Penn94,highest_degree,2,0.1,495,36145,9
Facebook Penn94,highest_degree,2,0.1,496,36115,8
Facebook Penn94,highest_degree,2,0.1,497,36026,8
Facebook Penn94,highest_degree,2,0.1,498,36066,9
Facebook Penn94,highest_degree,2,0.1,499,36110,10
Facebook Penn94,highest_degree,2,0.1,500,36033,8
Facebook Penn94,highest_degree,2,0.1,501,36086,9
Facebook Penn94,highest_degree,2,0.1,502,36109,9
Facebook Penn94,highest_degree,2,0.1,503,36086,8
Facebook Penn94,highest_degree,2,0.1,504,36088,11
Facebook Penn94,highest_degree,2,0.1,505,36158,7
Facebook Penn94,highest_degree,2,0.1,506,36135,8
Facebook Penn94,highest_degree,2,0.1,507,36095,11
Facebook Penn94,highest_degree,2,0.1,508,36067,8
Facebook Penn94,highest_degree,2,0.1,509,36141,8
Facebook Penn94,highest_degree,2,0.1,510,36041,11
Facebook Penn94,highest_degree,2,0.1,511,36068,8
Facebook Penn94,highest_degree,2,0.1,512,36079,9
Facebook Penn94,highest_degree,2,0.1,513,36032,10
Facebook Penn94,highest_degree,2,0.1,514,36067,7
Facebook Penn94,highest_degree,2,0.1,515,36052,7
Facebook Penn94,highest_degree,2,0.1,516,36086,10
Facebook Penn94,highest_degree,2,0.1,517,36025,8
Facebook Penn94,highest_degree,2,0.1,518,36053,10
Facebook Penn94,highest_degree,2,0.1,519,36117,10
Facebook Penn94,highest_degree,2,0.1,520,36026,10
Facebook Penn94,highest_degree,2,0.1,521,36095,8
Facebook Penn94,highest_degree,2,0.1,522,36038,9
Facebook Penn94,highest_degree,2,0.1,523,36016,8
Facebook Penn94,highest_degree,2,0.1,524,36119,8
Facebook Penn94,highest_degree,2,0.1,525,36158,9
Facebook Penn94,highest_degree,2,0.1,526,36077,8
Facebook Penn94,highest_degree,2,0.1,527,36066,9
Facebook Penn94,highest_degree,2,0.1,528,36156,8
Facebook Penn94,highest_degree,2,0.1,529,36074,9
Facebook Penn94,highest_degree,2,0.1,530,36109,9
Facebook Penn94,highest_degree,2,0.1,531,36079,8
Facebook Penn94,highest_degree,2,0.1,532,36088,8
Facebook Penn94,highest_degree,2,0.1,533,36117,8
Facebook Penn94,highest_degree,2,0.1,534,36125,10
Facebook Penn94,highest_degree,2,0.1,535,36076,10
Facebook Penn94,highest_degree,2,0.1,536,36060,8
Facebook Penn94,highest_degree,2,0.1,537,36082,8
Facebook Penn94,highest_degree,2,0.1,538,36130,8
Facebook Penn94,highest_degree,2,0.1,539,36082,8
Facebook Penn94,highest_degree,2,0.1,540,36140,8
Facebook Penn94,highest_degree,2,0.1,541,36109,9
Facebook Penn94,highest_degree,2,0.1,542,36130,7
Facebook Penn94,highest_degree,2,0.1,543,36061,9
Facebook Penn94,highest_degree,2,0.1,544,36167,8
Facebook Penn94,highest_degree,2,0.1,545,36058,9
Facebook Penn94,highest_degree,2,0.1,546,36136,8
Facebook Penn94,highest_degree,2,0.1,547,36120,8
Facebook Penn94,highest_degree,2,0.1,548,35958,9
Facebook Penn94,highest_degree,2,0.1,549,36029,7
Facebook Penn94,highest_degree,2,0.1,550,36054,7
Facebook Penn94,highest_degree,2,0.1,551,36048,9
Facebook Penn94,highest_degree,2,0.1,552,35974,8
Facebook Penn94,highest_degree,2,0.1,553,36069,10
Facebook Penn94,highest_degree,2,0.1,554,36092,8
Facebook Penn94,highest_degree,2,0.1,555,36065,7
Facebook Penn94,highest_degree,2,0.1,556,36058,9
Facebook Penn94,highest_degree,2,0.1,557,35999,10
Facebook Penn94,highest_degree,2,0.1,558,36071,7
Facebook Penn94,highest_degree,2,0.1,559,36047,9
Facebook Penn94,highest_degree,2,0.1,560,36081,9
Facebook Penn94,highest_degree,2,0.1,561,36128,9
Facebook Penn94,highest_degree,2,0.1,562,36111,8
Facebook Penn94,highest_degree,2,0.1,563,36038,8
Facebook Penn94,highest_degree,2,0.1,564,36064,7
Facebook Penn94,highest_degree,2,0.1,565,36019,8
Facebook Penn94,highest_degree,2,0.1,566,36083,8
Facebook Penn94,highest_degree,2,0.1,567,36061,9
Facebook Penn94,highest_degree,2,0.1,568,36121,8
Facebook Penn94,highest_degree,2,0.1,569,36044,8
Facebook Penn94,highest_degree,2,0.1,570,35978,8
Facebook Penn94,highest_degree,2,0.1,571,36084,8
Facebook Penn94,highest_degree,2,0.1,572,36083,10
Facebook Penn94,highest_degree,2,0.1,573,36134,8
Facebook Penn94,highest_degree,2,0.1,574,36056,8
Facebook Penn94,highest_degree,2,0.1,575,36071,8
Facebook Penn94,highest_degree,2,0.1,576,36134,7
Facebook Penn94,highest_degree,2,0.1,577,36076,9
Facebook Penn94,highest_degree,2,0.1,578,36109,9
Facebook Penn94,highest_degree,2,0.1,579,36103,9
Facebook Penn94,highest_degree,2,0.1,580,36068,7
Facebook Penn94,highest_degree,2,0.1,581,36067,8
Facebook Penn94,highest_degree,2,0.1,582,36123,11
Facebook Penn94,highest_degree,2,0.1,583,36026,8
Facebook Penn94,highest_degree,2,0.1,584,36070,8
Facebook Penn94,highest_degree,2,0.1,585,36077,8
Facebook Penn94,highest_degree,2,0.1,586,36130,8
Facebook Penn94,highest_degree,2,0.1,587,36016,9
Facebook Penn94,highest_degree,2,0.1,588,36045,8
Facebook Penn94,highest_degree,2,0.1,589,36038,8
Facebook Penn94,highest_degree,2,0.1,590,36107,9
Facebook Penn94,highest_degree,2,0.1,591,36121,9
Facebook Penn94,highest_degree,2,0.1,592,36041,9
Facebook Penn94,highest_degree,2,0.1,593,36031,7
Facebook Penn94,highest_degree,2,0.1,594,35950,7
Facebook Penn94,highest_degree,2,0.1,595,36042,8
Facebook Penn94,highest_degree,2,0.1,596,36039,11
Facebook Penn94,highest_degree,2,0.1,597,36083,9
Facebook Penn94,highest_degree,2,0.1,598,36057,9
Facebook Penn94,highest_degree,2,0.1,599,36101,10
Facebook Penn94,highest_degree,2,0.1,600,36080,9
Facebook Penn94,highest_degree,2,0.1,601,36083,8
Facebook Penn94,highest_degree,2,0.1,602,36091,10
Facebook Penn94,highest_degree,2,0.1,603,36098,8
Facebook Penn94,highest_degree,2,0.1,604,36128,8
Facebook Penn94,highest_degree,2,0.1,605,35939,8
Facebook Penn94,highest_degree,2,0.1,606,36024,8
Facebook Penn94,highest_degree,2,0.1,607,36040,8
Facebook Penn94,highest_degree,2,0.1,608,36022,8
Facebook Penn94,highest_degree,2,0.1,609,36004,7
Facebook Penn94,highest_degree,2,0.1,610,36134,8
Facebook Penn94,highest_degree,2,0.1,611,36059,8
Facebook Penn94,highest_degree,2,0.1,612,36067,9
Facebook Penn94,highest_degree,2,0.1,613,36123,8
Facebook Penn94,highest_degree,2,0.1,614,36096,9
Facebook Penn94,highest_degree,2,0.1,615,36044,9
Facebook Penn94,highest_degree,2,0.1,616,36130,8
Facebook Penn94,highest_degree,2,0.1,617,36128,8
Facebook Penn94,highest_degree,2,0.1,618,36022,8
Facebook Penn94,highest_degree,2,0.1,619,36073,8
Facebook Penn94,highest_degree,2,0.1,620,35991,10
Facebook Penn94,highest_degree,2,0.1,621,36046,8
Facebook Penn94,highest_degree,2,0.1,622,36038,8
Facebook Penn94,highest_degree,2,0.1,623,36103,11
Facebook Penn94,highest_degree,2,0.1,624,36047,8
Facebook Penn94,highest_degree,2,0.1,625,36098,8
Facebook Penn94,highest_degree,2,0.1,626,36096,8
Facebook Penn94,highest_degree,2,0.1,627,36078,7
Facebook Penn94,highest_degree,2,0.1,628,36038,8
Facebook Penn94,highest_degree,2,0.1,629,36065,7
Facebook Penn94,highest_degree,2,0.1,630,36075,8
Facebook Penn94,highest_degree,2,0.1,631,36101,9
Facebook Penn94,highest_degree,2,0.1,632,36109,8
Facebook Penn94,highest_degree,2,0.1,633,35952,7
Facebook Penn94,highest_degree,2,0.1,634,36208,8
Facebook Penn94,highest_degree,2,0.1,635,36136,7
Facebook Penn94,highest_degree,2,0.1,636,36082,8
Facebook Penn94,highest_degree,2,0.1,637,36137,10
Facebook Penn94,highest_degree,2,0.1,638,36045,8
Facebook Penn94,highest_degree,2,0.1,639,36141,8
Facebook Penn94,highest_degree,2,0.1,640,36065,8
Facebook Penn94,highest_degree,2,0.1,641,36023,8
Facebook Penn94,highest_degree,2,0.1,642,36093,8
Facebook Penn94,highest_degree,2,0.1,643,36122,10
Facebook Penn94,highest_degree,2,0.1,644,36026,8
Facebook Penn94,highest_degree,2,0.1,645,36052,9
Facebook Penn94,highest_degree,2,0.1,646,35997,7
Facebook Penn94,highest_degree,2,0.1,647,36114,10
Facebook Penn94,highest_degree,2,0.1,648,36123,8
Facebook Penn94,highest_degree,2,0.1,649,36144,10
Facebook Penn94,highest_degree,2,0.1,650,36092,7
Facebook Penn94,highest_degree,2,0.1,651,36128,9
Facebook Penn94,highest_degree,2,0.1,652,36036,7
Facebook Penn94,highest_degree,2,0.1,653,36085,8
Facebook Penn94,highest_degree,2,0.1,654,36046,8
Facebook Penn94,highest_degree,2,0.1,655,36141,8
Facebook Penn94,highest_degree,2,0.1,656,36153,7
Facebook Penn94,highest_degree,2,0.1,657,36034,8
Facebook Penn94,highest_degree,2,0.1,658,36074,11
Facebook Penn94,highest_degree,2,0.1,659,36046,8
Facebook Penn94,highest_degree,2,0.1,660,36178,8
Facebook Penn94,highest_degree,2,0.1,661,36154,10
Facebook Penn94,highest_degree,2,0.1,662,35990,8
Facebook Penn94,highest_degree,2,0.1,663,36092,7
Facebook Penn94,highest_degree,2,0.1,664,36137,9
Facebook Penn94,highest_degree,2,0.1,665,36109,12
Facebook Penn94,highest_degree,2,0.1,666,36086,11
Facebook Penn94,highest_degree,2,0.1,667,36016,9
Facebook Penn94,highest_degree,2,0.1,668,36035,8
Facebook Penn94,highest_degree,2,0.1,669,36051,7
Facebook Penn94,highest_degree,2,0.1,670,36124,11
Facebook Penn94,highest_degree,2,0.1,671,36073,7
Facebook Penn94,highest_degree,2,0.1,672,36096,8
Facebook Penn94,highest_degree,2,0.1,673,36042,8
Facebook Penn94,highest_degree,2,0.1,674,36027,7
Facebook Penn94,highest_degree,2,0.1,675,36009,8
Facebook Penn94,highest_degree,2,0.1,676,36158,8
Facebook Penn94,highest_degree,2,0.1,677,36015,8
Facebook Penn94,highest_degree,2,0.1,678,35995,8
Facebook Penn94,highest_degree,2,0.1,679,36074,8
Facebook Penn94,highest_degree,2,0.1,680,36040,8
Facebook Penn94,highest_degree,2,0.1,681,36114,8
Facebook Penn94,highest_degree,2,0.1,682,36052,8
Facebook Penn94,highest_degree,2,0.1,683,36033,8
Facebook Penn94,highest_degree,2,0.1,684,36054,9
Facebook Penn94,highest_degree,2,0.1,685,36057,8
Facebook Penn94,highest_degree,2,0.1,686,36066,8
Facebook Penn94,highest_degree,2,0.1,687,36123,8
Facebook Penn94,highest_degree,2,0.1,688,36068,7
Facebook Penn94,highest_degree,2,0.1,689,36047,8
Facebook Penn94,highest_degree,2,0.1,690,36042,9
Facebook Penn94,highest_degree,2,0.1,691,36124,9
Facebook Penn94,highest_degree,2,0.1,692,36027,8
Facebook Penn94,highest_degree,2,0.1,693,36070,8
Facebook Penn94,highest_degree,2,0.1,694,35998,10
Facebook Penn94,highest_degree,2,0.1,695,36125,8
Facebook Penn94,highest_degree,2,0.1,696,36056,8
Facebook Penn94,highest_degree,2,0.1,697,35933,8
Facebook Penn94,highest_degree,2,0.1,698,36087,9
Facebook Penn94,highest_degree,2,0.1,699,36100,8
Facebook Penn94,highest_degree,2,0.1,700,36148,8
Facebook Penn94,highest_degree,2,0.1,701,36158,10
Facebook Penn94,highest_degree,2,0.1,702,36154,8
Facebook Penn94,highest_degree,2,0.1,703,36112,12
Facebook Penn94,highest_degree,2,0.1,704,36109,10
Facebook Penn94,highest_degree,2,0.1,705,36056,9
Facebook Penn94,highest_degree,2,0.1,706,36098,8
Facebook Penn94,highest_degree,2,0.1,707,36114,8
Facebook Penn94,highest_degree,2,0.1,708,36070,8
Facebook Penn94,highest_degree,2,0.1,709,36090,7
Facebook Penn94,highest_degree,2,0.1,710,36011,9
Facebook Penn94,highest_degree,2,0.1,711,36017,8
Facebook Penn94,highest_degree,2,0.1,712,35985,8
Facebook Penn94,highest_degree,2,0.1,713,36059,10
Facebook Penn94,highest_degree,2,0.1,714,36127,12
Facebook Penn94,highest_degree,2,0.1,715,36095,9
Facebook Penn94,highest_degree,2,0.1,716,36022,8
Facebook Penn94,highest_degree,2,0.1,717,36104,8
Facebook Penn94,highest_degree,2,0.1,718,36082,8
Facebook Penn94,highest_degree,2,0.1,719,36103,8
Facebook Penn94,highest_degree,2,0.1,720,36106,9
Facebook Penn94,highest_degree,2,0.1,721,36017,8
Facebook Penn94,highest_degree,2,0.1,722,36131,8
Facebook Penn94,highest_degree,2,0.1,723,36107,8
Facebook Penn94,highest_degree,2,0.1,724,36056,9
Facebook Penn94,highest_degree,2,0.1,725,36067,9
Facebook Penn94,highest_degree,2,0.1,726,36101,8
Facebook Penn94,highest_degree,2,0.1,727,36093,10
Facebook Penn94,highest_degree,2,0.1,728,36161,7
Facebook Penn94,highest_degree,2,0.1,729,36095,9
Facebook Penn94,highest_degree,2,0.1,730,36133,10
Facebook Penn94,highest_degree,2,0.1,731,36048,8
Facebook Penn94,highest_degree,2,0.1,732,36050,8
Facebook Penn94,highest_degree,2,0.1,733,36044,11
Facebook Penn94,highest_degree,2,0.1,734,36116,8
Facebook Penn94,highest_degree,2,0.1,735,36093,8
Facebook Penn94,highest_degree,2,0.1,736,36054,8
Facebook Penn94,highest_degree,2,0.1,737,36065,9
Facebook Penn94,highest_degree,2,0.1,738,36050,8
Facebook Penn94,highest_degree,2,0.1,739,35992,10
Facebook Penn94,highest_degree,2,0.1,740,36089,9
Facebook Penn94,highest_degree,2,0.1,741,36081,7
Facebook Penn94,highest_degree,2,0.1,742,36081,8
Facebook Penn94,highest_degree,2,0.1,743,35988,8
Facebook Penn94,highest_degree,2,0.1,744,36067,8
Facebook Penn94,highest_degree,2,0.1,745,36002,9
Facebook Penn94,highest_degree,2,0.1,746,36100,9
Facebook Penn94,highest_degree,2,0.1,747,36072,9
Facebook Penn94,highest_degree,2,0.1,748,36093,9
Facebook Penn94,highest_degree,2,0.1,749,36098,9
Facebook Penn94,highest_degree,2,0.1,750,36045,7
Facebook Penn94,highest_degree,2,0.1,751,36128,9
Facebook Penn94,highest_degree,2,0.1,752,36113,9
Facebook Penn94,highest_degree,2,0.1,753,36022,9
Facebook Penn94,highest_degree,2,0.1,754,36075,8
Facebook Penn94,highest_degree,2,0.1,755,36033,8
Facebook Penn94,highest_degree,2,0.1,756,36041,9
Facebook Penn94,highest_degree,2,0.1,757,36098,8
Facebook Penn94,highest_degree,2,0.1,758,36007,8
Facebook Penn94,highest_degree,2,0.1,759,36021,9
Facebook Penn94,highest_degree,2,0.1,760,36082,8
Facebook Penn94,highest_degree,2,0.1,761,36121,9
Facebook Penn94,highest_degree,2,0.1,762,36058,8
Facebook Penn94,highest_degree,2,0.1,763,36052,9
Facebook Penn94,highest_degree,2,0.1,764,36065,8
Facebook Penn94,highest_degree,2,0.1,765,36090,8
Facebook Penn94,highest_degree,2,0.1,766,36111,9
Facebook Penn94,highest_degree,2,0.1,767,36111,11
Facebook Penn94,highest_degree,2,0.1,768,36112,8
Facebook Penn94,highest_degree,2,0.1,769,36092,8
Facebook Penn94,highest_degree,2,0.1,770,36131,9
Facebook Penn94,highest_degree,2,0.1,771,36113,10
Facebook Penn94,highest_degree,2,0.1,772,35986,8
Facebook Penn94,highest_degree,2,0.1,773,36089,7
Facebook Penn94,highest_degree,2,0.1,774,36078,9
Facebook Penn94,highest_degree,2,0.1,775,36034,8
Facebook Penn94,highest_degree,2,0.1,776,36133,7
Facebook Penn94,highest_degree,2,0.1,777,36112,8
Facebook Penn94,highest_degree,2,0.1,778,35975,7
Facebook Penn94,highest_degree,2,0.1,779,36011,7
Facebook Penn94,highest_degree,2,0.1,780,36139,7
Facebook Penn94,highest_degree,2,0.1,781,36060,7
Facebook Penn94,highest_degree,2,0.1,782,36124,7
Facebook Penn94,highest_degree,2,0.1,783,36123,8
Facebook Penn94,highest_degree,2,0.1,784,36120,8
Facebook Penn94,highest_degree,2,0.1,785,36208,8
Facebook Penn94,highest_degree,2,0.1,786,35982,8
Facebook Penn94,highest_degree,2,0.1,787,36105,7
Facebook Penn94,highest_degree,2,0.1,788,36128,11
Facebook Penn94,highest_degree,2,0.1,789,36136,9
Facebook Penn94,highest_degree,2,0.1,790,36016,7
Facebook Penn94,highest_degree,2,0.1,791,36047,8
Facebook Penn94,highest_degree,2,0.1,792,36102,7
Facebook Penn94,highest_degree,2,0.1,793,36071,7
Facebook Penn94,highest_degree,2,0.1,794,36020,9
Facebook Penn94,highest_degree,2,0.1,795,36103,9
Facebook Penn94,highest_degree,2,0.1,796,36058,8
Facebook Penn94,highest_degree,2,0.1,797,35980,8
Facebook Penn94,highest_degree,2,0.1,798,36113,8
Facebook Penn94,highest_degree,2,0.1,799,36136,8
Facebook Penn94,highest_degree,2,0.1,800,36049,8
Facebook Penn94,highest_degree,2,0.1,801,36072,8
Facebook Penn94,highest_degree,2,0.1,802,36118,8
Facebook Penn94,highest_degree,2,0.1,803,36037,10
Facebook Penn94,highest_degree,2,0.1,804,36068,8
Facebook Penn94,highest_degree,2,0.1,805,36053,8
Facebook Penn94,highest_degree,2,0.1,806,36004,9
Facebook Penn94,highest_degree,2,0.1,807,36114,9
Facebook Penn94,highest_degree,2,0.1,808,36143,9
Facebook Penn94,highest_degree,2,0.1,809,36150,8
Facebook Penn94,highest_degree,2,0.1,810,36114,7
Facebook Penn94,highest_degree,2,0.1,811,36148,7
Facebook Penn94,highest_degree,2,0.1,812,36150,8
Facebook Penn94,highest_degree,2,0.1,813,36082,9
Facebook Penn94,highest_degree,2,0.1,814,36048,8
Facebook Penn94,highest_degree,2,0.1,815,35989,10
Facebook Penn94,highest_degree,2,0.1,816,36082,9
Facebook Penn94,highest_degree,2,0.1,817,36056,8
Facebook Penn94,highest_degree,2,0.1,818,36068,7
Facebook Penn94,highest_degree,2,0.1,819,36121,9
Facebook Penn94,highest_degree,2,0.1,820,36173,10
Facebook Penn94,highest_degree,2,0.1,821,36153,8
Facebook Penn94,highest_degree,2,0.1,822,36193,8
Facebook Penn94,highest_degree,2,0.1,823,35963,9
Facebook Penn94,highest_degree,2,0.1,824,36078,8
Facebook Penn94,highest_degree,2,0.1,825,36026,8
Facebook Penn94,highest_degree,2,0.1,826,36149,10
Facebook Penn94,highest_degree,2,0.1,827,36056,8
Facebook Penn94,highest_degree,2,0.1,828,36094,8
Facebook Penn94,highest_degree,2,0.1,829,36127,9
Facebook Penn94,highest_degree,2,0.1,830,36067,12
Facebook Penn94,highest_degree,2,0.1,831,36043,10
Facebook Penn94,highest_degree,2,0.1,832,36071,8
Facebook Penn94,highest_degree,2,0.1,833,36092,7
Facebook Penn94,highest_degree,2,0.1,834,35985,8
Facebook Penn94,highest_degree,2,0.1,835,36079,9
Facebook Penn94,highest_degree,2,0.1,836,36143,9
Facebook Penn94,highest_degree,2,0.1,837,36085,8
Facebook Penn94,highest_degree,2,0.1,838,36052,9
Facebook Penn94,highest_degree,2,0.1,839,36018,9
Facebook Penn94,highest_degree,2,0.1,840,36065,9
Facebook Penn94,highest_degree,2,0.1,841,36066,8
Facebook Penn94,highest_degree,2,0.1,842,36040,7
Facebook Penn94,highest_degree,2,0.1,843,36027,8
Facebook Penn94,highest_degree,2,0.1,844,36059,8
Facebook Penn94,highest_degree,2,0.1,845,35969,8
Facebook Penn94,highest_degree,2,0.1,846,36101,8
Facebook Penn94,highest_degree,2,0.1,847,36013,8
Facebook Penn94,highest_degree,2,0.1,848,35971,9
Facebook Penn94,highest_degree,2,0.1,849,36023,10
Facebook Penn94,highest_degree,2,0.1,850,36094,8
Facebook Penn94,highest_degree,2,0.1,851,36074,8
Facebook Penn94,highest_degree,2,0.1,852,36041,7
Facebook Penn94,highest_degree,2,0.1,853,36066,8
Facebook Penn94,highest_degree,2,0.1,854,36069,8
Facebook Penn94,highest_degree,2,0.1,855,36079,10
Facebook Penn94,highest_degree,2,0.1,856,36017,9
Facebook Penn94,highest_degree,2,0.1,857,36007,8
Facebook Penn94,highest_degree,2,0.1,858,36065,7
Facebook Penn94,highest_degree,2,0.1,859,36144,9
Facebook Penn94,highest_degree,2,0.1,860,36087,9
Facebook Penn94,highest_degree,2,0.1,861,36071,9
Facebook Penn94,highest_degree,2,0.1,862,36026,8
Facebook Penn94,highest_degree,2,0.1,863,36156,8
Facebook Penn94,highest_degree,2,0.1,864,36076,9
Facebook Penn94,highest_degree,2,0.1,865,36128,9
Facebook Penn94,highest_degree,2,0.1,866,36025,8
Facebook Penn94,highest_degree,2,0.1,867,36049,8
Facebook Penn94,highest_degree,2,0.1,868,36110,8
Facebook Penn94,highest_degree,2,0.1,869,36086,9
Facebook Penn94,highest_degree,2,0.1,870,36068,8
Facebook Penn94,highest_degree,2,0.1,871,36109,7
Facebook Penn94,highest_degree,2,0.1,872,36029,8
Facebook Penn94,highest_degree,2,0.1,873,35993,8
Facebook Penn94,highest_degree,2,0.1,874,36064,10
Facebook Penn94,highest_degree,2,0.1,875,36104,8
Facebook Penn94,highest_degree,2,0.1,876,36162,8
Facebook Penn94,highest_degree,2,0.1,877,36038,10
Facebook Penn94,highest_degree,2,0.1,878,36148,8
Facebook Penn94,highest_degree,2,0.1,879,36110,8
Facebook Penn94,highest_degree,2,0.1,880,35958,8
Facebook Penn94,highest_degree,2,0.1,881,36127,8
Facebook Penn94,highest_degree,2,0.1,882,36008,9
Facebook Penn94,highest_degree,2,0.1,883,36098,9
Facebook Penn94,highest_degree,2,0.1,884,36094,8
Facebook Penn94,highest_degree,2,0.1,885,36019,8
Facebook Penn94,highest_degree,2,0.1,886,36116,8
Facebook Penn94,highest_degree,2,0.1,887,36044,8
Facebook Penn94,highest_degree,2,0.1,888,36067,12
Facebook Penn94,highest_degree,2,0.1,889,36035,8
Facebook Penn94,highest_degree,2,0.1,890,36093,8
Facebook Penn94,highest_degree,2,0.1,891,36058,9
Facebook Penn94,highest_degree,2,0.1,892,36145,11
Facebook Penn94,highest_degree,2,0.1,893,36117,8
Facebook Penn94,highest_degree,2,0.1,894,36028,7
Facebook Penn94,highest_degree,2,0.1,895,35984,8
Facebook Penn94,highest_degree,2,0.1,896,36043,9
Facebook Penn94,highest_degree,2,0.1,897,36112,8
Facebook Penn94,highest_degree,2,0.1,898,36049,8
Facebook Penn94,highest_degree,2,0.1,899,36034,8
Facebook Penn94,highest_degree,2,0.1,900,36041,11
Facebook Penn94,highest_degree,2,0.1,901,35966,12
Facebook Penn94,highest_degree,2,0.1,902,36032,9
Facebook Penn94,highest_degree,2,0.1,903,36092,7
Facebook Penn94,highest_degree,2,0.1,904,36131,8
Facebook Penn94,highest_degree,2,0.1,905,36098,8
Facebook Penn94,highest_degree,2,0.1,906,36007,8
Facebook Penn94,highest_degree,2,0.1,907,36122,9
Facebook Penn94,highest_degree,2,0.1,908,36052,8
Facebook Penn94,highest_degree,2,0.1,909,36066,9
Facebook Penn94,highest_degree,2,0.1,910,36077,8
Facebook Penn94,highest_degree,2,0.1,911,36022,8
Facebook Penn94,highest_degree,2,0.1,912,36062,8
Facebook Penn94,highest_degree,2,0.1,913,36057,9
Facebook Penn94,highest_degree,2,0.1,914,36076,7
Facebook Penn94,highest_degree,2,0.1,915,36135,10
Facebook Penn94,highest_degree,2,0.1,916,36030,7
Facebook Penn94,highest_degree,2,0.1,917,36055,8
Facebook Penn94,highest_degree,2,0.1,918,36069,9
Facebook Penn94,highest_degree,2,0.1,919,36067,9
Facebook Penn94,highest_degree,2,0.1,920,36101,9
Facebook Penn94,highest_degree,2,0.1,921,36089,9
Facebook Penn94,highest_degree,2,0.1,922,36011,8
Facebook Penn94,highest_degree,2,0.1,923,36170,8
Facebook Penn94,highest_degree,2,0.1,924,36106,8
Facebook Penn94,highest_degree,2,0.1,925,36064,9
Facebook Penn94,highest_degree,2,0.1,926,36096,8
Facebook Penn94,highest_degree,2,0.1,927,35978,8
Facebook Penn94,highest_degree,2,0.1,928,36091,8
Facebook Penn94,highest_degree,2,0.1,929,36005,7
Facebook Penn94,highest_degree,2,0.1,930,36013,8
Facebook Penn94,highest_degree,2,0.1,931,36075,8
Facebook Penn94,highest_degree,2,0.1,932,36087,8
Facebook Penn94,highest_degree,2,0.1,933,36115,9
Facebook Penn94,highest_degree,2,0.1,934,36087,8
Facebook Penn94,highest_degree,2,0.1,935,36075,8
Facebook Penn94,highest_degree,2,0.1,936,36037,8
Facebook Penn94,highest_degree,2,0.1,937,36042,11
Facebook Penn94,highest_degree,2,0.1,938,36068,8
Facebook Penn94,highest_degree,2,0.1,939,36126,8
Facebook Penn94,highest_degree,2,0.1,940,35982,7
Facebook Penn94,highest_degree,2,0.1,941,36059,8
Facebook Penn94,highest_degree,2,0.1,942,36029,7
Facebook Penn94,highest_degree,2,0.1,943,36101,9
Facebook Penn94,highest_degree,2,0.1,944,36085,8
Facebook Penn94,highest_degree,2,0.1,945,35997,8
Facebook Penn94,highest_degree,2,0.1,946,36097,10
Facebook Penn94,highest_degree,2,0.1,947,36139,8
Facebook Penn94,highest_degree,2,0.1,948,36121,9
Facebook Penn94,highest_degree,2,0.1,949,36000,13
Facebook Penn94,highest_degree,2,0.1,950,36035,7
Facebook Penn94,highest_degree,2,0.1,951,36116,9
Facebook Penn94,highest_degree,2,0.1,952,36115,7
Facebook Penn94,highest_degree,2,0.1,953,36016,9
Facebook Penn94,highest_degree,2,0.1,954,36138,10
Facebook Penn94,highest_degree,2,0.1,955,36101,9
Facebook Penn94,highest_degree,2,0.1,956,36169,8
Facebook Penn94,highest_degree,2,0.1,957,36123,9
Facebook Penn94,highest_degree,2,0.1,958,36112,11
Facebook Penn94,highest_degree,2,0.1,959,36035,8
Facebook Penn94,highest_degree,2,0.1,960,36074,8
Facebook Penn94,highest_degree,2,0.1,961,35945,9
Facebook Penn94,highest_degree,2,0.1,962,36066,8
Facebook Penn94,highest_degree,2,0.1,963,36091,10
Facebook Penn94,highest_degree,2,0.1,964,36005,8
Facebook Penn94,highest_degree,2,0.1,965,36042,11
Facebook Penn94,highest_degree,2,0.1,966,36157,8
Facebook Penn94,highest_degree,2,0.1,967,36083,9
Facebook Penn94,highest_degree,2,0.1,968,36014,8
Facebook Penn94,highest_degree,2,0.1,969,36118,10
Facebook Penn94,highest_degree,2,0.1,970,36061,8
Facebook Penn94,highest_degree,2,0.1,971,36111,9
Facebook Penn94,highest_degree,2,0.1,972,36153,8
Facebook Penn94,highest_degree,2,0.1,973,36031,8
Facebook Penn94,highest_degree,2,0.1,974,36073,7
Facebook Penn94,highest_degree,2,0.1,975,36082,8
Facebook Penn94,highest_degree,2,0.1,976,36064,8
Facebook Penn94,highest_degree,2,0.1,977,36073,10
Facebook Penn94,highest_degree,2,0.1,978,36067,7
Facebook Penn94,highest_degree,2,0.1,979,36095,8
Facebook Penn94,highest_degree,2,0.1,980,36071,9
Facebook Penn94,highest_degree,2,0.1,981,36020,8
Facebook Penn94,highest_degree,2,0.1,982,36144,9
Facebook Penn94,highest_degree,2,0.1,983,36021,8
Facebook Penn94,highest_degree,2,0.1,984,36004,7
Facebook Penn94,highest_degree,2,0.1,985,36095,8
Facebook Penn94,highest_degree,2,0.1,986,36086,9
Facebook Penn94,highest_degree,2,0.1,987,36009,8
Facebook Penn94,highest_degree,2,0.1,988,36109,9
Facebook Penn94,highest_degree,2,0.1,989,36135,9
Facebook Penn94,highest_degree,2,0.1,990,36117,8
Facebook Penn94,highest_degree,2,0.1,991,36009,9
Facebook Penn94,highest_degree,2,0.1,992,36012,9
Facebook Penn94,highest_degree,2,0.1,993,35926,8
Facebook Penn94,highest_degree,2,0.1,994,36155,8
Facebook Penn94,highest_degree,2,0.1,995,36069,8
Facebook Penn94,highest_degree,2,0.1,996,36035,10
Facebook Penn94,highest_degree,2,0.1,997,36072,8
Facebook Penn94,highest_degree,2,0.1,998,36102,9
Facebook Penn94,highest_degree,2,0.1,999,36069,9
Facebook Penn94,highest_degree,4,0.1,0,36059,7
Facebook Penn94,highest_degree,4,0.1,1,35993,7
Facebook Penn94,highest_degree,4,0.1,2,36156,7
Facebook Penn94,highest_degree,4,0.1,3,36089,7
Facebook Penn94,highest_degree,4,0.1,4,36043,9
Facebook Penn94,highest_degree,4,0.1,5,36019,7
Facebook Penn94,highest_degree,4,0.1,6,36105,9
Facebook Penn94,highest_degree,4,0.1,7,35923,7
Facebook Penn94,highest_degree,4,0.1,8,36143,7
Facebook Penn94,highest_degree,4,0.1,9,35985,7
Facebook Penn94,highest_degree,4,0.1,10,36094,7
Facebook Penn94,highest_degree,4,0.1,11,36134,7
Facebook Penn94,highest_degree,4,0.1,12,36077,9
Facebook Penn94,highest_degree,4,0.1,13,36168,9
Facebook Penn94,highest_degree,4,0.1,14,36151,9
Facebook Penn94,highest_degree,4,0.1,15,36060,9
Facebook Penn94,highest_degree,4,0.1,16,36040,13
Facebook Penn94,highest_degree,4,0.1,17,36070,8
Facebook Penn94,highest_degree,4,0.1,18,36029,8
Facebook Penn94,highest_degree,4,0.1,19,36013,8
Facebook Penn94,highest_degree,4,0.1,20,36154,7
Facebook Penn94,highest_degree,4,0.1,21,36139,8
Facebook Penn94,highest_degree,4,0.1,22,36111,7
Facebook Penn94,highest_degree,4,0.1,23,36115,9
Facebook Penn94,highest_degree,4,0.1,24,36100,11
Facebook Penn94,highest_degree,4,0.1,25,36031,9
Facebook Penn94,highest_degree,4,0.1,26,36098,7
Facebook Penn94,highest_degree,4,0.1,27,36019,8
Facebook Penn94,highest_degree,4,0.1,28,36043,8
Facebook Penn94,highest_degree,4,0.1,29,36087,8
Facebook Penn94,highest_degree,4,0.1,30,35987,8
Facebook Penn94,highest_degree,4,0.1,31,36043,9
Facebook Penn94,highest_degree,4,0.1,32,36099,8
Facebook Penn94,highest_degree,4,0.1,33,36123,9
Facebook Penn94,highest_degree,4,0.1,34,36087,7
Facebook Penn94,highest_degree,4,0.1,35,36120,8
Facebook Penn94,highest_degree,4,0.1,36,36058,8
Facebook Penn94,highest_degree,4,0.1,37,36046,9
Facebook Penn94,highest_degree,4,0.1,38,35930,8
Facebook Penn94,highest_degree,4,0.1,39,36025,8
Facebook Penn94,highest_degree,4,0.1,40,36026,8
Facebook Penn94,highest_degree,4,0.1,41,36131,8
Facebook Penn94,highest_degree,4,0.1,42,36047,7
Facebook Penn94,highest_degree,4,0.1,43,35982,9
Facebook Penn94,highest_degree,4,0.1,44,36118,7
Facebook Penn94,highest_degree,4,0.1,45,36151,8
Facebook Penn94,highest_degree,4,0.1,46,36061,7
Facebook Penn94,highest_degree,4,0.1,47,35970,8
Facebook Penn94,highest_degree,4,0.1,48,36021,8
Facebook Penn94,highest_degree,4,0.1,49,36086,9
Facebook Penn94,highest_degree,4,0.1,50,36010,9
Facebook Penn94,highest_degree,4,0.1,51,36094,9
Facebook Penn94,highest_degree,4,0.1,52,36123,8
Facebook Penn94,highest_degree,4,0.1,53,36128,8
Facebook Penn94,highest_degree,4,0.1,54,35991,8
Facebook Penn94,highest_degree,4,0.1,55,36046,8
Facebook Penn94,highest_degree,4,0.1,56,36086,8
Facebook Penn94,highest_degree,4,0.1,57,36132,7
Facebook Penn94,highest_degree,4,0.1,58,36080,7
Facebook Penn94,highest_degree,4,0.1,59,36034,7
Facebook Penn94,highest_degree,4,0.1,60,36126,9
Facebook Penn94,highest_degree,4,0.1,61,36054,8
Facebook Penn94,highest_degree,4,0.1,62,36095,8
Facebook Penn94,highest_degree,4,0.1,63,36066,9
Facebook Penn94,highest_degree,4,0.1,64,36053,9
Facebook Penn94,highest_degree,4,0.1,65,36073,9
Facebook Penn94,highest_degree,4,0.1,66,36100,9
Facebook Penn94,highest_degree,4,0.1,67,36150,7
Facebook Penn94,highest_degree,4,0.1,68,36065,7
Facebook Penn94,highest_degree,4,0.1,69,36151,7
Facebook Penn94,highest_degree,4,0.1,70,35976,9
Facebook Penn94,highest_degree,4,0.1,71,36045,8
Facebook Penn94,highest_degree,4,0.1,72,36036,8
Facebook Penn94,highest_degree,4,0.1,73,36028,7
Facebook Penn94,highest_degree,4,0.1,74,36036,9
Facebook Penn94,highest_degree,4,0.1,75,36155,8
Facebook Penn94,highest_degree,4,0.1,76,36184,8
Facebook Penn94,highest_degree,4,0.1,77,36093,8
Facebook Penn94,highest_degree,4,0.1,78,36038,8
Facebook Penn94,highest_degree,4,0.1,79,36014,7
Facebook Penn94,highest_degree,4,0.1,80,36049,8
Facebook Penn94,highest_degree,4,0.1,81,36021,9
Facebook Penn94,highest_degree,4,0.1,82,36130,10
Facebook Penn94,highest_degree,4,0.1,83,36140,9
Facebook Penn94,highest_degree,4,0.1,84,36120,8
Facebook Penn94,highest_degree,4,0.1,85,35973,7
Facebook Penn94,highest_degree,4,0.1,86,36082,9
Facebook Penn94,highest_degree,4,0.1,87,36084,7
Facebook Penn94,highest_degree,4,0.1,88,36063,8
Facebook Penn94,highest_degree,4,0.1,89,36089,8
Facebook Penn94,highest_degree,4,0.1,90,36081,7
Facebook Penn94,highest_degree,4,0.1,91,36091,8
Facebook Penn94,highest_degree,4,0.1,92,36130,8
Facebook Penn94,highest_degree,4,0.1,93,36143,8
Facebook Penn94,highest_degree,4,0.1,94,36051,8
Facebook Penn94,highest_degree,4,0.1,95,36081,8
Facebook Penn94,highest_degree,4,0.1,96,36146,9
Facebook Penn94,highest_degree,4,0.1,97,35989,9
Facebook Penn94,highest_degree,4,0.1,98,36096,8
Facebook Penn94,highest_degree,4,0.1,99,36126,8
Facebook Penn94,highest_degree,4,0.1,100,35988,8
Facebook Penn94,highest_degree,4,0.1,101,36074,7
Facebook Penn94,highest_degree,4,0.1,102,36086,9
Facebook Penn94,highest_degree,4,0.1,103,36043,8
Facebook Penn94,highest_degree,4,0.1,104,36095,8
Facebook Penn94,highest_degree,4,0.1,105,36138,8
Facebook Penn94,highest_degree,4,0.1,106,36055,9
Facebook Penn94,highest_degree,4,0.1,107,36041,9
Facebook Penn94,highest_degree,4,0.1,108,35968,8
Facebook Penn94,highest_degree,4,0.1,109,36164,7
Facebook Penn94,highest_degree,4,0.1,110,36078,7
Facebook Penn94,highest_degree,4,0.1,111,36116,7
Facebook Penn94,highest_degree,4,0.1,112,36092,8
Facebook Penn94,highest_degree,4,0.1,113,36056,10
Facebook Penn94,highest_degree,4,0.1,114,36095,8
Facebook Penn94,highest_degree,4,0.1,115,36016,9
Facebook Penn94,highest_degree,4,0.1,116,36070,9
Facebook Penn94,highest_degree,4,0.1,117,36179,8
Facebook Penn94,highest_degree,4,0.1,118,36086,8
Facebook Penn94,highest_degree,4,0.1,119,36080,7
Facebook Penn94,highest_degree,4,0.1,120,36035,9
Facebook Penn94,highest_degree,4,0.1,121,36069,8
Facebook Penn94,highest_degree,4,0.1,122,36021,8
Facebook Penn94,highest_degree,4,0.1,123,36010,7
Facebook Penn94,highest_degree,4,0.1,124,36119,8
Facebook Penn94,highest_degree,4,0.1,125,36079,7
Facebook Penn94,highest_degree,4,0.1,126,36061,9
Facebook Penn94,highest_degree,4,0.1,127,36147,9
Facebook Penn94,highest_degree,4,0.1,128,36025,7
Facebook Penn94,highest_degree,4,0.1,129,36070,9
Facebook Penn94,highest_degree,4,0.1,130,36053,8
Facebook Penn94,highest_degree,4,0.1,131,36095,8
Facebook Penn94,highest_degree,4,0.1,132,36018,8
Facebook Penn94,highest_degree,4,0.1,133,36058,8
Facebook Penn94,highest_degree,4,0.1,134,36095,8
Facebook Penn94,highest_degree,4,0.1,135,36094,9
Facebook Penn94,highest_degree,4,0.1,136,36130,7
Facebook Penn94,highest_degree,4,0.1,137,36083,8
Facebook Penn94,highest_degree,4,0.1,138,36079,7
Facebook Penn94,highest_degree,4,0.1,139,36074,8
Facebook Penn94,highest_degree,4,0.1,140,36075,7
Facebook Penn94,highest_degree,4,0.1,141,36120,7
Facebook Penn94,highest_degree,4,0.1,142,36008,8
Facebook Penn94,highest_degree,4,0.1,143,36096,8
Facebook Penn94,highest_degree,4,0.1,144,35988,7
Facebook Penn94,highest_degree,4,0.1,145,36098,8
Facebook Penn94,highest_degree,4,0.1,146,36091,8
Facebook Penn94,highest_degree,4,0.1,147,36166,8
Facebook Penn94,highest_degree,4,0.1,148,36060,8
Facebook Penn94,highest_degree,4,0.1,149,36090,9
Facebook Penn94,highest_degree,4,0.1,150,36061,9
Facebook Penn94,highest_degree,4,0.1,151,36126,8
Facebook Penn94,highest_degree,4,0.1,152,36127,8
Facebook Penn94,highest_degree,4,0.1,153,36152,8
Facebook Penn94,highest_degree,4,0.1,154,36065,8
Facebook Penn94,highest_degree,4,0.1,155,36076,8
Facebook Penn94,highest_degree,4,0.1,156,36038,9
Facebook Penn94,highest_degree,4,0.1,157,36112,8
Facebook Penn94,highest_degree,4,0.1,158,36054,8
Facebook Penn94,highest_degree,4,0.1,159,36089,8
Facebook Penn94,highest_degree,4,0.1,160,36007,8
Facebook Penn94,highest_degree,4,0.1,161,36012,8
Facebook Penn94,highest_degree,4,0.1,162,36151,7
Facebook Penn94,highest_degree,4,0.1,163,36051,7
Facebook Penn94,highest_degree,4,0.1,164,36025,8
Facebook Penn94,highest_degree,4,0.1,165,36066,8
Facebook Penn94,highest_degree,4,0.1,166,36014,9
Facebook Penn94,highest_degree,4,0.1,167,36061,12
Facebook Penn94,highest_degree,4,0.1,168,36027,8
Facebook Penn94,highest_degree,4,0.1,169,36068,8
Facebook Penn94,highest_degree,4,0.1,170,36042,8
Facebook Penn94,highest_degree,4,0.1,171,36019,8
Facebook Penn94,highest_degree,4,0.1,172,36083,9
Facebook Penn94,highest_degree,4,0.1,173,35999,8
Facebook Penn94,highest_degree,4,0.1,174,36017,9
Facebook Penn94,highest_degree,4,0.1,175,36087,8
Facebook Penn94,highest_degree,4,0.1,176,36047,8
Facebook Penn94,highest_degree,4,0.1,177,36107,10
Facebook Penn94,highest_degree,4,0.1,178,36172,8
Facebook Penn94,highest_degree,4,0.1,179,36080,8
Facebook Penn94,highest_degree,4,0.1,180,36170,7
Facebook Penn94,highest_degree,4,0.1,181,36095,8
Facebook Penn94,highest_degree,4,0.1,182,36145,9
Facebook Penn94,highest_degree,4,0.1,183,35977,10
Facebook Penn94,highest_degree,4,0.1,184,36090,8
Facebook Penn94,highest_degree,4,0.1,185,36115,8
Facebook Penn94,highest_degree,4,0.1,186,36077,7
Facebook Penn94,highest_degree,4,0.1,187,36026,8
Facebook Penn94,highest_degree,4,0.1,188,35994,8
Facebook Penn94,highest_degree,4,0.1,189,36045,9
Facebook Penn94,highest_degree,4,0.1,190,36054,7
Facebook Penn94,highest_degree,4,0.1,191,36030,8
Facebook Penn94,highest_degree,4,0.1,192,36046,9
Facebook Penn94,highest_degree,4,0.1,193,36101,8
Facebook Penn94,highest_degree,4,0.1,194,36011,7
Facebook Penn94,highest_degree,4,0.1,195,35995,8
Facebook Penn94,highest_degree,4,0.1,196,36020,7
Facebook Penn94,highest_degree,4,0.1,197,36145,8
Facebook Penn94,highest_degree,4,0.1,198,36142,7
Facebook Penn94,highest_degree,4,0.1,199,36120,7
Facebook Penn94,highest_degree,4,0.1,200,36083,7
Facebook Penn94,highest_degree,4,0.1,201,36041,8
Facebook Penn94,highest_degree,4,0.1,202,36048,8
Facebook Penn94,highest_degree,4,0.1,203,36079,9
Facebook Penn94,highest_degree,4,0.1,204,35995,8
Facebook Penn94,highest_degree,4,0.1,205,36184,8
Facebook Penn94,highest_degree,4,0.1,206,36027,7
Facebook Penn94,highest_degree,4,0.1,207,36037,8
Facebook Penn94,highest_degree,4,0.1,208,36051,7
Facebook Penn94,highest_degree,4,0.1,209,36108,9
Facebook Penn94,highest_degree,4,0.1,210,36167,9
Facebook Penn94,highest_degree,4,0.1,211,36055,8
Facebook Penn94,highest_degree,4,0.1,212,36076,8
Facebook Penn94,highest_degree,4,0.1,213,36115,9
Facebook Penn94,highest_degree,4,0.1,214,36079,9
Facebook Penn94,highest_degree,4,0.1,215,36078,7
Facebook Penn94,highest_degree,4,0.1,216,36004,8
Facebook Penn94,highest_degree,4,0.1,217,36158,9
Facebook Penn94,highest_degree,4,0.1,218,36121,8
Facebook Penn94,highest_degree,4,0.1,219,36084,9
Facebook Penn94,highest_degree,4,0.1,220,36081,8
Facebook Penn94,highest_degree,4,0.1,221,35986,8
Facebook Penn94,highest_degree,4,0.1,222,36081,10
Facebook Penn94,highest_degree,4,0.1,223,36165,8
Facebook Penn94,highest_degree,4,0.1,224,36121,8
Facebook Penn94,highest_degree,4,0.1,225,36040,8
Facebook Penn94,highest_degree,4,0.1,226,36109,7
Facebook Penn94,highest_degree,4,0.1,227,36083,8
Facebook Penn94,highest_degree,4,0.1,228,36074,9
Facebook Penn94,highest_degree,4,0.1,229,36013,8
Facebook Penn94,highest_degree,4,0.1,230,36115,9
Facebook Penn94,highest_degree,4,0.1,231,36033,7
Facebook Penn94,highest_degree,4,0.1,232,35974,8
Facebook Penn94,highest_degree,4,0.1,233,36030,8
Facebook Penn94,highest_degree,4,0.1,234,36014,7
Facebook Penn94,highest_degree,4,0.1,235,36077,8
Facebook Penn94,highest_degree,4,0.1,236,36060,8
Facebook Penn94,highest_degree,4,0.1,237,36114,9
Facebook Penn94,highest_degree,4,0.1,238,36031,8
Facebook Penn94,highest_degree,4,0.1,239,36159,8
Facebook Penn94,highest_degree,4,0.1,240,36117,9
Facebook Penn94,highest_degree,4,0.1,241,36190,8
Facebook Penn94,highest_degree,4,0.1,242,36068,7
Facebook Penn94,highest_degree,4,0.1,243,36169,8
Facebook Penn94,highest_degree,4,0.1,244,36048,10
Facebook Penn94,highest_degree,4,0.1,245,36037,8
Facebook Penn94,highest_degree,4,0.1,246,36163,7
Facebook Penn94,highest_degree,4,0.1,247,36012,9
Facebook Penn94,highest_degree,4,0.1,248,36008,8
Facebook Penn94,highest_degree,4,0.1,249,36157,7
Facebook Penn94,highest_degree,4,0.1,250,36107,8
Facebook Penn94,highest_degree,4,0.1,251,36122,8
Facebook Penn94,highest_degree,4,0.1,252,36086,9
Facebook Penn94,highest_degree,4,0.1,253,35997,7
Facebook Penn94,highest_degree,4,0.1,254,36109,8
Facebook Penn94,highest_degree,4,0.1,255,36099,9
Facebook Penn94,highest_degree,4,0.1,256,36084,9
Facebook Penn94,highest_degree,4,0.1,257,36025,7
Facebook Penn94,highest_degree,4,0.1,258,36001,8
Facebook Penn94,highest_degree,4,0.1,259,36025,8
Facebook Penn94,highest_degree,4,0.1,260,36019,9
Facebook Penn94,highest_degree,4,0.1,261,36081,9
Facebook Penn94,highest_degree,4,0.1,262,36089,8
Facebook Penn94,highest_degree,4,0.1,263,36157,8
Facebook Penn94,highest_degree,4,0.1,264,36173,9
Facebook Penn94,highest_degree,4,0.1,265,36095,10
Facebook Penn94,highest_degree,4,0.1,266,36024,9
Facebook Penn94,highest_degree,4,0.1,267,36052,7
Facebook Penn94,highest_degree,4,0.1,268,36062,8
Facebook Penn94,highest_degree,4,0.1,269,36149,7
Facebook Penn94,highest_degree,4,0.1,270,36120,7
Facebook Penn94,highest_degree,4,0.1,271,36101,8
Facebook Penn94,highest_degree,4,0.1,272,36074,8
Facebook Penn94,highest_degree,4,0.1,273,36084,8
Facebook Penn94,highest_degree,4,0.1,274,36054,8
Facebook Penn94,highest_degree,4,0.1,275,36104,9
Facebook Penn94,highest_degree,4,0.1,276,36011,11
Facebook Penn94,highest_degree,4,0.1,277,36056,9
Facebook Penn94,highest_degree,4,0.1,278,36145,10
Facebook Penn94,highest_degree,4,0.1,279,36063,10
Facebook Penn94,highest_degree,4,0.1,280,36146,7
Facebook Penn94,highest_degree,4,0.1,281,36150,7
Facebook Penn94,highest_degree,4,0.1,282,36096,8
Facebook Penn94,highest_degree,4,0.1,283,36038,8
Facebook Penn94,highest_degree,4,0.1,284,36045,9
Facebook Penn94,highest_degree,4,0.1,285,36127,8
Facebook Penn94,highest_degree,4,0.1,286,36032,7
Facebook Penn94,highest_degree,4,0.1,287,36077,8
Facebook Penn94,highest_degree,4,0.1,288,36096,8
Facebook Penn94,highest_degree,4,0.1,289,35965,8
Facebook Penn94,highest_degree,4,0.1,290,36110,9
Facebook Penn94,highest_degree,4,0.1,291,36037,7
Facebook Penn94,highest_degree,4,0.1,292,35988,9
Facebook Penn94,highest_degree,4,0.1,293,36025,8
Facebook Penn94,highest_degree,4,0.1,294,36115,8
Facebook Penn94,highest_degree,4,0.1,295,36136,9
Facebook Penn94,highest_degree,4,0.1,296,36026,8
Facebook Penn94,highest_degree,4,0.1,297,36095,8
Facebook Penn94,highest_degree,4,0.1,298,36021,8
Facebook Penn94,highest_degree,4,0.1,299,36111,8
Facebook Penn94,highest_degree,4,0.1,300,36158,8
Facebook Penn94,highest_degree,4,0.1,301,36031,8
Facebook Penn94,highest_degree,4,0.1,302,36099,8
Facebook Penn94,highest_degree,4,0.1,303,36170,8
Facebook Penn94,highest_degree,4,0.1,304,36070,8
Facebook Penn94,highest_degree,4,0.1,305,36140,8
Facebook Penn94,highest_degree,4,0.1,306,36138,7
Facebook Penn94,highest_degree,4,0.1,307,35985,7
Facebook Penn94,highest_degree,4,0.1,308,36111,7
Facebook Penn94,highest_degree,4,0.1,309,35988,8
Facebook Penn94,highest_degree,4,0.1,310,36076,9
Facebook Penn94,highest_degree,4,0.1,311,36106,9
Facebook Penn94,highest_degree,4,0.1,312,36023,7
Facebook Penn94,highest_degree,4,0.1,313,36054,8
Facebook Penn94,highest_degree,4,0.1,314,36092,8
Facebook Penn94,highest_degree,4,0.1,315,35978,9
Facebook Penn94,highest_degree,4,0.1,316,36086,8
Facebook Penn94,highest_degree,4,0.1,317,36018,10
Facebook Penn94,highest_degree,4,0.1,318,35946,9
Facebook Penn94,highest_degree,4,0.1,319,36055,8
Facebook Penn94,highest_degree,4,0.1,320,36076,7
Facebook Penn94,highest_degree,4,0.1,321,36056,8
Facebook Penn94,highest_degree,4,0.1,322,36016,7
Facebook Penn94,highest_degree,4,0.1,323,36131,8
Facebook Penn94,highest_degree,4,0.1,324,36103,9
Facebook Penn94,highest_degree,4,0.1,325,36126,8
Facebook Penn94,highest_degree,4,0.1,326,36138,7
Facebook Penn94,highest_degree,4,0.1,327,35990,9
Facebook Penn94,highest_degree,4,0.1,328,36075,8
Facebook Penn94,highest_degree,4,0.1,329,36023,8
Facebook Penn94,highest_degree,4,0.1,330,36107,8
Facebook Penn94,highest_degree,4,0.1,331,36131,10
Facebook Penn94,highest_degree,4,0.1,332,36172,9
Facebook Penn94,highest_degree,4,0.1,333,36123,8
Facebook Penn94,highest_degree,4,0.1,334,36093,9
Facebook Penn94,highest_degree,4,0.1,335,36071,9
Facebook Penn94,highest_degree,4,0.1,336,36100,8
Facebook Penn94,highest_degree,4,0.1,337,36102,8
Facebook Penn94,highest_degree,4,0.1,338,36056,8
Facebook Penn94,highest_degree,4,0.1,339,36103,9
Facebook Penn94,highest_degree,4,0.1,340,36049,10
Facebook Penn94,highest_degree,4,0.1,341,36055,7
Facebook Penn94,highest_degree,4,0.1,342,35986,7
Facebook Penn94,highest_degree,4,0.1,343,36099,8
Facebook Penn94,highest_degree,4,0.1,344,36113,9
Facebook Penn94,highest_degree,4,0.1,345,36101,9
Facebook Penn94,highest_degree,4,0.1,346,36023,8
Facebook Penn94,highest_degree,4,0.1,347,36118,8
Facebook Penn94,highest_degree,4,0.1,348,36078,7
Facebook Penn94,highest_degree,4,0.1,349,35944,7
Facebook Penn94,highest_degree,4,0.1,350,36160,9
Facebook Penn94,highest_degree,4,0.1,351,36127,8
Facebook Penn94,highest_degree,4,0.1,352,36094,8
Facebook Penn94,highest_degree,4,0.1,353,35983,8
Facebook Penn94,highest_degree,4,0.1,354,36090,8
Facebook Penn94,highest_degree,4,0.1,355,36137,8
Facebook Penn94,highest_degree,4,0.1,356,36073,8
Facebook Penn94,highest_degree,4,0.1,357,36109,10
Facebook Penn94,highest_degree,4,0.1,358,36106,8
Facebook Penn94,highest_degree,4,0.1,359,36135,9
Facebook Penn94,highest_degree,4,0.1,360,36079,7
Facebook Penn94,highest_degree,4,0.1,361,36135,8
Facebook Penn94,highest_degree,4,0.1,362,36042,8
Facebook Penn94,highest_degree,4,0.1,363,36075,7
Facebook Penn94,highest_degree,4,0.1,364,36041,10
Facebook Penn94,highest_degree,4,0.1,365,36127,8
Facebook Penn94,highest_degree,4,0.1,366,36154,9
Facebook Penn94,highest_degree,4,0.1,367,36131,7
Facebook Penn94,highest_degree,4,0.1,368,36082,11
Facebook Penn94,highest_degree,4,0.1,369,36026,9
Facebook Penn94,highest_degree,4,0.1,370,36055,9
Facebook Penn94,highest_degree,4,0.1,371,36123,7
Facebook Penn94,highest_degree,4,0.1,372,36089,9
Facebook Penn94,highest_degree,4,0.1,373,36033,8
Facebook Penn94,highest_degree,4,0.1,374,36142,8
Facebook Penn94,highest_degree,4,0.1,375,35929,12
Facebook Penn94,highest_degree,4,0.1,376,36010,8
Facebook Penn94,highest_degree,4,0.1,377,36057,7
Facebook Penn94,highest_degree,4,0.1,378,36016,8
Facebook Penn94,highest_degree,4,0.1,379,36004,10
Facebook Penn94,highest_degree,4,0.1,380,36086,8
Facebook Penn94,highest_degree,4,0.1,381,36037,8
Facebook Penn94,highest_degree,4,0.1,382,36138,7
Facebook Penn94,highest_degree,4,0.1,383,36063,8
Facebook Penn94,highest_degree,4,0.1,384,36026,8
Facebook Penn94,highest_degree,4,0.1,385,36062,9
Facebook Penn94,highest_degree,4,0.1,386,36054,9
Facebook Penn94,highest_degree,4,0.1,387,36051,8
Facebook Penn94,highest_degree,4,0.1,388,36026,8
Facebook Penn94,highest_degree,4,0.1,389,36085,8
Facebook Penn94,highest_degree,4,0.1,390,36199,9
Facebook Penn94,highest_degree,4,0.1,391,36084,8
Facebook Penn94,highest_degree,4,0.1,392,36109,8
Facebook Penn94,highest_degree,4,0.1,393,36101,8
Facebook Penn94,highest_degree,4,0.1,394,36058,9
Facebook Penn94,highest_degree,4,0.1,395,36110,8
Facebook Penn94,highest_degree,4,0.1,396,36110,9
Facebook Penn94,highest_degree,4,0.1,397,36025,8
Facebook Penn94,highest_degree,4,0.1,398,36107,8
Facebook Penn94,highest_degree,4,0.1,399,36080,8
Facebook Penn94,highest_degree,4,0.1,400,36109,8
Facebook Penn94,highest_degree,4,0.1,401,36090,9
Facebook Penn94,highest_degree,4,0.1,402,36040,11
Facebook Penn94,highest_degree,4,0.1,403,36079,8
Facebook Penn94,highest_degree,4,0.1,404,36180,8
Facebook Penn94,highest_degree,4,0.1,405,36085,7
Facebook Penn94,highest_degree,4,0.1,406,36004,8
Facebook Penn94,highest_degree,4,0.1,407,36187,8
Facebook Penn94,highest_degree,4,0.1,408,36124,8
Facebook Penn94,highest_degree,4,0.1,409,36091,7
Facebook Penn94,highest_degree,4,0.1,410,36115,8
Facebook Penn94,highest_degree,4,0.1,411,36110,8
Facebook Penn94,highest_degree,4,0.1,412,36145,7
Facebook Penn94,highest_degree,4,0.1,413,36096,7
Facebook Penn94,highest_degree,4,0.1,414,36081,8
Facebook Penn94,highest_degree,4,0.1,415,36117,8
Facebook Penn94,highest_degree,4,0.1,416,36016,9
Facebook Penn94,highest_degree,4,0.1,417,36061,8
Facebook Penn94,highest_degree,4,0.1,418,36054,7
Facebook Penn94,highest_degree,4,0.1,419,36033,9
Facebook Penn94,highest_degree,4,0.1,420,36085,8
Facebook Penn94,highest_degree,4,0.1,421,36066,10
Facebook Penn94,highest_degree,4,0.1,422,36089,7
Facebook Penn94,highest_degree,4,0.1,423,36120,7
Facebook Penn94,highest_degree,4,0.1,424,36072,7
Facebook Penn94,highest_degree,4,0.1,425,36018,7
Facebook Penn94,highest_degree,4,0.1,426,36033,7
Facebook Penn94,highest_degree,4,0.1,427,36092,8
Facebook Penn94,highest_degree,4,0.1,428,36153,9
Facebook Penn94,highest_degree,4,0.1,429,36071,8
Facebook Penn94,highest_degree,4,0.1,430,36074,8
Facebook Penn94,highest_degree,4,0.1,431,36067,9
Facebook Penn94,highest_degree,4,0.1,432,36120,8
Facebook Penn94,highest_degree,4,0.1,433,36073,8
Facebook Penn94,highest_degree,4,0.1,434,36040,8
Facebook Penn94,highest_degree,4,0.1,435,36069,8
Facebook Penn94,highest_degree,4,0.1,436,36011,8
Facebook Penn94,highest_degree,4,0.1,437,36030,9
Facebook Penn94,highest_degree,4,0.1,438,36105,8
Facebook Penn94,highest_degree,4,0.1,439,36083,9
Facebook Penn94,highest_degree,4,0.1,440,36146,7
Facebook Penn94,highest_degree,4,0.1,441,36010,7
Facebook Penn94,highest_degree,4,0.1,442,36071,9
Facebook Penn94,highest_degree,4,0.1,443,36087,8
Facebook Penn94,highest_degree,4,0.1,444,36068,10
Facebook Penn94,highest_degree,4,0.1,445,36053,9
Facebook Penn94,highest_degree,4,0.1,446,36019,9
Facebook Penn94,highest_degree,4,0.1,447,36126,9
Facebook Penn94,highest_degree,4,0.1,448,36106,9
Facebook Penn94,highest_degree,4,0.1,449,36121,7
Facebook Penn94,highest_degree,4,0.1,450,36029,9
Facebook Penn94,highest_degree,4,0.1,451,36116,8
Facebook Penn94,highest_degree,4,0.1,452,36117,7
Facebook Penn94,highest_degree,4,0.1,453,36038,8
Facebook Penn94,highest_degree,4,0.1,454,36147,8
Facebook Penn94,highest_degree,4,0.1,455,36000,12
Facebook Penn94,highest_degree,4,0.1,456,35995,8
Facebook Penn94,highest_degree,4,0.1,457,36242,9
Facebook Penn94,highest_degree,4,0.1,458,36143,9
Facebook Penn94,highest_degree,4,0.1,459,36091,8
Facebook Penn94,highest_degree,4,0.1,460,36047,8
Facebook Penn94,highest_degree,4,0.1,461,36063,8
Facebook Penn94,highest_degree,4,0.1,462,36116,8
Facebook Penn94,highest_degree,4,0.1,463,36031,8
Facebook Penn94,highest_degree,4,0.1,464,36019,10
Facebook Penn94,highest_degree,4,0.1,465,36085,9
Facebook Penn94,highest_degree,4,0.1,466,36181,8
Facebook Penn94,highest_degree,4,0.1,467,36013,8
Facebook Penn94,highest_degree,4,0.1,468,36130,8
Facebook Penn94,highest_degree,4,0.1,469,36148,8
Facebook Penn94,highest_degree,4,0.1,470,36042,8
Facebook Penn94,highest_degree,4,0.1,471,36236,9
Facebook Penn94,highest_degree,4,0.1,472,36072,11
Facebook Penn94,highest_degree,4,0.1,473,36046,8
Facebook Penn94,highest_degree,4,0.1,474,36005,8
Facebook Penn94,highest_degree,4,0.1,475,36088,9
Facebook Penn94,highest_degree,4,0.1,476,36033,8
Facebook Penn94,highest_degree,4,0.1,477,36173,8
Facebook Penn94,highest_degree,4,0.1,478,36047,8
Facebook Penn94,highest_degree,4,0.1,479,36074,8
Facebook Penn94,highest_degree,4,0.1,480,36054,8
Facebook Penn94,highest_degree,4,0.1,481,36007,8
Facebook Penn94,highest_degree,4,0.1,482,36138,8
Facebook Penn94,highest_degree,4,0.1,483,36046,9
Facebook Penn94,highest_degree,4,0.1,484,36127,8
Facebook Penn94,highest_degree,4,0.1,485,36152,8
Facebook Penn94,highest_degree,4,0.1,486,36086,10
Facebook Penn94,highest_degree,4,0.1,487,36184,11
Facebook Penn94,highest_degree,4,0.1,488,36115,7
Facebook Penn94,highest_degree,4,0.1,489,36063,7
Facebook Penn94,highest_degree,4,0.1,490,36090,7
Facebook Penn94,highest_degree,4,0.1,491,36054,8
Facebook Penn94,highest_degree,4,0.1,492,36057,7
Facebook Penn94,highest_degree,4,0.1,493,36064,8
Facebook Penn94,highest_degree,4,0.1,494,36027,8
Facebook Penn94,highest_degree,4,0.1,495,36026,8
Facebook Penn94,highest_degree,4,0.1,496,36035,9
Facebook Penn94,highest_degree,4,0.1,497,35993,7
Facebook Penn94,highest_degree,4,0.1,498,36108,7
Facebook Penn94,highest_degree,4,0.1,499,36027,8
Facebook Penn94,highest_degree,4,0.1,500,36055,8
Facebook Penn94,highest_degree,4,0.1,501,36127,8
Facebook Penn94,highest_degree,4,0.1,502,36119,7
Facebook Penn94,highest_degree,4,0.1,503,36201,7
Facebook Penn94,highest_degree,4,0.1,504,36145,8
Facebook Penn94,highest_degree,4,0.1,505,36152,8
Facebook Penn94,highest_degree,4,0.1,506,36056,8
Facebook Penn94,highest_degree,4,0.1,507,36176,8
Facebook Penn94,highest_degree,4,0.1,508,36091,8
Facebook Penn94,highest_degree,4,0.1,509,36140,7
Facebook Penn94,highest_degree,4,0.1,510,36055,8
Facebook Penn94,highest_degree,4,0.1,511,36084,8
Facebook Penn94,highest_degree,4,0.1,512,36103,8
Facebook Penn94,highest_degree,4,0.1,513,36027,7
Facebook Penn94,highest_degree,4,0.1,514,36146,9
Facebook Penn94,highest_degree,4,0.1,515,36051,7
Facebook Penn94,highest_degree,4,0.1,516,36115,9
Facebook Penn94,highest_degree,4,0.1,517,36059,8
Facebook Penn94,highest_degree,4,0.1,518,36025,10
Facebook Penn94,highest_degree,4,0.1,519,35985,8
Facebook Penn94,highest_degree,4,0.1,520,36024,8
Facebook Penn94,highest_degree,4,0.1,521,36044,8
Facebook Penn94,highest_degree,4,0.1,522,36022,8
Facebook Penn94,highest_degree,4,0.1,523,36163,8
Facebook Penn94,highest_degree,4,0.1,524,36145,8
Facebook Penn94,highest_degree,4,0.1,525,36063,7
Facebook Penn94,highest_degree,4,0.1,526,36116,10
Facebook Penn94,highest_degree,4,0.1,527,36138,8
Facebook Penn94,highest_degree,4,0.1,528,36051,9
Facebook Penn94,highest_degree,4,0.1,529,36103,8
Facebook Penn94,highest_degree,4,0.1,530,36086,7
Facebook Penn94,highest_degree,4,0.1,531,36036,8
Facebook Penn94,highest_degree,4,0.1,532,36073,8
Facebook Penn94,highest_degree,4,0.1,533,36041,9
Facebook Penn94,highest_degree,4,0.1,534,36066,8
Facebook Penn94,highest_degree,4,0.1,535,36044,9
Facebook Penn94,highest_degree,4,0.1,536,36018,8
Facebook Penn94,highest_degree,4,0.1,537,35988,11
Facebook Penn94,highest_degree,4,0.1,538,36132,8
Facebook Penn94,highest_degree,4,0.1,539,36057,7
Facebook Penn94,highest_degree,4,0.1,540,36110,8
Facebook Penn94,highest_degree,4,0.1,541,36071,7
Facebook Penn94,highest_degree,4,0.1,542,36050,8
Facebook Penn94,highest_degree,4,0.1,543,36057,8
Facebook Penn94,highest_degree,4,0.1,544,36175,8
Facebook Penn94,highest_degree,4,0.1,545,36171,7
Facebook Penn94,highest_degree,4,0.1,546,36079,9
Facebook Penn94,highest_degree,4,0.1,547,36015,9
Facebook Penn94,highest_degree,4,0.1,548,36149,7
Facebook Penn94,highest_degree,4,0.1,549,36057,8
Facebook Penn94,highest_degree,4,0.1,550,36005,8
Facebook Penn94,highest_degree,4,0.1,551,35997,7
Facebook Penn94,highest_degree,4,0.1,552,36122,9
Facebook Penn94,highest_degree,4,0.1,553,36032,8
Facebook Penn94,highest_degree,4,0.1,554,36027,7
Facebook Penn94,highest_degree,4,0.1,555,36090,8
Facebook Penn94,highest_degree,4,0.1,556,36021,8
Facebook Penn94,highest_degree,4,0.1,557,36115,9
Facebook Penn94,highest_degree,4,0.1,558,36088,9
Facebook Penn94,highest_degree,4,0.1,559,36130,7
Facebook Penn94,highest_degree,4,0.1,560,36101,9
Facebook Penn94,highest_degree,4,0.1,561,36053,12
Facebook Penn94,highest_degree,4,0.1,562,36087,8
Facebook Penn94,highest_degree,4,0.1,563,36081,9
Facebook Penn94,highest_degree,4,0.1,564,35979,8
Facebook Penn94,highest_degree,4,0.1,565,36058,8
Facebook Penn94,highest_degree,4,0.1,566,36104,7
Facebook Penn94,highest_degree,4,0.1,567,36051,7
Facebook Penn94,highest_degree,4,0.1,568,36062,8
Facebook Penn94,highest_degree,4,0.1,569,36044,8
Facebook Penn94,highest_degree,4,0.1,570,35998,8
Facebook Penn94,highest_degree,4,0.1,571,36134,8
Facebook Penn94,highest_degree,4,0.1,572,36106,8
Facebook Penn94,highest_degree,4,0.1,573,36110,8
Facebook Penn94,highest_degree,4,0.1,574,36079,8
Facebook Penn94,highest_degree,4,0.1,575,36050,8
Facebook Penn94,highest_degree,4,0.1,576,36080,7
Facebook Penn94,highest_degree,4,0.1,577,36050,8
Facebook Penn94,highest_degree,4,0.1,578,36064,8
Facebook Penn94,highest_degree,4,0.1,579,36097,9
Facebook Penn94,highest_degree,4,0.1,580,36076,7
Facebook Penn94,highest_degree,4,0.1,581,36092,11
Facebook Penn94,highest_degree,4,0.1,582,36215,8
Facebook Penn94,highest_degree,4,0.1,583,36095,8
Facebook Penn94,highest_degree,4,0.1,584,36164,9
Facebook Penn94,highest_degree,4,0.1,585,36198,8
Facebook Penn94,highest_degree,4,0.1,586,36158,10
Facebook Penn94,highest_degree,4,0.1,587,36117,8
Facebook Penn94,highest_degree,4,0.1,588,36095,8
Facebook Penn94,highest_degree,4,0.1,589,36073,8
Facebook Penn94,highest_degree,4,0.1,590,36021,9
Facebook Penn94,highest_degree,4,0.1,591,36198,8
Facebook Penn94,highest_degree,4,0.1,592,35997,10
Facebook Penn94,highest_degree,4,0.1,593,36036,10
Facebook Penn94,highest_degree,4,0.1,594,36097,7
Facebook Penn94,highest_degree,4,0.1,595,36114,8
Facebook Penn94,highest_degree,4,0.1,596,36207,11
Facebook Penn94,highest_degree,4,0.1,597,36074,8
Facebook Penn94,highest_degree,4,0.1,598,36048,9
Facebook Penn94,highest_degree,4,0.1,599,36189,8
Facebook Penn94,highest_degree,4,0.1,600,36048,7
Facebook Penn94,highest_degree,4,0.1,601,36010,8
Facebook Penn94,highest_degree,4,0.1,602,36005,8
Facebook Penn94,highest_degree,4,0.1,603,36089,9
Facebook Penn94,highest_degree,4,0.1,604,36111,7
Facebook Penn94,highest_degree,4,0.1,605,36016,8
Facebook Penn94,highest_degree,4,0.1,606,35986,8
Facebook Penn94,highest_degree,4,0.1,607,36041,8
Facebook Penn94,highest_degree,4,0.1,608,36171,8
Facebook Penn94,highest_degree,4,0.1,609,36002,9
Facebook Penn94,highest_degree,4,0.1,610,36084,8
Facebook Penn94,highest_degree,4,0.1,611,36013,9
Facebook Penn94,highest_degree,4,0.1,612,36062,8
Facebook Penn94,highest_degree,4,0.1,613,36082,8
Facebook Penn94,highest_degree,4,0.1,614,36130,9
Facebook Penn94,highest_degree,4,0.1,615,35993,8
Facebook Penn94,highest_degree,4,0.1,616,36056,8
Facebook Penn94,highest_degree,4,0.1,617,36161,8
Facebook Penn94,highest_degree,4,0.1,618,36033,9
Facebook Penn94,highest_degree,4,0.1,619,36029,9
Facebook Penn94,highest_degree,4,0.1,620,36078,10
Facebook Penn94,highest_degree,4,0.1,621,36050,8
Facebook Penn94,highest_degree,4,0.1,622,36033,7
Facebook Penn94,highest_degree,4,0.1,623,36088,9
Facebook Penn94,highest_degree,4,0.1,624,35977,7
Facebook Penn94,highest_degree,4,0.1,625,36107,8
Facebook Penn94,highest_degree,4,0.1,626,36115,7
Facebook Penn94,highest_degree,4,0.1,627,36143,9
Facebook Penn94,highest_degree,4,0.1,628,36064,9
Facebook Penn94,highest_degree,4,0.1,629,36027,9
Facebook Penn94,highest_degree,4,0.1,630,36062,7
Facebook Penn94,highest_degree,4,0.1,631,36122,8
Facebook Penn94,highest_degree,4,0.1,632,35980,8
Facebook Penn94,highest_degree,4,0.1,633,36089,8
Facebook Penn94,highest_degree,4,0.1,634,36044,7
Facebook Penn94,highest_degree,4,0.1,635,36148,8
Facebook Penn94,highest_degree,4,0.1,636,36067,12
Facebook Penn94,highest_degree,4,0.1,637,36116,8
Facebook Penn94,highest_degree,4,0.1,638,35967,8
Facebook Penn94,highest_degree,4,0.1,639,36090,8
Facebook Penn94,highest_degree,4,0.1,640,36142,7
Facebook Penn94,highest_degree,4,0.1,641,36080,7
Facebook Penn94,highest_degree,4,0.1,642,36063,8
Facebook Penn94,highest_degree,4,0.1,643,36019,8
Facebook Penn94,highest_degree,4,0.1,644,36068,8
Facebook Penn94,highest_degree,4,0.1,645,36112,8
Facebook Penn94,highest_degree,4,0.1,646,36032,8
Facebook Penn94,highest_degree,4,0.1,647,36127,9
Facebook Penn94,highest_degree,4,0.1,648,36096,8
Facebook Penn94,highest_degree,4,0.1,649,36073,9
Facebook Penn94,highest_degree,4,0.1,650,36081,9
Facebook Penn94,highest_degree,4,0.1,651,36021,7
Facebook Penn94,highest_degree,4,0.1,652,36101,8
Facebook Penn94,highest_degree,4,0.1,653,36104,9
Facebook Penn94,highest_degree,4,0.1,654,36056,9
Facebook Penn94,highest_degree,4,0.1,655,36120,8
Facebook Penn94,highest_degree,4,0.1,656,36051,7
Facebook Penn94,highest_degree,4,0.1,657,36057,8
Facebook Penn94,highest_degree,4,0.1,658,36109,8
Facebook Penn94,highest_degree,4,0.1,659,36091,7
Facebook Penn94,highest_degree,4,0.1,660,36053,8
Facebook Penn94,highest_degree,4,0.1,661,36001,7
Facebook Penn94,highest_degree,4,0.1,662,36081,10
Facebook Penn94,highest_degree,4,0.1,663,35938,8
Facebook Penn94,highest_degree,4,0.1,664,36033,8
Facebook Penn94,highest_degree,4,0.1,665,36125,9
Facebook Penn94,highest_degree,4,0.1,666,36026,8
Facebook Penn94,highest_degree,4,0.1,667,36067,8
Facebook Penn94,highest_degree,4,0.1,668,36149,8
Facebook Penn94,highest_degree,4,0.1,669,36012,10
Facebook Penn94,highest_degree,4,0.1,670,36067,8
Facebook Penn94,highest_degree,4,0.1,671,36023,10
Facebook Penn94,highest_degree,4,0.1,672,36080,9
Facebook Penn94,highest_degree,4,0.1,673,36006,8
Facebook Penn94,highest_degree,4,0.1,674,36129,8
Facebook Penn94,highest_degree,4,0.1,675,35883,8
Facebook Penn94,highest_degree,4,0.1,676,36149,8
Facebook Penn94,highest_degree,4,0.1,677,36193,8
Facebook Penn94,highest_degree,4,0.1,678,35984,8
Facebook Penn94,highest_degree,4,0.1,679,36106,10
Facebook Penn94,highest_degree,4,0.1,680,36035,8
Facebook Penn94,highest_degree,4,0.1,681,36021,8
Facebook Penn94,highest_degree,4,0.1,682,36041,8
Facebook Penn94,highest_degree,4,0.1,683,36067,9
Facebook Penn94,highest_degree,4,0.1,684,36081,9
Facebook Penn94,highest_degree,4,0.1,685,36133,7
Facebook Penn94,highest_degree,4,0.1,686,36039,8
Facebook Penn94,highest_degree,4,0.1,687,35947,9
Facebook Penn94,highest_degree,4,0.1,688,36118,8
Facebook Penn94,highest_degree,4,0.1,689,36027,8
Facebook Penn94,highest_degree,4,0.1,690,36053,8
Facebook Penn94,highest_degree,4,0.1,691,36017,7
Facebook Penn94,highest_degree,4,0.1,692,36038,9
Facebook Penn94,highest_degree,4,0.1,693,35983,8
Facebook Penn94,highest_degree,4,0.1,694,36111,7
Facebook Penn94,highest_degree,4,0.1,695,36044,8
Facebook Penn94,highest_degree,4,0.1,696,36166,8
Facebook Penn94,highest_degree,4,0.1,697,35982,9
Facebook Penn94,highest_degree,4,0.1,698,36138,8
Facebook Penn94,highest_degree,4,0.1,699,36024,8
Facebook Penn94,highest_degree,4,0.1,700,36081,13
Facebook Penn94,highest_degree,4,0.1,701,36077,9
Facebook Penn94,highest_degree,4,0.1,702,36089,8
Facebook Penn94,highest_degree,4,0.1,703,36191,8
Facebook Penn94,highest_degree,4,0.1,704,36124,8
Facebook Penn94,highest_degree,4,0.1,705,36044,7
Facebook Penn94,highest_degree,4,0.1,706,36068,8
Facebook Penn94,highest_degree,4,0.1,707,36178,8
Facebook Penn94,highest_degree,4,0.1,708,36123,8
Facebook Penn94,highest_degree,4,0.1,709,36043,8
Facebook Penn94,highest_degree,4,0.1,710,36093,11
Facebook Penn94,highest_degree,4,0.1,711,36078,7
Facebook Penn94,highest_degree,4,0.1,712,36027,7
Facebook Penn94,highest_degree,4,0.1,713,36059,9
Facebook Penn94,highest_degree,4,0.1,714,36016,9
Facebook Penn94,highest_degree,4,0.1,715,36041,7
Facebook Penn94,highest_degree,4,0.1,716,36020,9
Facebook Penn94,highest_degree,4,0.1,717,36028,7
Facebook Penn94,highest_degree,4,0.1,718,36108,8
Facebook Penn94,highest_degree,4,0.1,719,36038,8
Facebook Penn94,highest_degree,4,0.1,720,36103,7
Facebook Penn94,highest_degree,4,0.1,721,36051,9
Facebook Penn94,highest_degree,4,0.1,722,35923,8
Facebook Penn94,highest_degree,4,0.1,723,36046,8
Facebook Penn94,highest_degree,4,0.1,724,35944,9
Facebook Penn94,highest_degree,4,0.1,725,36096,8
Facebook Penn94,highest_degree,4,0.1,726,36066,8
Facebook Penn94,highest_degree,4,0.1,727,35989,8
Facebook Penn94,highest_degree,4,0.1,728,36118,8
Facebook Penn94,highest_degree,4,0.1,729,36081,8
Facebook Penn94,highest_degree,4,0.1,730,36061,9
Facebook Penn94,highest_degree,4,0.1,731,36121,7
Facebook Penn94,highest_degree,4,0.1,732,36184,8
Facebook Penn94,highest_degree,4,0.1,733,36132,9
Facebook Penn94,highest_degree,4,0.1,734,36076,8
Facebook Penn94,highest_degree,4,0.1,735,36082,8
Facebook Penn94,highest_degree,4,0.1,736,36129,11
Facebook Penn94,highest_degree,4,0.1,737,36063,8
Facebook Penn94,highest_degree,4,0.1,738,36065,8
Facebook Penn94,highest_degree,4,0.1,739,36135,7
Facebook Penn94,highest_degree,4,0.1,740,36030,8
Facebook Penn94,highest_degree,4,0.1,741,35996,8
Facebook Penn94,highest_degree,4,0.1,742,36064,7
Facebook Penn94,highest_degree,4,0.1,743,36108,8
Facebook Penn94,highest_degree,4,0.1,744,36073,8
Facebook Penn94,highest_degree,4,0.1,745,36040,8
Facebook Penn94,highest_degree,4,0.1,746,36104,9
Facebook Penn94,highest_degree,4,0.1,747,36059,7
Facebook Penn94,highest_degree,4,0.1,748,36036,8
Facebook Penn94,highest_degree,4,0.1,749,36093,11
Facebook Penn94,highest_degree,4,0.1,750,36043,8
Facebook Penn94,highest_degree,4,0.1,751,36036,10
Facebook Penn94,highest_degree,4,0.1,752,36089,7
Facebook Penn94,highest_degree,4,0.1,753,35997,9
Facebook Penn94,highest_degree,4,0.1,754,36001,8
Facebook Penn94,highest_degree,4,0.1,755,36026,8
Facebook Penn94,highest_degree,4,0.1,756,36053,7
Facebook Penn94,highest_degree,4,0.1,757,36145,7
Facebook Penn94,highest_degree,4,0.1,758,36121,9
Facebook Penn94,highest_degree,4,0.1,759,35994,8
Facebook Penn94,highest_degree,4,0.1,760,36107,8
Facebook Penn94,highest_degree,4,0.1,761,36126,9
Facebook Penn94,highest_degree,4,0.1,762,36092,9
Facebook Penn94,highest_degree,4,0.1,763,36092,8
Facebook Penn94,highest_degree,4,0.1,764,36121,8
Facebook Penn94,highest_degree,4,0.1,765,36071,9
Facebook Penn94,highest_degree,4,0.1,766,36064,8
Facebook Penn94,highest_degree,4,0.1,767,36023,8
Facebook Penn94,highest_degree,4,0.1,768,36120,8
Facebook Penn94,highest_degree,4,0.1,769,36133,9
Facebook Penn94,highest_degree,4,0.1,770,36092,8
Facebook Penn94,highest_degree,4,0.1,771,36122,10
Facebook Penn94,highest_degree,4,0.1,772,36052,8
Facebook Penn94,highest_degree,4,0.1,773,36101,7
Facebook Penn94,highest_degree,4,0.1,774,36053,8
Facebook Penn94,highest_degree,4,0.1,775,36029,7
Facebook Penn94,highest_degree,4,0.1,776,36164,8
Facebook Penn94,highest_degree,4,0.1,777,35974,8
Facebook Penn94,highest_degree,4,0.1,778,36094,7
Facebook Penn94,highest_degree,4,0.1,779,35999,8
Facebook Penn94,highest_degree,4,0.1,780,36166,8
Facebook Penn94,highest_degree,4,0.1,781,36112,9
Facebook Penn94,highest_degree,4,0.1,782,36022,7
Facebook Penn94,highest_degree,4,0.1,783,35976,8
Facebook Penn94,highest_degree,4,0.1,784,36064,7
Facebook Penn94,highest_degree,4,0.1,785,36144,8
Facebook Penn94,highest_degree,4,0.1,786,36098,9
Facebook Penn94,highest_degree,4,0.1,787,36024,7
Facebook Penn94,highest_degree,4,0.1,788,35999,8
Facebook Penn94,highest_degree,4,0.1,789,36053,9
Facebook Penn94,highest_degree,4,0.1,790,36055,9
Facebook Penn94,highest_degree,4,0.1,791,36001,8
Facebook Penn94,highest_degree,4,0.1,792,35994,8
Facebook Penn94,highest_degree,4,0.1,793,36075,8
Facebook Penn94,highest_degree,4,0.1,794,36110,9
Facebook Penn94,highest_degree,4,0.1,795,36110,9
Facebook Penn94,highest_degree,4,0.1,796,36042,8
Facebook Penn94,highest_degree,4,0.1,797,35988,9
Facebook Penn94,highest_degree,4,0.1,798,35993,7
Facebook Penn94,highest_degree,4,0.1,799,36094,9
Facebook Penn94,highest_degree,4,0.1,800,36065,7
Facebook Penn94,highest_degree,4,0.1,801,36081,8
Facebook Penn94,highest_degree,4,0.1,802,36090,8
Facebook Penn94,highest_degree,4,0.1,803,36083,7
Facebook Penn94,highest_degree,4,0.1,804,36026,10
Facebook Penn94,highest_degree,4,0.1,805,35962,7
Facebook Penn94,highest_degree,4,0.1,806,36056,8
Facebook Penn94,highest_degree,4,0.1,807,36032,8
Facebook Penn94,highest_degree,4,0.1,808,36149,9
Facebook Penn94,highest_degree,4,0.1,809,36095,8
Facebook Penn94,highest_degree,4,0.1,810,36146,8
Facebook Penn94,highest_degree,4,0.1,811,36123,9
Facebook Penn94,highest_degree,4,0.1,812,36112,7
Facebook Penn94,highest_degree,4,0.1,813,36070,10
Facebook Penn94,highest_degree,4,0.1,814,36175,10
Facebook Penn94,highest_degree,4,0.1,815,36118,8
Facebook Penn94,highest_degree,4,0.1,816,36204,8
Facebook Penn94,highest_degree,4,0.1,817,36115,8
Facebook Penn94,highest_degree,4,0.1,818,36045,7
Facebook Penn94,highest_degree,4,0.1,819,36057,9
Facebook Penn94,highest_degree,4,0.1,820,36059,8
Facebook Penn94,highest_degree,4,0.1,821,36092,8
Facebook Penn94,highest_degree,4,0.1,822,36110,8
Facebook Penn94,highest_degree,4,0.1,823,36076,8
Facebook Penn94,highest_degree,4,0.1,824,36116,10
Facebook Penn94,highest_degree,4,0.1,825,36106,8
Facebook Penn94,highest_degree,4,0.1,826,36226,9
Facebook Penn94,highest_degree,4,0.1,827,36029,8
Facebook Penn94,highest_degree,4,0.1,828,36123,8
Facebook Penn94,highest_degree,4,0.1,829,36144,8
Facebook Penn94,highest_degree,4,0.1,830,36104,7
Facebook Penn94,highest_degree,4,0.1,831,36001,8
Facebook Penn94,highest_degree,4,0.1,832,36081,8
Facebook Penn94,highest_degree,4,0.1,833,36030,7
Facebook Penn94,highest_degree,4,0.1,834,36041,8
Facebook Penn94,highest_degree,4,0.1,835,36035,8
Facebook Penn94,highest_degree,4,0.1,836,36007,7
Facebook Penn94,highest_degree,4,0.1,837,36019,8
Facebook Penn94,highest_degree,4,0.1,838,36140,7
Facebook Penn94,highest_degree,4,0.1,839,36129,8
Facebook Penn94,highest_degree,4,0.1,840,36008,9
Facebook Penn94,highest_degree,4,0.1,841,36105,9
Facebook Penn94,highest_degree,4,0.1,842,36130,8
Facebook Penn94,highest_degree,4,0.1,843,36068,8
Facebook Penn94,highest_degree,4,0.1,844,36103,9
Facebook Penn94,highest_degree,4,0.1,845,36119,9
Facebook Penn94,highest_degree,4,0.1,846,36119,8
Facebook Penn94,highest_degree,4,0.1,847,36102,7
Facebook Penn94,highest_degree,4,0.1,848,36097,8
Facebook Penn94,highest_degree,4,0.1,849,36090,8
Facebook Penn94,highest_degree,4,0.1,850,36065,11
Facebook Penn94,highest_degree,4,0.1,851,36072,9
Facebook Penn94,highest_degree,4,0.1,852,36074,8
Facebook Penn94,highest_degree,4,0.1,853,36136,10
Facebook Penn94,highest_degree,4,0.1,854,35972,9
Facebook Penn94,highest_degree,4,0.1,855,36007,8
Facebook Penn94,highest_degree,4,0.1,856,36059,8
Facebook Penn94,highest_degree,4,0.1,857,36027,9
Facebook Penn94,highest_degree,4,0.1,858,36072,8
Facebook Penn94,highest_degree,4,0.1,859,36079,7
Facebook Penn94,highest_degree,4,0.1,860,36073,8
Facebook Penn94,highest_degree,4,0.1,861,36143,9
Facebook Penn94,highest_degree,4,0.1,862,36011,7
Facebook Penn94,highest_degree,4,0.1,863,36101,8
Facebook Penn94,highest_degree,4,0.1,864,36049,10
Facebook Penn94,highest_degree,4,0.1,865,36086,9
Facebook Penn94,highest_degree,4,0.1,866,36066,9
Facebook Penn94,highest_degree,4,0.1,867,36105,9
Facebook Penn94,highest_degree,4,0.1,868,36094,9
Facebook Penn94,highest_degree,4,0.1,869,36117,8
Facebook Penn94,highest_degree,4,0.1,870,36043,8
Facebook Penn94,highest_degree,4,0.1,871,36022,8
Facebook Penn94,highest_degree,4,0.1,872,36056,8
Facebook Penn94,highest_degree,4,0.1,873,36019,7
Facebook Penn94,highest_degree,4,0.1,874,36041,9
Facebook Penn94,highest_degree,4,0.1,875,36084,8
Facebook Penn94,highest_degree,4,0.1,876,36180,8
Facebook Penn94,highest_degree,4,0.1,877,35999,8
Facebook Penn94,highest_degree,4,0.1,878,36078,8
Facebook Penn94,highest_degree,4,0.1,879,36176,9
Facebook Penn94,highest_degree,4,0.1,880,36068,7
Facebook Penn94,highest_degree,4,0.1,881,36112,7
Facebook Penn94,highest_degree,4,0.1,882,36088,8
Facebook Penn94,highest_degree,4,0.1,883,36151,9
Facebook Penn94,highest_degree,4,0.1,884,36045,8
Facebook Penn94,highest_degree,4,0.1,885,36079,8
Facebook Penn94,highest_degree,4,0.1,886,36027,8
Facebook Penn94,highest_degree,4,0.1,887,36156,8
Facebook Penn94,highest_degree,4,0.1,888,36078,8
Facebook Penn94,highest_degree,4,0.1,889,36129,7
Facebook Penn94,highest_degree,4,0.1,890,36160,7
Facebook Penn94,highest_degree,4,0.1,891,36121,8
Facebook Penn94,highest_degree,4,0.1,892,36058,7
Facebook Penn94,highest_degree,4,0.1,893,36043,8
Facebook Penn94,highest_degree,4,0.1,894,36020,8
Facebook Penn94,highest_degree,4,0.1,895,36064,8
Facebook Penn94,highest_degree,4,0.1,896,36019,7
Facebook Penn94,highest_degree,4,0.1,897,36037,8
Facebook Penn94,highest_degree,4,0.1,898,36158,8
Facebook Penn94,highest_degree,4,0.1,899,36072,8
Facebook Penn94,highest_degree,4,0.1,900,36043,7
Facebook Penn94,highest_degree,4,0.1,901,36027,7
Facebook Penn94,highest_degree,4,0.1,902,36016,8
Facebook Penn94,highest_degree,4,0.1,903,36165,7
Facebook Penn94,highest_degree,4,0.1,904,36128,7
Facebook Penn94,highest_degree,4,0.1,905,36079,9
Facebook Penn94,highest_degree,4,0.1,906,36102,8
Facebook Penn94,highest_degree,4,0.1,907,36166,7
Facebook Penn94,highest_degree,4,0.1,908,36143,8
Facebook Penn94,highest_degree,4,0.1,909,36057,8
Facebook Penn94,highest_degree,4,0.1,910,36115,8
Facebook Penn94,highest_degree,4,0.1,911,36147,9
Facebook Penn94,highest_degree,4,0.1,912,36042,8
Facebook Penn94,highest_degree,4,0.1,913,36198,9
Facebook Penn94,highest_degree,4,0.1,914,36046,8
Facebook Penn94,highest_degree,4,0.1,915,36076,8
Facebook Penn94,highest_degree,4,0.1,916,36025,8
Facebook Penn94,highest_degree,4,0.1,917,36033,7
Facebook Penn94,highest_degree,4,0.1,918,36205,8
Facebook Penn94,highest_degree,4,0.1,919,36014,9
Facebook Penn94,highest_degree,4,0.1,920,36055,8
Facebook Penn94,highest_degree,4,0.1,921,36043,8
Facebook Penn94,highest_degree,4,0.1,922,36151,8
Facebook Penn94,highest_degree,4,0.1,923,36153,8
Facebook Penn94,highest_degree,4,0.1,924,36054,8
Facebook Penn94,highest_degree,4,0.1,925,36113,7
Facebook Penn94,highest_degree,4,0.1,926,36138,9
Facebook Penn94,highest_degree,4,0.1,927,36080,10
Facebook Penn94,highest_degree,4,0.1,928,36118,9
Facebook Penn94,highest_degree,4,0.1,929,35933,8
Facebook Penn94,highest_degree,4,0.1,930,36028,8
Facebook Penn94,highest_degree,4,0.1,931,36094,8
Facebook Penn94,highest_degree,4,0.1,932,36016,7
Facebook Penn94,highest_degree,4,0.1,933,36126,8
Facebook Penn94,highest_degree,4,0.1,934,36079,7
Facebook Penn94,highest_degree,4,0.1,935,35974,10
Facebook Penn94,highest_degree,4,0.1,936,36132,9
Facebook Penn94,highest_degree,4,0.1,937,36147,8
Facebook Penn94,highest_degree,4,0.1,938,35994,8
Facebook Penn94,highest_degree,4,0.1,939,36090,8
Facebook Penn94,highest_degree,4,0.1,940,36100,8
Facebook Penn94,highest_degree,4,0.1,941,36081,8
Facebook Penn94,highest_degree,4,0.1,942,36155,8
Facebook Penn94,highest_degree,4,0.1,943,35973,8
Facebook Penn94,highest_degree,4,0.1,944,36053,10
Facebook Penn94,highest_degree,4,0.1,945,36054,8
Facebook Penn94,highest_degree,4,0.1,946,36015,7
Facebook Penn94,highest_degree,4,0.1,947,36131,7
Facebook Penn94,highest_degree,4,0.1,948,36093,7
Facebook Penn94,highest_degree,4,0.1,949,36032,8
Facebook Penn94,highest_degree,4,0.1,950,36137,8
Facebook Penn94,highest_degree,4,0.1,951,36030,7
Facebook Penn94,highest_degree,4,0.1,952,36134,8
Facebook Penn94,highest_degree,4,0.1,953,36082,7
Facebook Penn94,highest_degree,4,0.1,954,36112,7
Facebook Penn94,highest_degree,4,0.1,955,36121,8
Facebook Penn94,highest_degree,4,0.1,956,36085,10
Facebook Penn94,highest_degree,4,0.1,957,36247,8
Facebook Penn94,highest_degree,4,0.1,958,36206,7
Facebook Penn94,highest_degree,4,0.1,959,36023,9
Facebook Penn94,highest_degree,4,0.1,960,36059,8
Facebook Penn94,highest_degree,4,0.1,961,36061,8
Facebook Penn94,highest_degree,4,0.1,962,36066,8
Facebook Penn94,highest_degree,4,0.1,963,35989,8
Facebook Penn94,highest_degree,4,0.1,964,36061,9
Facebook Penn94,highest_degree,4,0.1,965,36037,8
Facebook Penn94,highest_degree,4,0.1,966,36098,8
Facebook Penn94,highest_degree,4,0.1,967,36101,9
Facebook Penn94,highest_degree,4,0.1,968,36058,9
Facebook Penn94,highest_degree,4,0.1,969,36123,8
Facebook Penn94,highest_degree,4,0.1,970,36103,9
Facebook Penn94,highest_degree,4,0.1,971,36111,8
Facebook Penn94,highest_degree,4,0.1,972,36096,8
Facebook Penn94,highest_degree,4,0.1,973,36091,9
Facebook Penn94,highest_degree,4,0.1,974,36079,8
Facebook Penn94,highest_degree,4,0.1,975,36002,7
Facebook Penn94,highest_degree,4,0.1,976,36119,8
Facebook Penn94,highest_degree,4,0.1,977,36042,7
Facebook Penn94,highest_degree,4,0.1,978,36058,8
Facebook Penn94,highest_degree,4,0.1,979,36064,7
Facebook Penn94,highest_degree,4,0.1,980,35959,9
Facebook Penn94,highest_degree,4,0.1,981,36031,8
Facebook Penn94,highest_degree,4,0.1,982,36060,8
Facebook Penn94,highest_degree,4,0.1,983,36038,8
Facebook Penn94,highest_degree,4,0.1,984,36048,8
Facebook Penn94,highest_degree,4,0.1,985,36022,8
Facebook Penn94,highest_degree,4,0.1,986,36073,8
Facebook Penn94,highest_degree,4,0.1,987,36022,8
Facebook Penn94,highest_degree,4,0.1,988,35978,8
Facebook Penn94,highest_degree,4,0.1,989,36114,9
Facebook Penn94,highest_degree,4,0.1,990,36134,8
Facebook Penn94,highest_degree,4,0.1,991,36050,8
Facebook Penn94,highest_degree,4,0.1,992,36134,9
Facebook Penn94,highest_degree,4,0.1,993,36009,8
Facebook Penn94,highest_degree,4,0.1,994,36032,8
Facebook Penn94,highest_degree,4,0.1,995,36037,9
Facebook Penn94,highest_degree,4,0.1,996,36073,7
Facebook Penn94,highest_degree,4,0.1,997,36087,7
Facebook Penn94,highest_degree,4,0.1,998,36100,7
Facebook Penn94,highest_degree,4,0.1,999,36090,8
Facebook Penn94,highest_degree,10,0.1,0,36063,8
Facebook Penn94,highest_degree,10,0.1,1,36126,7
Facebook Penn94,highest_degree,10,0.1,2,36047,8
Facebook Penn94,highest_degree,10,0.1,3,36123,7
Facebook Penn94,highest_degree,10,0.1,4,36015,8
Facebook Penn94,highest_degree,10,0.1,5,36050,7
Facebook Penn94,highest_degree,10,0.1,6,36056,7
Facebook Penn94,highest_degree,10,0.1,7,36076,8
Facebook Penn94,highest_degree,10,0.1,8,36071,9
Facebook Penn94,highest_degree,10,0.1,9,36054,7
Facebook Penn94,highest_degree,10,0.1,10,36061,8
Facebook Penn94,highest_degree,10,0.1,11,36010,8
Facebook Penn94,highest_degree,10,0.1,12,36097,8
Facebook Penn94,highest_degree,10,0.1,13,36073,8
Facebook Penn94,highest_degree,10,0.1,14,36108,8
Facebook Penn94,highest_degree,10,0.1,15,36138,8
Facebook Penn94,highest_degree,10,0.1,16,36143,9
Facebook Penn94,highest_degree,10,0.1,17,36154,8
Facebook Penn94,highest_degree,10,0.1,18,36106,7
Facebook Penn94,highest_degree,10,0.1,19,36104,8
Facebook Penn94,highest_degree,10,0.1,20,36073,9
Facebook Penn94,highest_degree,10,0.1,21,36060,7
Facebook Penn94,highest_degree,10,0.1,22,36089,8
Facebook Penn94,highest_degree,10,0.1,23,36123,7
Facebook Penn94,highest_degree,10,0.1,24,36083,8
Facebook Penn94,highest_degree,10,0.1,25,36076,7
Facebook Penn94,highest_degree,10,0.1,26,36068,8
Facebook Penn94,highest_degree,10,0.1,27,36038,7
Facebook Penn94,highest_degree,10,0.1,28,36036,7
Facebook Penn94,highest_degree,10,0.1,29,36088,7
Facebook Penn94,highest_degree,10,0.1,30,36106,7
Facebook Penn94,highest_degree,10,0.1,31,36099,8
Facebook Penn94,highest_degree,10,0.1,32,36125,9
Facebook Penn94,highest_degree,10,0.1,33,36087,8
Facebook Penn94,highest_degree,10,0.1,34,36027,7
Facebook Penn94,highest_degree,10,0.1,35,35985,8
Facebook Penn94,highest_degree,10,0.1,36,35974,7
Facebook Penn94,highest_degree,10,0.1,37,36135,10
Facebook Penn94,highest_degree,10,0.1,38,36028,7
Facebook Penn94,highest_degree,10,0.1,39,36112,9
Facebook Penn94,highest_degree,10,0.1,40,36055,8
Facebook Penn94,highest_degree,10,0.1,41,36175,8
Facebook Penn94,highest_degree,10,0.1,42,36164,7
Facebook Penn94,highest_degree,10,0.1,43,35986,7
Facebook Penn94,highest_degree,10,0.1,44,36117,8
Facebook Penn94,highest_degree,10,0.1,45,36030,8
Facebook Penn94,highest_degree,10,0.1,46,36114,8
Facebook Penn94,highest_degree,10,0.1,47,36094,12
Facebook Penn94,highest_degree,10,0.1,48,36062,9
Facebook Penn94,highest_degree,10,0.1,49,36028,8
Facebook Penn94,highest_degree,10,0.1,50,36088,7
Facebook Penn94,highest_degree,10,0.1,51,36073,8
Facebook Penn94,highest_degree,10,0.1,52,36085,8
Facebook Penn94,highest_degree,10,0.1,53,36082,8
Facebook Penn94,highest_degree,10,0.1,54,35911,8
Facebook Penn94,highest_degree,10,0.1,55,36092,7
Facebook Penn94,highest_degree,10,0.1,56,36020,10
Facebook Penn94,highest_degree,10,0.1,57,36100,7
Facebook Penn94,highest_degree,10,0.1,58,36093,8
Facebook Penn94,highest_degree,10,0.1,59,36085,8
Facebook Penn94,highest_degree,10,0.1,60,36063,7
Facebook Penn94,highest_degree,10,0.1,61,36014,7
Facebook Penn94,highest_degree,10,0.1,62,36070,8
Facebook Penn94,highest_degree,10,0.1,63,36068,7
Facebook Penn94,highest_degree,10,0.1,64,36121,10
Facebook Penn94,highest_degree,10,0.1,65,36055,7
Facebook Penn94,highest_degree,10,0.1,66,36071,8
Facebook Penn94,highest_degree,10,0.1,67,36102,7
Facebook Penn94,highest_degree,10,0.1,68,36061,9
Facebook Penn94,highest_degree,10,0.1,69,36017,7
Facebook Penn94,highest_degree,10,0.1,70,35985,9
Facebook Penn94,highest_degree,10,0.1,71,36023,8
Facebook Penn94,highest_degree,10,0.1,72,36092,7
Facebook Penn94,highest_degree,10,0.1,73,36060,7
Facebook Penn94,highest_degree,10,0.1,74,36075,10
Facebook Penn94,highest_degree,10,0.1,75,36153,8
Facebook Penn94,highest_degree,10,0.1,76,36192,8
Facebook Penn94,highest_degree,10,0.1,77,36017,8
Facebook Penn94,highest_degree,10,0.1,78,36161,8
Facebook Penn94,highest_degree,10,0.1,79,36060,8
Facebook Penn94,highest_degree,10,0.1,80,36102,8
Facebook Penn94,highest_degree,10,0.1,81,36030,8
Facebook Penn94,highest_degree,10,0.1,82,36072,8
Facebook Penn94,highest_degree,10,0.1,83,36015,9
Facebook Penn94,highest_degree,10,0.1,84,36076,8
Facebook Penn94,highest_degree,10,0.1,85,36014,9
Facebook Penn94,highest_degree,10,0.1,86,36060,8
Facebook Penn94,highest_degree,10,0.1,87,36081,8
Facebook Penn94,highest_degree,10,0.1,88,36120,9
Facebook Penn94,highest_degree,10,0.1,89,36110,8
Facebook Penn94,highest_degree,10,0.1,90,36090,8
Facebook Penn94,highest_degree,10,0.1,91,36032,9
Facebook Penn94,highest_degree,10,0.1,92,36149,8
Facebook Penn94,highest_degree,10,0.1,93,36103,7
Facebook Penn94,highest_degree,10,0.1,94,36019,9
Facebook Penn94,highest_degree,10,0.1,95,36119,8
Facebook Penn94,highest_degree,10,0.1,96,36050,7
Facebook Penn94,highest_degree,10,0.1,97,36080,7
Facebook Penn94,highest_degree,10,0.1,98,36049,9
Facebook Penn94,highest_degree,10,0.1,99,36020,7
Facebook Penn94,highest_degree,10,0.1,100,36125,9
Facebook Penn94,highest_degree,10,0.1,101,36107,9
Facebook Penn94,highest_degree,10,0.1,102,35969,9
Facebook Penn94,highest_degree,10,0.1,103,36097,7
Facebook Penn94,highest_degree,10,0.1,104,35992,9
Facebook Penn94,highest_degree,10,0.1,105,36067,8
Facebook Penn94,highest_degree,10,0.1,106,36030,8
Facebook Penn94,highest_degree,10,0.1,107,36087,8
Facebook Penn94,highest_degree,10,0.1,108,36008,10
Facebook Penn94,highest_degree,10,0.1,109,36063,7
Facebook Penn94,highest_degree,10,0.1,110,36152,8
Facebook Penn94,highest_degree,10,0.1,111,36015,8
Facebook Penn94,highest_degree,10,0.1,112,36009,8
Facebook Penn94,highest_degree,10,0.1,113,36020,8
Facebook Penn94,highest_degree,10,0.1,114,36110,9
Facebook Penn94,highest_degree,10,0.1,115,36066,7
Facebook Penn94,highest_degree,10,0.1,116,36042,7
Facebook Penn94,highest_degree,10,0.1,117,36050,7
Facebook Penn94,highest_degree,10,0.1,118,36190,8
Facebook Penn94,highest_degree,10,0.1,119,35993,8
Facebook Penn94,highest_degree,10,0.1,120,35995,8
Facebook Penn94,highest_degree,10,0.1,121,36125,7
Facebook Penn94,highest_degree,10,0.1,122,36063,9
Facebook Penn94,highest_degree,10,0.1,123,36103,8
Facebook Penn94,highest_degree,10,0.1,124,36195,8
Facebook Penn94,highest_degree,10,0.1,125,36080,7
Facebook Penn94,highest_degree,10,0.1,126,36081,8
Facebook Penn94,highest_degree,10,0.1,127,36053,7
Facebook Penn94,highest_degree,10,0.1,128,36107,8
Facebook Penn94,highest_degree,10,0.1,129,36031,8
Facebook Penn94,highest_degree,10,0.1,130,36149,7
Facebook Penn94,highest_degree,10,0.1,131,36124,7
Facebook Penn94,highest_degree,10,0.1,132,36105,8
Facebook Penn94,highest_degree,10,0.1,133,36140,7
Facebook Penn94,highest_degree,10,0.1,134,36013,8
Facebook Penn94,highest_degree,10,0.1,135,36094,9
Facebook Penn94,highest_degree,10,0.1,136,36137,7
Facebook Penn94,highest_degree,10,0.1,137,36123,7
Facebook Penn94,highest_degree,10,0.1,138,35997,9
Facebook Penn94,highest_degree,10,0.1,139,36184,8
Facebook Penn94,highest_degree,10,0.1,140,36045,9
Facebook Penn94,highest_degree,10,0.1,141,35991,7
Facebook Penn94,highest_degree,10,0.1,142,36039,8
Facebook Penn94,highest_degree,10,0.1,143,36107,8
Facebook Penn94,highest_degree,10,0.1,144,36042,8
Facebook Penn94,highest_degree,10,0.1,145,36108,9
Facebook Penn94,highest_degree,10,0.1,146,36121,8
Facebook Penn94,highest_degree,10,0.1,147,36112,9
Facebook Penn94,highest_degree,10,0.1,148,36080,8
Facebook Penn94,highest_degree,10,0.1,149,36106,9
Facebook Penn94,highest_degree,10,0.1,150,36060,9
Facebook Penn94,highest_degree,10,0.1,151,36067,8
Facebook Penn94,highest_degree,10,0.1,152,36139,7
Facebook Penn94,highest_degree,10,0.1,153,36014,8
Facebook Penn94,highest_degree,10,0.1,154,36068,9
Facebook Penn94,highest_degree,10,0.1,155,36054,8
Facebook Penn94,highest_degree,10,0.1,156,36078,7
Facebook Penn94,highest_degree,10,0.1,157,36146,8
Facebook Penn94,highest_degree,10,0.1,158,36049,8
Facebook Penn94,highest_degree,10,0.1,159,36104,8
Facebook Penn94,highest_degree,10,0.1,160,36113,8
Facebook Penn94,highest_degree,10,0.1,161,36065,8
Facebook Penn94,highest_degree,10,0.1,162,36109,7
Facebook Penn94,highest_degree,10,0.1,163,36040,8
Facebook Penn94,highest_degree,10,0.1,164,36086,7
Facebook Penn94,highest_degree,10,0.1,165,36133,8
Facebook Penn94,highest_degree,10,0.1,166,36070,8
Facebook Penn94,highest_degree,10,0.1,167,36020,8
Facebook Penn94,highest_degree,10,0.1,168,35961,8
Facebook Penn94,highest_degree,10,0.1,169,36076,8
Facebook Penn94,highest_degree,10,0.1,170,36063,7
Facebook Penn94,highest_degree,10,0.1,171,36075,8
Facebook Penn94,highest_degree,10,0.1,172,36105,8
Facebook Penn94,highest_degree,10,0.1,173,36040,7
Facebook Penn94,highest_degree,10,0.1,174,36025,7
Facebook Penn94,highest_degree,10,0.1,175,36178,8
Facebook Penn94,highest_degree,10,0.1,176,36080,8
Facebook Penn94,highest_degree,10,0.1,177,36182,8
Facebook Penn94,highest_degree,10,0.1,178,36125,8
Facebook Penn94,highest_degree,10,0.1,179,36052,8
Facebook Penn94,highest_degree,10,0.1,180,36204,7
Facebook Penn94,highest_degree,10,0.1,181,36106,7
Facebook Penn94,highest_degree,10,0.1,182,36081,8
Facebook Penn94,highest_degree,10,0.1,183,35977,8
Facebook Penn94,highest_degree,10,0.1,184,36019,8
Facebook Penn94,highest_degree,10,0.1,185,36120,7
Facebook Penn94,highest_degree,10,0.1,186,36074,7
Facebook Penn94,highest_degree,10,0.1,187,35949,8
Facebook Penn94,highest_degree,10,0.1,188,36054,9
Facebook Penn94,highest_degree,10,0.1,189,36085,7
Facebook Penn94,highest_degree,10,0.1,190,36211,9
Facebook Penn94,highest_degree,10,0.1,191,36108,8
Facebook Penn94,highest_degree,10,0.1,192,36047,7
Facebook Penn94,highest_degree,10,0.1,193,36012,9
Facebook Penn94,highest_degree,10,0.1,194,36015,8
Facebook Penn94,highest_degree,10,0.1,195,36054,8
Facebook Penn94,highest_degree,10,0.1,196,36035,7
Facebook Penn94,highest_degree,10,0.1,197,36029,7
Facebook Penn94,highest_degree,10,0.1,198,36084,9
Facebook Penn94,highest_degree,10,0.1,199,36082,8
Facebook Penn94,highest_degree,10,0.1,200,36146,10
Facebook Penn94,highest_degree,10,0.1,201,36169,7
Facebook Penn94,highest_degree,10,0.1,202,36137,8
Facebook Penn94,highest_degree,10,0.1,203,36095,8
Facebook Penn94,highest_degree,10,0.1,204,36130,8
Facebook Penn94,highest_degree,10,0.1,205,36099,9
Facebook Penn94,highest_degree,10,0.1,206,36048,8
Facebook Penn94,highest_degree,10,0.1,207,36120,10
Facebook Penn94,highest_degree,10,0.1,208,36066,7
Facebook Penn94,highest_degree,10,0.1,209,36115,8
Facebook Penn94,highest_degree,10,0.1,210,36074,9
Facebook Penn94,highest_degree,10,0.1,211,36103,7
Facebook Penn94,highest_degree,10,0.1,212,36110,8
Facebook Penn94,highest_degree,10,0.1,213,36000,7
Facebook Penn94,highest_degree,10,0.1,214,36025,10
Facebook Penn94,highest_degree,10,0.1,215,36130,8
Facebook Penn94,highest_degree,10,0.1,216,36095,9
Facebook Penn94,highest_degree,10,0.1,217,36095,8
Facebook Penn94,highest_degree,10,0.1,218,36118,7
Facebook Penn94,highest_degree,10,0.1,219,36064,7
Facebook Penn94,highest_degree,10,0.1,220,36080,7
Facebook Penn94,highest_degree,10,0.1,221,35971,8
Facebook Penn94,highest_degree,10,0.1,222,36091,7
Facebook Penn94,highest_degree,10,0.1,223,36159,7
Facebook Penn94,highest_degree,10,0.1,224,36013,8
Facebook Penn94,highest_degree,10,0.1,225,36117,8
Facebook Penn94,highest_degree,10,0.1,226,36012,7
Facebook Penn94,highest_degree,10,0.1,227,36046,7
Facebook Penn94,highest_degree,10,0.1,228,36039,8
Facebook Penn94,highest_degree,10,0.1,229,36018,8
Facebook Penn94,highest_degree,10,0.1,230,36225,7
Facebook Penn94,highest_degree,10,0.1,231,36050,7
Facebook Penn94,highest_degree,10,0.1,232,36008,7
Facebook Penn94,highest_degree,10,0.1,233,36057,7
Facebook Penn94,highest_degree,10,0.1,234,36153,9
Facebook Penn94,highest_degree,10,0.1,235,36132,8
Facebook Penn94,highest_degree,10,0.1,236,36130,8
Facebook Penn94,highest_degree,10,0.1,237,35998,12
Facebook Penn94,highest_degree,10,0.1,238,36134,9
Facebook Penn94,highest_degree,10,0.1,239,36078,7
Facebook Penn94,highest_degree,10,0.1,240,36053,7
Facebook Penn94,highest_degree,10,0.1,241,36169,8
Facebook Penn94,highest_degree,10,0.1,242,36074,7
Facebook Penn94,highest_degree,10,0.1,243,36093,8
Facebook Penn94,highest_degree,10,0.1,244,36143,8
Facebook Penn94,highest_degree,10,0.1,245,35993,8
Facebook Penn94,highest_degree,10,0.1,246,36093,8
Facebook Penn94,highest_degree,10,0.1,247,36051,9
Facebook Penn94,highest_degree,10,0.1,248,36061,7
Facebook Penn94,highest_degree,10,0.1,249,36065,7
Facebook Penn94,highest_degree,10,0.1,250,35977,7
Facebook Penn94,highest_degree,10,0.1,251,36091,8
Facebook Penn94,highest_degree,10,0.1,252,36056,7
Facebook Penn94,highest_degree,10,0.1,253,35995,7
Facebook Penn94,highest_degree,10,0.1,254,36040,8
Facebook Penn94,highest_degree,10,0.1,255,36054,12
Facebook Penn94,highest_degree,10,0.1,256,36054,7
Facebook Penn94,highest_degree,10,0.1,257,36032,8
Facebook Penn94,highest_degree,10,0.1,258,36062,8
Facebook Penn94,highest_degree,10,0.1,259,36080,8
Facebook Penn94,highest_degree,10,0.1,260,36073,7
Facebook Penn94,highest_degree,10,0.1,261,36119,8
Facebook Penn94,highest_degree,10,0.1,262,36065,7
Facebook Penn94,highest_degree,10,0.1,263,36057,8
Facebook Penn94,highest_degree,10,0.1,264,36104,9
Facebook Penn94,highest_degree,10,0.1,265,36072,8
Facebook Penn94,highest_degree,10,0.1,266,36115,7
Facebook Penn94,highest_degree,10,0.1,267,36070,9
Facebook Penn94,highest_degree,10,0.1,268,36099,7
Facebook Penn94,highest_degree,10,0.1,269,36230,8
Facebook Penn94,highest_degree,10,0.1,270,36063,7
Facebook Penn94,highest_degree,10,0.1,271,36017,8
Facebook Penn94,highest_degree,10,0.1,272,36087,9
Facebook Penn94,highest_degree,10,0.1,273,36075,8
Facebook Penn94,highest_degree,10,0.1,274,36047,8
Facebook Penn94,highest_degree,10,0.1,275,36100,7
Facebook Penn94,highest_degree,10,0.1,276,36027,8
Facebook Penn94,highest_degree,10,0.1,277,36082,7
Facebook Penn94,highest_degree,10,0.1,278,36082,7
Facebook Penn94,highest_degree,10,0.1,279,36136,8
Facebook Penn94,highest_degree,10,0.1,280,36098,8
Facebook Penn94,highest_degree,10,0.1,281,36205,7
Facebook Penn94,highest_degree,10,0.1,282,36078,9
Facebook Penn94,highest_degree,10,0.1,283,36036,7
Facebook Penn94,highest_degree,10,0.1,284,36105,8
Facebook Penn94,highest_degree,10,0.1,285,35985,7
Facebook Penn94,highest_degree,10,0.1,286,36039,7
Facebook Penn94,highest_degree,10,0.1,287,36043,8
Facebook Penn94,highest_degree,10,0.1,288,36013,8
Facebook Penn94,highest_degree,10,0.1,289,36215,7
Facebook Penn94,highest_degree,10,0.1,290,36085,7
Facebook Penn94,highest_degree,10,0.1,291,36035,9
Facebook Penn94,highest_degree,10,0.1,292,35896,7
Facebook Penn94,highest_degree,10,0.1,293,35954,7
Facebook Penn94,highest_degree,10,0.1,294,36131,7
Facebook Penn94,highest_degree,10,0.1,295,36199,7
Facebook Penn94,highest_degree,10,0.1,296,36006,7
Facebook Penn94,highest_degree,10,0.1,297,36168,8
Facebook Penn94,highest_degree,10,0.1,298,36165,8
Facebook Penn94,highest_degree,10,0.1,299,36057,9
Facebook Penn94,highest_degree,10,0.1,300,36047,12
Facebook Penn94,highest_degree,10,0.1,301,36087,9
Facebook Penn94,highest_degree,10,0.1,302,36015,8
Facebook Penn94,highest_degree,10,0.1,303,36121,9
Facebook Penn94,highest_degree,10,0.1,304,36069,7
Facebook Penn94,highest_degree,10,0.1,305,36026,10
Facebook Penn94,highest_degree,10,0.1,306,36134,8
Facebook Penn94,highest_degree,10,0.1,307,36070,7
Facebook Penn94,highest_degree,10,0.1,308,36185,9
Facebook Penn94,highest_degree,10,0.1,309,36103,8
Facebook Penn94,highest_degree,10,0.1,310,36022,7
Facebook Penn94,highest_degree,10,0.1,311,36070,8
Facebook Penn94,highest_degree,10,0.1,312,36083,8
Facebook Penn94,highest_degree,10,0.1,313,36054,8
Facebook Penn94,highest_degree,10,0.1,314,36187,8
Facebook Penn94,highest_degree,10,0.1,315,36109,7
Facebook Penn94,highest_degree,10,0.1,316,36177,7
Facebook Penn94,highest_degree,10,0.1,317,36159,8
Facebook Penn94,highest_degree,10,0.1,318,36010,9
Facebook Penn94,highest_degree,10,0.1,319,36120,8
Facebook Penn94,highest_degree,10,0.1,320,36001,8
Facebook Penn94,highest_degree,10,0.1,321,35972,7
Facebook Penn94,highest_degree,10,0.1,322,36034,7
Facebook Penn94,highest_degree,10,0.1,323,36103,9
Facebook Penn94,highest_degree,10,0.1,324,36033,8
Facebook Penn94,highest_degree,10,0.1,325,35988,7
Facebook Penn94,highest_degree,10,0.1,326,36112,9
Facebook Penn94,highest_degree,10,0.1,327,35905,8
Facebook Penn94,highest_degree,10,0.1,328,35979,7
Facebook Penn94,highest_degree,10,0.1,329,36048,8
Facebook Penn94,highest_degree,10,0.1,330,36024,7
Facebook Penn94,highest_degree,10,0.1,331,36136,8
Facebook Penn94,highest_degree,10,0.1,332,36100,10
Facebook Penn94,highest_degree,10,0.1,333,36075,9
Facebook Penn94,highest_degree,10,0.1,334,36067,8
Facebook Penn94,highest_degree,10,0.1,335,35991,7
Facebook Penn94,highest_degree,10,0.1,336,36130,7
Facebook Penn94,highest_degree,10,0.1,337,36114,8
Facebook Penn94,highest_degree,10,0.1,338,36150,7
Facebook Penn94,highest_degree,10,0.1,339,36139,9
Facebook Penn94,highest_degree,10,0.1,340,36062,7
Facebook Penn94,highest_degree,10,0.1,341,36028,7
Facebook Penn94,highest_degree,10,0.1,342,36080,8
Facebook Penn94,highest_degree,10,0.1,343,36047,8
Facebook Penn94,highest_degree,10,0.1,344,36196,8
Facebook Penn94,highest_degree,10,0.1,345,36183,8
Facebook Penn94,highest_degree,10,0.1,346,36096,8
Facebook Penn94,highest_degree,10,0.1,347,36058,8
Facebook Penn94,highest_degree,10,0.1,348,36022,7
Facebook Penn94,highest_degree,10,0.1,349,35924,7
Facebook Penn94,highest_degree,10,0.1,350,35981,8
Facebook Penn94,highest_degree,10,0.1,351,36089,8
Facebook Penn94,highest_degree,10,0.1,352,35954,7
Facebook Penn94,highest_degree,10,0.1,353,36073,7
Facebook Penn94,highest_degree,10,0.1,354,36028,7
Facebook Penn94,highest_degree,10,0.1,355,36166,8
Facebook Penn94,highest_degree,10,0.1,356,36036,9
Facebook Penn94,highest_degree,10,0.1,357,36091,10
Facebook Penn94,highest_degree,10,0.1,358,36134,6
Facebook Penn94,highest_degree,10,0.1,359,36105,7
Facebook Penn94,highest_degree,10,0.1,360,36024,8
Facebook Penn94,highest_degree,10,0.1,361,36092,8
Facebook Penn94,highest_degree,10,0.1,362,36092,9
Facebook Penn94,highest_degree,10,0.1,363,36121,8
Facebook Penn94,highest_degree,10,0.1,364,36082,9
Facebook Penn94,highest_degree,10,0.1,365,36034,7
Facebook Penn94,highest_degree,10,0.1,366,36137,7
Facebook Penn94,highest_degree,10,0.1,367,36137,8
Facebook Penn94,highest_degree,10,0.1,368,36062,8
Facebook Penn94,highest_degree,10,0.1,369,36071,8
Facebook Penn94,highest_degree,10,0.1,370,36015,10
Facebook Penn94,highest_degree,10,0.1,371,36196,8
Facebook Penn94,highest_degree,10,0.1,372,36063,8
Facebook Penn94,highest_degree,10,0.1,373,36035,8
Facebook Penn94,highest_degree,10,0.1,374,36030,8
Facebook Penn94,highest_degree,10,0.1,375,36093,7
Facebook Penn94,highest_degree,10,0.1,376,36029,7
Facebook Penn94,highest_degree,10,0.1,377,36046,7
Facebook Penn94,highest_degree,10,0.1,378,35985,7
Facebook Penn94,highest_degree,10,0.1,379,36084,8
Facebook Penn94,highest_degree,10,0.1,380,36077,8
Facebook Penn94,highest_degree,10,0.1,381,36053,7
Facebook Penn94,highest_degree,10,0.1,382,36025,11
Facebook Penn94,highest_degree,10,0.1,383,36101,7
Facebook Penn94,highest_degree,10,0.1,384,36034,8
Facebook Penn94,highest_degree,10,0.1,385,36105,8
Facebook Penn94,highest_degree,10,0.1,386,36083,10
Facebook Penn94,highest_degree,10,0.1,387,36103,9
Facebook Penn94,highest_degree,10,0.1,388,36125,7
Facebook Penn94,highest_degree,10,0.1,389,35993,8
Facebook Penn94,highest_degree,10,0.1,390,36195,7
Facebook Penn94,highest_degree,10,0.1,391,36055,8
Facebook Penn94,highest_degree,10,0.1,392,36107,8
Facebook Penn94,highest_degree,10,0.1,393,36126,8
Facebook Penn94,highest_degree,10,0.1,394,36117,7
Facebook Penn94,highest_degree,10,0.1,395,36092,8
Facebook Penn94,highest_degree,10,0.1,396,36123,8
Facebook Penn94,highest_degree,10,0.1,397,35976,8
Facebook Penn94,highest_degree,10,0.1,398,36097,9
Facebook Penn94,highest_degree,10,0.1,399,36095,7
Facebook Penn94,highest_degree,10,0.1,400,36063,7
Facebook Penn94,highest_degree,10,0.1,401,36153,8
Facebook Penn94,highest_degree,10,0.1,402,35996,7
Facebook Penn94,highest_degree,10,0.1,403,36088,8
Facebook Penn94,highest_degree,10,0.1,404,36138,7
Facebook Penn94,highest_degree,10,0.1,405,36044,9
Facebook Penn94,highest_degree,10,0.1,406,36029,7
Facebook Penn94,highest_degree,10,0.1,407,36112,7
Facebook Penn94,highest_degree,10,0.1,408,36100,8
Facebook Penn94,highest_degree,10,0.1,409,35986,7
Facebook Penn94,highest_degree,10,0.1,410,36081,7
Facebook Penn94,highest_degree,10,0.1,411,36050,8
Facebook Penn94,highest_degree,10,0.1,412,36084,8
Facebook Penn94,highest_degree,10,0.1,413,36042,8
Facebook Penn94,highest_degree,10,0.1,414,36000,7
Facebook Penn94,highest_degree,10,0.1,415,36042,8
Facebook Penn94,highest_degree,10,0.1,416,36029,8
Facebook Penn94,highest_degree,10,0.1,417,36028,8
Facebook Penn94,highest_degree,10,0.1,418,36094,9
Facebook Penn94,highest_degree,10,0.1,419,36080,7
Facebook Penn94,highest_degree,10,0.1,420,36122,11
Facebook Penn94,highest_degree,10,0.1,421,36107,7
Facebook Penn94,highest_degree,10,0.1,422,36149,8
Facebook Penn94,highest_degree,10,0.1,423,36105,7
Facebook Penn94,highest_degree,10,0.1,424,36180,7
Facebook Penn94,highest_degree,10,0.1,425,36095,11
Facebook Penn94,highest_degree,10,0.1,426,36110,9
Facebook Penn94,highest_degree,10,0.1,427,36090,8
Facebook Penn94,highest_degree,10,0.1,428,36064,8
Facebook Penn94,highest_degree,10,0.1,429,36047,7
Facebook Penn94,highest_degree,10,0.1,430,36030,8
Facebook Penn94,highest_degree,10,0.1,431,36092,9
Facebook Penn94,highest_degree,10,0.1,432,36008,10
Facebook Penn94,highest_degree,10,0.1,433,36027,7
Facebook Penn94,highest_degree,10,0.1,434,36113,9
Facebook Penn94,highest_degree,10,0.1,435,36075,8
Facebook Penn94,highest_degree,10,0.1,436,35956,9
Facebook Penn94,highest_degree,10,0.1,437,36154,9
Facebook Penn94,highest_degree,10,0.1,438,36118,8
Facebook Penn94,highest_degree,10,0.1,439,36036,9
Facebook Penn94,highest_degree,10,0.1,440,36070,9
Facebook Penn94,highest_degree,10,0.1,441,36057,7
Facebook Penn94,highest_degree,10,0.1,442,36021,9
Facebook Penn94,highest_degree,10,0.1,443,36085,7
Facebook Penn94,highest_degree,10,0.1,444,36084,7
Facebook Penn94,highest_degree,10,0.1,445,36094,7
Facebook Penn94,highest_degree,10,0.1,446,36147,9
Facebook Penn94,highest_degree,10,0.1,447,36070,7
Facebook Penn94,highest_degree,10,0.1,448,36015,9
Facebook Penn94,highest_degree,10,0.1,449,36062,8
Facebook Penn94,highest_degree,10,0.1,450,36100,8
Facebook Penn94,highest_degree,10,0.1,451,36167,8
Facebook Penn94,highest_degree,10,0.1,452,36069,7
Facebook Penn94,highest_degree,10,0.1,453,36033,7
Facebook Penn94,highest_degree,10,0.1,454,36088,11
Facebook Penn94,highest_degree,10,0.1,455,36056,7
Facebook Penn94,highest_degree,10,0.1,456,36147,9
Facebook Penn94,highest_degree,10,0.1,457,36077,8
Facebook Penn94,highest_degree,10,0.1,458,36108,7
Facebook Penn94,highest_degree,10,0.1,459,36045,9
Facebook Penn94,highest_degree,10,0.1,460,36170,8
Facebook Penn94,highest_degree,10,0.1,461,36124,8
Facebook Penn94,highest_degree,10,0.1,462,36031,7
Facebook Penn94,highest_degree,10,0.1,463,36009,7
Facebook Penn94,highest_degree,10,0.1,464,36070,7
Facebook Penn94,highest_degree,10,0.1,465,36040,7
Facebook Penn94,highest_degree,10,0.1,466,36099,9
Facebook Penn94,highest_degree,10,0.1,467,36022,8
Facebook Penn94,highest_degree,10,0.1,468,36149,8
Facebook Penn94,highest_degree,10,0.1,469,36154,10
Facebook Penn94,highest_degree,10,0.1,470,36057,8
Facebook Penn94,highest_degree,10,0.1,471,36062,7
Facebook Penn94,highest_degree,10,0.1,472,36074,8
Facebook Penn94,highest_degree,10,0.1,473,36111,8
Facebook Penn94,highest_degree,10,0.1,474,36135,7
Facebook Penn94,highest_degree,10,0.1,475,36055,8
Facebook Penn94,highest_degree,10,0.1,476,35985,10
Facebook Penn94,highest_degree,10,0.1,477,36120,6
Facebook Penn94,highest_degree,10,0.1,478,36101,8
Facebook Penn94,highest_degree,10,0.1,479,36094,8
Facebook Penn94,highest_degree,10,0.1,480,36099,7
Facebook Penn94,highest_degree,10,0.1,481,36133,7
Facebook Penn94,highest_degree,10,0.1,482,36113,8
Facebook Penn94,highest_degree,10,0.1,483,36081,7
Facebook Penn94,highest_degree,10,0.1,484,36062,7
Facebook Penn94,highest_degree,10,0.1,485,36065,8
Facebook Penn94,highest_degree,10,0.1,486,36189,7
Facebook Penn94,highest_degree,10,0.1,487,36057,7
Facebook Penn94,highest_degree,10,0.1,488,36084,8
Facebook Penn94,highest_degree,10,0.1,489,36081,7
Facebook Penn94,highest_degree,10,0.1,490,36029,7
Facebook Penn94,highest_degree,10,0.1,491,36061,7
Facebook Penn94,highest_degree,10,0.1,492,36043,7
Facebook Penn94,highest_degree,10,0.1,493,36119,10
Facebook Penn94,highest_degree,10,0.1,494,36065,7
Facebook Penn94,highest_degree,10,0.1,495,36141,7
Facebook Penn94,highest_degree,10,0.1,496,36115,8
Facebook Penn94,highest_degree,10,0.1,497,35995,8
Facebook Penn94,highest_degree,10,0.1,498,36091,12
Facebook Penn94,highest_degree,10,0.1,499,36044,7
Facebook Penn94,highest_degree,10,0.1,500,36123,7
Facebook Penn94,highest_degree,10,0.1,501,36039,8
Facebook Penn94,highest_degree,10,0.1,502,36066,8
Facebook Penn94,highest_degree,10,0.1,503,36151,7
Facebook Penn94,highest_degree,10,0.1,504,36233,7
Facebook Penn94,highest_degree,10,0.1,505,36093,8
Facebook Penn94,highest_degree,10,0.1,506,36077,9
Facebook Penn94,highest_degree,10,0.1,507,36135,8
Facebook Penn94,highest_degree,10,0.1,508,36053,8
Facebook Penn94,highest_degree,10,0.1,509,36154,7
Facebook Penn94,highest_degree,10,0.1,510,36047,8
Facebook Penn94,highest_degree,10,0.1,511,36109,7
Facebook Penn94,highest_degree,10,0.1,512,36089,7
Facebook Penn94,highest_degree,10,0.1,513,36136,8
Facebook Penn94,highest_degree,10,0.1,514,36066,8
Facebook Penn94,highest_degree,10,0.1,515,36147,7
Facebook Penn94,highest_degree,10,0.1,516,36083,8
Facebook Penn94,highest_degree,10,0.1,517,36086,7
Facebook Penn94,highest_degree,10,0.1,518,36192,8
Facebook Penn94,highest_degree,10,0.1,519,36015,7
Facebook Penn94,highest_degree,10,0.1,520,35977,8
Facebook Penn94,highest_degree,10,0.1,521,36047,8
Facebook Penn94,highest_degree,10,0.1,522,36002,9
Facebook Penn94,highest_degree,10,0.1,523,35985,8
Facebook Penn94,highest_degree,10,0.1,524,36125,8
Facebook Penn94,highest_degree,10,0.1,525,36077,8
Facebook Penn94,highest_degree,10,0.1,526,36111,7
Facebook Penn94,highest_degree,10,0.1,527,36075,9
Facebook Penn94,highest_degree,10,0.1,528,36077,8
Facebook Penn94,highest_degree,10,0.1,529,36019,7
Facebook Penn94,highest_degree,10,0.1,530,36078,8
Facebook Penn94,highest_degree,10,0.1,531,36084,7
Facebook Penn94,highest_degree,10,0.1,532,36104,9
Facebook Penn94,highest_degree,10,0.1,533,36001,7
Facebook Penn94,highest_degree,10,0.1,534,36101,8
Facebook Penn94,highest_degree,10,0.1,535,36084,8
Facebook Penn94,highest_degree,10,0.1,536,36036,8
Facebook Penn94,highest_degree,10,0.1,537,35978,7
Facebook Penn94,highest_degree,10,0.1,538,36102,7
Facebook Penn94,highest_degree,10,0.1,539,36103,9
Facebook Penn94,highest_degree,10,0.1,540,36104,8
Facebook Penn94,highest_degree,10,0.1,541,36173,8
Facebook Penn94,highest_degree,10,0.1,542,36024,7
Facebook Penn94,highest_degree,10,0.1,543,36013,7
Facebook Penn94,highest_degree,10,0.1,544,36114,8
Facebook Penn94,highest_degree,10,0.1,545,36147,7
Facebook Penn94,highest_degree,10,0.1,546,35990,10
Facebook Penn94,highest_degree,10,0.1,547,36072,7
Facebook Penn94,highest_degree,10,0.1,548,36119,7
Facebook Penn94,highest_degree,10,0.1,549,36048,7
Facebook Penn94,highest_degree,10,0.1,550,36220,7
Facebook Penn94,highest_degree,10,0.1,551,36018,8
Facebook Penn94,highest_degree,10,0.1,552,36070,9
Facebook Penn94,highest_degree,10,0.1,553,36109,7
Facebook Penn94,highest_degree,10,0.1,554,36093,9
Facebook Penn94,highest_degree,10,0.1,555,36063,8
Facebook Penn94,highest_degree,10,0.1,556,36043,7
Facebook Penn94,highest_degree,10,0.1,557,36082,8
Facebook Penn94,highest_degree,10,0.1,558,36094,7
Facebook Penn94,highest_degree,10,0.1,559,36108,8
Facebook Penn94,highest_degree,10,0.1,560,36104,10
Facebook Penn94,highest_degree,10,0.1,561,36015,9
Facebook Penn94,highest_degree,10,0.1,562,36017,7
Facebook Penn94,highest_degree,10,0.1,563,36129,8
Facebook Penn94,highest_degree,10,0.1,564,36142,7
Facebook Penn94,highest_degree,10,0.1,565,36072,9
Facebook Penn94,highest_degree,10,0.1,566,36102,8
Facebook Penn94,highest_degree,10,0.1,567,36176,9
Facebook Penn94,highest_degree,10,0.1,568,36117,8
Facebook Penn94,highest_degree,10,0.1,569,36059,8
Facebook Penn94,highest_degree,10,0.1,570,35978,7
Facebook Penn94,highest_degree,10,0.1,571,36128,7
Facebook Penn94,highest_degree,10,0.1,572,36114,9
Facebook Penn94,highest_degree,10,0.1,573,36013,7
Facebook Penn94,highest_degree,10,0.1,574,36078,8
Facebook Penn94,highest_degree,10,0.1,575,36062,9
Facebook Penn94,highest_degree,10,0.1,576,36016,7
Facebook Penn94,highest_degree,10,0.1,577,36020,9
Facebook Penn94,highest_degree,10,0.1,578,36092,7
Facebook Penn94,highest_degree,10,0.1,579,36060,8
Facebook Penn94,highest_degree,10,0.1,580,36056,7
Facebook Penn94,highest_degree,10,0.1,581,35975,7
Facebook Penn94,highest_degree,10,0.1,582,36105,7
Facebook Penn94,highest_degree,10,0.1,583,36004,7
Facebook Penn94,highest_degree,10,0.1,584,36128,8
Facebook Penn94,highest_degree,10,0.1,585,36043,8
Facebook Penn94,highest_degree,10,0.1,586,36123,11
Facebook Penn94,highest_degree,10,0.1,587,36028,8
Facebook Penn94,highest_degree,10,0.1,588,36043,9
Facebook Penn94,highest_degree,10,0.1,589,36180,9
Facebook Penn94,highest_degree,10,0.1,590,36145,8
Facebook Penn94,highest_degree,10,0.1,591,36061,7
Facebook Penn94,highest_degree,10,0.1,592,35980,8
Facebook Penn94,highest_degree,10,0.1,593,36049,9
Facebook Penn94,highest_degree,10,0.1,594,36024,9
Facebook Penn94,highest_degree,10,0.1,595,36037,8
Facebook Penn94,highest_degree,10,0.1,596,36114,7
Facebook Penn94,highest_degree,10,0.1,597,36186,7
Facebook Penn94,highest_degree,10,0.1,598,36063,7
Facebook Penn94,highest_degree,10,0.1,599,36111,7
Facebook Penn94,highest_degree,10,0.1,600,36063,9
Facebook Penn94,highest_degree,10,0.1,601,36103,10
Facebook Penn94,highest_degree,10,0.1,602,36074,8
Facebook Penn94,highest_degree,10,0.1,603,36081,9
Facebook Penn94,highest_degree,10,0.1,604,36044,8
Facebook Penn94,highest_degree,10,0.1,605,36073,9
Facebook Penn94,highest_degree,10,0.1,606,36093,7
Facebook Penn94,highest_degree,10,0.1,607,36077,8
Facebook Penn94,highest_degree,10,0.1,608,36075,8
Facebook Penn94,highest_degree,10,0.1,609,36121,7
Facebook Penn94,highest_degree,10,0.1,610,36071,8
Facebook Penn94,highest_degree,10,0.1,611,36105,7
Facebook Penn94,highest_degree,10,0.1,612,36064,9
Facebook Penn94,highest_degree,10,0.1,613,36094,8
Facebook Penn94,highest_degree,10,0.1,614,36163,8
Facebook Penn94,highest_degree,10,0.1,615,35983,7
Facebook Penn94,highest_degree,10,0.1,616,36112,7
Facebook Penn94,highest_degree,10,0.1,617,36126,8
Facebook Penn94,highest_degree,10,0.1,618,36028,7
Facebook Penn94,highest_degree,10,0.1,619,36004,9
Facebook Penn94,highest_degree,10,0.1,620,36030,7
Facebook Penn94,highest_degree,10,0.1,621,36080,8
Facebook Penn94,highest_degree,10,0.1,622,36039,10
Facebook Penn94,highest_degree,10,0.1,623,36151,8
Facebook Penn94,highest_degree,10,0.1,624,36075,7
Facebook Penn94,highest_degree,10,0.1,625,36150,7
Facebook Penn94,highest_degree,10,0.1,626,36098,8
Facebook Penn94,highest_degree,10,0.1,627,36087,8
Facebook Penn94,highest_degree,10,0.1,628,36024,8
Facebook Penn94,highest_degree,10,0.1,629,36034,7
Facebook Penn94,highest_degree,10,0.1,630,36150,8
Facebook Penn94,highest_degree,10,0.1,631,36154,8
Facebook Penn94,highest_degree,10,0.1,632,36071,8
Facebook Penn94,highest_degree,10,0.1,633,36098,8
Facebook Penn94,highest_degree,10,0.1,634,36093,8
Facebook Penn94,highest_degree,10,0.1,635,36051,7
Facebook Penn94,highest_degree,10,0.1,636,36065,8
Facebook Penn94,highest_degree,10,0.1,637,36211,8
Facebook Penn94,highest_degree,10,0.1,638,36041,8
Facebook Penn94,highest_degree,10,0.1,639,36073,7
Facebook Penn94,highest_degree,10,0.1,640,36059,7
Facebook Penn94,highest_degree,10,0.1,641,36014,7
Facebook Penn94,highest_degree,10,0.1,642,36102,8
Facebook Penn94,highest_degree,10,0.1,643,36046,8
Facebook Penn94,highest_degree,10,0.1,644,36040,8
Facebook Penn94,highest_degree,10,0.1,645,36046,7
Facebook Penn94,highest_degree,10,0.1,646,36072,8
Facebook Penn94,highest_degree,10,0.1,647,35994,8
Facebook Penn94,highest_degree,10,0.1,648,36136,10
Facebook Penn94,highest_degree,10,0.1,649,36045,8
Facebook Penn94,highest_degree,10,0.1,650,36074,8
Facebook Penn94,highest_degree,10,0.1,651,36227,8
Facebook Penn94,highest_degree,10,0.1,652,36131,7
Facebook Penn94,highest_degree,10,0.1,653,36041,8
Facebook Penn94,highest_degree,10,0.1,654,36038,8
Facebook Penn94,highest_degree,10,0.1,655,36105,8
Facebook Penn94,highest_degree,10,0.1,656,36136,8
Facebook Penn94,highest_degree,10,0.1,657,36081,7
Facebook Penn94,highest_degree,10,0.1,658,36004,7
Facebook Penn94,highest_degree,10,0.1,659,36093,7
Facebook Penn94,highest_degree,10,0.1,660,36131,8
Facebook Penn94,highest_degree,10,0.1,661,36085,8
Facebook Penn94,highest_degree,10,0.1,662,36101,10
Facebook Penn94,highest_degree,10,0.1,663,36094,8
Facebook Penn94,highest_degree,10,0.1,664,36160,9
Facebook Penn94,highest_degree,10,0.1,665,36103,8
Facebook Penn94,highest_degree,10,0.1,666,36061,7
Facebook Penn94,highest_degree,10,0.1,667,36122,9
Facebook Penn94,highest_degree,10,0.1,668,36136,8
Facebook Penn94,highest_degree,10,0.1,669,36139,8
Facebook Penn94,highest_degree,10,0.1,670,36090,9
Facebook Penn94,highest_degree,10,0.1,671,36012,7
Facebook Penn94,highest_degree,10,0.1,672,36034,8
Facebook Penn94,highest_degree,10,0.1,673,36100,7
Facebook Penn94,highest_degree,10,0.1,674,36100,8
Facebook Penn94,highest_degree,10,0.1,675,36006,7
Facebook Penn94,highest_degree,10,0.1,676,36223,7
Facebook Penn94,highest_degree,10,0.1,677,36058,8
Facebook Penn94,highest_degree,10,0.1,678,36003,7
Facebook Penn94,highest_degree,10,0.1,679,36104,7
Facebook Penn94,highest_degree,10,0.1,680,36109,7
Facebook Penn94,highest_degree,10,0.1,681,36064,8
Facebook Penn94,highest_degree,10,0.1,682,36067,8
Facebook Penn94,highest_degree,10,0.1,683,36006,7
Facebook Penn94,highest_degree,10,0.1,684,36147,9
Facebook Penn94,highest_degree,10,0.1,685,36154,7
Facebook Penn94,highest_degree,10,0.1,686,36082,8
Facebook Penn94,highest_degree,10,0.1,687,36111,8
Facebook Penn94,highest_degree,10,0.1,688,36086,7
Facebook Penn94,highest_degree,10,0.1,689,36058,7
Facebook Penn94,highest_degree,10,0.1,690,36119,9
Facebook Penn94,highest_degree,10,0.1,691,36085,7
Facebook Penn94,highest_degree,10,0.1,692,36021,8
Facebook Penn94,highest_degree,10,0.1,693,36039,7
Facebook Penn94,highest_degree,10,0.1,694,36075,8
Facebook Penn94,highest_degree,10,0.1,695,36119,8
Facebook Penn94,highest_degree,10,0.1,696,36081,9
Facebook Penn94,highest_degree,10,0.1,697,35981,7
Facebook Penn94,highest_degree,10,0.1,698,36094,9
Facebook Penn94,highest_degree,10,0.1,699,36144,11
Facebook Penn94,highest_degree,10,0.1,700,36122,9
Facebook Penn94,highest_degree,10,0.1,701,36076,7
Facebook Penn94,highest_degree,10,0.1,702,36055,8
Facebook Penn94,highest_degree,10,0.1,703,36073,7
Facebook Penn94,highest_degree,10,0.1,704,36131,9
Facebook Penn94,highest_degree,10,0.1,705,36118,7
Facebook Penn94,highest_degree,10,0.1,706,36021,7
Facebook Penn94,highest_degree,10,0.1,707,36101,8
Facebook Penn94,highest_degree,10,0.1,708,35993,9
Facebook Penn94,highest_degree,10,0.1,709,36150,7
Facebook Penn94,highest_degree,10,0.1,710,36080,7
Facebook Penn94,highest_degree,10,0.1,711,36048,8
Facebook Penn94,highest_degree,10,0.1,712,36070,8
Facebook Penn94,highest_degree,10,0.1,713,36058,8
Facebook Penn94,highest_degree,10,0.1,714,36059,9
Facebook Penn94,highest_degree,10,0.1,715,36040,7
Facebook Penn94,highest_degree,10,0.1,716,36114,7
Facebook Penn94,highest_degree,10,0.1,717,36132,8
Facebook Penn94,highest_degree,10,0.1,718,36018,7
Facebook Penn94,highest_degree,10,0.1,719,36009,7
Facebook Penn94,highest_degree,10,0.1,720,36108,7
Facebook Penn94,highest_degree,10,0.1,721,36037,7
Facebook Penn94,highest_degree,10,0.1,722,36154,7
Facebook Penn94,highest_degree,10,0.1,723,36122,7
Facebook Penn94,highest_degree,10,0.1,724,36002,8
Facebook Penn94,highest_degree,10,0.1,725,36062,7
Facebook Penn94,highest_degree,10,0.1,726,36077,9
Facebook Penn94,highest_degree,10,0.1,727,36088,7
Facebook Penn94,highest_degree,10,0.1,728,36130,8
Facebook Penn94,highest_degree,10,0.1,729,36094,8
Facebook Penn94,highest_degree,10,0.1,730,36189,8
Facebook Penn94,highest_degree,10,0.1,731,36117,8
Facebook Penn94,highest_degree,10,0.1,732,36121,8
Facebook Penn94,highest_degree,10,0.1,733,36096,8
Facebook Penn94,highest_degree,10,0.1,734,36154,8
Facebook Penn94,highest_degree,10,0.1,735,36117,7
Facebook Penn94,highest_degree,10,0.1,736,36082,7
Facebook Penn94,highest_degree,10,0.1,737,36060,7
Facebook Penn94,highest_degree,10,0.1,738,36182,8
Facebook Penn94,highest_degree,10,0.1,739,36114,10
Facebook Penn94,highest_degree,10,0.1,740,36050,8
Facebook Penn94,highest_degree,10,0.1,741,36079,7
Facebook Penn94,highest_degree,10,0.1,742,36142,7
Facebook Penn94,highest_degree,10,0.1,743,36054,7
Facebook Penn94,highest_degree,10,0.1,744,36054,7
Facebook Penn94,highest_degree,10,0.1,745,36130,9
Facebook Penn94,highest_degree,10,0.1,746,36104,9
Facebook Penn94,highest_degree,10,0.1,747,36091,7
Facebook Penn94,highest_degree,10,0.1,748,36075,7
Facebook Penn94,highest_degree,10,0.1,749,36033,9
Facebook Penn94,highest_degree,10,0.1,750,36095,8
Facebook Penn94,highest_degree,10,0.1,751,36059,9
Facebook Penn94,highest_degree,10,0.1,752,36177,8
Facebook Penn94,highest_degree,10,0.1,753,36076,8
Facebook Penn94,highest_degree,10,0.1,754,36074,8
Facebook Penn94,highest_degree,10,0.1,755,36022,8
Facebook Penn94,highest_degree,10,0.1,756,36032,14
Facebook Penn94,highest_degree,10,0.1,757,36025,7
Facebook Penn94,highest_degree,10,0.1,758,36086,8
Facebook Penn94,highest_degree,10,0.1,759,36093,7
Facebook Penn94,highest_degree,10,0.1,760,36072,8
Facebook Penn94,highest_degree,10,0.1,761,36076,8
Facebook Penn94,highest_degree,10,0.1,762,36050,8
Facebook Penn94,highest_degree,10,0.1,763,36067,7
Facebook Penn94,highest_degree,10,0.1,764,36082,8
Facebook Penn94,highest_degree,10,0.1,765,36106,8
Facebook Penn94,highest_degree,10,0.1,766,36061,11
Facebook Penn94,highest_degree,10,0.1,767,36031,8
Facebook Penn94,highest_degree,10,0.1,768,36150,10
Facebook Penn94,highest_degree,10,0.1,769,36040,7
Facebook Penn94,highest_degree,10,0.1,770,36093,9
Facebook Penn94,highest_degree,10,0.1,771,36093,8
Facebook Penn94,highest_degree,10,0.1,772,36021,7
Facebook Penn94,highest_degree,10,0.1,773,36049,8
Facebook Penn94,highest_degree,10,0.1,774,36094,8
Facebook Penn94,highest_degree,10,0.1,775,36100,7
Facebook Penn94,highest_degree,10,0.1,776,36074,9
Facebook Penn94,highest_degree,10,0.1,777,36091,8
Facebook Penn94,highest_degree,10,0.1,778,36082,8
Facebook Penn94,highest_degree,10,0.1,779,36048,7
Facebook Penn94,highest_degree,10,0.1,780,36133,9
Facebook Penn94,highest_degree,10,0.1,781,36137,7
Facebook Penn94,highest_degree,10,0.1,782,36028,8
Facebook Penn94,highest_degree,10,0.1,783,36094,7
Facebook Penn94,highest_degree,10,0.1,784,36056,8
Facebook Penn94,highest_degree,10,0.1,785,36184,9
Facebook Penn94,highest_degree,10,0.1,786,36116,7
Facebook Penn94,highest_degree,10,0.1,787,36080,8
Facebook Penn94,highest_degree,10,0.1,788,36103,7
Facebook Penn94,highest_degree,10,0.1,789,36055,8
Facebook Penn94,highest_degree,10,0.1,790,36016,7
Facebook Penn94,highest_degree,10,0.1,791,36071,8
Facebook Penn94,highest_degree,10,0.1,792,36048,7
Facebook Penn94,highest_degree,10,0.1,793,36164,10
Facebook Penn94,highest_degree,10,0.1,794,36053,8
Facebook Penn94,highest_degree,10,0.1,795,36028,9
Facebook Penn94,highest_degree,10,0.1,796,36061,7
Facebook Penn94,highest_degree,10,0.1,797,36104,7
Facebook Penn94,highest_degree,10,0.1,798,36022,7
Facebook Penn94,highest_degree,10,0.1,799,36025,7
Facebook Penn94,highest_degree,10,0.1,800,36059,7
Facebook Penn94,highest_degree,10,0.1,801,36168,8
Facebook Penn94,highest_degree,10,0.1,802,36096,7
Facebook Penn94,highest_degree,10,0.1,803,36083,7
Facebook Penn94,highest_degree,10,0.1,804,36098,7
Facebook Penn94,highest_degree,10,0.1,805,36029,9
Facebook Penn94,highest_degree,10,0.1,806,36029,7
Facebook Penn94,highest_degree,10,0.1,807,36077,8
Facebook Penn94,highest_degree,10,0.1,808,36080,8
Facebook Penn94,highest_degree,10,0.1,809,36077,7
Facebook Penn94,highest_degree,10,0.1,810,36133,7
Facebook Penn94,highest_degree,10,0.1,811,36169,8
Facebook Penn94,highest_degree,10,0.1,812,36002,7
Facebook Penn94,highest_degree,10,0.1,813,35981,8
Facebook Penn94,highest_degree,10,0.1,814,36087,8
Facebook Penn94,highest_degree,10,0.1,815,36043,7
Facebook Penn94,highest_degree,10,0.1,816,36166,7
Facebook Penn94,highest_degree,10,0.1,817,36107,8
Facebook Penn94,highest_degree,10,0.1,818,35999,7
Facebook Penn94,highest_degree,10,0.1,819,36069,7
Facebook Penn94,highest_degree,10,0.1,820,36082,7
Facebook Penn94,highest_degree,10,0.1,821,36117,8
Facebook Penn94,highest_degree,10,0.1,822,36193,7
Facebook Penn94,highest_degree,10,0.1,823,36138,7
Facebook Penn94,highest_degree,10,0.1,824,36060,8
Facebook Penn94,highest_degree,10,0.1,825,36094,8
Facebook Penn94,highest_degree,10,0.1,826,36090,7
Facebook Penn94,highest_degree,10,0.1,827,36043,9
Facebook Penn94,highest_degree,10,0.1,828,36168,7
Facebook Penn94,highest_degree,10,0.1,829,36058,7
Facebook Penn94,highest_degree,10,0.1,830,36107,8
Facebook Penn94,highest_degree,10,0.1,831,36030,8
Facebook Penn94,highest_degree,10,0.1,832,36037,9
Facebook Penn94,highest_degree,10,0.1,833,36103,8
Facebook Penn94,highest_degree,10,0.1,834,36038,8
Facebook Penn94,highest_degree,10,0.1,835,36027,9
Facebook Penn94,highest_degree,10,0.1,836,36120,9
Facebook Penn94,highest_degree,10,0.1,837,36062,10
Facebook Penn94,highest_degree,10,0.1,838,36012,8
Facebook Penn94,highest_degree,10,0.1,839,36072,8
Facebook Penn94,highest_degree,10,0.1,840,36013,8
Facebook Penn94,highest_degree,10,0.1,841,36084,8
Facebook Penn94,highest_degree,10,0.1,842,36127,7
Facebook Penn94,highest_degree,10,0.1,843,36115,8
Facebook Penn94,highest_degree,10,0.1,844,36102,8
Facebook Penn94,highest_degree,10,0.1,845,36002,8
Facebook Penn94,highest_degree,10,0.1,846,36043,8
Facebook Penn94,highest_degree,10,0.1,847,36088,7
Facebook Penn94,highest_degree,10,0.1,848,36200,9
Facebook Penn94,highest_degree,10,0.1,849,36103,7
Facebook Penn94,highest_degree,10,0.1,850,35991,7
Facebook Penn94,highest_degree,10,0.1,851,36039,8
Facebook Penn94,highest_degree,10,0.1,852,36033,7
Facebook Penn94,highest_degree,10,0.1,853,36111,8
Facebook Penn94,highest_degree,10,0.1,854,35988,9
Facebook Penn94,highest_degree,10,0.1,855,36109,7
Facebook Penn94,highest_degree,10,0.1,856,36095,7
Facebook Penn94,highest_degree,10,0.1,857,36145,9
Facebook Penn94,highest_degree,10,0.1,858,36073,8
Facebook Penn94,highest_degree,10,0.1,859,36096,8
Facebook Penn94,highest_degree,10,0.1,860,36057,8
Facebook Penn94,highest_degree,10,0.1,861,36115,8
Facebook Penn94,highest_degree,10,0.1,862,36101,9
Facebook Penn94,highest_degree,10,0.1,863,36041,8
Facebook Penn94,highest_degree,10,0.1,864,36104,7
Facebook Penn94,highest_degree,10,0.1,865,36089,8
Facebook Penn94,highest_degree,10,0.1,866,36148,8
Facebook Penn94,highest_degree,10,0.1,867,36044,13
Facebook Penn94,highest_degree,10,0.1,868,36186,9
Facebook Penn94,highest_degree,10,0.1,869,36102,8
Facebook Penn94,highest_degree,10,0.1,870,36061,10
Facebook Penn94,highest_degree,10,0.1,871,36063,7
Facebook Penn94,highest_degree,10,0.1,872,36048,8
Facebook Penn94,highest_degree,10,0.1,873,36021,8
Facebook Penn94,highest_degree,10,0.1,874,36105,8
Facebook Penn94,highest_degree,10,0.1,875,36126,7
Facebook Penn94,highest_degree,10,0.1,876,36258,7
Facebook Penn94,highest_degree,10,0.1,877,36128,8
Facebook Penn94,highest_degree,10,0.1,878,36011,8
Facebook Penn94,highest_degree,10,0.1,879,36083,8
Facebook Penn94,highest_degree,10,0.1,880,35984,8
Facebook Penn94,highest_degree,10,0.1,881,36099,7
Facebook Penn94,highest_degree,10,0.1,882,36067,8
Facebook Penn94,highest_degree,10,0.1,883,36014,7
Facebook Penn94,highest_degree,10,0.1,884,36127,9
Facebook Penn94,highest_degree,10,0.1,885,36030,8
Facebook Penn94,highest_degree,10,0.1,886,36059,8
Facebook Penn94,highest_degree,10,0.1,887,36114,7
Facebook Penn94,highest_degree,10,0.1,888,36068,8
Facebook Penn94,highest_degree,10,0.1,889,36062,8
Facebook Penn94,highest_degree,10,0.1,890,36065,10
Facebook Penn94,highest_degree,10,0.1,891,36115,8
Facebook Penn94,highest_degree,10,0.1,892,36170,8
Facebook Penn94,highest_degree,10,0.1,893,36045,8
Facebook Penn94,highest_degree,10,0.1,894,36055,7
Facebook Penn94,highest_degree,10,0.1,895,36143,7
Facebook Penn94,highest_degree,10,0.1,896,36009,9
Facebook Penn94,highest_degree,10,0.1,897,36125,7
Facebook Penn94,highest_degree,10,0.1,898,36003,9
Facebook Penn94,highest_degree,10,0.1,899,36040,8
Facebook Penn94,highest_degree,10,0.1,900,36090,8
Facebook Penn94,highest_degree,10,0.1,901,35991,8
Facebook Penn94,highest_degree,10,0.1,902,36022,7
Facebook Penn94,highest_degree,10,0.1,903,36115,8
Facebook Penn94,highest_degree,10,0.1,904,36111,8
Facebook Penn94,highest_degree,10,0.1,905,36044,8
Facebook Penn94,highest_degree,10,0.1,906,36053,8
Facebook Penn94,highest_degree,10,0.1,907,36081,8
Facebook Penn94,highest_degree,10,0.1,908,36090,11
Facebook Penn94,highest_degree,10,0.1,909,36092,8
Facebook Penn94,highest_degree,10,0.1,910,36073,8
Facebook Penn94,highest_degree,10,0.1,911,36095,7
Facebook Penn94,highest_degree,10,0.1,912,36079,10
Facebook Penn94,highest_degree,10,0.1,913,36133,8
Facebook Penn94,highest_degree,10,0.1,914,36135,8
Facebook Penn94,highest_degree,10,0.1,915,36163,8
Facebook Penn94,highest_degree,10,0.1,916,36072,8
Facebook Penn94,highest_degree,10,0.1,917,36013,9
Facebook Penn94,highest_degree,10,0.1,918,36064,7
Facebook Penn94,highest_degree,10,0.1,919,36090,7
Facebook Penn94,highest_degree,10,0.1,920,36004,8
Facebook Penn94,highest_degree,10,0.1,921,36064,7
Facebook Penn94,highest_degree,10,0.1,922,36109,8
Facebook Penn94,highest_degree,10,0.1,923,36118,7
Facebook Penn94,highest_degree,10,0.1,924,36050,9
Facebook Penn94,highest_degree,10,0.1,925,36025,8
Facebook Penn94,highest_degree,10,0.1,926,36173,7
Facebook Penn94,highest_degree,10,0.1,927,36020,7
Facebook Penn94,highest_degree,10,0.1,928,36016,8
Facebook Penn94,highest_degree,10,0.1,929,36023,10
Facebook Penn94,highest_degree,10,0.1,930,35984,8
Facebook Penn94,highest_degree,10,0.1,931,36014,7
Facebook Penn94,highest_degree,10,0.1,932,36059,7
Facebook Penn94,highest_degree,10,0.1,933,36085,7
Facebook Penn94,highest_degree,10,0.1,934,36088,8
Facebook Penn94,highest_degree,10,0.1,935,36042,9
Facebook Penn94,highest_degree,10,0.1,936,36062,8
Facebook Penn94,highest_degree,10,0.1,937,36074,7
Facebook Penn94,highest_degree,10,0.1,938,36068,8
Facebook Penn94,highest_degree,10,0.1,939,36068,9
Facebook Penn94,highest_degree,10,0.1,940,36076,8
Facebook Penn94,highest_degree,10,0.1,941,36151,8
Facebook Penn94,highest_degree,10,0.1,942,36105,8
Facebook Penn94,highest_degree,10,0.1,943,36056,7
Facebook Penn94,highest_degree,10,0.1,944,36073,8
Facebook Penn94,highest_degree,10,0.1,945,35890,10
Facebook Penn94,highest_degree,10,0.1,946,36053,7
Facebook Penn94,highest_degree,10,0.1,947,36023,7
Facebook Penn94,highest_degree,10,0.1,948,36125,9
Facebook Penn94,highest_degree,10,0.1,949,36149,8
Facebook Penn94,highest_degree,10,0.1,950,36017,7
Facebook Penn94,highest_degree,10,0.1,951,36050,7
Facebook Penn94,highest_degree,10,0.1,952,36131,7
Facebook Penn94,highest_degree,10,0.1,953,36117,7
Facebook Penn94,highest_degree,10,0.1,954,36132,7
Facebook Penn94,highest_degree,10,0.1,955,36104,10
Facebook Penn94,highest_degree,10,0.1,956,36112,8
Facebook Penn94,highest_degree,10,0.1,957,36086,7
Facebook Penn94,highest_degree,10,0.1,958,36153,7
Facebook Penn94,highest_degree,10,0.1,959,36108,8
Facebook Penn94,highest_degree,10,0.1,960,36025,8
Facebook Penn94,highest_degree,10,0.1,961,36052,7
Facebook Penn94,highest_degree,10,0.1,962,36085,7
Facebook Penn94,highest_degree,10,0.1,963,36120,7
Facebook Penn94,highest_degree,10,0.1,964,36028,7
Facebook Penn94,highest_degree,10,0.1,965,36079,8
Facebook Penn94,highest_degree,10,0.1,966,36147,7
Facebook Penn94,highest_degree,10,0.1,967,36127,9
Facebook Penn94,highest_degree,10,0.1,968,36031,9
Facebook Penn94,highest_degree,10,0.1,969,36083,7
Facebook Penn94,highest_degree,10,0.1,970,36125,8
Facebook Penn94,highest_degree,10,0.1,971,36017,8
Facebook Penn94,highest_degree,10,0.1,972,36145,7
Facebook Penn94,highest_degree,10,0.1,973,35990,7
Facebook Penn94,highest_degree,10,0.1,974,36008,10
Facebook Penn94,highest_degree,10,0.1,975,36058,8
Facebook Penn94,highest_degree,10,0.1,976,36098,7
Facebook Penn94,highest_degree,10,0.1,977,36091,7
Facebook Penn94,highest_degree,10,0.1,978,36046,7
Facebook Penn94,highest_degree,10,0.1,979,36126,8
Facebook Penn94,highest_degree,10,0.1,980,36036,8
Facebook Penn94,highest_degree,10,0.1,981,36065,8
Facebook Penn94,highest_degree,10,0.1,982,36076,8
Facebook Penn94,highest_degree,10,0.1,983,36098,8
Facebook Penn94,highest_degree,10,0.1,984,36120,7
Facebook Penn94,highest_degree,10,0.1,985,36074,8
Facebook Penn94,highest_degree,10,0.1,986,36052,9
Facebook Penn94,highest_degree,10,0.1,987,36056,7
Facebook Penn94,highest_degree,10,0.1,988,36070,7
Facebook Penn94,highest_degree,10,0.1,989,36112,7
Facebook Penn94,highest_degree,10,0.1,990,36070,7
Facebook Penn94,highest_degree,10,0.1,991,36034,9
Facebook Penn94,highest_degree,10,0.1,992,35999,8
Facebook Penn94,highest_degree,10,0.1,993,36000,7
Facebook Penn94,highest_degree,10,0.1,994,36073,8
Facebook Penn94,highest_degree,10,0.1,995,36085,8
Facebook Penn94,highest_degree,10,0.1,996,36070,7
Facebook Penn94,highest_degree,10,0.1,997,36101,8
Facebook Penn94,highest_degree,10,0.1,998,36113,8
Facebook Penn94,highest_degree,10,0.1,999,36021,7
Facebook Penn94,distance_greedy,2,0.1,0,36040,8
Facebook Penn94,distance_greedy,2,0.1,1,36071,9
Facebook Penn94,distance_greedy,2,0.1,2,36041,8
Facebook Penn94,distance_greedy,2,0.1,3,36114,8
Facebook Penn94,distance_greedy,2,0.1,4,36008,8
Facebook Penn94,distance_greedy,2,0.1,5,36042,8
Facebook Penn94,distance_greedy,2,0.1,6,36090,8
Facebook Penn94,distance_greedy,2,0.1,7,36029,8
Facebook Penn94,distance_greedy,2,0.1,8,36108,8
Facebook Penn94,distance_greedy,2,0.1,9,36063,8
Facebook Penn94,distance_greedy,2,0.1,10,36149,7
Facebook Penn94,distance_greedy,2,0.1,11,36036,8
Facebook Penn94,distance_greedy,2,0.1,12,36085,9
Facebook Penn94,distance_greedy,2,0.1,13,36058,7
Facebook Penn94,distance_greedy,2,0.1,14,36162,7
Facebook Penn94,distance_greedy,2,0.1,15,36117,9
Facebook Penn94,distance_greedy,2,0.1,16,36096,8
Facebook Penn94,distance_greedy,2,0.1,17,36177,8
Facebook Penn94,distance_greedy,2,0.1,18,36160,9
Facebook Penn94,distance_greedy,2,0.1,19,36025,8
Facebook Penn94,distance_greedy,2,0.1,20,36106,8
Facebook Penn94,distance_greedy,2,0.1,21,36039,8
Facebook Penn94,distance_greedy,2,0.1,22,36102,8
Facebook Penn94,distance_greedy,2,0.1,23,36068,8
Facebook Penn94,distance_greedy,2,0.1,24,36166,8
Facebook Penn94,distance_greedy,2,0.1,25,36026,9
Facebook Penn94,distance_greedy,2,0.1,26,36089,10
Facebook Penn94,distance_greedy,2,0.1,27,36005,9
Facebook Penn94,distance_greedy,2,0.1,28,36050,9
Facebook Penn94,distance_greedy,2,0.1,29,36054,9
Facebook Penn94,distance_greedy,2,0.1,30,36088,8
Facebook Penn94,distance_greedy,2,0.1,31,36084,9
Facebook Penn94,distance_greedy,2,0.1,32,36161,9
Facebook Penn94,distance_greedy,2,0.1,33,36070,9
Facebook Penn94,distance_greedy,2,0.1,34,36033,9
Facebook Penn94,distance_greedy,2,0.1,35,36049,7
Facebook Penn94,distance_greedy,2,0.1,36,36079,8
Facebook Penn94,distance_greedy,2,0.1,37,36058,8
Facebook Penn94,distance_greedy,2,0.1,38,36071,8
Facebook Penn94,distance_greedy,2,0.1,39,36086,10
Facebook Penn94,distance_greedy,2,0.1,40,36109,8
Facebook Penn94,distance_greedy,2,0.1,41,36071,9
Facebook Penn94,distance_greedy,2,0.1,42,36096,8
Facebook Penn94,distance_greedy,2,0.1,43,36015,10
Facebook Penn94,distance_greedy,2,0.1,44,36082,7
Facebook Penn94,distance_greedy,2,0.1,45,36061,9
Facebook Penn94,distance_greedy,2,0.1,46,36018,8
Facebook Penn94,distance_greedy,2,0.1,47,36019,10
Facebook Penn94,distance_greedy,2,0.1,48,36104,8
Facebook Penn94,distance_greedy,2,0.1,49,36091,8
Facebook Penn94,distance_greedy,2,0.1,50,36048,8
Facebook Penn94,distance_greedy,2,0.1,51,36101,7
Facebook Penn94,distance_greedy,2,0.1,52,36045,9
Facebook Penn94,distance_greedy,2,0.1,53,36111,8
Facebook Penn94,distance_greedy,2,0.1,54,35980,7
Facebook Penn94,distance_greedy,2,0.1,55,36082,7
Facebook Penn94,distance_greedy,2,0.1,56,36149,9
Facebook Penn94,distance_greedy,2,0.1,57,36124,9
Facebook Penn94,distance_greedy,2,0.1,58,36130,8
Facebook Penn94,distance_greedy,2,0.1,59,36089,8
Facebook Penn94,distance_greedy,2,0.1,60,36103,8
Facebook Penn94,distance_greedy,2,0.1,61,36122,8
Facebook Penn94,distance_greedy,2,0.1,62,36094,8
Facebook Penn94,distance_greedy,2,0.1,63,36119,9
Facebook Penn94,distance_greedy,2,0.1,64,36081,8
Facebook Penn94,distance_greedy,2,0.1,65,36068,7
Facebook Penn94,distance_greedy,2,0.1,66,35993,11
Facebook Penn94,distance_greedy,2,0.1,67,36116,9
Facebook Penn94,distance_greedy,2,0.1,68,36084,8
Facebook Penn94,distance_greedy,2,0.1,69,36125,8
Facebook Penn94,distance_greedy,2,0.1,70,36061,11
Facebook Penn94,distance_greedy,2,0.1,71,36081,9
Facebook Penn94,distance_greedy,2,0.1,72,36062,8
Facebook Penn94,distance_greedy,2,0.1,73,36154,8
Facebook Penn94,distance_greedy,2,0.1,74,36079,7
Facebook Penn94,distance_greedy,2,0.1,75,36182,8
Facebook Penn94,distance_greedy,2,0.1,76,36145,10
Facebook Penn94,distance_greedy,2,0.1,77,35994,7
Facebook Penn94,distance_greedy,2,0.1,78,36071,8
Facebook Penn94,distance_greedy,2,0.1,79,36101,10
Facebook Penn94,distance_greedy,2,0.1,80,36048,9
Facebook Penn94,distance_greedy,2,0.1,81,36093,9
Facebook Penn94,distance_greedy,2,0.1,82,36053,9
Facebook Penn94,distance_greedy,2,0.1,83,36030,7
Facebook Penn94,distance_greedy,2,0.1,84,36086,8
Facebook Penn94,distance_greedy,2,0.1,85,36011,9
Facebook Penn94,distance_greedy,2,0.1,86,36059,8
Facebook Penn94,distance_greedy,2,0.1,87,35999,9
Facebook Penn94,distance_greedy,2,0.1,88,36043,10
Facebook Penn94,distance_greedy,2,0.1,89,36054,8
Facebook Penn94,distance_greedy,2,0.1,90,36040,9
Facebook Penn94,distance_greedy,2,0.1,91,35958,8
Facebook Penn94,distance_greedy,2,0.1,92,36091,8
Facebook Penn94,distance_greedy,2,0.1,93,36123,8
Facebook Penn94,distance_greedy,2,0.1,94,36042,9
Facebook Penn94,distance_greedy,2,0.1,95,36145,10
Facebook Penn94,distance_greedy,2,0.1,96,36017,8
Facebook Penn94,distance_greedy,2,0.1,97,36007,9
Facebook Penn94,distance_greedy,2,0.1,98,36051,7
Facebook Penn94,distance_greedy,2,0.1,99,36117,8
Facebook Penn94,distance_greedy,2,0.1,100,36061,9
Facebook Penn94,distance_greedy,2,0.1,101,36140,7
Facebook Penn94,distance_greedy,2,0.1,102,36055,8
Facebook Penn94,distance_greedy,2,0.1,103,36108,8
Facebook Penn94,distance_greedy,2,0.1,104,36070,8
Facebook Penn94,distance_greedy,2,0.1,105,36092,8
Facebook Penn94,distance_greedy,2,0.1,106,35966,8
Facebook Penn94,distance_greedy,2,0.1,107,36039,9
Facebook Penn94,distance_greedy,2,0.1,108,36079,8
Facebook Penn94,distance_greedy,2,0.1,109,36158,8
Facebook Penn94,distance_greedy,2,0.1,110,36066,8
Facebook Penn94,distance_greedy,2,0.1,111,36092,8
Facebook Penn94,distance_greedy,2,0.1,112,35979,9
Facebook Penn94,distance_greedy,2,0.1,113,36069,7
Facebook Penn94,distance_greedy,2,0.1,114,36067,8
Facebook Penn94,distance_greedy,2,0.1,115,36032,8
Facebook Penn94,distance_greedy,2,0.1,116,36016,9
Facebook Penn94,distance_greedy,2,0.1,117,36104,12
Facebook Penn94,distance_greedy,2,0.1,118,36141,10
Facebook Penn94,distance_greedy,2,0.1,119,36052,10
Facebook Penn94,distance_greedy,2,0.1,120,36044,9
Facebook Penn94,distance_greedy,2,0.1,121,36024,8
Facebook Penn94,distance_greedy,2,0.1,122,36000,8
Facebook Penn94,distance_greedy,2,0.1,123,35975,9
Facebook Penn94,distance_greedy,2,0.1,124,36153,9
Facebook Penn94,distance_greedy,2,0.1,125,36066,9
Facebook Penn94,distance_greedy,2,0.1,126,36016,8
Facebook Penn94,distance_greedy,2,0.1,127,36048,10
Facebook Penn94,distance_greedy,2,0.1,128,36100,9
Facebook Penn94,distance_greedy,2,0.1,129,36095,8
Facebook Penn94,distance_greedy,2,0.1,130,36080,10
Facebook Penn94,distance_greedy,2,0.1,131,35989,9
Facebook Penn94,distance_greedy,2,0.1,132,36099,9
Facebook Penn94,distance_greedy,2,0.1,133,36172,8
Facebook Penn94,distance_greedy,2,0.1,134,36047,8
Facebook Penn94,distance_greedy,2,0.1,135,36041,8
Facebook Penn94,distance_greedy,2,0.1,136,36088,8
Facebook Penn94,distance_greedy,2,0.1,137,36028,16
Facebook Penn94,distance_greedy,2,0.1,138,36096,7
Facebook Penn94,distance_greedy,2,0.1,139,35980,9
Facebook Penn94,distance_greedy,2,0.1,140,36073,8
Facebook Penn94,distance_greedy,2,0.1,141,36075,9
Facebook Penn94,distance_greedy,2,0.1,142,36083,8
Facebook Penn94,distance_greedy,2,0.1,143,36160,8
Facebook Penn94,distance_greedy,2,0.1,144,36115,8
Facebook Penn94,distance_greedy,2,0.1,145,36035,8
Facebook Penn94,distance_greedy,2,0.1,146,36063,9
Facebook Penn94,distance_greedy,2,0.1,147,36125,10
Facebook Penn94,distance_greedy,2,0.1,148,36080,10
Facebook Penn94,distance_greedy,2,0.1,149,36056,8
Facebook Penn94,distance_greedy,2,0.1,150,36028,8
Facebook Penn94,distance_greedy,2,0.1,151,36079,9
Facebook Penn94,distance_greedy,2,0.1,152,36023,10
Facebook Penn94,distance_greedy,2,0.1,153,36078,8
Facebook Penn94,distance_greedy,2,0.1,154,36075,8
Facebook Penn94,distance_greedy,2,0.1,155,36186,8
Facebook Penn94,distance_greedy,2,0.1,156,36074,9
Facebook Penn94,distance_greedy,2,0.1,157,36085,8
Facebook Penn94,distance_greedy,2,0.1,158,36108,8
Facebook Penn94,distance_greedy,2,0.1,159,36035,9
Facebook Penn94,distance_greedy,2,0.1,160,36111,8
Facebook Penn94,distance_greedy,2,0.1,161,36018,9
Facebook Penn94,distance_greedy,2,0.1,162,36097,8
Facebook Penn94,distance_greedy,2,0.1,163,36143,9
Facebook Penn94,distance_greedy,2,0.1,164,36074,8
Facebook Penn94,distance_greedy,2,0.1,165,36123,9
Facebook Penn94,distance_greedy,2,0.1,166,36058,8
Facebook Penn94,distance_greedy,2,0.1,167,36149,7
Facebook Penn94,distance_greedy,2,0.1,168,35956,8
Facebook Penn94,distance_greedy,2,0.1,169,36121,8
Facebook Penn94,distance_greedy,2,0.1,170,36039,8
Facebook Penn94,distance_greedy,2,0.1,171,36074,8
Facebook Penn94,distance_greedy,2,0.1,172,36055,9
Facebook Penn94,distance_greedy,2,0.1,173,36167,9
Facebook Penn94,distance_greedy,2,0.1,174,36126,8
Facebook Penn94,distance_greedy,2,0.1,175,36163,9
Facebook Penn94,distance_greedy,2,0.1,176,36086,8
Facebook Penn94,distance_greedy,2,0.1,177,36093,8
Facebook Penn94,distance_greedy,2,0.1,178,36107,7
Facebook Penn94,distance_greedy,2,0.1,179,36047,8
Facebook Penn94,distance_greedy,2,0.1,180,36071,8
Facebook Penn94,distance_greedy,2,0.1,181,36046,10
Facebook Penn94,distance_greedy,2,0.1,182,36098,9
Facebook Penn94,distance_greedy,2,0.1,183,36069,8
Facebook Penn94,distance_greedy,2,0.1,184,35996,8
Facebook Penn94,distance_greedy,2,0.1,185,36144,7
Facebook Penn94,distance_greedy,2,0.1,186,36140,8
Facebook Penn94,distance_greedy,2,0.1,187,36184,8
Facebook Penn94,distance_greedy,2,0.1,188,36004,9
Facebook Penn94,distance_greedy,2,0.1,189,36038,8
Facebook Penn94,distance_greedy,2,0.1,190,36103,8
Facebook Penn94,distance_greedy,2,0.1,191,36052,8
Facebook Penn94,distance_greedy,2,0.1,192,36055,9
Facebook Penn94,distance_greedy,2,0.1,193,36117,9
Facebook Penn94,distance_greedy,2,0.1,194,36041,8
Facebook Penn94,distance_greedy,2,0.1,195,36037,10
Facebook Penn94,distance_greedy,2,0.1,196,36105,9
Facebook Penn94,distance_greedy,2,0.1,197,36002,7
Facebook Penn94,distance_greedy,2,0.1,198,36096,9
Facebook Penn94,distance_greedy,2,0.1,199,36107,8
Facebook Penn94,distance_greedy,2,0.1,200,36060,8
Facebook Penn94,distance_greedy,2,0.1,201,36047,8
Facebook Penn94,distance_greedy,2,0.1,202,36134,10
Facebook Penn94,distance_greedy,2,0.1,203,36063,8
Facebook Penn94,distance_greedy,2,0.1,204,36170,8
Facebook Penn94,distance_greedy,2,0.1,205,36129,7
Facebook Penn94,distance_greedy,2,0.1,206,36019,8
Facebook Penn94,distance_greedy,2,0.1,207,36021,7
Facebook Penn94,distance_greedy,2,0.1,208,36097,9
Facebook Penn94,distance_greedy,2,0.1,209,36090,8
Facebook Penn94,distance_greedy,2,0.1,210,36052,8
Facebook Penn94,distance_greedy,2,0.1,211,36063,7
Facebook Penn94,distance_greedy,2,0.1,212,36093,9
Facebook Penn94,distance_greedy,2,0.1,213,36014,11
Facebook Penn94,distance_greedy,2,0.1,214,36001,8
Facebook Penn94,distance_greedy,2,0.1,215,35965,7
Facebook Penn94,distance_greedy,2,0.1,216,36153,8
Facebook Penn94,distance_greedy,2,0.1,217,35935,8
Facebook Penn94,distance_greedy,2,0.1,218,36048,8
Facebook Penn94,distance_greedy,2,0.1,219,36116,9
Facebook Penn94,distance_greedy,2,0.1,220,36094,9
Facebook Penn94,distance_greedy,2,0.1,221,36082,9
Facebook Penn94,distance_greedy,2,0.1,222,36041,8
Facebook Penn94,distance_greedy,2,0.1,223,36126,8
Facebook Penn94,distance_greedy,2,0.1,224,36038,8
Facebook Penn94,distance_greedy,2,0.1,225,36122,13
Facebook Penn94,distance_greedy,2,0.1,226,36062,9
Facebook Penn94,distance_greedy,2,0.1,227,36117,8
Facebook Penn94,distance_greedy,2,0.1,228,36073,8
Facebook Penn94,distance_greedy,2,0.1,229,36098,8
Facebook Penn94,distance_greedy,2,0.1,230,36176,9
Facebook Penn94,distance_greedy,2,0.1,231,36059,8
Facebook Penn94,distance_greedy,2,0.1,232,35953,8
Facebook Penn94,distance_greedy,2,0.1,233,36070,8
Facebook Penn94,distance_greedy,2,0.1,234,36012,8
Facebook Penn94,distance_greedy,2,0.1,235,36124,8
Facebook Penn94,distance_greedy,2,0.1,236,36098,9
Facebook Penn94,distance_greedy,2,0.1,237,36122,11
Facebook Penn94,distance_greedy,2,0.1,238,36093,9
Facebook Penn94,distance_greedy,2,0.1,239,36041,9
Facebook Penn94,distance_greedy,2,0.1,240,36069,8
Facebook Penn94,distance_greedy,2,0.1,241,36079,9
Facebook Penn94,distance_greedy,2,0.1,242,36036,9
Facebook Penn94,distance_greedy,2,0.1,243,36015,9
Facebook Penn94,distance_greedy,2,0.1,244,36005,8
Facebook Penn94,distance_greedy,2,0.1,245,36073,8
Facebook Penn94,distance_greedy,2,0.1,246,36163,9
Facebook Penn94,distance_greedy,2,0.1,247,36095,9
Facebook Penn94,distance_greedy,2,0.1,248,36049,8
Facebook Penn94,distance_greedy,2,0.1,249,36100,8
Facebook Penn94,distance_greedy,2,0.1,250,36062,8
Facebook Penn94,distance_greedy,2,0.1,251,36131,7
Facebook Penn94,distance_greedy,2,0.1,252,36099,9
Facebook Penn94,distance_greedy,2,0.1,253,36111,9
Facebook Penn94,distance_greedy,2,0.1,254,36059,8
Facebook Penn94,distance_greedy,2,0.1,255,36169,9
Facebook Penn94,distance_greedy,2,0.1,256,36137,8
Facebook Penn94,distance_greedy,2,0.1,257,36108,8
Facebook Penn94,distance_greedy,2,0.1,258,36092,8
Facebook Penn94,distance_greedy,2,0.1,259,36003,14
Facebook Penn94,distance_greedy,2,0.1,260,36087,10
Facebook Penn94,distance_greedy,2,0.1,261,36072,10
Facebook Penn94,distance_greedy,2,0.1,262,36034,9
Facebook Penn94,distance_greedy,2,0.1,263,36140,11
Facebook Penn94,distance_greedy,2,0.1,264,36084,9
Facebook Penn94,distance_greedy,2,0.1,265,36021,9
Facebook Penn94,distance_greedy,2,0.1,266,36056,8
Facebook Penn94,distance_greedy,2,0.1,267,36094,8
Facebook Penn94,distance_greedy,2,0.1,268,36101,8
Facebook Penn94,distance_greedy,2,0.1,269,36055,9
Facebook Penn94,distance_greedy,2,0.1,270,36012,8
Facebook Penn94,distance_greedy,2,0.1,271,36106,8
Facebook Penn94,distance_greedy,2,0.1,272,35972,10
Facebook Penn94,distance_greedy,2,0.1,273,36085,11
Facebook Penn94,distance_greedy,2,0.1,274,36101,9
Facebook Penn94,distance_greedy,2,0.1,275,36156,8
Facebook Penn94,distance_greedy,2,0.1,276,35982,9
Facebook Penn94,distance_greedy,2,0.1,277,36067,8
Facebook Penn94,distance_greedy,2,0.1,278,36116,8
Facebook Penn94,distance_greedy,2,0.1,279,36069,8
Facebook Penn94,distance_greedy,2,0.1,280,36111,8
Facebook Penn94,distance_greedy,2,0.1,281,36123,7
Facebook Penn94,distance_greedy,2,0.1,282,36160,9
Facebook Penn94,distance_greedy,2,0.1,283,36074,8
Facebook Penn94,distance_greedy,2,0.1,284,36017,8
Facebook Penn94,distance_greedy,2,0.1,285,35992,9
Facebook Penn94,distance_greedy,2,0.1,286,36001,9
Facebook Penn94,distance_greedy,2,0.1,287,36054,9
Facebook Penn94,distance_greedy,2,0.1,288,36021,9
Facebook Penn94,distance_greedy,2,0.1,289,36032,10
Facebook Penn94,distance_greedy,2,0.1,290,36193,8
Facebook Penn94,distance_greedy,2,0.1,291,36069,9
Facebook Penn94,distance_greedy,2,0.1,292,35999,8
Facebook Penn94,distance_greedy,2,0.1,293,36018,8
Facebook Penn94,distance_greedy,2,0.1,294,36100,8
Facebook Penn94,distance_greedy,2,0.1,295,36129,9
Facebook Penn94,distance_greedy,2,0.1,296,36076,10
Facebook Penn94,distance_greedy,2,0.1,297,36129,8
Facebook Penn94,distance_greedy,2,0.1,298,36091,9
Facebook Penn94,distance_greedy,2,0.1,299,36093,7
Facebook Penn94,distance_greedy,2,0.1,300,36066,9
Facebook Penn94,distance_greedy,2,0.1,301,35990,8
Facebook Penn94,distance_greedy,2,0.1,302,36063,9
Facebook Penn94,distance_greedy,2,0.1,303,36114,9
Facebook Penn94,distance_greedy,2,0.1,304,35977,9
Facebook Penn94,distance_greedy,2,0.1,305,36094,8
Facebook Penn94,distance_greedy,2,0.1,306,36150,7
Facebook Penn94,distance_greedy,2,0.1,307,36022,8
Facebook Penn94,distance_greedy,2,0.1,308,36144,8
Facebook Penn94,distance_greedy,2,0.1,309,36074,8
Facebook Penn94,distance_greedy,2,0.1,310,36069,8
Facebook Penn94,distance_greedy,2,0.1,311,36061,9
Facebook Penn94,distance_greedy,2,0.1,312,35971,8
Facebook Penn94,distance_greedy,2,0.1,313,36086,9
Facebook Penn94,distance_greedy,2,0.1,314,36064,8
Facebook Penn94,distance_greedy,2,0.1,315,36101,8
Facebook Penn94,distance_greedy,2,0.1,316,36098,9
Facebook Penn94,distance_greedy,2,0.1,317,36082,9
Facebook Penn94,distance_greedy,2,0.1,318,36123,7
Facebook Penn94,distance_greedy,2,0.1,319,36072,8
Facebook Penn94,distance_greedy,2,0.1,320,36063,8
Facebook Penn94,distance_greedy,2,0.1,321,36024,9
Facebook Penn94,distance_greedy,2,0.1,322,36095,11
Facebook Penn94,distance_greedy,2,0.1,323,36115,7
Facebook Penn94,distance_greedy,2,0.1,324,36058,10
Facebook Penn94,distance_greedy,2,0.1,325,36121,9
Facebook Penn94,distance_greedy,2,0.1,326,36129,9
Facebook Penn94,distance_greedy,2,0.1,327,35960,9
Facebook Penn94,distance_greedy,2,0.1,328,36041,8
Facebook Penn94,distance_greedy,2,0.1,329,36124,7
Facebook Penn94,distance_greedy,2,0.1,330,36090,8
Facebook Penn94,distance_greedy,2,0.1,331,36031,8
Facebook Penn94,distance_greedy,2,0.1,332,36043,8
Facebook Penn94,distance_greedy,2,0.1,333,36155,7
Facebook Penn94,distance_greedy,2,0.1,334,36030,8
Facebook Penn94,distance_greedy,2,0.1,335,36055,10
Facebook Penn94,distance_greedy,2,0.1,336,36116,9
Facebook Penn94,distance_greedy,2,0.1,337,36067,9
Facebook Penn94,distance_greedy,2,0.1,338,36164,8
Facebook Penn94,distance_greedy,2,0.1,339,36156,9
Facebook Penn94,distance_greedy,2,0.1,340,36060,8
Facebook Penn94,distance_greedy,2,0.1,341,36023,7
Facebook Penn94,distance_greedy,2,0.1,342,35974,8
Facebook Penn94,distance_greedy,2,0.1,343,36072,8
Facebook Penn94,distance_greedy,2,0.1,344,36135,10
Facebook Penn94,distance_greedy,2,0.1,345,36186,8
Facebook Penn94,distance_greedy,2,0.1,346,36080,8
Facebook Penn94,distance_greedy,2,0.1,347,36140,8
Facebook Penn94,distance_greedy,2,0.1,348,36062,8
Facebook Penn94,distance_greedy,2,0.1,349,36039,9
Facebook Penn94,distance_greedy,2,0.1,350,36012,8
Facebook Penn94,distance_greedy,2,0.1,351,36187,8
Facebook Penn94,distance_greedy,2,0.1,352,36065,8
Facebook Penn94,distance_greedy,2,0.1,353,36032,8
Facebook Penn94,distance_greedy,2,0.1,354,36101,8
Facebook Penn94,distance_greedy,2,0.1,355,36078,9
Facebook Penn94,distance_greedy,2,0.1,356,36066,9
Facebook Penn94,distance_greedy,2,0.1,357,36099,9
Facebook Penn94,distance_greedy,2,0.1,358,36110,8
Facebook Penn94,distance_greedy,2,0.1,359,36088,9
Facebook Penn94,distance_greedy,2,0.1,360,36009,9
Facebook Penn94,distance_greedy,2,0.1,361,36119,8
Facebook Penn94,distance_greedy,2,0.1,362,36071,8
Facebook Penn94,distance_greedy,2,0.1,363,36072,9
Facebook Penn94,distance_greedy,2,0.1,364,36032,8
Facebook Penn94,distance_greedy,2,0.1,365,36101,9
Facebook Penn94,distance_greedy,2,0.1,366,35996,9
Facebook Penn94,distance_greedy,2,0.1,367,36112,7
Facebook Penn94,distance_greedy,2,0.1,368,36151,8
Facebook Penn94,distance_greedy,2,0.1,369,36093,10
Facebook Penn94,distance_greedy,2,0.1,370,36071,10
Facebook Penn94,distance_greedy,2,0.1,371,36033,8
Facebook Penn94,distance_greedy,2,0.1,372,36112,8
Facebook Penn94,distance_greedy,2,0.1,373,36040,8
Facebook Penn94,distance_greedy,2,0.1,374,36088,8
Facebook Penn94,distance_greedy,2,0.1,375,36101,8
Facebook Penn94,distance_greedy,2,0.1,376,36051,10
Facebook Penn94,distance_greedy,2,0.1,377,36147,7
Facebook Penn94,distance_greedy,2,0.1,378,36023,8
Facebook Penn94,distance_greedy,2,0.1,379,36164,8
Facebook Penn94,distance_greedy,2,0.1,380,36140,8
Facebook Penn94,distance_greedy,2,0.1,381,36081,8
Facebook Penn94,distance_greedy,2,0.1,382,36044,8
Facebook Penn94,distance_greedy,2,0.1,383,36072,9
Facebook Penn94,distance_greedy,2,0.1,384,36061,8
Facebook Penn94,distance_greedy,2,0.1,385,36105,8
Facebook Penn94,distance_greedy,2,0.1,386,36005,8
Facebook Penn94,distance_greedy,2,0.1,387,36105,7
Facebook Penn94,distance_greedy,2,0.1,388,36089,9
Facebook Penn94,distance_greedy,2,0.1,389,36085,7
Facebook Penn94,distance_greedy,2,0.1,390,36121,7
Facebook Penn94,distance_greedy,2,0.1,391,36127,8
Facebook Penn94,distance_greedy,2,0.1,392,36109,7
Facebook Penn94,distance_greedy,2,0.1,393,36112,8
Facebook Penn94,distance_greedy,2,0.1,394,36112,8
Facebook Penn94,distance_greedy,2,0.1,395,36127,8
Facebook Penn94,distance_greedy,2,0.1,396,36085,8
Facebook Penn94,distance_greedy,2,0.1,397,36007,9
Facebook Penn94,distance_greedy,2,0.1,398,36084,8
Facebook Penn94,distance_greedy,2,0.1,399,36117,8
Facebook Penn94,distance_greedy,2,0.1,400,36069,7
Facebook Penn94,distance_greedy,2,0.1,401,36097,8
Facebook Penn94,distance_greedy,2,0.1,402,36089,7
Facebook Penn94,distance_greedy,2,0.1,403,36080,8
Facebook Penn94,distance_greedy,2,0.1,404,36171,8
Facebook Penn94,distance_greedy,2,0.1,405,36135,8
Facebook Penn94,distance_greedy,2,0.1,406,35907,7
Facebook Penn94,distance_greedy,2,0.1,407,36133,9
Facebook Penn94,distance_greedy,2,0.1,408,36104,9
Facebook Penn94,distance_greedy,2,0.1,409,36026,7
Facebook Penn94,distance_greedy,2,0.1,410,36119,7
Facebook Penn94,distance_greedy,2,0.1,411,36086,8
Facebook Penn94,distance_greedy,2,0.1,412,36120,10
Facebook Penn94,distance_greedy,2,0.1,413,36102,8
Facebook Penn94,distance_greedy,2,0.1,414,36097,8
Facebook Penn94,distance_greedy,2,0.1,415,36048,8
Facebook Penn94,distance_greedy,2,0.1,416,36161,9
Facebook Penn94,distance_greedy,2,0.1,417,36162,8
Facebook Penn94,distance_greedy,2,0.1,418,36097,8
Facebook Penn94,distance_greedy,2,0.1,419,36111,9
Facebook Penn94,distance_greedy,2,0.1,420,36158,8
Facebook Penn94,distance_greedy,2,0.1,421,35992,8
Facebook Penn94,distance_greedy,2,0.1,422,36181,10
Facebook Penn94,distance_greedy,2,0.1,423,35969,8
Facebook Penn94,distance_greedy,2,0.1,424,36070,7
Facebook Penn94,distance_greedy,2,0.1,425,36052,10
Facebook Penn94,distance_greedy,2,0.1,426,36103,8
Facebook Penn94,distance_greedy,2,0.1,427,36106,10
Facebook Penn94,distance_greedy,2,0.1,428,36170,7
Facebook Penn94,distance_greedy,2,0.1,429,36090,9
Facebook Penn94,distance_greedy,2,0.1,430,36146,8
Facebook Penn94,distance_greedy,2,0.1,431,36003,7
Facebook Penn94,distance_greedy,2,0.1,432,36083,9
Facebook Penn94,distance_greedy,2,0.1,433,36173,8
Facebook Penn94,distance_greedy,2,0.1,434,36050,8
Facebook Penn94,distance_greedy,2,0.1,435,36049,8
Facebook Penn94,distance_greedy,2,0.1,436,35988,8
Facebook Penn94,distance_greedy,2,0.1,437,36048,8
Facebook Penn94,distance_greedy,2,0.1,438,36074,9
Facebook Penn94,distance_greedy,2,0.1,439,36076,9
Facebook Penn94,distance_greedy,2,0.1,440,36106,9
Facebook Penn94,distance_greedy,2,0.1,441,36141,8
Facebook Penn94,distance_greedy,2,0.1,442,36108,8
Facebook Penn94,distance_greedy,2,0.1,443,36016,10
Facebook Penn94,distance_greedy,2,0.1,444,36142,8
Facebook Penn94,distance_greedy,2,0.1,445,36098,10
Facebook Penn94,distance_greedy,2,0.1,446,36076,10
Facebook Penn94,distance_greedy,2,0.1,447,36021,8
Facebook Penn94,distance_greedy,2,0.1,448,36058,8
Facebook Penn94,distance_greedy,2,0.1,449,36048,8
Facebook Penn94,distance_greedy,2,0.1,450,36032,8
Facebook Penn94,distance_greedy,2,0.1,451,36094,8
Facebook Penn94,distance_greedy,2,0.1,452,36088,9
Facebook Penn94,distance_greedy,2,0.1,453,36050,8
Facebook Penn94,distance_greedy,2,0.1,454,36069,8
Facebook Penn94,distance_greedy,2,0.1,455,36017,9
Facebook Penn94,distance_greedy,2,0.1,456,36053,9
Facebook Penn94,distance_greedy,2,0.1,457,36080,11
Facebook Penn94,distance_greedy,2,0.1,458,36084,8
Facebook Penn94,distance_greedy,2,0.1,459,36094,8
Facebook Penn94,distance_greedy,2,0.1,460,36095,7
Facebook Penn94,distance_greedy,2,0.1,461,36058,8
Facebook Penn94,distance_greedy,2,0.1,462,36098,9
Facebook Penn94,distance_greedy,2,0.1,463,35973,9
Facebook Penn94,distance_greedy,2,0.1,464,36188,8
Facebook Penn94,distance_greedy,2,0.1,465,36053,8
Facebook Penn94,distance_greedy,2,0.1,466,36097,10
Facebook Penn94,distance_greedy,2,0.1,467,35981,8
Facebook Penn94,distance_greedy,2,0.1,468,36180,8
Facebook Penn94,distance_greedy,2,0.1,469,36110,8
Facebook Penn94,distance_greedy,2,0.1,470,36113,11
Facebook Penn94,distance_greedy,2,0.1,471,35983,8
Facebook Penn94,distance_greedy,2,0.1,472,36106,8
Facebook Penn94,distance_greedy,2,0.1,473,36054,8
Facebook Penn94,distance_greedy,2,0.1,474,36011,8
Facebook Penn94,distance_greedy,2,0.1,475,36025,9
Facebook Penn94,distance_greedy,2,0.1,476,36154,8
Facebook Penn94,distance_greedy,2,0.1,477,36093,7
Facebook Penn94,distance_greedy,2,0.1,478,36103,7
Facebook Penn94,distance_greedy,2,0.1,479,36048,8
Facebook Penn94,distance_greedy,2,0.1,480,35958,9
Facebook Penn94,distance_greedy,2,0.1,481,36120,10
Facebook Penn94,distance_greedy,2,0.1,482,36137,8
Facebook Penn94,distance_greedy,2,0.1,483,36101,8
Facebook Penn94,distance_greedy,2,0.1,484,36057,8
Facebook Penn94,distance_greedy,2,0.1,485,36020,8
Facebook Penn94,distance_greedy,2,0.1,486,36244,9
Facebook Penn94,distance_greedy,2,0.1,487,36073,8
Facebook Penn94,distance_greedy,2,0.1,488,35975,9
Facebook Penn94,distance_greedy,2,0.1,489,36097,8
Facebook Penn94,distance_greedy,2,0.1,490,36182,10
Facebook Penn94,distance_greedy,2,0.1,491,36069,9
Facebook Penn94,distance_greedy,2,0.1,492,36091,8
Facebook Penn94,distance_greedy,2,0.1,493,36111,8
Facebook Penn94,distance_greedy,2,0.1,494,36063,10
Facebook Penn94,distance_greedy,2,0.1,495,36072,8
Facebook Penn94,distance_greedy,2,0.1,496,35998,10
Facebook Penn94,distance_greedy,2,0.1,497,35968,8
Facebook Penn94,distance_greedy,2,0.1,498,36070,8
Facebook Penn94,distance_greedy,2,0.1,499,36138,10
Facebook Penn94,distance_greedy,2,0.1,500,36032,9
Facebook Penn94,distance_greedy,2,0.1,501,36128,11
Facebook Penn94,distance_greedy,2,0.1,502,36135,8
Facebook Penn94,distance_greedy,2,0.1,503,36163,8
Facebook Penn94,distance_greedy,2,0.1,504,36074,8
Facebook Penn94,distance_greedy,2,0.1,505,36055,9
Facebook Penn94,distance_greedy,2,0.1,506,35958,8
Facebook Penn94,distance_greedy,2,0.1,507,36098,8
Facebook Penn94,distance_greedy,2,0.1,508,36082,8
Facebook Penn94,distance_greedy,2,0.1,509,36048,10
Facebook Penn94,distance_greedy,2,0.1,510,36030,8
Facebook Penn94,distance_greedy,2,0.1,511,36094,8
Facebook Penn94,distance_greedy,2,0.1,512,36085,11
Facebook Penn94,distance_greedy,2,0.1,513,36076,7
Facebook Penn94,distance_greedy,2,0.1,514,36179,9
Facebook Penn94,distance_greedy,2,0.1,515,36042,9
Facebook Penn94,distance_greedy,2,0.1,516,36111,8
Facebook Penn94,distance_greedy,2,0.1,517,36143,8
Facebook Penn94,distance_greedy,2,0.1,518,36157,8
Facebook Penn94,distance_greedy,2,0.1,519,36032,8
Facebook Penn94,distance_greedy,2,0.1,520,36112,10
Facebook Penn94,distance_greedy,2,0.1,521,36170,8
Facebook Penn94,distance_greedy,2,0.1,522,36059,10
Facebook Penn94,distance_greedy,2,0.1,523,36073,8
Facebook Penn94,distance_greedy,2,0.1,524,36086,8
Facebook Penn94,distance_greedy,2,0.1,525,36066,9
Facebook Penn94,distance_greedy,2,0.1,526,36125,8
Facebook Penn94,distance_greedy,2,0.1,527,36133,7
Facebook Penn94,distance_greedy,2,0.1,528,36064,8
Facebook Penn94,distance_greedy,2,0.1,529,36076,10
Facebook Penn94,distance_greedy,2,0.1,530,36068,9
Facebook Penn94,distance_greedy,2,0.1,531,36115,8
Facebook Penn94,distance_greedy,2,0.1,532,36135,9
Facebook Penn94,distance_greedy,2,0.1,533,36145,9
Facebook Penn94,distance_greedy,2,0.1,534,36031,9
Facebook Penn94,distance_greedy,2,0.1,535,36081,8
Facebook Penn94,distance_greedy,2,0.1,536,36003,8
Facebook Penn94,distance_greedy,2,0.1,537,36089,9
Facebook Penn94,distance_greedy,2,0.1,538,36180,10
Facebook Penn94,distance_greedy,2,0.1,539,36037,8
Facebook Penn94,distance_greedy,2,0.1,540,36073,8
Facebook Penn94,distance_greedy,2,0.1,541,36065,8
Facebook Penn94,distance_greedy,2,0.1,542,36090,9
Facebook Penn94,distance_greedy,2,0.1,543,36065,7
Facebook Penn94,distance_greedy,2,0.1,544,36150,8
Facebook Penn94,distance_greedy,2,0.1,545,36027,11
Facebook Penn94,distance_greedy,2,0.1,546,36063,9
Facebook Penn94,distance_greedy,2,0.1,547,36156,9
Facebook Penn94,distance_greedy,2,0.1,548,35987,8
Facebook Penn94,distance_greedy,2,0.1,549,36045,12
Facebook Penn94,distance_greedy,2,0.1,550,36015,9
Facebook Penn94,distance_greedy,2,0.1,551,36102,8
Facebook Penn94,distance_greedy,2,0.1,552,36068,8
Facebook Penn94,distance_greedy,2,0.1,553,36042,9
Facebook Penn94,distance_greedy,2,0.1,554,36149,8
Facebook Penn94,distance_greedy,2,0.1,555,36107,9
Facebook Penn94,distance_greedy,2,0.1,556,36050,10
Facebook Penn94,distance_greedy,2,0.1,557,36021,9
Facebook Penn94,distance_greedy,2,0.1,558,36096,9
Facebook Penn94,distance_greedy,2,0.1,559,36117,8
Facebook Penn94,distance_greedy,2,0.1,560,36128,8
Facebook Penn94,distance_greedy,2,0.1,561,36169,9
Facebook Penn94,distance_greedy,2,0.1,562,36028,8
Facebook Penn94,distance_greedy,2,0.1,563,36065,8
Facebook Penn94,distance_greedy,2,0.1,564,36127,8
Facebook Penn94,distance_greedy,2,0.1,565,35982,8
Facebook Penn94,distance_greedy,2,0.1,566,36041,9
Facebook Penn94,distance_greedy,2,0.1,567,36133,8
Facebook Penn94,distance_greedy,2,0.1,568,36022,8
Facebook Penn94,distance_greedy,2,0.1,569,36086,8
Facebook Penn94,distance_greedy,2,0.1,570,36042,8
Facebook Penn94,distance_greedy,2,0.1,571,36118,8
Facebook Penn94,distance_greedy,2,0.1,572,36030,8
Facebook Penn94,distance_greedy,2,0.1,573,36116,8
Facebook Penn94,distance_greedy,2,0.1,574,36097,8
Facebook Penn94,distance_greedy,2,0.1,575,36099,7
Facebook Penn94,distance_greedy,2,0.1,576,36054,9
Facebook Penn94,distance_greedy,2,0.1,577,36048,9
Facebook Penn94,distance_greedy,2,0.1,578,36080,9
Facebook Penn94,distance_greedy,2,0.1,579,36107,9
Facebook Penn94,distance_greedy,2,0.1,580,36165,7
Facebook Penn94,distance_greedy,2,0.1,581,36031,8
Facebook Penn94,distance_greedy,2,0.1,582,36121,7
Facebook Penn94,distance_greedy,2,0.1,583,36019,8
Facebook Penn94,distance_greedy,2,0.1,584,36101,8
Facebook Penn94,distance_greedy,2,0.1,585,36193,8
Facebook Penn94,distance_greedy,2,0.1,586,36167,8
Facebook Penn94,distance_greedy,2,0.1,587,36006,8
Facebook Penn94,distance_greedy,2,0.1,588,35956,8
Facebook Penn94,distance_greedy,2,0.1,589,36124,7
Facebook Penn94,distance_greedy,2,0.1,590,36124,9
Facebook Penn94,distance_greedy,2,0.1,591,36106,8
Facebook Penn94,distance_greedy,2,0.1,592,36103,9
Facebook Penn94,distance_greedy,2,0.1,593,36159,8
Facebook Penn94,distance_greedy,2,0.1,594,36059,7
Facebook Penn94,distance_greedy,2,0.1,595,36114,9
Facebook Penn94,distance_greedy,2,0.1,596,36168,8
Facebook Penn94,distance_greedy,2,0.1,597,36136,10
Facebook Penn94,distance_greedy,2,0.1,598,36083,9
Facebook Penn94,distance_greedy,2,0.1,599,36189,7
Facebook Penn94,distance_greedy,2,0.1,600,36113,9
Facebook Penn94,distance_greedy,2,0.1,601,36079,7
Facebook Penn94,distance_greedy,2,0.1,602,36063,10
Facebook Penn94,distance_greedy,2,0.1,603,36064,7
Facebook Penn94,distance_greedy,2,0.1,604,36188,8
Facebook Penn94,distance_greedy,2,0.1,605,35954,8
Facebook Penn94,distance_greedy,2,0.1,606,36087,9
Facebook Penn94,distance_greedy,2,0.1,607,36157,7
Facebook Penn94,distance_greedy,2,0.1,608,36057,9
Facebook Penn94,distance_greedy,2,0.1,609,36079,8
Facebook Penn94,distance_greedy,2,0.1,610,36028,8
Facebook Penn94,distance_greedy,2,0.1,611,36077,9
Facebook Penn94,distance_greedy,2,0.1,612,36133,8
Facebook Penn94,distance_greedy,2,0.1,613,36176,9
Facebook Penn94,distance_greedy,2,0.1,614,36178,8
Facebook Penn94,distance_greedy,2,0.1,615,36055,9
Facebook Penn94,distance_greedy,2,0.1,616,36110,9
Facebook Penn94,distance_greedy,2,0.1,617,36076,8
Facebook Penn94,distance_greedy,2,0.1,618,36032,8
Facebook Penn94,distance_greedy,2,0.1,619,35960,8
Facebook Penn94,distance_greedy,2,0.1,620,36057,8
Facebook Penn94,distance_greedy,2,0.1,621,36074,8
Facebook Penn94,distance_greedy,2,0.1,622,36048,9
Facebook Penn94,distance_greedy,2,0.1,623,36001,8
Facebook Penn94,distance_greedy,2,0.1,624,36091,9
Facebook Penn94,distance_greedy,2,0.1,625,36154,8
Facebook Penn94,distance_greedy,2,0.1,626,36150,8
Facebook Penn94,distance_greedy,2,0.1,627,35949,8
Facebook Penn94,distance_greedy,2,0.1,628,36065,8
Facebook Penn94,distance_greedy,2,0.1,629,36100,8
Facebook Penn94,distance_greedy,2,0.1,630,36194,8
Facebook Penn94,distance_greedy,2,0.1,631,36073,8
Facebook Penn94,distance_greedy,2,0.1,632,36022,8
Facebook Penn94,distance_greedy,2,0.1,633,36053,10
Facebook Penn94,distance_greedy,2,0.1,634,36107,10
Facebook Penn94,distance_greedy,2,0.1,635,36035,7
Facebook Penn94,distance_greedy,2,0.1,636,36029,7
Facebook Penn94,distance_greedy,2,0.1,637,36059,8
Facebook Penn94,distance_greedy,2,0.1,638,35903,8
Facebook Penn94,distance_greedy,2,0.1,639,36156,9
Facebook Penn94,distance_greedy,2,0.1,640,36044,8
Facebook Penn94,distance_greedy,2,0.1,641,36027,8
Facebook Penn94,distance_greedy,2,0.1,642,36153,9
Facebook Penn94,distance_greedy,2,0.1,643,36134,9
Facebook Penn94,distance_greedy,2,0.1,644,36052,7
Facebook Penn94,distance_greedy,2,0.1,645,36029,8
Facebook Penn94,distance_greedy,2,0.1,646,36017,8
Facebook Penn94,distance_greedy,2,0.1,647,36088,8
Facebook Penn94,distance_greedy,2,0.1,648,36014,8
Facebook Penn94,distance_greedy,2,0.1,649,36157,8
Facebook Penn94,distance_greedy,2,0.1,650,36009,8
Facebook Penn94,distance_greedy,2,0.1,651,35982,9
Facebook Penn94,distance_greedy,2,0.1,652,36057,10
Facebook Penn94,distance_greedy,2,0.1,653,36167,8
Facebook Penn94,distance_greedy,2,0.1,654,36018,9
Facebook Penn94,distance_greedy,2,0.1,655,36096,8
Facebook Penn94,distance_greedy,2,0.1,656,36151,9
Facebook Penn94,distance_greedy,2,0.1,657,36040,9
Facebook Penn94,distance_greedy,2,0.1,658,36041,9
Facebook Penn94,distance_greedy,2,0.1,659,36013,9
Facebook Penn94,distance_greedy,2,0.1,660,36065,8
Facebook Penn94,distance_greedy,2,0.1,661,36109,7
Facebook Penn94,distance_greedy,2,0.1,662,36092,8
Facebook Penn94,distance_greedy,2,0.1,663,36047,8
Facebook Penn94,distance_greedy,2,0.1,664,36033,8
Facebook Penn94,distance_greedy,2,0.1,665,36069,8
Facebook Penn94,distance_greedy,2,0.1,666,35996,8
Facebook Penn94,distance_greedy,2,0.1,667,35992,8
Facebook Penn94,distance_greedy,2,0.1,668,36112,8
Facebook Penn94,distance_greedy,2,0.1,669,36014,8
Facebook Penn94,distance_greedy,2,0.1,670,36136,8
Facebook Penn94,distance_greedy,2,0.1,671,36054,8
Facebook Penn94,distance_greedy,2,0.1,672,36109,8
Facebook Penn94,distance_greedy,2,0.1,673,36041,9
Facebook Penn94,distance_greedy,2,0.1,674,35989,8
Facebook Penn94,distance_greedy,2,0.1,675,35961,10
Facebook Penn94,distance_greedy,2,0.1,676,36093,8
Facebook Penn94,distance_greedy,2,0.1,677,36048,10
Facebook Penn94,distance_greedy,2,0.1,678,35964,8
Facebook Penn94,distance_greedy,2,0.1,679,36002,8
Facebook Penn94,distance_greedy,2,0.1,680,36032,7
Facebook Penn94,distance_greedy,2,0.1,681,36062,8
Facebook Penn94,distance_greedy,2,0.1,682,36164,9
Facebook Penn94,distance_greedy,2,0.1,683,36113,8
Facebook Penn94,distance_greedy,2,0.1,684,36110,8
Facebook Penn94,distance_greedy,2,0.1,685,36161,8
Facebook Penn94,distance_greedy,2,0.1,686,36073,8
Facebook Penn94,distance_greedy,2,0.1,687,36092,8
Facebook Penn94,distance_greedy,2,0.1,688,36065,8
Facebook Penn94,distance_greedy,2,0.1,689,35957,9
Facebook Penn94,distance_greedy,2,0.1,690,36099,8
Facebook Penn94,distance_greedy,2,0.1,691,36128,8
Facebook Penn94,distance_greedy,2,0.1,692,36062,7
Facebook Penn94,distance_greedy,2,0.1,693,36135,8
Facebook Penn94,distance_greedy,2,0.1,694,35999,8
Facebook Penn94,distance_greedy,2,0.1,695,36099,10
Facebook Penn94,distance_greedy,2,0.1,696,36125,8
Facebook Penn94,distance_greedy,2,0.1,697,35949,8
Facebook Penn94,distance_greedy,2,0.1,698,36110,8
Facebook Penn94,distance_greedy,2,0.1,699,36083,8
Facebook Penn94,distance_greedy,2,0.1,700,36123,9
Facebook Penn94,distance_greedy,2,0.1,701,36072,8
Facebook Penn94,distance_greedy,2,0.1,702,36114,8
Facebook Penn94,distance_greedy,2,0.1,703,36061,10
Facebook Penn94,distance_greedy,2,0.1,704,36136,7
Facebook Penn94,distance_greedy,2,0.1,705,36128,9
Facebook Penn94,distance_greedy,2,0.1,706,36080,8
Facebook Penn94,distance_greedy,2,0.1,707,36094,7
Facebook Penn94,distance_greedy,2,0.1,708,36058,9
Facebook Penn94,distance_greedy,2,0.1,709,36066,10
Facebook Penn94,distance_greedy,2,0.1,710,35979,9
Facebook Penn94,distance_greedy,2,0.1,711,36120,9
Facebook Penn94,distance_greedy,2,0.1,712,36044,8
Facebook Penn94,distance_greedy,2,0.1,713,36016,8
Facebook Penn94,distance_greedy,2,0.1,714,35957,9
Facebook Penn94,distance_greedy,2,0.1,715,36054,8
Facebook Penn94,distance_greedy,2,0.1,716,36067,8
Facebook Penn94,distance_greedy,2,0.1,717,36169,9
Facebook Penn94,distance_greedy,2,0.1,718,36117,8
Facebook Penn94,distance_greedy,2,0.1,719,36022,8
Facebook Penn94,distance_greedy,2,0.1,720,36146,8
Facebook Penn94,distance_greedy,2,0.1,721,36046,8
Facebook Penn94,distance_greedy,2,0.1,722,36102,8
Facebook Penn94,distance_greedy,2,0.1,723,36076,9
Facebook Penn94,distance_greedy,2,0.1,724,36023,11
Facebook Penn94,distance_greedy,2,0.1,725,36114,8
Facebook Penn94,distance_greedy,2,0.1,726,36061,8
Facebook Penn94,distance_greedy,2,0.1,727,36045,9
Facebook Penn94,distance_greedy,2,0.1,728,36101,8
Facebook Penn94,distance_greedy,2,0.1,729,35999,9
Facebook Penn94,distance_greedy,2,0.1,730,36065,8
Facebook Penn94,distance_greedy,2,0.1,731,36010,9
Facebook Penn94,distance_greedy,2,0.1,732,36180,8
Facebook Penn94,distance_greedy,2,0.1,733,36118,8
Facebook Penn94,distance_greedy,2,0.1,734,36108,7
Facebook Penn94,distance_greedy,2,0.1,735,36154,8
Facebook Penn94,distance_greedy,2,0.1,736,36143,8
Facebook Penn94,distance_greedy,2,0.1,737,36066,8
Facebook Penn94,distance_greedy,2,0.1,738,36103,8
Facebook Penn94,distance_greedy,2,0.1,739,36133,8
Facebook Penn94,distance_greedy,2,0.1,740,36066,7
Facebook Penn94,distance_greedy,2,0.1,741,36043,7
Facebook Penn94,distance_greedy,2,0.1,742,36105,9
Facebook Penn94,distance_greedy,2,0.1,743,36173,8
Facebook Penn94,distance_greedy,2,0.1,744,36034,9
Facebook Penn94,distance_greedy,2,0.1,745,35989,8
Facebook Penn94,distance_greedy,2,0.1,746,36105,8
Facebook Penn94,distance_greedy,2,0.1,747,36135,9
Facebook Penn94,distance_greedy,2,0.1,748,36120,11
Facebook Penn94,distance_greedy,2,0.1,749,35935,8
Facebook Penn94,distance_greedy,2,0.1,750,36010,8
Facebook Penn94,distance_greedy,2,0.1,751,36135,8
Facebook Penn94,distance_greedy,2,0.1,752,36132,9
Facebook Penn94,distance_greedy,2,0.1,753,36120,11
Facebook Penn94,distance_greedy,2,0.1,754,36151,8
Facebook Penn94,distance_greedy,2,0.1,755,36090,8
Facebook Penn94,distance_greedy,2,0.1,756,36141,8
Facebook Penn94,distance_greedy,2,0.1,757,36146,10
Facebook Penn94,distance_greedy,2,0.1,758,36051,8
Facebook Penn94,distance_greedy,2,0.1,759,36013,9
Facebook Penn94,distance_greedy,2,0.1,760,36017,8
Facebook Penn94,distance_greedy,2,0.1,761,36081,9
Facebook Penn94,distance_greedy,2,0.1,762,36099,8
Facebook Penn94,distance_greedy,2,0.1,763,36145,7
Facebook Penn94,distance_greedy,2,0.1,764,36055,8
Facebook Penn94,distance_greedy,2,0.1,765,36070,8
Facebook Penn94,distance_greedy,2,0.1,766,36070,8
Facebook Penn94,distance_greedy,2,0.1,767,36072,8
Facebook Penn94,distance_greedy,2,0.1,768,36105,8
Facebook Penn94,distance_greedy,2,0.1,769,36072,11
Facebook Penn94,distance_greedy,2,0.1,770,36144,9
Facebook Penn94,distance_greedy,2,0.1,771,35985,8
Facebook Penn94,distance_greedy,2,0.1,772,36048,8
Facebook Penn94,distance_greedy,2,0.1,773,36067,7
Facebook Penn94,distance_greedy,2,0.1,774,35983,9
Facebook Penn94,distance_greedy,2,0.1,775,36044,10
Facebook Penn94,distance_greedy,2,0.1,776,36161,10
Facebook Penn94,distance_greedy,2,0.1,777,36081,8
Facebook Penn94,distance_greedy,2,0.1,778,36114,8
Facebook Penn94,distance_greedy,2,0.1,779,36063,14
Facebook Penn94,distance_greedy,2,0.1,780,36174,8
Facebook Penn94,distance_greedy,2,0.1,781,36183,9
Facebook Penn94,distance_greedy,2,0.1,782,36090,8
Facebook Penn94,distance_greedy,2,0.1,783,36086,9
Facebook Penn94,distance_greedy,2,0.1,784,36153,8
Facebook Penn94,distance_greedy,2,0.1,785,36112,10
Facebook Penn94,distance_greedy,2,0.1,786,36069,10
Facebook Penn94,distance_greedy,2,0.1,787,36042,11
Facebook Penn94,distance_greedy,2,0.1,788,36150,10
Facebook Penn94,distance_greedy,2,0.1,789,36179,11
Facebook Penn94,distance_greedy,2,0.1,790,36067,11
Facebook Penn94,distance_greedy,2,0.1,791,36069,9
Facebook Penn94,distance_greedy,2,0.1,792,36106,8
Facebook Penn94,distance_greedy,2,0.1,793,36114,8
Facebook Penn94,distance_greedy,2,0.1,794,36035,7
Facebook Penn94,distance_greedy,2,0.1,795,36043,8
Facebook Penn94,distance_greedy,2,0.1,796,36059,9
Facebook Penn94,distance_greedy,2,0.1,797,36004,8
Facebook Penn94,distance_greedy,2,0.1,798,35978,10
Facebook Penn94,distance_greedy,2,0.1,799,36090,9
Facebook Penn94,distance_greedy,2,0.1,800,36040,8
Facebook Penn94,distance_greedy,2,0.1,801,36082,10
Facebook Penn94,distance_greedy,2,0.1,802,36004,8
Facebook Penn94,distance_greedy,2,0.1,803,36058,9
Facebook Penn94,distance_greedy,2,0.1,804,36058,10
Facebook Penn94,distance_greedy,2,0.1,805,35959,11
Facebook Penn94,distance_greedy,2,0.1,806,36027,11
Facebook Penn94,distance_greedy,2,0.1,807,36125,9
Facebook Penn94,distance_greedy,2,0.1,808,36034,7
Facebook Penn94,distance_greedy,2,0.1,809,36159,8
Facebook Penn94,distance_greedy,2,0.1,810,36160,8
Facebook Penn94,distance_greedy,2,0.1,811,36139,9
Facebook Penn94,distance_greedy,2,0.1,812,36063,8
Facebook Penn94,distance_greedy,2,0.1,813,36017,9
Facebook Penn94,distance_greedy,2,0.1,814,36113,9
Facebook Penn94,distance_greedy,2,0.1,815,36140,8
Facebook Penn94,distance_greedy,2,0.1,816,36034,8
Facebook Penn94,distance_greedy,2,0.1,817,36125,8
Facebook Penn94,distance_greedy,2,0.1,818,35989,8
Facebook Penn94,distance_greedy,2,0.1,819,36082,7
Facebook Penn94,distance_greedy,2,0.1,820,36140,8
Facebook Penn94,distance_greedy,2,0.1,821,36076,7
Facebook Penn94,distance_greedy,2,0.1,822,36131,9
Facebook Penn94,distance_greedy,2,0.1,823,36066,9
Facebook Penn94,distance_greedy,2,0.1,824,36073,9
Facebook Penn94,distance_greedy,2,0.1,825,36091,9
Facebook Penn94,distance_greedy,2,0.1,826,36134,8
Facebook Penn94,distance_greedy,2,0.1,827,36073,8
Facebook Penn94,distance_greedy,2,0.1,828,36118,8
Facebook Penn94,distance_greedy,2,0.1,829,36097,8
Facebook Penn94,distance_greedy,2,0.1,830,36029,9
Facebook Penn94,distance_greedy,2,0.1,831,36148,8
Facebook Penn94,distance_greedy,2,0.1,832,36054,9
Facebook Penn94,distance_greedy,2,0.1,833,36100,8
Facebook Penn94,distance_greedy,2,0.1,834,36097,8
Facebook Penn94,distance_greedy,2,0.1,835,36048,8
Facebook Penn94,distance_greedy,2,0.1,836,36103,8
Facebook Penn94,distance_greedy,2,0.1,837,36061,8
Facebook Penn94,distance_greedy,2,0.1,838,36097,8
Facebook Penn94,distance_greedy,2,0.1,839,36079,8
Facebook Penn94,distance_greedy,2,0.1,840,36026,8
Facebook Penn94,distance_greedy,2,0.1,841,36051,9
Facebook Penn94,distance_greedy,2,0.1,842,36007,7
Facebook Penn94,distance_greedy,2,0.1,843,36131,9
Facebook Penn94,distance_greedy,2,0.1,844,36052,8
Facebook Penn94,distance_greedy,2,0.1,845,36073,8
Facebook Penn94,distance_greedy,2,0.1,846,36123,8
Facebook Penn94,distance_greedy,2,0.1,847,36130,9
Facebook Penn94,distance_greedy,2,0.1,848,36043,8
Facebook Penn94,distance_greedy,2,0.1,849,36073,11
Facebook Penn94,distance_greedy,2,0.1,850,36024,8
Facebook Penn94,distance_greedy,2,0.1,851,36037,7
Facebook Penn94,distance_greedy,2,0.1,852,36086,9
Facebook Penn94,distance_greedy,2,0.1,853,36110,8
Facebook Penn94,distance_greedy,2,0.1,854,35942,8
Facebook Penn94,distance_greedy,2,0.1,855,36097,8
Facebook Penn94,distance_greedy,2,0.1,856,35980,8
Facebook Penn94,distance_greedy,2,0.1,857,36020,9
Facebook Penn94,distance_greedy,2,0.1,858,36129,8
Facebook Penn94,distance_greedy,2,0.1,859,36104,9
Facebook Penn94,distance_greedy,2,0.1,860,36102,8
Facebook Penn94,distance_greedy,2,0.1,861,36075,8
Facebook Penn94,distance_greedy,2,0.1,862,35976,7
Facebook Penn94,distance_greedy,2,0.1,863,36095,8
Facebook Penn94,distance_greedy,2,0.1,864,36138,9
Facebook Penn94,distance_greedy,2,0.1,865,36112,9
Facebook Penn94,distance_greedy,2,0.1,866,36067,9
Facebook Penn94,distance_greedy,2,0.1,867,36033,8
Facebook Penn94,distance_greedy,2,0.1,868,36068,11
Facebook Penn94,distance_greedy,2,0.1,869,36031,9
Facebook Penn94,distance_greedy,2,0.1,870,36106,8
Facebook Penn94,distance_greedy,2,0.1,871,36051,9
Facebook Penn94,distance_greedy,2,0.1,872,36053,8
Facebook Penn94,distance_greedy,2,0.1,873,35981,7
Facebook Penn94,distance_greedy,2,0.1,874,36011,8
Facebook Penn94,distance_greedy,2,0.1,875,36115,12
Facebook Penn94,distance_greedy,2,0.1,876,36044,9
Facebook Penn94,distance_greedy,2,0.1,877,35990,9
Facebook Penn94,distance_greedy,2,0.1,878,36141,8
Facebook Penn94,distance_greedy,2,0.1,879,36134,8
Facebook Penn94,distance_greedy,2,0.1,880,36055,8
Facebook Penn94,distance_greedy,2,0.1,881,36155,8
Facebook Penn94,distance_greedy,2,0.1,882,36034,10
Facebook Penn94,distance_greedy,2,0.1,883,36146,9
Facebook Penn94,distance_greedy,2,0.1,884,36114,9
Facebook Penn94,distance_greedy,2,0.1,885,36047,8
Facebook Penn94,distance_greedy,2,0.1,886,36035,9
Facebook Penn94,distance_greedy,2,0.1,887,36074,8
Facebook Penn94,distance_greedy,2,0.1,888,36050,8
Facebook Penn94,distance_greedy,2,0.1,889,36094,9
Facebook Penn94,distance_greedy,2,0.1,890,36206,8
Facebook Penn94,distance_greedy,2,0.1,891,36089,10
Facebook Penn94,distance_greedy,2,0.1,892,36089,8
Facebook Penn94,distance_greedy,2,0.1,893,36121,8
Facebook Penn94,distance_greedy,2,0.1,894,36016,8
Facebook Penn94,distance_greedy,2,0.1,895,36150,8
Facebook Penn94,distance_greedy,2,0.1,896,36096,8
Facebook Penn94,distance_greedy,2,0.1,897,36156,9
Facebook Penn94,distance_greedy,2,0.1,898,35987,7
Facebook Penn94,distance_greedy,2,0.1,899,35967,11
Facebook Penn94,distance_greedy,2,0.1,900,35996,8
Facebook Penn94,distance_greedy,2,0.1,901,36103,9
Facebook Penn94,distance_greedy,2,0.1,902,36092,8
Facebook Penn94,distance_greedy,2,0.1,903,36094,7
Facebook Penn94,distance_greedy,2,0.1,904,36167,9
Facebook Penn94,distance_greedy,2,0.1,905,36031,10
Facebook Penn94,distance_greedy,2,0.1,906,36016,8
Facebook Penn94,distance_greedy,2,0.1,907,36058,9
Facebook Penn94,distance_greedy,2,0.1,908,36136,8
Facebook Penn94,distance_greedy,2,0.1,909,36048,8
Facebook Penn94,distance_greedy,2,0.1,910,36071,8
Facebook Penn94,distance_greedy,2,0.1,911,36094,9
Facebook Penn94,distance_greedy,2,0.1,912,36105,8
Facebook Penn94,distance_greedy,2,0.1,913,36143,8
Facebook Penn94,distance_greedy,2,0.1,914,36036,8
Facebook Penn94,distance_greedy,2,0.1,915,36098,8
Facebook Penn94,distance_greedy,2,0.1,916,36138,8
Facebook Penn94,distance_greedy,2,0.1,917,36053,9
Facebook Penn94,distance_greedy,2,0.1,918,36078,8
Facebook Penn94,distance_greedy,2,0.1,919,36091,8
Facebook Penn94,distance_greedy,2,0.1,920,36051,8
Facebook Penn94,distance_greedy,2,0.1,921,36094,8
Facebook Penn94,distance_greedy,2,0.1,922,36157,10
Facebook Penn94,distance_greedy,2,0.1,923,36189,8
Facebook Penn94,distance_greedy,2,0.1,924,36164,8
Facebook Penn94,distance_greedy,2,0.1,925,36105,8
Facebook Penn94,distance_greedy,2,0.1,926,36104,8
Facebook Penn94,distance_greedy,2,0.1,927,36103,10
Facebook Penn94,distance_greedy,2,0.1,928,36081,8
Facebook Penn94,distance_greedy,2,0.1,929,36000,8
Facebook Penn94,distance_greedy,2,0.1,930,36049,8
Facebook Penn94,distance_greedy,2,0.1,931,36097,8
Facebook Penn94,distance_greedy,2,0.1,932,36049,9
Facebook Penn94,distance_greedy,2,0.1,933,36193,7
Facebook Penn94,distance_greedy,2,0.1,934,36053,8
Facebook Penn94,distance_greedy,2,0.1,935,36058,10
Facebook Penn94,distance_greedy,2,0.1,936,36103,10
Facebook Penn94,distance_greedy,2,0.1,937,36044,8
Facebook Penn94,distance_greedy,2,0.1,938,36117,8
Facebook Penn94,distance_greedy,2,0.1,939,36037,8
Facebook Penn94,distance_greedy,2,0.1,940,36131,9
Facebook Penn94,distance_greedy,2,0.1,941,36099,8
Facebook Penn94,distance_greedy,2,0.1,942,36053,8
Facebook Penn94,distance_greedy,2,0.1,943,36056,8
Facebook Penn94,distance_greedy,2,0.1,944,36101,9
Facebook Penn94,distance_greedy,2,0.1,945,36136,8
Facebook Penn94,distance_greedy,2,0.1,946,36083,9
Facebook Penn94,distance_greedy,2,0.1,947,36060,7
Facebook Penn94,distance_greedy,2,0.1,948,36114,9
Facebook Penn94,distance_greedy,2,0.1,949,36000,14
Facebook Penn94,distance_greedy,2,0.1,950,36103,8
Facebook Penn94,distance_greedy,2,0.1,951,36111,9
Facebook Penn94,distance_greedy,2,0.1,952,36037,9
Facebook Penn94,distance_greedy,2,0.1,953,36130,10
Facebook Penn94,distance_greedy,2,0.1,954,36159,8
Facebook Penn94,distance_greedy,2,0.1,955,36135,9
Facebook Penn94,distance_greedy,2,0.1,956,36053,8
Facebook Penn94,distance_greedy,2,0.1,957,36047,10
Facebook Penn94,distance_greedy,2,0.1,958,36165,8
Facebook Penn94,distance_greedy,2,0.1,959,36046,8
Facebook Penn94,distance_greedy,2,0.1,960,36096,8
Facebook Penn94,distance_greedy,2,0.1,961,36041,8
Facebook Penn94,distance_greedy,2,0.1,962,36049,8
Facebook Penn94,distance_greedy,2,0.1,963,36093,8
Facebook Penn94,distance_greedy,2,0.1,964,36083,8
Facebook Penn94,distance_greedy,2,0.1,965,36124,9
Facebook Penn94,distance_greedy,2,0.1,966,36141,8
Facebook Penn94,distance_greedy,2,0.1,967,36124,9
Facebook Penn94,distance_greedy,2,0.1,968,36140,9
Facebook Penn94,distance_greedy,2,0.1,969,36109,8
Facebook Penn94,distance_greedy,2,0.1,970,36030,7
Facebook Penn94,distance_greedy,2,0.1,971,36023,8
Facebook Penn94,distance_greedy,2,0.1,972,36112,9
Facebook Penn94,distance_greedy,2,0.1,973,36184,8
Facebook Penn94,distance_greedy,2,0.1,974,36046,10
Facebook Penn94,distance_greedy,2,0.1,975,35997,9
Facebook Penn94,distance_greedy,2,0.1,976,36043,9
Facebook Penn94,distance_greedy,2,0.1,977,36121,9
Facebook Penn94,distance_greedy,2,0.1,978,36029,8
Facebook Penn94,distance_greedy,2,0.1,979,36071,8
Facebook Penn94,distance_greedy,2,0.1,980,36033,7
Facebook Penn94,distance_greedy,2,0.1,981,36006,8
Facebook Penn94,distance_greedy,2,0.1,982,36106,8
Facebook Penn94,distance_greedy,2,0.1,983,36040,8
Facebook Penn94,distance_greedy,2,0.1,984,36116,8
Facebook Penn94,distance_greedy,2,0.1,985,36028,8
Facebook Penn94,distance_greedy,2,0.1,986,36126,8
Facebook Penn94,distance_greedy,2,0.1,987,36153,9
Facebook Penn94,distance_greedy,2,0.1,988,36085,9
Facebook Penn94,distance_greedy,2,0.1,989,36107,8
Facebook Penn94,distance_greedy,2,0.1,990,36063,9
Facebook Penn94,distance_greedy,2,0.1,991,36061,12
Facebook Penn94,distance_greedy,2,0.1,992,36073,9
Facebook Penn94,distance_greedy,2,0.1,993,36055,9
Facebook Penn94,distance_greedy,2,0.1,994,36155,11
Facebook Penn94,distance_greedy,2,0.1,995,35975,8
Facebook Penn94,distance_greedy,2,0.1,996,36123,8
Facebook Penn94,distance_greedy,2,0.1,997,36157,8
Facebook Penn94,distance_greedy,2,0.1,998,36101,8
Facebook Penn94,distance_greedy,2,0.1,999,36058,8
Facebook Penn94,distance_greedy,4,0.1,0,36031,8
Facebook Penn94,distance_greedy,4,0.1,1,36110,8
Facebook Penn94,distance_greedy,4,0.1,2,36127,9
Facebook Penn94,distance_greedy,4,0.1,3,36091,8
Facebook Penn94,distance_greedy,4,0.1,4,36047,7
Facebook Penn94,distance_greedy,4,0.1,5,36129,7
Facebook Penn94,distance_greedy,4,0.1,6,36024,8
Facebook Penn94,distance_greedy,4,0.1,7,36063,8
Facebook Penn94,distance_greedy,4,0.1,8,36064,8
Facebook Penn94,distance_greedy,4,0.1,9,36028,8
Facebook Penn94,distance_greedy,4,0.1,10,36029,8
Facebook Penn94,distance_greedy,4,0.1,11,36150,8
Facebook Penn94,distance_greedy,4,0.1,12,36073,8
Facebook Penn94,distance_greedy,4,0.1,13,36122,9
Facebook Penn94,distance_greedy,4,0.1,14,36103,8
Facebook Penn94,distance_greedy,4,0.1,15,36083,9
Facebook Penn94,distance_greedy,4,0.1,16,36055,8
Facebook Penn94,distance_greedy,4,0.1,17,36183,8
Facebook Penn94,distance_greedy,4,0.1,18,36030,8
Facebook Penn94,distance_greedy,4,0.1,19,36004,8
Facebook Penn94,distance_greedy,4,0.1,20,36008,8
Facebook Penn94,distance_greedy,4,0.1,21,36106,9
Facebook Penn94,distance_greedy,4,0.1,22,36067,8
Facebook Penn94,distance_greedy,4,0.1,23,36039,8
Facebook Penn94,distance_greedy,4,0.1,24,36111,8
Facebook Penn94,distance_greedy,4,0.1,25,35982,8
Facebook Penn94,distance_greedy,4,0.1,26,36043,7
Facebook Penn94,distance_greedy,4,0.1,27,36060,7
Facebook Penn94,distance_greedy,4,0.1,28,36056,7
Facebook Penn94,distance_greedy,4,0.1,29,36020,8
Facebook Penn94,distance_greedy,4,0.1,30,36027,9
Facebook Penn94,distance_greedy,4,0.1,31,36064,8
Facebook Penn94,distance_greedy,4,0.1,32,36096,7
Facebook Penn94,distance_greedy,4,0.1,33,36066,8
Facebook Penn94,distance_greedy,4,0.1,34,36008,8
Facebook Penn94,distance_greedy,4,0.1,35,35998,9
Facebook Penn94,distance_greedy,4,0.1,36,35977,10
Facebook Penn94,distance_greedy,4,0.1,37,36118,8
Facebook Penn94,distance_greedy,4,0.1,38,36059,9
Facebook Penn94,distance_greedy,4,0.1,39,36032,8
Facebook Penn94,distance_greedy,4,0.1,40,36006,8
Facebook Penn94,distance_greedy,4,0.1,41,36036,8
Facebook Penn94,distance_greedy,4,0.1,42,36095,9
Facebook Penn94,distance_greedy,4,0.1,43,35980,8
Facebook Penn94,distance_greedy,4,0.1,44,36104,8
Facebook Penn94,distance_greedy,4,0.1,45,36041,9
Facebook Penn94,distance_greedy,4,0.1,46,36084,8
Facebook Penn94,distance_greedy,4,0.1,47,36040,8
Facebook Penn94,distance_greedy,4,0.1,48,36025,8
Facebook Penn94,distance_greedy,4,0.1,49,36043,8
Facebook Penn94,distance_greedy,4,0.1,50,36017,7
Facebook Penn94,distance_greedy,4,0.1,51,36021,9
Facebook Penn94,distance_greedy,4,0.1,52,36132,8
Facebook Penn94,distance_greedy,4,0.1,53,36096,10
Facebook Penn94,distance_greedy,4,0.1,54,36117,9
Facebook Penn94,distance_greedy,4,0.1,55,36049,7
Facebook Penn94,distance_greedy,4,0.1,56,36034,8
Facebook Penn94,distance_greedy,4,0.1,57,36092,9
Facebook Penn94,distance_greedy,4,0.1,58,36129,8
Facebook Penn94,distance_greedy,4,0.1,59,36066,8
Facebook Penn94,distance_greedy,4,0.1,60,36120,11
Facebook Penn94,distance_greedy,4,0.1,61,36072,7
Facebook Penn94,distance_greedy,4,0.1,62,36101,10
Facebook Penn94,distance_greedy,4,0.1,63,35988,8
Facebook Penn94,distance_greedy,4,0.1,64,36106,8
Facebook Penn94,distance_greedy,4,0.1,65,36093,8
Facebook Penn94,distance_greedy,4,0.1,66,36157,8
Facebook Penn94,distance_greedy,4,0.1,67,36038,8
Facebook Penn94,distance_greedy,4,0.1,68,36048,8
Facebook Penn94,distance_greedy,4,0.1,69,36143,11
Facebook Penn94,distance_greedy,4,0.1,70,36108,8
Facebook Penn94,distance_greedy,4,0.1,71,35987,8
Facebook Penn94,distance_greedy,4,0.1,72,35984,9
Facebook Penn94,distance_greedy,4,0.1,73,36026,11
Facebook Penn94,distance_greedy,4,0.1,74,36060,9
Facebook Penn94,distance_greedy,4,0.1,75,36103,8
Facebook Penn94,distance_greedy,4,0.1,76,36042,8
Facebook Penn94,distance_greedy,4,0.1,77,36017,8
Facebook Penn94,distance_greedy,4,0.1,78,36081,8
Facebook Penn94,distance_greedy,4,0.1,79,36016,8
Facebook Penn94,distance_greedy,4,0.1,80,36027,8
Facebook Penn94,distance_greedy,4,0.1,81,36094,8
Facebook Penn94,distance_greedy,4,0.1,82,36062,8
Facebook Penn94,distance_greedy,4,0.1,83,36075,7
Facebook Penn94,distance_greedy,4,0.1,84,36005,8
Facebook Penn94,distance_greedy,4,0.1,85,36046,8
Facebook Penn94,distance_greedy,4,0.1,86,36160,8
Facebook Penn94,distance_greedy,4,0.1,87,36078,11
Facebook Penn94,distance_greedy,4,0.1,88,36102,9
Facebook Penn94,distance_greedy,4,0.1,89,36051,11
Facebook Penn94,distance_greedy,4,0.1,90,36095,8
Facebook Penn94,distance_greedy,4,0.1,91,36033,9
Facebook Penn94,distance_greedy,4,0.1,92,36107,8
Facebook Penn94,distance_greedy,4,0.1,93,36188,9
Facebook Penn94,distance_greedy,4,0.1,94,36065,8
Facebook Penn94,distance_greedy,4,0.1,95,36176,8
Facebook Penn94,distance_greedy,4,0.1,96,36001,8
Facebook Penn94,distance_greedy,4,0.1,97,36000,9
Facebook Penn94,distance_greedy,4,0.1,98,36078,8
Facebook Penn94,distance_greedy,4,0.1,99,36154,8
Facebook Penn94,distance_greedy,4,0.1,100,36081,8
Facebook Penn94,distance_greedy,4,0.1,101,36152,8
Facebook Penn94,distance_greedy,4,0.1,102,35998,8
Facebook Penn94,distance_greedy,4,0.1,103,36012,9
Facebook Penn94,distance_greedy,4,0.1,104,36031,7
Facebook Penn94,distance_greedy,4,0.1,105,36074,8
Facebook Penn94,distance_greedy,4,0.1,106,36042,8
Facebook Penn94,distance_greedy,4,0.1,107,36057,8
Facebook Penn94,distance_greedy,4,0.1,108,36085,8
Facebook Penn94,distance_greedy,4,0.1,109,36146,7
Facebook Penn94,distance_greedy,4,0.1,110,36112,9
Facebook Penn94,distance_greedy,4,0.1,111,35944,9
Facebook Penn94,distance_greedy,4,0.1,112,36068,11
Facebook Penn94,distance_greedy,4,0.1,113,35991,8
Facebook Penn94,distance_greedy,4,0.1,114,36029,8
Facebook Penn94,distance_greedy,4,0.1,115,36076,7
Facebook Penn94,distance_greedy,4,0.1,116,36031,9
Facebook Penn94,distance_greedy,4,0.1,117,36146,9
Facebook Penn94,distance_greedy,4,0.1,118,36131,8
Facebook Penn94,distance_greedy,4,0.1,119,36111,8
Facebook Penn94,distance_greedy,4,0.1,120,36019,8
Facebook Penn94,distance_greedy,4,0.1,121,36119,9
Facebook Penn94,distance_greedy,4,0.1,122,36107,8
Facebook Penn94,distance_greedy,4,0.1,123,36037,8
Facebook Penn94,distance_greedy,4,0.1,124,36067,11
Facebook Penn94,distance_greedy,4,0.1,125,36159,8
Facebook Penn94,distance_greedy,4,0.1,126,36027,7
Facebook Penn94,distance_greedy,4,0.1,127,36109,8
Facebook Penn94,distance_greedy,4,0.1,128,36061,8
Facebook Penn94,distance_greedy,4,0.1,129,36060,8
Facebook Penn94,distance_greedy,4,0.1,130,36066,8
Facebook Penn94,distance_greedy,4,0.1,131,35996,8
Facebook Penn94,distance_greedy,4,0.1,132,36033,9
Facebook Penn94,distance_greedy,4,0.1,133,36096,10
Facebook Penn94,distance_greedy,4,0.1,134,36101,8
Facebook Penn94,distance_greedy,4,0.1,135,36043,8
Facebook Penn94,distance_greedy,4,0.1,136,36064,9
Facebook Penn94,distance_greedy,4,0.1,137,36021,9
Facebook Penn94,distance_greedy,4,0.1,138,36048,7
Facebook Penn94,distance_greedy,4,0.1,139,36054,9
Facebook Penn94,distance_greedy,4,0.1,140,36060,9
Facebook Penn94,distance_greedy,4,0.1,141,35999,8
Facebook Penn94,distance_greedy,4,0.1,142,36134,9
Facebook Penn94,distance_greedy,4,0.1,143,35997,8
Facebook Penn94,distance_greedy,4,0.1,144,36004,7
Facebook Penn94,distance_greedy,4,0.1,145,36063,9
Facebook Penn94,distance_greedy,4,0.1,146,36072,8
Facebook Penn94,distance_greedy,4,0.1,147,36168,8
Facebook Penn94,distance_greedy,4,0.1,148,36035,8
Facebook Penn94,distance_greedy,4,0.1,149,36066,8
Facebook Penn94,distance_greedy,4,0.1,150,36110,10
Facebook Penn94,distance_greedy,4,0.1,151,36074,10
Facebook Penn94,distance_greedy,4,0.1,152,36085,17
Facebook Penn94,distance_greedy,4,0.1,153,36027,9
Facebook Penn94,distance_greedy,4,0.1,154,36011,8
Facebook Penn94,distance_greedy,4,0.1,155,35953,7
Facebook Penn94,distance_greedy,4,0.1,156,35937,8
Facebook Penn94,distance_greedy,4,0.1,157,36026,8
Facebook Penn94,distance_greedy,4,0.1,158,36137,8
Facebook Penn94,distance_greedy,4,0.1,159,36145,8
Facebook Penn94,distance_greedy,4,0.1,160,36029,8
Facebook Penn94,distance_greedy,4,0.1,161,36071,8
Facebook Penn94,distance_greedy,4,0.1,162,36121,9
Facebook Penn94,distance_greedy,4,0.1,163,36035,10
Facebook Penn94,distance_greedy,4,0.1,164,36132,8
Facebook Penn94,distance_greedy,4,0.1,165,36020,8
Facebook Penn94,distance_greedy,4,0.1,166,36028,8
Facebook Penn94,distance_greedy,4,0.1,167,36070,8
Facebook Penn94,distance_greedy,4,0.1,168,35979,8
Facebook Penn94,distance_greedy,4,0.1,169,36044,7
Facebook Penn94,distance_greedy,4,0.1,170,36079,8
Facebook Penn94,distance_greedy,4,0.1,171,36071,8
Facebook Penn94,distance_greedy,4,0.1,172,36038,10
Facebook Penn94,distance_greedy,4,0.1,173,36032,9
Facebook Penn94,distance_greedy,4,0.1,174,36119,9
Facebook Penn94,distance_greedy,4,0.1,175,36105,8
Facebook Penn94,distance_greedy,4,0.1,176,36006,8
Facebook Penn94,distance_greedy,4,0.1,177,36053,7
Facebook Penn94,distance_greedy,4,0.1,178,36085,9
Facebook Penn94,distance_greedy,4,0.1,179,35988,9
Facebook Penn94,distance_greedy,4,0.1,180,36157,9
Facebook Penn94,distance_greedy,4,0.1,181,35988,9
Facebook Penn94,distance_greedy,4,0.1,182,36052,8
Facebook Penn94,distance_greedy,4,0.1,183,35990,8
Facebook Penn94,distance_greedy,4,0.1,184,36050,7
Facebook Penn94,distance_greedy,4,0.1,185,36088,8
Facebook Penn94,distance_greedy,4,0.1,186,36079,8
Facebook Penn94,distance_greedy,4,0.1,187,35969,8
Facebook Penn94,distance_greedy,4,0.1,188,35964,8
Facebook Penn94,distance_greedy,4,0.1,189,36104,9
Facebook Penn94,distance_greedy,4,0.1,190,36042,8
Facebook Penn94,distance_greedy,4,0.1,191,36036,9
Facebook Penn94,distance_greedy,4,0.1,192,36085,7
Facebook Penn94,distance_greedy,4,0.1,193,35983,8
Facebook Penn94,distance_greedy,4,0.1,194,36055,7
Facebook Penn94,distance_greedy,4,0.1,195,36082,8
Facebook Penn94,distance_greedy,4,0.1,196,36017,9
Facebook Penn94,distance_greedy,4,0.1,197,36046,7
Facebook Penn94,distance_greedy,4,0.1,198,36087,8
Facebook Penn94,distance_greedy,4,0.1,199,36194,8
Facebook Penn94,distance_greedy,4,0.1,200,36031,9
Facebook Penn94,distance_greedy,4,0.1,201,36106,11
Facebook Penn94,distance_greedy,4,0.1,202,36105,9
Facebook Penn94,distance_greedy,4,0.1,203,36084,8
Facebook Penn94,distance_greedy,4,0.1,204,36064,7
Facebook Penn94,distance_greedy,4,0.1,205,36096,7
Facebook Penn94,distance_greedy,4,0.1,206,36149,8
Facebook Penn94,distance_greedy,4,0.1,207,36116,9
Facebook Penn94,distance_greedy,4,0.1,208,36094,8
Facebook Penn94,distance_greedy,4,0.1,209,36066,8
Facebook Penn94,distance_greedy,4,0.1,210,36173,8
Facebook Penn94,distance_greedy,4,0.1,211,36039,9
Facebook Penn94,distance_greedy,4,0.1,212,36037,9
Facebook Penn94,distance_greedy,4,0.1,213,36046,7
Facebook Penn94,distance_greedy,4,0.1,214,35998,10
Facebook Penn94,distance_greedy,4,0.1,215,36054,9
Facebook Penn94,distance_greedy,4,0.1,216,36096,7
Facebook Penn94,distance_greedy,4,0.1,217,36064,10
Facebook Penn94,distance_greedy,4,0.1,218,36132,8
Facebook Penn94,distance_greedy,4,0.1,219,36039,10
Facebook Penn94,distance_greedy,4,0.1,220,36016,9
Facebook Penn94,distance_greedy,4,0.1,221,36056,8
Facebook Penn94,distance_greedy,4,0.1,222,36097,8
Facebook Penn94,distance_greedy,4,0.1,223,36168,7
Facebook Penn94,distance_greedy,4,0.1,224,36063,10
Facebook Penn94,distance_greedy,4,0.1,225,36042,10
Facebook Penn94,distance_greedy,4,0.1,226,36148,8
Facebook Penn94,distance_greedy,4,0.1,227,36156,8
Facebook Penn94,distance_greedy,4,0.1,228,36050,8
Facebook Penn94,distance_greedy,4,0.1,229,36033,8
Facebook Penn94,distance_greedy,4,0.1,230,36171,9
Facebook Penn94,distance_greedy,4,0.1,231,36031,8
Facebook Penn94,distance_greedy,4,0.1,232,36015,9
Facebook Penn94,distance_greedy,4,0.1,233,36060,7
Facebook Penn94,distance_greedy,4,0.1,234,36227,9
Facebook Penn94,distance_greedy,4,0.1,235,36061,8
Facebook Penn94,distance_greedy,4,0.1,236,36100,9
Facebook Penn94,distance_greedy,4,0.1,237,36108,9
Facebook Penn94,distance_greedy,4,0.1,238,35911,7
Facebook Penn94,distance_greedy,4,0.1,239,36165,9
Facebook Penn94,distance_greedy,4,0.1,240,36046,7
Facebook Penn94,distance_greedy,4,0.1,241,36104,8
Facebook Penn94,distance_greedy,4,0.1,242,36031,9
Facebook Penn94,distance_greedy,4,0.1,243,36054,8
Facebook Penn94,distance_greedy,4,0.1,244,36052,9
Facebook Penn94,distance_greedy,4,0.1,245,36182,9
Facebook Penn94,distance_greedy,4,0.1,246,36072,7
Facebook Penn94,distance_greedy,4,0.1,247,36128,8
Facebook Penn94,distance_greedy,4,0.1,248,35974,11
Facebook Penn94,distance_greedy,4,0.1,249,36140,8
Facebook Penn94,distance_greedy,4,0.1,250,36075,8
Facebook Penn94,distance_greedy,4,0.1,251,36122,8
Facebook Penn94,distance_greedy,4,0.1,252,36081,8
Facebook Penn94,distance_greedy,4,0.1,253,36036,9
Facebook Penn94,distance_greedy,4,0.1,254,36140,8
Facebook Penn94,distance_greedy,4,0.1,255,36115,8
Facebook Penn94,distance_greedy,4,0.1,256,36120,8
Facebook Penn94,distance_greedy,4,0.1,257,35998,8
Facebook Penn94,distance_greedy,4,0.1,258,36052,10
Facebook Penn94,distance_greedy,4,0.1,259,36134,8
Facebook Penn94,distance_greedy,4,0.1,260,36122,11
Facebook Penn94,distance_greedy,4,0.1,261,36160,10
Facebook Penn94,distance_greedy,4,0.1,262,36123,10
Facebook Penn94,distance_greedy,4,0.1,263,36038,8
Facebook Penn94,distance_greedy,4,0.1,264,36056,7
Facebook Penn94,distance_greedy,4,0.1,265,36078,8
Facebook Penn94,distance_greedy,4,0.1,266,36090,8
Facebook Penn94,distance_greedy,4,0.1,267,36122,7
Facebook Penn94,distance_greedy,4,0.1,268,36028,8
Facebook Penn94,distance_greedy,4,0.1,269,36141,7
Facebook Penn94,distance_greedy,4,0.1,270,36162,10
Facebook Penn94,distance_greedy,4,0.1,271,36007,9
Facebook Penn94,distance_greedy,4,0.1,272,36071,9
Facebook Penn94,distance_greedy,4,0.1,273,36013,9
Facebook Penn94,distance_greedy,4,0.1,274,36084,8
Facebook Penn94,distance_greedy,4,0.1,275,36051,7
Facebook Penn94,distance_greedy,4,0.1,276,35969,8
Facebook Penn94,distance_greedy,4,0.1,277,36011,9
Facebook Penn94,distance_greedy,4,0.1,278,36107,8
Facebook Penn94,distance_greedy,4,0.1,279,36097,9
Facebook Penn94,distance_greedy,4,0.1,280,36092,8
Facebook Penn94,distance_greedy,4,0.1,281,36088,8
Facebook Penn94,distance_greedy,4,0.1,282,36195,9
Facebook Penn94,distance_greedy,4,0.1,283,36093,8
Facebook Penn94,distance_greedy,4,0.1,284,36015,8
Facebook Penn94,distance_greedy,4,0.1,285,36092,10
Facebook Penn94,distance_greedy,4,0.1,286,36012,8
Facebook Penn94,distance_greedy,4,0.1,287,36072,8
Facebook Penn94,distance_greedy,4,0.1,288,36094,8
Facebook Penn94,distance_greedy,4,0.1,289,36073,8
Facebook Penn94,distance_greedy,4,0.1,290,36144,9
Facebook Penn94,distance_greedy,4,0.1,291,36053,8
Facebook Penn94,distance_greedy,4,0.1,292,36015,11
Facebook Penn94,distance_greedy,4,0.1,293,36118,7
Facebook Penn94,distance_greedy,4,0.1,294,36102,8
Facebook Penn94,distance_greedy,4,0.1,295,36186,7
Facebook Penn94,distance_greedy,4,0.1,296,35967,8
Facebook Penn94,distance_greedy,4,0.1,297,36180,7
Facebook Penn94,distance_greedy,4,0.1,298,36132,8
Facebook Penn94,distance_greedy,4,0.1,299,36125,8
Facebook Penn94,distance_greedy,4,0.1,300,36173,7
Facebook Penn94,distance_greedy,4,0.1,301,36130,9
Facebook Penn94,distance_greedy,4,0.1,302,36113,9
Facebook Penn94,distance_greedy,4,0.1,303,36113,8
Facebook Penn94,distance_greedy,4,0.1,304,36004,8
Facebook Penn94,distance_greedy,4,0.1,305,36115,8
Facebook Penn94,distance_greedy,4,0.1,306,36072,9
Facebook Penn94,distance_greedy,4,0.1,307,35965,8
Facebook Penn94,distance_greedy,4,0.1,308,36115,8
Facebook Penn94,distance_greedy,4,0.1,309,36034,9
Facebook Penn94,distance_greedy,4,0.1,310,36080,9
Facebook Penn94,distance_greedy,4,0.1,311,36020,8
Facebook Penn94,distance_greedy,4,0.1,312,36073,7
Facebook Penn94,distance_greedy,4,0.1,313,36026,7
Facebook Penn94,distance_greedy,4,0.1,314,36102,12
Facebook Penn94,distance_greedy,4,0.1,315,36108,8
Facebook Penn94,distance_greedy,4,0.1,316,36066,7
Facebook Penn94,distance_greedy,4,0.1,317,36165,8
Facebook Penn94,distance_greedy,4,0.1,318,35989,10
Facebook Penn94,distance_greedy,4,0.1,319,36095,7
Facebook Penn94,distance_greedy,4,0.1,320,36083,8
Facebook Penn94,distance_greedy,4,0.1,321,36073,9
Facebook Penn94,distance_greedy,4,0.1,322,35992,9
Facebook Penn94,distance_greedy,4,0.1,323,36057,7
Facebook Penn94,distance_greedy,4,0.1,324,36071,7
Facebook Penn94,distance_greedy,4,0.1,325,36070,7
Facebook Penn94,distance_greedy,4,0.1,326,36132,9
Facebook Penn94,distance_greedy,4,0.1,327,36087,9
Facebook Penn94,distance_greedy,4,0.1,328,36009,8
Facebook Penn94,distance_greedy,4,0.1,329,36039,8
Facebook Penn94,distance_greedy,4,0.1,330,36125,8
Facebook Penn94,distance_greedy,4,0.1,331,36042,8
Facebook Penn94,distance_greedy,4,0.1,332,36089,9
Facebook Penn94,distance_greedy,4,0.1,333,36037,10
Facebook Penn94,distance_greedy,4,0.1,334,36119,7
Facebook Penn94,distance_greedy,4,0.1,335,36081,8
Facebook Penn94,distance_greedy,4,0.1,336,36081,9
Facebook Penn94,distance_greedy,4,0.1,337,36164,8
Facebook Penn94,distance_greedy,4,0.1,338,36043,9
Facebook Penn94,distance_greedy,4,0.1,339,36076,7
Facebook Penn94,distance_greedy,4,0.1,340,36046,11
Facebook Penn94,distance_greedy,4,0.1,341,36007,8
Facebook Penn94,distance_greedy,4,0.1,342,36072,8
Facebook Penn94,distance_greedy,4,0.1,343,36026,11
Facebook Penn94,distance_greedy,4,0.1,344,36149,10
Facebook Penn94,distance_greedy,4,0.1,345,36102,7
Facebook Penn94,distance_greedy,4,0.1,346,36106,7
Facebook Penn94,distance_greedy,4,0.1,347,36024,10
Facebook Penn94,distance_greedy,4,0.1,348,36085,7
Facebook Penn94,distance_greedy,4,0.1,349,36018,8
Facebook Penn94,distance_greedy,4,0.1,350,36049,8
Facebook Penn94,distance_greedy,4,0.1,351,36098,8
Facebook Penn94,distance_greedy,4,0.1,352,36058,7
Facebook Penn94,distance_greedy,4,0.1,353,36016,7
Facebook Penn94,distance_greedy,4,0.1,354,36003,7
Facebook Penn94,distance_greedy,4,0.1,355,36135,9
Facebook Penn94,distance_greedy,4,0.1,356,36038,7
Facebook Penn94,distance_greedy,4,0.1,357,36102,8
Facebook Penn94,distance_greedy,4,0.1,358,36124,8
Facebook Penn94,distance_greedy,4,0.1,359,36174,9
Facebook Penn94,distance_greedy,4,0.1,360,35963,8
Facebook Penn94,distance_greedy,4,0.1,361,36070,8
Facebook Penn94,distance_greedy,4,0.1,362,36058,8
Facebook Penn94,distance_greedy,4,0.1,363,36074,8
Facebook Penn94,distance_greedy,4,0.1,364,36014,8
Facebook Penn94,distance_greedy,4,0.1,365,36042,7
Facebook Penn94,distance_greedy,4,0.1,366,36159,7
Facebook Penn94,distance_greedy,4,0.1,367,36073,7
Facebook Penn94,distance_greedy,4,0.1,368,36152,7
Facebook Penn94,distance_greedy,4,0.1,369,36051,8
Facebook Penn94,distance_greedy,4,0.1,370,36084,7
Facebook Penn94,distance_greedy,4,0.1,371,36089,8
Facebook Penn94,distance_greedy,4,0.1,372,36135,9
Facebook Penn94,distance_greedy,4,0.1,373,36066,7
Facebook Penn94,distance_greedy,4,0.1,374,36030,9
Facebook Penn94,distance_greedy,4,0.1,375,36211,8
Facebook Penn94,distance_greedy,4,0.1,376,36021,7
Facebook Penn94,distance_greedy,4,0.1,377,36058,10
Facebook Penn94,distance_greedy,4,0.1,378,36006,8
Facebook Penn94,distance_greedy,4,0.1,379,36082,8
Facebook Penn94,distance_greedy,4,0.1,380,36098,8
Facebook Penn94,distance_greedy,4,0.1,381,36086,8
Facebook Penn94,distance_greedy,4,0.1,382,36035,8
Facebook Penn94,distance_greedy,4,0.1,383,36021,7
Facebook Penn94,distance_greedy,4,0.1,384,36044,7
Facebook Penn94,distance_greedy,4,0.1,385,35984,8
Facebook Penn94,distance_greedy,4,0.1,386,36054,8
Facebook Penn94,distance_greedy,4,0.1,387,36184,8
Facebook Penn94,distance_greedy,4,0.1,388,36147,7
Facebook Penn94,distance_greedy,4,0.1,389,36115,9
Facebook Penn94,distance_greedy,4,0.1,390,36163,9
Facebook Penn94,distance_greedy,4,0.1,391,36152,9
Facebook Penn94,distance_greedy,4,0.1,392,36173,8
Facebook Penn94,distance_greedy,4,0.1,393,36178,8
Facebook Penn94,distance_greedy,4,0.1,394,36087,8
Facebook Penn94,distance_greedy,4,0.1,395,36055,8
Facebook Penn94,distance_greedy,4,0.1,396,36035,8
Facebook Penn94,distance_greedy,4,0.1,397,36024,7
Facebook Penn94,distance_greedy,4,0.1,398,36207,7
Facebook Penn94,distance_greedy,4,0.1,399,36037,7
Facebook Penn94,distance_greedy,4,0.1,400,36065,7
Facebook Penn94,distance_greedy,4,0.1,401,36090,8
Facebook Penn94,distance_greedy,4,0.1,402,36034,8
Facebook Penn94,distance_greedy,4,0.1,403,36069,9
Facebook Penn94,distance_greedy,4,0.1,404,36166,8
Facebook Penn94,distance_greedy,4,0.1,405,36111,8
Facebook Penn94,distance_greedy,4,0.1,406,36024,7
Facebook Penn94,distance_greedy,4,0.1,407,36166,7
Facebook Penn94,distance_greedy,4,0.1,408,36172,7
Facebook Penn94,distance_greedy,4,0.1,409,36053,10
Facebook Penn94,distance_greedy,4,0.1,410,36146,8
Facebook Penn94,distance_greedy,4,0.1,411,36084,8
Facebook Penn94,distance_greedy,4,0.1,412,36134,8
Facebook Penn94,distance_greedy,4,0.1,413,36084,8
Facebook Penn94,distance_greedy,4,0.1,414,36083,8
Facebook Penn94,distance_greedy,4,0.1,415,36174,8
Facebook Penn94,distance_greedy,4,0.1,416,35990,8
Facebook Penn94,distance_greedy,4,0.1,417,36116,8
Facebook Penn94,distance_greedy,4,0.1,418,35990,7
Facebook Penn94,distance_greedy,4,0.1,419,36037,8
Facebook Penn94,distance_greedy,4,0.1,420,36110,10
Facebook Penn94,distance_greedy,4,0.1,421,36075,8
Facebook Penn94,distance_greedy,4,0.1,422,36170,8
Facebook Penn94,distance_greedy,4,0.1,423,36060,7
Facebook Penn94,distance_greedy,4,0.1,424,35981,8
Facebook Penn94,distance_greedy,4,0.1,425,36075,9
Facebook Penn94,distance_greedy,4,0.1,426,36089,9
Facebook Penn94,distance_greedy,4,0.1,427,36123,8
Facebook Penn94,distance_greedy,4,0.1,428,36134,8
Facebook Penn94,distance_greedy,4,0.1,429,36041,8
Facebook Penn94,distance_greedy,4,0.1,430,36117,8
Facebook Penn94,distance_greedy,4,0.1,431,36085,8
Facebook Penn94,distance_greedy,4,0.1,432,36098,8
Facebook Penn94,distance_greedy,4,0.1,433,36110,8
Facebook Penn94,distance_greedy,4,0.1,434,36019,8
Facebook Penn94,distance_greedy,4,0.1,435,36037,9
Facebook Penn94,distance_greedy,4,0.1,436,36085,9
Facebook Penn94,distance_greedy,4,0.1,437,36055,8
Facebook Penn94,distance_greedy,4,0.1,438,36094,8
Facebook Penn94,distance_greedy,4,0.1,439,35978,8
Facebook Penn94,distance_greedy,4,0.1,440,36114,10
Facebook Penn94,distance_greedy,4,0.1,441,36105,7
Facebook Penn94,distance_greedy,4,0.1,442,36115,8
Facebook Penn94,distance_greedy,4,0.1,443,36144,10
Facebook Penn94,distance_greedy,4,0.1,444,36074,7
Facebook Penn94,distance_greedy,4,0.1,445,36068,10
Facebook Penn94,distance_greedy,4,0.1,446,36184,9
Facebook Penn94,distance_greedy,4,0.1,447,36165,7
Facebook Penn94,distance_greedy,4,0.1,448,36052,9
Facebook Penn94,distance_greedy,4,0.1,449,36028,8
Facebook Penn94,distance_greedy,4,0.1,450,35997,8
Facebook Penn94,distance_greedy,4,0.1,451,36036,10
Facebook Penn94,distance_greedy,4,0.1,452,36101,7
Facebook Penn94,distance_greedy,4,0.1,453,36020,12
Facebook Penn94,distance_greedy,4,0.1,454,36168,8
Facebook Penn94,distance_greedy,4,0.1,455,36027,8
Facebook Penn94,distance_greedy,4,0.1,456,36099,8
Facebook Penn94,distance_greedy,4,0.1,457,36161,9
Facebook Penn94,distance_greedy,4,0.1,458,36108,9
Facebook Penn94,distance_greedy,4,0.1,459,35966,9
Facebook Penn94,distance_greedy,4,0.1,460,36072,8
Facebook Penn94,distance_greedy,4,0.1,461,36134,7
Facebook Penn94,distance_greedy,4,0.1,462,36011,10
Facebook Penn94,distance_greedy,4,0.1,463,36029,7
Facebook Penn94,distance_greedy,4,0.1,464,36095,9
Facebook Penn94,distance_greedy,4,0.1,465,36067,11
Facebook Penn94,distance_greedy,4,0.1,466,36046,7
Facebook Penn94,distance_greedy,4,0.1,467,35982,8
Facebook Penn94,distance_greedy,4,0.1,468,36044,8
Facebook Penn94,distance_greedy,4,0.1,469,36170,7
Facebook Penn94,distance_greedy,4,0.1,470,36071,10
Facebook Penn94,distance_greedy,4,0.1,471,36094,8
Facebook Penn94,distance_greedy,4,0.1,472,36019,8
Facebook Penn94,distance_greedy,4,0.1,473,36039,11
Facebook Penn94,distance_greedy,4,0.1,474,36084,8
Facebook Penn94,distance_greedy,4,0.1,475,36156,8
Facebook Penn94,distance_greedy,4,0.1,476,36106,9
Facebook Penn94,distance_greedy,4,0.1,477,36111,8
Facebook Penn94,distance_greedy,4,0.1,478,36044,8
Facebook Penn94,distance_greedy,4,0.1,479,36085,8
Facebook Penn94,distance_greedy,4,0.1,480,36098,9
Facebook Penn94,distance_greedy,4,0.1,481,36145,7
Facebook Penn94,distance_greedy,4,0.1,482,36078,9
Facebook Penn94,distance_greedy,4,0.1,483,36006,8
Facebook Penn94,distance_greedy,4,0.1,484,36089,9
Facebook Penn94,distance_greedy,4,0.1,485,36069,8
Facebook Penn94,distance_greedy,4,0.1,486,36078,8
Facebook Penn94,distance_greedy,4,0.1,487,36215,10
Facebook Penn94,distance_greedy,4,0.1,488,36082,8
Facebook Penn94,distance_greedy,4,0.1,489,36084,10
Facebook Penn94,distance_greedy,4,0.1,490,36145,9
Facebook Penn94,distance_greedy,4,0.1,491,36008,7
Facebook Penn94,distance_greedy,4,0.1,492,36065,8
Facebook Penn94,distance_greedy,4,0.1,493,36097,8
Facebook Penn94,distance_greedy,4,0.1,494,36059,8
Facebook Penn94,distance_greedy,4,0.1,495,36037,8
Facebook Penn94,distance_greedy,4,0.1,496,36185,8
Facebook Penn94,distance_greedy,4,0.1,497,36106,10
Facebook Penn94,distance_greedy,4,0.1,498,36147,9
Facebook Penn94,distance_greedy,4,0.1,499,36049,9
Facebook Penn94,distance_greedy,4,0.1,500,36169,9
Facebook Penn94,distance_greedy,4,0.1,501,36127,7
Facebook Penn94,distance_greedy,4,0.1,502,36139,9
Facebook Penn94,distance_greedy,4,0.1,503,36164,8
Facebook Penn94,distance_greedy,4,0.1,504,36144,11
Facebook Penn94,distance_greedy,4,0.1,505,36062,8
Facebook Penn94,distance_greedy,4,0.1,506,36016,7
Facebook Penn94,distance_greedy,4,0.1,507,36113,8
Facebook Penn94,distance_greedy,4,0.1,508,36090,7
Facebook Penn94,distance_greedy,4,0.1,509,36089,8
Facebook Penn94,distance_greedy,4,0.1,510,36109,8
Facebook Penn94,distance_greedy,4,0.1,511,36135,8
Facebook Penn94,distance_greedy,4,0.1,512,36071,8
Facebook Penn94,distance_greedy,4,0.1,513,36116,9
Facebook Penn94,distance_greedy,4,0.1,514,36091,9
Facebook Penn94,distance_greedy,4,0.1,515,36073,8
Facebook Penn94,distance_greedy,4,0.1,516,36035,8
Facebook Penn94,distance_greedy,4,0.1,517,36002,7
Facebook Penn94,distance_greedy,4,0.1,518,36103,9
Facebook Penn94,distance_greedy,4,0.1,519,36063,9
Facebook Penn94,distance_greedy,4,0.1,520,36162,8
Facebook Penn94,distance_greedy,4,0.1,521,36038,11
Facebook Penn94,distance_greedy,4,0.1,522,36156,9
Facebook Penn94,distance_greedy,4,0.1,523,36115,7
Facebook Penn94,distance_greedy,4,0.1,524,36069,10
Facebook Penn94,distance_greedy,4,0.1,525,36074,9
Facebook Penn94,distance_greedy,4,0.1,526,36025,8
Facebook Penn94,distance_greedy,4,0.1,527,36017,7
Facebook Penn94,distance_greedy,4,0.1,528,36042,8
Facebook Penn94,distance_greedy,4,0.1,529,36094,9
Facebook Penn94,distance_greedy,4,0.1,530,36127,9
Facebook Penn94,distance_greedy,4,0.1,531,36144,7
Facebook Penn94,distance_greedy,4,0.1,532,36042,10
Facebook Penn94,distance_greedy,4,0.1,533,36050,7
Facebook Penn94,distance_greedy,4,0.1,534,36025,8
Facebook Penn94,distance_greedy,4,0.1,535,36051,8
Facebook Penn94,distance_greedy,4,0.1,536,36000,9
Facebook Penn94,distance_greedy,4,0.1,537,36038,9
Facebook Penn94,distance_greedy,4,0.1,538,36168,8
Facebook Penn94,distance_greedy,4,0.1,539,36157,7
Facebook Penn94,distance_greedy,4,0.1,540,36026,8
Facebook Penn94,distance_greedy,4,0.1,541,36092,8
Facebook Penn94,distance_greedy,4,0.1,542,36081,8
Facebook Penn94,distance_greedy,4,0.1,543,36086,8
Facebook Penn94,distance_greedy,4,0.1,544,36176,8
Facebook Penn94,distance_greedy,4,0.1,545,36041,10
Facebook Penn94,distance_greedy,4,0.1,546,36051,8
Facebook Penn94,distance_greedy,4,0.1,547,36127,8
Facebook Penn94,distance_greedy,4,0.1,548,36049,8
Facebook Penn94,distance_greedy,4,0.1,549,36174,8
Facebook Penn94,distance_greedy,4,0.1,550,36114,8
Facebook Penn94,distance_greedy,4,0.1,551,36042,8
Facebook Penn94,distance_greedy,4,0.1,552,36136,8
Facebook Penn94,distance_greedy,4,0.1,553,36128,9
Facebook Penn94,distance_greedy,4,0.1,554,36043,8
Facebook Penn94,distance_greedy,4,0.1,555,36102,10
Facebook Penn94,distance_greedy,4,0.1,556,36000,8
Facebook Penn94,distance_greedy,4,0.1,557,36098,9
Facebook Penn94,distance_greedy,4,0.1,558,35988,7
Facebook Penn94,distance_greedy,4,0.1,559,36075,7
Facebook Penn94,distance_greedy,4,0.1,560,36125,8
Facebook Penn94,distance_greedy,4,0.1,561,36079,8
Facebook Penn94,distance_greedy,4,0.1,562,36041,8
Facebook Penn94,distance_greedy,4,0.1,563,36071,7
Facebook Penn94,distance_greedy,4,0.1,564,36093,9
Facebook Penn94,distance_greedy,4,0.1,565,36137,9
Facebook Penn94,distance_greedy,4,0.1,566,36160,8
Facebook Penn94,distance_greedy,4,0.1,567,36081,9
Facebook Penn94,distance_greedy,4,0.1,568,36082,7
Facebook Penn94,distance_greedy,4,0.1,569,36015,8
Facebook Penn94,distance_greedy,4,0.1,570,36066,8
Facebook Penn94,distance_greedy,4,0.1,571,36019,8
Facebook Penn94,distance_greedy,4,0.1,572,36017,8
Facebook Penn94,distance_greedy,4,0.1,573,35999,8
Facebook Penn94,distance_greedy,4,0.1,574,36044,9
Facebook Penn94,distance_greedy,4,0.1,575,36051,8
Facebook Penn94,distance_greedy,4,0.1,576,36157,11
Facebook Penn94,distance_greedy,4,0.1,577,36077,8
Facebook Penn94,distance_greedy,4,0.1,578,36108,8
Facebook Penn94,distance_greedy,4,0.1,579,36011,8
Facebook Penn94,distance_greedy,4,0.1,580,36041,8
Facebook Penn94,distance_greedy,4,0.1,581,36001,8
Facebook Penn94,distance_greedy,4,0.1,582,36077,8
Facebook Penn94,distance_greedy,4,0.1,583,36091,9
Facebook Penn94,distance_greedy,4,0.1,584,36091,10
Facebook Penn94,distance_greedy,4,0.1,585,36087,8
Facebook Penn94,distance_greedy,4,0.1,586,36103,8
Facebook Penn94,distance_greedy,4,0.1,587,36037,7
Facebook Penn94,distance_greedy,4,0.1,588,36034,9
Facebook Penn94,distance_greedy,4,0.1,589,36139,8
Facebook Penn94,distance_greedy,4,0.1,590,36010,9
Facebook Penn94,distance_greedy,4,0.1,591,36143,8
Facebook Penn94,distance_greedy,4,0.1,592,36024,10
Facebook Penn94,distance_greedy,4,0.1,593,36126,9
Facebook Penn94,distance_greedy,4,0.1,594,36067,8
Facebook Penn94,distance_greedy,4,0.1,595,36088,8
Facebook Penn94,distance_greedy,4,0.1,596,36118,8
Facebook Penn94,distance_greedy,4,0.1,597,36051,7
Facebook Penn94,distance_greedy,4,0.1,598,36087,8
Facebook Penn94,distance_greedy,4,0.1,599,36107,8
Facebook Penn94,distance_greedy,4,0.1,600,36109,8
Facebook Penn94,distance_greedy,4,0.1,601,36040,8
Facebook Penn94,distance_greedy,4,0.1,602,36063,8
Facebook Penn94,distance_greedy,4,0.1,603,36053,9
Facebook Penn94,distance_greedy,4,0.1,604,36104,7
Facebook Penn94,distance_greedy,4,0.1,605,35990,8
Facebook Penn94,distance_greedy,4,0.1,606,36018,8
Facebook Penn94,distance_greedy,4,0.1,607,36129,8
Facebook Penn94,distance_greedy,4,0.1,608,36171,8
Facebook Penn94,distance_greedy,4,0.1,609,35905,8
Facebook Penn94,distance_greedy,4,0.1,610,35998,7
Facebook Penn94,distance_greedy,4,0.1,611,35997,9
Facebook Penn94,distance_greedy,4,0.1,612,36056,9
Facebook Penn94,distance_greedy,4,0.1,613,36171,8
Facebook Penn94,distance_greedy,4,0.1,614,36147,9
Facebook Penn94,distance_greedy,4,0.1,615,36003,10
Facebook Penn94,distance_greedy,4,0.1,616,36031,8
Facebook Penn94,distance_greedy,4,0.1,617,36152,8
Facebook Penn94,distance_greedy,4,0.1,618,36058,8
Facebook Penn94,distance_greedy,4,0.1,619,36009,8
Facebook Penn94,distance_greedy,4,0.1,620,36080,8
Facebook Penn94,distance_greedy,4,0.1,621,36020,9
Facebook Penn94,distance_greedy,4,0.1,622,36028,7
Facebook Penn94,distance_greedy,4,0.1,623,36150,8
Facebook Penn94,distance_greedy,4,0.1,624,36060,7
Facebook Penn94,distance_greedy,4,0.1,625,36020,8
Facebook Penn94,distance_greedy,4,0.1,626,36113,10
Facebook Penn94,distance_greedy,4,0.1,627,36011,9
Facebook Penn94,distance_greedy,4,0.1,628,36108,9
Facebook Penn94,distance_greedy,4,0.1,629,36072,8
Facebook Penn94,distance_greedy,4,0.1,630,36117,9
Facebook Penn94,distance_greedy,4,0.1,631,36079,9
Facebook Penn94,distance_greedy,4,0.1,632,35998,11
Facebook Penn94,distance_greedy,4,0.1,633,36053,10
Facebook Penn94,distance_greedy,4,0.1,634,36038,10
Facebook Penn94,distance_greedy,4,0.1,635,36090,8
Facebook Penn94,distance_greedy,4,0.1,636,36101,11
Facebook Penn94,distance_greedy,4,0.1,637,36113,8
Facebook Penn94,distance_greedy,4,0.1,638,36118,8
Facebook Penn94,distance_greedy,4,0.1,639,36114,9
Facebook Penn94,distance_greedy,4,0.1,640,36146,9
Facebook Penn94,distance_greedy,4,0.1,641,36039,8
Facebook Penn94,distance_greedy,4,0.1,642,36035,9
Facebook Penn94,distance_greedy,4,0.1,643,36103,8
Facebook Penn94,distance_greedy,4,0.1,644,36076,9
Facebook Penn94,distance_greedy,4,0.1,645,35968,7
Facebook Penn94,distance_greedy,4,0.1,646,36097,9
Facebook Penn94,distance_greedy,4,0.1,647,36005,9
Facebook Penn94,distance_greedy,4,0.1,648,36023,11
Facebook Penn94,distance_greedy,4,0.1,649,36137,9
Facebook Penn94,distance_greedy,4,0.1,650,36084,8
Facebook Penn94,distance_greedy,4,0.1,651,36047,8
Facebook Penn94,distance_greedy,4,0.1,652,36051,8
Facebook Penn94,distance_greedy,4,0.1,653,36079,8
Facebook Penn94,distance_greedy,4,0.1,654,36003,7
Facebook Penn94,distance_greedy,4,0.1,655,36096,11
Facebook Penn94,distance_greedy,4,0.1,656,36061,9
Facebook Penn94,distance_greedy,4,0.1,657,36008,8
Facebook Penn94,distance_greedy,4,0.1,658,36056,9
Facebook Penn94,distance_greedy,4,0.1,659,36028,8
Facebook Penn94,distance_greedy,4,0.1,660,36042,7
Facebook Penn94,distance_greedy,4,0.1,661,35994,8
Facebook Penn94,distance_greedy,4,0.1,662,35982,7
Facebook Penn94,distance_greedy,4,0.1,663,36087,8
Facebook Penn94,distance_greedy,4,0.1,664,36144,10
Facebook Penn94,distance_greedy,4,0.1,665,36111,8
Facebook Penn94,distance_greedy,4,0.1,666,36090,7
Facebook Penn94,distance_greedy,4,0.1,667,36086,11
Facebook Penn94,distance_greedy,4,0.1,668,36135,9
Facebook Penn94,distance_greedy,4,0.1,669,35944,8
Facebook Penn94,distance_greedy,4,0.1,670,36042,8
Facebook Penn94,distance_greedy,4,0.1,671,36105,8
Facebook Penn94,distance_greedy,4,0.1,672,36097,9
Facebook Penn94,distance_greedy,4,0.1,673,36008,8
Facebook Penn94,distance_greedy,4,0.1,674,36076,9
Facebook Penn94,distance_greedy,4,0.1,675,36032,9
Facebook Penn94,distance_greedy,4,0.1,676,36011,7
Facebook Penn94,distance_greedy,4,0.1,677,36101,8
Facebook Penn94,distance_greedy,4,0.1,678,36038,8
Facebook Penn94,distance_greedy,4,0.1,679,36033,8
Facebook Penn94,distance_greedy,4,0.1,680,35971,7
Facebook Penn94,distance_greedy,4,0.1,681,36126,7
Facebook Penn94,distance_greedy,4,0.1,682,36043,7
Facebook Penn94,distance_greedy,4,0.1,683,36032,8
Facebook Penn94,distance_greedy,4,0.1,684,36009,9
Facebook Penn94,distance_greedy,4,0.1,685,36132,9
Facebook Penn94,distance_greedy,4,0.1,686,36119,9
Facebook Penn94,distance_greedy,4,0.1,687,36120,8
Facebook Penn94,distance_greedy,4,0.1,688,36047,8
Facebook Penn94,distance_greedy,4,0.1,689,36147,8
Facebook Penn94,distance_greedy,4,0.1,690,36092,8
Facebook Penn94,distance_greedy,4,0.1,691,35994,8
Facebook Penn94,distance_greedy,4,0.1,692,36100,7
Facebook Penn94,distance_greedy,4,0.1,693,36163,8
Facebook Penn94,distance_greedy,4,0.1,694,36082,8
Facebook Penn94,distance_greedy,4,0.1,695,36026,10
Facebook Penn94,distance_greedy,4,0.1,696,36130,8
Facebook Penn94,distance_greedy,4,0.1,697,36069,8
Facebook Penn94,distance_greedy,4,0.1,698,36122,8
Facebook Penn94,distance_greedy,4,0.1,699,36111,9
Facebook Penn94,distance_greedy,4,0.1,700,36147,10
Facebook Penn94,distance_greedy,4,0.1,701,36024,8
Facebook Penn94,distance_greedy,4,0.1,702,36015,8
Facebook Penn94,distance_greedy,4,0.1,703,36078,7
Facebook Penn94,distance_greedy,4,0.1,704,36009,8
Facebook Penn94,distance_greedy,4,0.1,705,36086,9
Facebook Penn94,distance_greedy,4,0.1,706,36015,8
Facebook Penn94,distance_greedy,4,0.1,707,36098,9
Facebook Penn94,distance_greedy,4,0.1,708,36078,7
Facebook Penn94,distance_greedy,4,0.1,709,36101,9
Facebook Penn94,distance_greedy,4,0.1,710,36062,8
Facebook Penn94,distance_greedy,4,0.1,711,36081,8
Facebook Penn94,distance_greedy,4,0.1,712,36152,8
Facebook Penn94,distance_greedy,4,0.1,713,36056,9
Facebook Penn94,distance_greedy,4,0.1,714,36075,8
Facebook Penn94,distance_greedy,4,0.1,715,36097,13
Facebook Penn94,distance_greedy,4,0.1,716,35998,10
Facebook Penn94,distance_greedy,4,0.1,717,36090,8
Facebook Penn94,distance_greedy,4,0.1,718,36096,9
Facebook Penn94,distance_greedy,4,0.1,719,36018,8
Facebook Penn94,distance_greedy,4,0.1,720,36105,7
Facebook Penn94,distance_greedy,4,0.1,721,35949,8
Facebook Penn94,distance_greedy,4,0.1,722,36006,8
Facebook Penn94,distance_greedy,4,0.1,723,35963,7
Facebook Penn94,distance_greedy,4,0.1,724,36117,8
Facebook Penn94,distance_greedy,4,0.1,725,36075,8
Facebook Penn94,distance_greedy,4,0.1,726,36155,9
Facebook Penn94,distance_greedy,4,0.1,727,36009,9
Facebook Penn94,distance_greedy,4,0.1,728,36074,8
Facebook Penn94,distance_greedy,4,0.1,729,36073,8
Facebook Penn94,distance_greedy,4,0.1,730,36198,8
Facebook Penn94,distance_greedy,4,0.1,731,36077,8
Facebook Penn94,distance_greedy,4,0.1,732,36102,9
Facebook Penn94,distance_greedy,4,0.1,733,36069,8
Facebook Penn94,distance_greedy,4,0.1,734,36114,9
Facebook Penn94,distance_greedy,4,0.1,735,36112,7
Facebook Penn94,distance_greedy,4,0.1,736,36050,8
Facebook Penn94,distance_greedy,4,0.1,737,36071,8
Facebook Penn94,distance_greedy,4,0.1,738,36102,8
Facebook Penn94,distance_greedy,4,0.1,739,36041,8
Facebook Penn94,distance_greedy,4,0.1,740,36063,8
Facebook Penn94,distance_greedy,4,0.1,741,36050,8
Facebook Penn94,distance_greedy,4,0.1,742,36056,8
Facebook Penn94,distance_greedy,4,0.1,743,36038,9
Facebook Penn94,distance_greedy,4,0.1,744,36126,8
Facebook Penn94,distance_greedy,4,0.1,745,36007,7
Facebook Penn94,distance_greedy,4,0.1,746,35991,7
Facebook Penn94,distance_greedy,4,0.1,747,36120,7
Facebook Penn94,distance_greedy,4,0.1,748,36070,8
Facebook Penn94,distance_greedy,4,0.1,749,36198,9
Facebook Penn94,distance_greedy,4,0.1,750,36055,11
Facebook Penn94,distance_greedy,4,0.1,751,36113,9
Facebook Penn94,distance_greedy,4,0.1,752,36115,8
Facebook Penn94,distance_greedy,4,0.1,753,36089,7
Facebook Penn94,distance_greedy,4,0.1,754,36041,8
Facebook Penn94,distance_greedy,4,0.1,755,36120,8
Facebook Penn94,distance_greedy,4,0.1,756,36126,9
Facebook Penn94,distance_greedy,4,0.1,757,36035,9
Facebook Penn94,distance_greedy,4,0.1,758,36014,9
Facebook Penn94,distance_greedy,4,0.1,759,36084,8
Facebook Penn94,distance_greedy,4,0.1,760,35959,8
Facebook Penn94,distance_greedy,4,0.1,761,36085,8
Facebook Penn94,distance_greedy,4,0.1,762,36026,7
Facebook Penn94,distance_greedy,4,0.1,763,36053,7
Facebook Penn94,distance_greedy,4,0.1,764,36089,9
Facebook Penn94,distance_greedy,4,0.1,765,36133,10
Facebook Penn94,distance_greedy,4,0.1,766,36087,8
Facebook Penn94,distance_greedy,4,0.1,767,36103,8
Facebook Penn94,distance_greedy,4,0.1,768,36132,10
Facebook Penn94,distance_greedy,4,0.1,769,36082,9
Facebook Penn94,distance_greedy,4,0.1,770,36138,9
Facebook Penn94,distance_greedy,4,0.1,771,36118,9
Facebook Penn94,distance_greedy,4,0.1,772,36004,8
Facebook Penn94,distance_greedy,4,0.1,773,36149,8
Facebook Penn94,distance_greedy,4,0.1,774,36063,7
Facebook Penn94,distance_greedy,4,0.1,775,36044,9
Facebook Penn94,distance_greedy,4,0.1,776,36137,8
Facebook Penn94,distance_greedy,4,0.1,777,36132,8
Facebook Penn94,distance_greedy,4,0.1,778,36077,8
Facebook Penn94,distance_greedy,4,0.1,779,36031,8
Facebook Penn94,distance_greedy,4,0.1,780,36176,9
Facebook Penn94,distance_greedy,4,0.1,781,36121,9
Facebook Penn94,distance_greedy,4,0.1,782,36108,8
Facebook Penn94,distance_greedy,4,0.1,783,36059,8
Facebook Penn94,distance_greedy,4,0.1,784,36115,9
Facebook Penn94,distance_greedy,4,0.1,785,36143,7
Facebook Penn94,distance_greedy,4,0.1,786,36063,9
Facebook Penn94,distance_greedy,4,0.1,787,36045,8
Facebook Penn94,distance_greedy,4,0.1,788,36167,8
Facebook Penn94,distance_greedy,4,0.1,789,36123,9
Facebook Penn94,distance_greedy,4,0.1,790,36015,8
Facebook Penn94,distance_greedy,4,0.1,791,36020,8
Facebook Penn94,distance_greedy,4,0.1,792,36042,10
Facebook Penn94,distance_greedy,4,0.1,793,36071,8
Facebook Penn94,distance_greedy,4,0.1,794,35978,8
Facebook Penn94,distance_greedy,4,0.1,795,35939,9
Facebook Penn94,distance_greedy,4,0.1,796,36026,8
Facebook Penn94,distance_greedy,4,0.1,797,35947,7
Facebook Penn94,distance_greedy,4,0.1,798,36055,8
Facebook Penn94,distance_greedy,4,0.1,799,36129,9
Facebook Penn94,distance_greedy,4,0.1,800,36134,8
Facebook Penn94,distance_greedy,4,0.1,801,36071,7
Facebook Penn94,distance_greedy,4,0.1,802,36063,9
Facebook Penn94,distance_greedy,4,0.1,803,36031,8
Facebook Penn94,distance_greedy,4,0.1,804,36052,7
Facebook Penn94,distance_greedy,4,0.1,805,36005,7
Facebook Penn94,distance_greedy,4,0.1,806,36013,7
Facebook Penn94,distance_greedy,4,0.1,807,36169,9
Facebook Penn94,distance_greedy,4,0.1,808,36156,8
Facebook Penn94,distance_greedy,4,0.1,809,36172,8
Facebook Penn94,distance_greedy,4,0.1,810,36061,9
Facebook Penn94,distance_greedy,4,0.1,811,36144,8
Facebook Penn94,distance_greedy,4,0.1,812,36142,8
Facebook Penn94,distance_greedy,4,0.1,813,36079,9
Facebook Penn94,distance_greedy,4,0.1,814,36044,8
Facebook Penn94,distance_greedy,4,0.1,815,36091,10
Facebook Penn94,distance_greedy,4,0.1,816,36057,9
Facebook Penn94,distance_greedy,4,0.1,817,36089,8
Facebook Penn94,distance_greedy,4,0.1,818,35974,8
Facebook Penn94,distance_greedy,4,0.1,819,36036,10
Facebook Penn94,distance_greedy,4,0.1,820,36054,8
Facebook Penn94,distance_greedy,4,0.1,821,36133,7
Facebook Penn94,distance_greedy,4,0.1,822,36054,8
Facebook Penn94,distance_greedy,4,0.1,823,36020,8
Facebook Penn94,distance_greedy,4,0.1,824,36091,7
Facebook Penn94,distance_greedy,4,0.1,825,36057,8
Facebook Penn94,distance_greedy,4,0.1,826,36145,8
Facebook Penn94,distance_greedy,4,0.1,827,36016,8
Facebook Penn94,distance_greedy,4,0.1,828,36122,8
Facebook Penn94,distance_greedy,4,0.1,829,36080,8
Facebook Penn94,distance_greedy,4,0.1,830,36084,9
Facebook Penn94,distance_greedy,4,0.1,831,36002,8
Facebook Penn94,distance_greedy,4,0.1,832,35989,8
Facebook Penn94,distance_greedy,4,0.1,833,36117,8
Facebook Penn94,distance_greedy,4,0.1,834,36200,7
Facebook Penn94,distance_greedy,4,0.1,835,36070,9
Facebook Penn94,distance_greedy,4,0.1,836,35995,7
Facebook Penn94,distance_greedy,4,0.1,837,36141,7
Facebook Penn94,distance_greedy,4,0.1,838,35979,7
Facebook Penn94,distance_greedy,4,0.1,839,36137,10
Facebook Penn94,distance_greedy,4,0.1,840,36045,8
Facebook Penn94,distance_greedy,4,0.1,841,36100,8
Facebook Penn94,distance_greedy,4,0.1,842,36073,8
Facebook Penn94,distance_greedy,4,0.1,843,36053,8
Facebook Penn94,distance_greedy,4,0.1,844,36061,8
Facebook Penn94,distance_greedy,4,0.1,845,36051,8
Facebook Penn94,distance_greedy,4,0.1,846,36123,8
Facebook Penn94,distance_greedy,4,0.1,847,36064,8
Facebook Penn94,distance_greedy,4,0.1,848,36093,8
Facebook Penn94,distance_greedy,4,0.1,849,36122,8
Facebook Penn94,distance_greedy,4,0.1,850,36016,8
Facebook Penn94,distance_greedy,4,0.1,851,36073,8
Facebook Penn94,distance_greedy,4,0.1,852,36017,8
Facebook Penn94,distance_greedy,4,0.1,853,36057,8
Facebook Penn94,distance_greedy,4,0.1,854,36004,9
Facebook Penn94,distance_greedy,4,0.1,855,36037,8
Facebook Penn94,distance_greedy,4,0.1,856,36055,8
Facebook Penn94,distance_greedy,4,0.1,857,36088,8
Facebook Penn94,distance_greedy,4,0.1,858,36026,8
Facebook Penn94,distance_greedy,4,0.1,859,36105,8
Facebook Penn94,distance_greedy,4,0.1,860,36053,9
Facebook Penn94,distance_greedy,4,0.1,861,36140,10
Facebook Penn94,distance_greedy,4,0.1,862,36046,9
Facebook Penn94,distance_greedy,4,0.1,863,36111,8
Facebook Penn94,distance_greedy,4,0.1,864,36010,8
Facebook Penn94,distance_greedy,4,0.1,865,35999,8
Facebook Penn94,distance_greedy,4,0.1,866,36099,9
Facebook Penn94,distance_greedy,4,0.1,867,36175,9
Facebook Penn94,distance_greedy,4,0.1,868,36108,8
Facebook Penn94,distance_greedy,4,0.1,869,36048,8
Facebook Penn94,distance_greedy,4,0.1,870,36061,7
Facebook Penn94,distance_greedy,4,0.1,871,36092,9
Facebook Penn94,distance_greedy,4,0.1,872,35953,7
Facebook Penn94,distance_greedy,4,0.1,873,36137,8
Facebook Penn94,distance_greedy,4,0.1,874,36072,8
Facebook Penn94,distance_greedy,4,0.1,875,36000,8
Facebook Penn94,distance_greedy,4,0.1,876,36180,8
Facebook Penn94,distance_greedy,4,0.1,877,36140,7
Facebook Penn94,distance_greedy,4,0.1,878,36047,8
Facebook Penn94,distance_greedy,4,0.1,879,36068,9
Facebook Penn94,distance_greedy,4,0.1,880,36079,8
Facebook Penn94,distance_greedy,4,0.1,881,35992,8
Facebook Penn94,distance_greedy,4,0.1,882,36019,8
Facebook Penn94,distance_greedy,4,0.1,883,36091,9
Facebook Penn94,distance_greedy,4,0.1,884,36109,9
Facebook Penn94,distance_greedy,4,0.1,885,36114,8
Facebook Penn94,distance_greedy,4,0.1,886,36013,8
Facebook Penn94,distance_greedy,4,0.1,887,36076,9
Facebook Penn94,distance_greedy,4,0.1,888,36092,9
Facebook Penn94,distance_greedy,4,0.1,889,36024,8
Facebook Penn94,distance_greedy,4,0.1,890,36144,7
Facebook Penn94,distance_greedy,4,0.1,891,35985,8
Facebook Penn94,distance_greedy,4,0.1,892,36067,8
Facebook Penn94,distance_greedy,4,0.1,893,36042,9
Facebook Penn94,distance_greedy,4,0.1,894,36057,9
Facebook Penn94,distance_greedy,4,0.1,895,36102,7
Facebook Penn94,distance_greedy,4,0.1,896,36035,8
Facebook Penn94,distance_greedy,4,0.1,897,36161,8
Facebook Penn94,distance_greedy,4,0.1,898,36092,8
Facebook Penn94,distance_greedy,4,0.1,899,35968,9
Facebook Penn94,distance_greedy,4,0.1,900,36015,8
Facebook Penn94,distance_greedy,4,0.1,901,36113,8
Facebook Penn94,distance_greedy,4,0.1,902,36044,8
Facebook Penn94,distance_greedy,4,0.1,903,36184,8
Facebook Penn94,distance_greedy,4,0.1,904,36084,8
Facebook Penn94,distance_greedy,4,0.1,905,36038,10
Facebook Penn94,distance_greedy,4,0.1,906,36052,8
Facebook Penn94,distance_greedy,4,0.1,907,36175,8
Facebook Penn94,distance_greedy,4,0.1,908,36130,9
Facebook Penn94,distance_greedy,4,0.1,909,36145,8
Facebook Penn94,distance_greedy,4,0.1,910,36094,7
Facebook Penn94,distance_greedy,4,0.1,911,36056,7
Facebook Penn94,distance_greedy,4,0.1,912,36030,8
Facebook Penn94,distance_greedy,4,0.1,913,36013,8
Facebook Penn94,distance_greedy,4,0.1,914,36116,7
Facebook Penn94,distance_greedy,4,0.1,915,36157,8
Facebook Penn94,distance_greedy,4,0.1,916,36010,7
Facebook Penn94,distance_greedy,4,0.1,917,36128,8
Facebook Penn94,distance_greedy,4,0.1,918,36194,9
Facebook Penn94,distance_greedy,4,0.1,919,36143,7
Facebook Penn94,distance_greedy,4,0.1,920,36044,8
Facebook Penn94,distance_greedy,4,0.1,921,36095,7
Facebook Penn94,distance_greedy,4,0.1,922,36090,8
Facebook Penn94,distance_greedy,4,0.1,923,36111,8
Facebook Penn94,distance_greedy,4,0.1,924,36072,9
Facebook Penn94,distance_greedy,4,0.1,925,36091,8
Facebook Penn94,distance_greedy,4,0.1,926,35982,8
Facebook Penn94,distance_greedy,4,0.1,927,35959,8
Facebook Penn94,distance_greedy,4,0.1,928,36229,7
Facebook Penn94,distance_greedy,4,0.1,929,36040,8
Facebook Penn94,distance_greedy,4,0.1,930,36127,8
Facebook Penn94,distance_greedy,4,0.1,931,36001,8
Facebook Penn94,distance_greedy,4,0.1,932,36092,8
Facebook Penn94,distance_greedy,4,0.1,933,36071,8
Facebook Penn94,distance_greedy,4,0.1,934,36071,8
Facebook Penn94,distance_greedy,4,0.1,935,36004,9
Facebook Penn94,distance_greedy,4,0.1,936,36041,8
Facebook Penn94,distance_greedy,4,0.1,937,35962,9
Facebook Penn94,distance_greedy,4,0.1,938,35991,8
Facebook Penn94,distance_greedy,4,0.1,939,36061,11
Facebook Penn94,distance_greedy,4,0.1,940,36187,9
Facebook Penn94,distance_greedy,4,0.1,941,36196,8
Facebook Penn94,distance_greedy,4,0.1,942,36049,8
Facebook Penn94,distance_greedy,4,0.1,943,36118,7
Facebook Penn94,distance_greedy,4,0.1,944,36041,10
Facebook Penn94,distance_greedy,4,0.1,945,35958,8
Facebook Penn94,distance_greedy,4,0.1,946,36138,9
Facebook Penn94,distance_greedy,4,0.1,947,36074,8
Facebook Penn94,distance_greedy,4,0.1,948,36155,8
Facebook Penn94,distance_greedy,4,0.1,949,36007,9
Facebook Penn94,distance_greedy,4,0.1,950,36044,8
Facebook Penn94,distance_greedy,4,0.1,951,36088,7
Facebook Penn94,distance_greedy,4,0.1,952,36094,11
Facebook Penn94,distance_greedy,4,0.1,953,36092,7
Facebook Penn94,distance_greedy,4,0.1,954,36127,8
Facebook Penn94,distance_greedy,4,0.1,955,36116,8
Facebook Penn94,distance_greedy,4,0.1,956,36063,8
Facebook Penn94,distance_greedy,4,0.1,957,36165,9
Facebook Penn94,distance_greedy,4,0.1,958,36124,8
Facebook Penn94,distance_greedy,4,0.1,959,36129,9
Facebook Penn94,distance_greedy,4,0.1,960,36057,9
Facebook Penn94,distance_greedy,4,0.1,961,36051,9
Facebook Penn94,distance_greedy,4,0.1,962,36134,8
Facebook Penn94,distance_greedy,4,0.1,963,36108,10
Facebook Penn94,distance_greedy,4,0.1,964,36059,9
Facebook Penn94,distance_greedy,4,0.1,965,36082,8
Facebook Penn94,distance_greedy,4,0.1,966,36131,9
Facebook Penn94,distance_greedy,4,0.1,967,36000,9
Facebook Penn94,distance_greedy,4,0.1,968,35968,7
Facebook Penn94,distance_greedy,4,0.1,969,36038,8
Facebook Penn94,distance_greedy,4,0.1,970,36145,8
Facebook Penn94,distance_greedy,4,0.1,971,36161,9
Facebook Penn94,distance_greedy,4,0.1,972,36088,8
Facebook Penn94,distance_greedy,4,0.1,973,36034,9
Facebook Penn94,distance_greedy,4,0.1,974,36037,8
Facebook Penn94,distance_greedy,4,0.1,975,36063,9
Facebook Penn94,distance_greedy,4,0.1,976,36043,8
Facebook Penn94,distance_greedy,4,0.1,977,36054,8
Facebook Penn94,distance_greedy,4,0.1,978,36136,8
Facebook Penn94,distance_greedy,4,0.1,979,36100,8
Facebook Penn94,distance_greedy,4,0.1,980,35987,9
Facebook Penn94,distance_greedy,4,0.1,981,36078,9
Facebook Penn94,distance_greedy,4,0.1,982,36097,7
Facebook Penn94,distance_greedy,4,0.1,983,36125,8
Facebook Penn94,distance_greedy,4,0.1,984,36075,8
Facebook Penn94,distance_greedy,4,0.1,985,36102,8
Facebook Penn94,distance_greedy,4,0.1,986,36048,7
Facebook Penn94,distance_greedy,4,0.1,987,36063,7
Facebook Penn94,distance_greedy,4,0.1,988,36007,8
Facebook Penn94,distance_greedy,4,0.1,989,36145,10
Facebook Penn94,distance_greedy,4,0.1,990,36178,8
Facebook Penn94,distance_greedy,4,0.1,991,36029,10
Facebook Penn94,distance_greedy,4,0.1,992,36024,7
Facebook Penn94,distance_greedy,4,0.1,993,36080,8
Facebook Penn94,distance_greedy,4,0.1,994,36015,8
Facebook Penn94,distance_greedy,4,0.1,995,36091,9
Facebook Penn94,distance_greedy,4,0.1,996,36058,8
Facebook Penn94,distance_greedy,4,0.1,997,36157,9
Facebook Penn94,distance_greedy,4,0.1,998,36133,8
Facebook Penn94,distance_greedy,4,0.1,999,36146,8
Facebook Penn94,distance_greedy,10,0.1,0,36049,7
Facebook Penn94,distance_greedy,10,0.1,1,36163,9
Facebook Penn94,distance_greedy,10,0.1,2,36048,8
Facebook Penn94,distance_greedy,10,0.1,3,36067,8
Facebook Penn94,distance_greedy,10,0.1,4,35964,9
Facebook Penn94,distance_greedy,10,0.1,5,36102,10
Facebook Penn94,distance_greedy,10,0.1,6,36056,8
Facebook Penn94,distance_greedy,10,0.1,7,36005,8
Facebook Penn94,distance_greedy,10,0.1,8,36164,8
Facebook Penn94,distance_greedy,10,0.1,9,36047,8
Facebook Penn94,distance_greedy,10,0.1,10,36161,8
Facebook Penn94,distance_greedy,10,0.1,11,36089,9
Facebook Penn94,distance_greedy,10,0.1,12,36092,8
Facebook Penn94,distance_greedy,10,0.1,13,36109,8
Facebook Penn94,distance_greedy,10,0.1,14,36139,8
Facebook Penn94,distance_greedy,10,0.1,15,36040,8
Facebook Penn94,distance_greedy,10,0.1,16,36113,8
Facebook Penn94,distance_greedy,10,0.1,17,36133,8
Facebook Penn94,distance_greedy,10,0.1,18,36060,8
Facebook Penn94,distance_greedy,10,0.1,19,36002,8
Facebook Penn94,distance_greedy,10,0.1,20,36099,8
Facebook Penn94,distance_greedy,10,0.1,21,36085,7
Facebook Penn94,distance_greedy,10,0.1,22,36107,9
Facebook Penn94,distance_greedy,10,0.1,23,36112,9
Facebook Penn94,distance_greedy,10,0.1,24,36097,9
Facebook Penn94,distance_greedy,10,0.1,25,36057,9
Facebook Penn94,distance_greedy,10,0.1,26,36027,7
Facebook Penn94,distance_greedy,10,0.1,27,36009,8
Facebook Penn94,distance_greedy,10,0.1,28,36111,8
Facebook Penn94,distance_greedy,10,0.1,29,36071,7
Facebook Penn94,distance_greedy,10,0.1,30,36113,8
Facebook Penn94,distance_greedy,10,0.1,31,36097,11
Facebook Penn94,distance_greedy,10,0.1,32,36163,8
Facebook Penn94,distance_greedy,10,0.1,33,36104,9
Facebook Penn94,distance_greedy,10,0.1,34,36062,8
Facebook Penn94,distance_greedy,10,0.1,35,35974,7
Facebook Penn94,distance_greedy,10,0.1,36,36066,7
Facebook Penn94,distance_greedy,10,0.1,37,36123,8
Facebook Penn94,distance_greedy,10,0.1,38,36017,10
Facebook Penn94,distance_greedy,10,0.1,39,35968,8
Facebook Penn94,distance_greedy,10,0.1,40,36068,8
Facebook Penn94,distance_greedy,10,0.1,41,36144,7
Facebook Penn94,distance_greedy,10,0.1,42,36116,9
Facebook Penn94,distance_greedy,10,0.1,43,35954,8
Facebook Penn94,distance_greedy,10,0.1,44,36125,8
Facebook Penn94,distance_greedy,10,0.1,45,36076,8
Facebook Penn94,distance_greedy,10,0.1,46,36096,8
Facebook Penn94,distance_greedy,10,0.1,47,36053,8
Facebook Penn94,distance_greedy,10,0.1,48,36077,7
Facebook Penn94,distance_greedy,10,0.1,49,36102,8
Facebook Penn94,distance_greedy,10,0.1,50,36014,7
Facebook Penn94,distance_greedy,10,0.1,51,36018,10
Facebook Penn94,distance_greedy,10,0.1,52,36163,7
Facebook Penn94,distance_greedy,10,0.1,53,36131,8
Facebook Penn94,distance_greedy,10,0.1,54,36008,9
Facebook Penn94,distance_greedy,10,0.1,55,36021,8
Facebook Penn94,distance_greedy,10,0.1,56,36116,9
Facebook Penn94,distance_greedy,10,0.1,57,36116,8
Facebook Penn94,distance_greedy,10,0.1,58,36093,8
Facebook Penn94,distance_greedy,10,0.1,59,36043,7
Facebook Penn94,distance_greedy,10,0.1,60,36113,8
Facebook Penn94,distance_greedy,10,0.1,61,36156,8
Facebook Penn94,distance_greedy,10,0.1,62,36152,9
Facebook Penn94,distance_greedy,10,0.1,63,36062,8
Facebook Penn94,distance_greedy,10,0.1,64,36040,8
Facebook Penn94,distance_greedy,10,0.1,65,36124,8
Facebook Penn94,distance_greedy,10,0.1,66,36115,9
Facebook Penn94,distance_greedy,10,0.1,67,36073,8
Facebook Penn94,distance_greedy,10,0.1,68,36013,8
Facebook Penn94,distance_greedy,10,0.1,69,36147,9
Facebook Penn94,distance_greedy,10,0.1,70,35995,9
Facebook Penn94,distance_greedy,10,0.1,71,36057,9
Facebook Penn94,distance_greedy,10,0.1,72,36063,9
Facebook Penn94,distance_greedy,10,0.1,73,36020,8
Facebook Penn94,distance_greedy,10,0.1,74,36019,8
Facebook Penn94,distance_greedy,10,0.1,75,36109,7
Facebook Penn94,distance_greedy,10,0.1,76,36081,8
Facebook Penn94,distance_greedy,10,0.1,77,36054,8
Facebook Penn94,distance_greedy,10,0.1,78,36080,8
Facebook Penn94,distance_greedy,10,0.1,79,35997,8
Facebook Penn94,distance_greedy,10,0.1,80,36053,7
Facebook Penn94,distance_greedy,10,0.1,81,35981,7
Facebook Penn94,distance_greedy,10,0.1,82,36069,7
Facebook Penn94,distance_greedy,10,0.1,83,36197,8
Facebook Penn94,distance_greedy,10,0.1,84,36042,8
Facebook Penn94,distance_greedy,10,0.1,85,36089,8
Facebook Penn94,distance_greedy,10,0.1,86,36101,8
Facebook Penn94,distance_greedy,10,0.1,87,36129,7
Facebook Penn94,distance_greedy,10,0.1,88,36165,7
Facebook Penn94,distance_greedy,10,0.1,89,36170,7
Facebook Penn94,distance_greedy,10,0.1,90,36098,8
Facebook Penn94,distance_greedy,10,0.1,91,36103,10
Facebook Penn94,distance_greedy,10,0.1,92,36089,9
Facebook Penn94,distance_greedy,10,0.1,93,36050,8
Facebook Penn94,distance_greedy,10,0.1,94,36116,7
Facebook Penn94,distance_greedy,10,0.1,95,36188,8
Facebook Penn94,distance_greedy,10,0.1,96,36054,7
Facebook Penn94,distance_greedy,10,0.1,97,36098,7
Facebook Penn94,distance_greedy,10,0.1,98,36208,8
Facebook Penn94,distance_greedy,10,0.1,99,36146,8
Facebook Penn94,distance_greedy,10,0.1,100,35988,9
Facebook Penn94,distance_greedy,10,0.1,101,36073,8
Facebook Penn94,distance_greedy,10,0.1,102,35985,7
Facebook Penn94,distance_greedy,10,0.1,103,35996,8
Facebook Penn94,distance_greedy,10,0.1,104,36086,8
Facebook Penn94,distance_greedy,10,0.1,105,36109,7
Facebook Penn94,distance_greedy,10,0.1,106,36122,10
Facebook Penn94,distance_greedy,10,0.1,107,36007,7
Facebook Penn94,distance_greedy,10,0.1,108,36026,8
Facebook Penn94,distance_greedy,10,0.1,109,36188,8
Facebook Penn94,distance_greedy,10,0.1,110,36121,9
Facebook Penn94,distance_greedy,10,0.1,111,35994,8
Facebook Penn94,distance_greedy,10,0.1,112,36032,9
Facebook Penn94,distance_greedy,10,0.1,113,36005,8
Facebook Penn94,distance_greedy,10,0.1,114,36108,8
Facebook Penn94,distance_greedy,10,0.1,115,35998,8
Facebook Penn94,distance_greedy,10,0.1,116,36043,8
Facebook Penn94,distance_greedy,10,0.1,117,36073,8
Facebook Penn94,distance_greedy,10,0.1,118,36118,7
Facebook Penn94,distance_greedy,10,0.1,119,36022,7
Facebook Penn94,distance_greedy,10,0.1,120,36000,8
Facebook Penn94,distance_greedy,10,0.1,121,36144,8
Facebook Penn94,distance_greedy,10,0.1,122,36107,8
Facebook Penn94,distance_greedy,10,0.1,123,36030,8
Facebook Penn94,distance_greedy,10,0.1,124,36095,7
Facebook Penn94,distance_greedy,10,0.1,125,36126,8
Facebook Penn94,distance_greedy,10,0.1,126,36071,8
Facebook Penn94,distance_greedy,10,0.1,127,36091,8
Facebook Penn94,distance_greedy,10,0.1,128,35984,9
Facebook Penn94,distance_greedy,10,0.1,129,36016,9
Facebook Penn94,distance_greedy,10,0.1,130,36073,7
Facebook Penn94,distance_greedy,10,0.1,131,36017,8
Facebook Penn94,distance_greedy,10,0.1,132,35976,10
Facebook Penn94,distance_greedy,10,0.1,133,36097,8
Facebook Penn94,distance_greedy,10,0.1,134,36015,8
Facebook Penn94,distance_greedy,10,0.1,135,36086,7
Facebook Penn94,distance_greedy,10,0.1,136,36134,9
Facebook Penn94,distance_greedy,10,0.1,137,36088,8
Facebook Penn94,distance_greedy,10,0.1,138,35996,8
Facebook Penn94,distance_greedy,10,0.1,139,36177,8
Facebook Penn94,distance_greedy,10,0.1,140,36088,9
Facebook Penn94,distance_greedy,10,0.1,141,36014,9
Facebook Penn94,distance_greedy,10,0.1,142,36113,8
Facebook Penn94,distance_greedy,10,0.1,143,36045,7
Facebook Penn94,distance_greedy,10,0.1,144,36035,8
Facebook Penn94,distance_greedy,10,0.1,145,36099,8
Facebook Penn94,distance_greedy,10,0.1,146,36055,10
Facebook Penn94,distance_greedy,10,0.1,147,36221,8
Facebook Penn94,distance_greedy,10,0.1,148,36023,8
Facebook Penn94,distance_greedy,10,0.1,149,36074,8
Facebook Penn94,distance_greedy,10,0.1,150,36091,8
Facebook Penn94,distance_greedy,10,0.1,151,36025,11
Facebook Penn94,distance_greedy,10,0.1,152,36098,9
Facebook Penn94,distance_greedy,10,0.1,153,36147,7
Facebook Penn94,distance_greedy,10,0.1,154,35998,8
Facebook Penn94,distance_greedy,10,0.1,155,36058,8
Facebook Penn94,distance_greedy,10,0.1,156,36063,7
Facebook Penn94,distance_greedy,10,0.1,157,36090,8
Facebook Penn94,distance_greedy,10,0.1,158,36017,8
Facebook Penn94,distance_greedy,10,0.1,159,36074,8
Facebook Penn94,distance_greedy,10,0.1,160,36100,7
Facebook Penn94,distance_greedy,10,0.1,161,36041,8
Facebook Penn94,distance_greedy,10,0.1,162,36165,9
Facebook Penn94,distance_greedy,10,0.1,163,36099,8
Facebook Penn94,distance_greedy,10,0.1,164,36079,8
Facebook Penn94,distance_greedy,10,0.1,165,36136,7
Facebook Penn94,distance_greedy,10,0.1,166,36032,8
Facebook Penn94,distance_greedy,10,0.1,167,36132,8
Facebook Penn94,distance_greedy,10,0.1,168,36046,8
Facebook Penn94,distance_greedy,10,0.1,169,36007,8
Facebook Penn94,distance_greedy,10,0.1,170,36059,10
Facebook Penn94,distance_greedy,10,0.1,171,36067,8
Facebook Penn94,distance_greedy,10,0.1,172,36142,7
Facebook Penn94,distance_greedy,10,0.1,173,36180,8
Facebook Penn94,distance_greedy,10,0.1,174,36046,12
Facebook Penn94,distance_greedy,10,0.1,175,36110,8
Facebook Penn94,distance_greedy,10,0.1,176,36058,7
Facebook Penn94,distance_greedy,10,0.1,177,36110,8
Facebook Penn94,distance_greedy,10,0.1,178,36205,8
Facebook Penn94,distance_greedy,10,0.1,179,35933,7
Facebook Penn94,distance_greedy,10,0.1,180,36164,10
Facebook Penn94,distance_greedy,10,0.1,181,36151,9
Facebook Penn94,distance_greedy,10,0.1,182,36097,9
Facebook Penn94,distance_greedy,10,0.1,183,36003,8
Facebook Penn94,distance_greedy,10,0.1,184,36021,7
Facebook Penn94,distance_greedy,10,0.1,185,36061,9
Facebook Penn94,distance_greedy,10,0.1,186,36155,9
Facebook Penn94,distance_greedy,10,0.1,187,36177,8
Facebook Penn94,distance_greedy,10,0.1,188,36046,7
Facebook Penn94,distance_greedy,10,0.1,189,36080,9
Facebook Penn94,distance_greedy,10,0.1,190,36060,8
Facebook Penn94,distance_greedy,10,0.1,191,36061,7
Facebook Penn94,distance_greedy,10,0.1,192,36033,9
Facebook Penn94,distance_greedy,10,0.1,193,36057,8
Facebook Penn94,distance_greedy,10,0.1,194,36107,9
Facebook Penn94,distance_greedy,10,0.1,195,36045,8
Facebook Penn94,distance_greedy,10,0.1,196,36075,8
Facebook Penn94,distance_greedy,10,0.1,197,36146,8
Facebook Penn94,distance_greedy,10,0.1,198,36091,8
Facebook Penn94,distance_greedy,10,0.1,199,36161,8
Facebook Penn94,distance_greedy,10,0.1,200,36067,8
Facebook Penn94,distance_greedy,10,0.1,201,36093,8
Facebook Penn94,distance_greedy,10,0.1,202,36065,9
Facebook Penn94,distance_greedy,10,0.1,203,36119,8
Facebook Penn94,distance_greedy,10,0.1,204,36014,8
Facebook Penn94,distance_greedy,10,0.1,205,36083,7
Facebook Penn94,distance_greedy,10,0.1,206,36029,8
Facebook Penn94,distance_greedy,10,0.1,207,35991,13
Facebook Penn94,distance_greedy,10,0.1,208,36079,8
Facebook Penn94,distance_greedy,10,0.1,209,36064,9
Facebook Penn94,distance_greedy,10,0.1,210,36110,9
Facebook Penn94,distance_greedy,10,0.1,211,36047,9
Facebook Penn94,distance_greedy,10,0.1,212,36145,8
Facebook Penn94,distance_greedy,10,0.1,213,36051,9
Facebook Penn94,distance_greedy,10,0.1,214,36033,8
Facebook Penn94,distance_greedy,10,0.1,215,36133,9
Facebook Penn94,distance_greedy,10,0.1,216,36117,9
Facebook Penn94,distance_greedy,10,0.1,217,36101,8
Facebook Penn94,distance_greedy,10,0.1,218,36134,8
Facebook Penn94,distance_greedy,10,0.1,219,36101,10
Facebook Penn94,distance_greedy,10,0.1,220,36114,8
Facebook Penn94,distance_greedy,10,0.1,221,35998,8
Facebook Penn94,distance_greedy,10,0.1,222,36112,8
Facebook Penn94,distance_greedy,10,0.1,223,36154,8
Facebook Penn94,distance_greedy,10,0.1,224,36149,7
Facebook Penn94,distance_greedy,10,0.1,225,36038,8
Facebook Penn94,distance_greedy,10,0.1,226,36148,8
Facebook Penn94,distance_greedy,10,0.1,227,36027,8
Facebook Penn94,distance_greedy,10,0.1,228,36030,8
Facebook Penn94,distance_greedy,10,0.1,229,36042,8
Facebook Penn94,distance_greedy,10,0.1,230,36177,8
Facebook Penn94,distance_greedy,10,0.1,231,36122,7
Facebook Penn94,distance_greedy,10,0.1,232,35980,9
Facebook Penn94,distance_greedy,10,0.1,233,36065,7
Facebook Penn94,distance_greedy,10,0.1,234,36114,10
Facebook Penn94,distance_greedy,10,0.1,235,36175,7
Facebook Penn94,distance_greedy,10,0.1,236,36034,8
Facebook Penn94,distance_greedy,10,0.1,237,36015,9
Facebook Penn94,distance_greedy,10,0.1,238,36123,8
Facebook Penn94,distance_greedy,10,0.1,239,36087,7
Facebook Penn94,distance_greedy,10,0.1,240,36099,8
Facebook Penn94,distance_greedy,10,0.1,241,36115,9
Facebook Penn94,distance_greedy,10,0.1,242,36114,8
Facebook Penn94,distance_greedy,10,0.1,243,36145,7
Facebook Penn94,distance_greedy,10,0.1,244,35945,7
Facebook Penn94,distance_greedy,10,0.1,245,35985,8
Facebook Penn94,distance_greedy,10,0.1,246,36102,9
Facebook Penn94,distance_greedy,10,0.1,247,36156,10
Facebook Penn94,distance_greedy,10,0.1,248,35978,8
Facebook Penn94,distance_greedy,10,0.1,249,36154,8
Facebook Penn94,distance_greedy,10,0.1,250,36161,8
Facebook Penn94,distance_greedy,10,0.1,251,36031,7
Facebook Penn94,distance_greedy,10,0.1,252,36050,8
Facebook Penn94,distance_greedy,10,0.1,253,36034,7
Facebook Penn94,distance_greedy,10,0.1,254,36063,7
Facebook Penn94,distance_greedy,10,0.1,255,36127,7
Facebook Penn94,distance_greedy,10,0.1,256,35976,7
Facebook Penn94,distance_greedy,10,0.1,257,36003,11
Facebook Penn94,distance_greedy,10,0.1,258,36004,8
Facebook Penn94,distance_greedy,10,0.1,259,36074,8
Facebook Penn94,distance_greedy,10,0.1,260,36062,8
Facebook Penn94,distance_greedy,10,0.1,261,36156,11
Facebook Penn94,distance_greedy,10,0.1,262,36059,8
Facebook Penn94,distance_greedy,10,0.1,263,36025,8
Facebook Penn94,distance_greedy,10,0.1,264,36043,8
Facebook Penn94,distance_greedy,10,0.1,265,36090,8
Facebook Penn94,distance_greedy,10,0.1,266,36150,8
Facebook Penn94,distance_greedy,10,0.1,267,36098,8
Facebook Penn94,distance_greedy,10,0.1,268,36135,8
Facebook Penn94,distance_greedy,10,0.1,269,36143,8
Facebook Penn94,distance_greedy,10,0.1,270,36106,8
Facebook Penn94,distance_greedy,10,0.1,271,36016,8
Facebook Penn94,distance_greedy,10,0.1,272,36101,8
Facebook Penn94,distance_greedy,10,0.1,273,36017,7
Facebook Penn94,distance_greedy,10,0.1,274,36058,8
Facebook Penn94,distance_greedy,10,0.1,275,36196,7
Facebook Penn94,distance_greedy,10,0.1,276,35928,8
Facebook Penn94,distance_greedy,10,0.1,277,36073,8
Facebook Penn94,distance_greedy,10,0.1,278,36128,8
Facebook Penn94,distance_greedy,10,0.1,279,35990,9
Facebook Penn94,distance_greedy,10,0.1,280,36171,8
Facebook Penn94,distance_greedy,10,0.1,281,36043,8
Facebook Penn94,distance_greedy,10,0.1,282,36097,9
Facebook Penn94,distance_greedy,10,0.1,283,36086,9
Facebook Penn94,distance_greedy,10,0.1,284,36079,8
Facebook Penn94,distance_greedy,10,0.1,285,35998,12
Facebook Penn94,distance_greedy,10,0.1,286,35998,10
Facebook Penn94,distance_greedy,10,0.1,287,36072,8
Facebook Penn94,distance_greedy,10,0.1,288,36080,8
Facebook Penn94,distance_greedy,10,0.1,289,36060,7
Facebook Penn94,distance_greedy,10,0.1,290,36176,8
Facebook Penn94,distance_greedy,10,0.1,291,36117,9
Facebook Penn94,distance_greedy,10,0.1,292,36072,8
Facebook Penn94,distance_greedy,10,0.1,293,36094,8
Facebook Penn94,distance_greedy,10,0.1,294,36073,9
Facebook Penn94,distance_greedy,10,0.1,295,36165,8
Facebook Penn94,distance_greedy,10,0.1,296,36055,7
Facebook Penn94,distance_greedy,10,0.1,297,36040,7
Facebook Penn94,distance_greedy,10,0.1,298,36017,7
Facebook Penn94,distance_greedy,10,0.1,299,36115,7
Facebook Penn94,distance_greedy,10,0.1,300,36104,8
Facebook Penn94,distance_greedy,10,0.1,301,36159,7
Facebook Penn94,distance_greedy,10,0.1,302,36104,8
Facebook Penn94,distance_greedy,10,0.1,303,36167,9
Facebook Penn94,distance_greedy,10,0.1,304,36074,8
Facebook Penn94,distance_greedy,10,0.1,305,36020,8
Facebook Penn94,distance_greedy,10,0.1,306,36128,8
Facebook Penn94,distance_greedy,10,0.1,307,36043,8
Facebook Penn94,distance_greedy,10,0.1,308,36103,8
Facebook Penn94,distance_greedy,10,0.1,309,36048,7
Facebook Penn94,distance_greedy,10,0.1,310,36123,8
Facebook Penn94,distance_greedy,10,0.1,311,36084,8
Facebook Penn94,distance_greedy,10,0.1,312,36010,9
Facebook Penn94,distance_greedy,10,0.1,313,36020,7
Facebook Penn94,distance_greedy,10,0.1,314,36034,7
Facebook Penn94,distance_greedy,10,0.1,315,36129,8
Facebook Penn94,distance_greedy,10,0.1,316,36083,8
Facebook Penn94,distance_greedy,10,0.1,317,36110,11
Facebook Penn94,distance_greedy,10,0.1,318,36011,8
Facebook Penn94,distance_greedy,10,0.1,319,36080,8
Facebook Penn94,distance_greedy,10,0.1,320,36044,7
Facebook Penn94,distance_greedy,10,0.1,321,36043,8
Facebook Penn94,distance_greedy,10,0.1,322,36040,9
Facebook Penn94,distance_greedy,10,0.1,323,36120,8
Facebook Penn94,distance_greedy,10,0.1,324,36041,8
Facebook Penn94,distance_greedy,10,0.1,325,36024,7
Facebook Penn94,distance_greedy,10,0.1,326,36186,8
Facebook Penn94,distance_greedy,10,0.1,327,35979,8
Facebook Penn94,distance_greedy,10,0.1,328,36063,7
Facebook Penn94,distance_greedy,10,0.1,329,36090,7
Facebook Penn94,distance_greedy,10,0.1,330,36063,8
Facebook Penn94,distance_greedy,10,0.1,331,36125,8
Facebook Penn94,distance_greedy,10,0.1,332,36183,8
Facebook Penn94,distance_greedy,10,0.1,333,36096,8
Facebook Penn94,distance_greedy,10,0.1,334,36081,8
Facebook Penn94,distance_greedy,10,0.1,335,36071,8
Facebook Penn94,distance_greedy,10,0.1,336,36159,8
Facebook Penn94,distance_greedy,10,0.1,337,36098,9
Facebook Penn94,distance_greedy,10,0.1,338,36040,7
Facebook Penn94,distance_greedy,10,0.1,339,36085,8
Facebook Penn94,distance_greedy,10,0.1,340,35967,8
Facebook Penn94,distance_greedy,10,0.1,341,36096,7
Facebook Penn94,distance_greedy,10,0.1,342,36121,9
Facebook Penn94,distance_greedy,10,0.1,343,36102,7
Facebook Penn94,distance_greedy,10,0.1,344,36108,8
Facebook Penn94,distance_greedy,10,0.1,345,36116,7
Facebook Penn94,distance_greedy,10,0.1,346,36133,7
Facebook Penn94,distance_greedy,10,0.1,347,36060,9
Facebook Penn94,distance_greedy,10,0.1,348,35951,7
Facebook Penn94,distance_greedy,10,0.1,349,35953,8
Facebook Penn94,distance_greedy,10,0.1,350,36052,7
Facebook Penn94,distance_greedy,10,0.1,351,36152,8
Facebook Penn94,distance_greedy,10,0.1,352,36082,7
Facebook Penn94,distance_greedy,10,0.1,353,36053,8
Facebook Penn94,distance_greedy,10,0.1,354,36073,8
Facebook Penn94,distance_greedy,10,0.1,355,36076,7
Facebook Penn94,distance_greedy,10,0.1,356,36075,8
Facebook Penn94,distance_greedy,10,0.1,357,36119,7
Facebook Penn94,distance_greedy,10,0.1,358,36128,9
Facebook Penn94,distance_greedy,10,0.1,359,36176,9
Facebook Penn94,distance_greedy,10,0.1,360,36063,9
Facebook Penn94,distance_greedy,10,0.1,361,36060,10
Facebook Penn94,distance_greedy,10,0.1,362,36061,8
Facebook Penn94,distance_greedy,10,0.1,363,36027,7
Facebook Penn94,distance_greedy,10,0.1,364,36009,8
Facebook Penn94,distance_greedy,10,0.1,365,36181,8
Facebook Penn94,distance_greedy,10,0.1,366,36103,9
Facebook Penn94,distance_greedy,10,0.1,367,36163,7
Facebook Penn94,distance_greedy,10,0.1,368,36048,9
Facebook Penn94,distance_greedy,10,0.1,369,35980,9
Facebook Penn94,distance_greedy,10,0.1,370,36145,9
Facebook Penn94,distance_greedy,10,0.1,371,36087,8
Facebook Penn94,distance_greedy,10,0.1,372,36091,8
Facebook Penn94,distance_greedy,10,0.1,373,36038,8
Facebook Penn94,distance_greedy,10,0.1,374,36101,9
Facebook Penn94,distance_greedy,10,0.1,375,36124,7
Facebook Penn94,distance_greedy,10,0.1,376,36078,8
Facebook Penn94,distance_greedy,10,0.1,377,36115,7
Facebook Penn94,distance_greedy,10,0.1,378,36044,8
Facebook Penn94,distance_greedy,10,0.1,379,35991,7
Facebook Penn94,distance_greedy,10,0.1,380,36098,7
Facebook Penn94,distance_greedy,10,0.1,381,36071,8
Facebook Penn94,distance_greedy,10,0.1,382,36099,7
Facebook Penn94,distance_greedy,10,0.1,383,35982,7
Facebook Penn94,distance_greedy,10,0.1,384,36043,7
Facebook Penn94,distance_greedy,10,0.1,385,36041,10
Facebook Penn94,distance_greedy,10,0.1,386,35970,8
Facebook Penn94,distance_greedy,10,0.1,387,36184,8
Facebook Penn94,distance_greedy,10,0.1,388,36108,9
Facebook Penn94,distance_greedy,10,0.1,389,36098,7
Facebook Penn94,distance_greedy,10,0.1,390,36096,9
Facebook Penn94,distance_greedy,10,0.1,391,36066,8
Facebook Penn94,distance_greedy,10,0.1,392,36181,9
Facebook Penn94,distance_greedy,10,0.1,393,36131,8
Facebook Penn94,distance_greedy,10,0.1,394,36083,9
Facebook Penn94,distance_greedy,10,0.1,395,36051,8
Facebook Penn94,distance_greedy,10,0.1,396,36103,7
Facebook Penn94,distance_greedy,10,0.1,397,36059,8
Facebook Penn94,distance_greedy,10,0.1,398,36117,7
Facebook Penn94,distance_greedy,10,0.1,399,36067,7
Facebook Penn94,distance_greedy,10,0.1,400,36088,9
Facebook Penn94,distance_greedy,10,0.1,401,36075,9
Facebook Penn94,distance_greedy,10,0.1,402,36081,9
Facebook Penn94,distance_greedy,10,0.1,403,36061,8
Facebook Penn94,distance_greedy,10,0.1,404,36161,9
Facebook Penn94,distance_greedy,10,0.1,405,36178,8
Facebook Penn94,distance_greedy,10,0.1,406,35982,8
Facebook Penn94,distance_greedy,10,0.1,407,36044,10
Facebook Penn94,distance_greedy,10,0.1,408,36035,8
Facebook Penn94,distance_greedy,10,0.1,409,36047,8
Facebook Penn94,distance_greedy,10,0.1,410,36044,8
Facebook Penn94,distance_greedy,10,0.1,411,36073,7
Facebook Penn94,distance_greedy,10,0.1,412,36046,8
Facebook Penn94,distance_greedy,10,0.1,413,36082,8
Facebook Penn94,distance_greedy,10,0.1,414,36093,9
Facebook Penn94,distance_greedy,10,0.1,415,36094,7
Facebook Penn94,distance_greedy,10,0.1,416,36026,8
Facebook Penn94,distance_greedy,10,0.1,417,36067,8
Facebook Penn94,distance_greedy,10,0.1,418,36102,10
Facebook Penn94,distance_greedy,10,0.1,419,36058,7
Facebook Penn94,distance_greedy,10,0.1,420,36163,8
Facebook Penn94,distance_greedy,10,0.1,421,36034,8
Facebook Penn94,distance_greedy,10,0.1,422,36155,8
Facebook Penn94,distance_greedy,10,0.1,423,36018,8
Facebook Penn94,distance_greedy,10,0.1,424,36094,11
Facebook Penn94,distance_greedy,10,0.1,425,36109,9
Facebook Penn94,distance_greedy,10,0.1,426,36154,8
Facebook Penn94,distance_greedy,10,0.1,427,36040,8
Facebook Penn94,distance_greedy,10,0.1,428,36155,8
Facebook Penn94,distance_greedy,10,0.1,429,36123,8
Facebook Penn94,distance_greedy,10,0.1,430,36127,8
Facebook Penn94,distance_greedy,10,0.1,431,36037,10
Facebook Penn94,distance_greedy,10,0.1,432,36014,9
Facebook Penn94,distance_greedy,10,0.1,433,36101,8
Facebook Penn94,distance_greedy,10,0.1,434,36164,9
Facebook Penn94,distance_greedy,10,0.1,435,36169,10
Facebook Penn94,distance_greedy,10,0.1,436,35944,8
Facebook Penn94,distance_greedy,10,0.1,437,36110,7
Facebook Penn94,distance_greedy,10,0.1,438,36011,7
Facebook Penn94,distance_greedy,10,0.1,439,36101,7
Facebook Penn94,distance_greedy,10,0.1,440,36061,8
Facebook Penn94,distance_greedy,10,0.1,441,36167,7
Facebook Penn94,distance_greedy,10,0.1,442,36096,9
Facebook Penn94,distance_greedy,10,0.1,443,36115,8
Facebook Penn94,distance_greedy,10,0.1,444,36095,9
Facebook Penn94,distance_greedy,10,0.1,445,36081,8
Facebook Penn94,distance_greedy,10,0.1,446,36065,8
Facebook Penn94,distance_greedy,10,0.1,447,36116,7
Facebook Penn94,distance_greedy,10,0.1,448,36062,8
Facebook Penn94,distance_greedy,10,0.1,449,36066,7
Facebook Penn94,distance_greedy,10,0.1,450,36084,8
Facebook Penn94,distance_greedy,10,0.1,451,36120,8
Facebook Penn94,distance_greedy,10,0.1,452,36144,8
Facebook Penn94,distance_greedy,10,0.1,453,36048,7
Facebook Penn94,distance_greedy,10,0.1,454,36048,8
Facebook Penn94,distance_greedy,10,0.1,455,36010,8
Facebook Penn94,distance_greedy,10,0.1,456,36108,8
Facebook Penn94,distance_greedy,10,0.1,457,36018,8
Facebook Penn94,distance_greedy,10,0.1,458,36074,8
Facebook Penn94,distance_greedy,10,0.1,459,36108,9
Facebook Penn94,distance_greedy,10,0.1,460,35987,7
Facebook Penn94,distance_greedy,10,0.1,461,36135,7
Facebook Penn94,distance_greedy,10,0.1,462,36049,8
Facebook Penn94,distance_greedy,10,0.1,463,36058,8
Facebook Penn94,distance_greedy,10,0.1,464,36053,9
Facebook Penn94,distance_greedy,10,0.1,465,36022,8
Facebook Penn94,distance_greedy,10,0.1,466,36161,8
Facebook Penn94,distance_greedy,10,0.1,467,36077,8
Facebook Penn94,distance_greedy,10,0.1,468,36118,8
Facebook Penn94,distance_greedy,10,0.1,469,36157,8
Facebook Penn94,distance_greedy,10,0.1,470,36047,9
Facebook Penn94,distance_greedy,10,0.1,471,36155,8
Facebook Penn94,distance_greedy,10,0.1,472,36020,8
Facebook Penn94,distance_greedy,10,0.1,473,36045,7
Facebook Penn94,distance_greedy,10,0.1,474,36128,9
Facebook Penn94,distance_greedy,10,0.1,475,36073,9
Facebook Penn94,distance_greedy,10,0.1,476,36123,9
Facebook Penn94,distance_greedy,10,0.1,477,36096,9
Facebook Penn94,distance_greedy,10,0.1,478,36034,10
Facebook Penn94,distance_greedy,10,0.1,479,36097,8
Facebook Penn94,distance_greedy,10,0.1,480,36125,7
Facebook Penn94,distance_greedy,10,0.1,481,36081,8
Facebook Penn94,distance_greedy,10,0.1,482,36193,7
Facebook Penn94,distance_greedy,10,0.1,483,36071,10
Facebook Penn94,distance_greedy,10,0.1,484,36094,8
Facebook Penn94,distance_greedy,10,0.1,485,36074,7
Facebook Penn94,distance_greedy,10,0.1,486,36164,9
Facebook Penn94,distance_greedy,10,0.1,487,36221,7
Facebook Penn94,distance_greedy,10,0.1,488,36053,7
Facebook Penn94,distance_greedy,10,0.1,489,36153,8
Facebook Penn94,distance_greedy,10,0.1,490,36097,8
Facebook Penn94,distance_greedy,10,0.1,491,36025,9
Facebook Penn94,distance_greedy,10,0.1,492,36038,8
Facebook Penn94,distance_greedy,10,0.1,493,36071,8
Facebook Penn94,distance_greedy,10,0.1,494,36073,9
Facebook Penn94,distance_greedy,10,0.1,495,36046,8
Facebook Penn94,distance_greedy,10,0.1,496,36109,8
Facebook Penn94,distance_greedy,10,0.1,497,35967,11
Facebook Penn94,distance_greedy,10,0.1,498,36082,7
Facebook Penn94,distance_greedy,10,0.1,499,36048,8
Facebook Penn94,distance_greedy,10,0.1,500,36154,7
Facebook Penn94,distance_greedy,10,0.1,501,36041,8
Facebook Penn94,distance_greedy,10,0.1,502,36077,8
Facebook Penn94,distance_greedy,10,0.1,503,36118,8
Facebook Penn94,distance_greedy,10,0.1,504,36063,7
Facebook Penn94,distance_greedy,10,0.1,505,36119,7
Facebook Penn94,distance_greedy,10,0.1,506,35995,8
Facebook Penn94,distance_greedy,10,0.1,507,36152,8
Facebook Penn94,distance_greedy,10,0.1,508,36136,8
Facebook Penn94,distance_greedy,10,0.1,509,36116,9
Facebook Penn94,distance_greedy,10,0.1,510,36033,8
Facebook Penn94,distance_greedy,10,0.1,511,36035,9
Facebook Penn94,distance_greedy,10,0.1,512,36058,7
Facebook Penn94,distance_greedy,10,0.1,513,36042,7
Facebook Penn94,distance_greedy,10,0.1,514,36075,8
Facebook Penn94,distance_greedy,10,0.1,515,36104,9
Facebook Penn94,distance_greedy,10,0.1,516,36104,7
Facebook Penn94,distance_greedy,10,0.1,517,36076,9
Facebook Penn94,distance_greedy,10,0.1,518,36085,8
Facebook Penn94,distance_greedy,10,0.1,519,36094,8
Facebook Penn94,distance_greedy,10,0.1,520,36057,8
Facebook Penn94,distance_greedy,10,0.1,521,36092,7
Facebook Penn94,distance_greedy,10,0.1,522,36065,8
Facebook Penn94,distance_greedy,10,0.1,523,36127,8
Facebook Penn94,distance_greedy,10,0.1,524,36062,8
Facebook Penn94,distance_greedy,10,0.1,525,36074,9
Facebook Penn94,distance_greedy,10,0.1,526,36099,8
Facebook Penn94,distance_greedy,10,0.1,527,35993,7
Facebook Penn94,distance_greedy,10,0.1,528,36135,8
Facebook Penn94,distance_greedy,10,0.1,529,36207,8
Facebook Penn94,distance_greedy,10,0.1,530,36084,8
Facebook Penn94,distance_greedy,10,0.1,531,36033,7
Facebook Penn94,distance_greedy,10,0.1,532,36142,8
Facebook Penn94,distance_greedy,10,0.1,533,36035,11
Facebook Penn94,distance_greedy,10,0.1,534,35987,8
Facebook Penn94,distance_greedy,10,0.1,535,36044,8
Facebook Penn94,distance_greedy,10,0.1,536,36046,8
Facebook Penn94,distance_greedy,10,0.1,537,36061,8
Facebook Penn94,distance_greedy,10,0.1,538,36135,8
Facebook Penn94,distance_greedy,10,0.1,539,36148,8
Facebook Penn94,distance_greedy,10,0.1,540,36059,8
Facebook Penn94,distance_greedy,10,0.1,541,36108,10
Facebook Penn94,distance_greedy,10,0.1,542,35970,7
Facebook Penn94,distance_greedy,10,0.1,543,36068,10
Facebook Penn94,distance_greedy,10,0.1,544,36166,9
Facebook Penn94,distance_greedy,10,0.1,545,36026,9
Facebook Penn94,distance_greedy,10,0.1,546,36115,7
Facebook Penn94,distance_greedy,10,0.1,547,36143,7
Facebook Penn94,distance_greedy,10,0.1,548,36093,7
Facebook Penn94,distance_greedy,10,0.1,549,36106,9
Facebook Penn94,distance_greedy,10,0.1,550,36135,8
Facebook Penn94,distance_greedy,10,0.1,551,36119,9
Facebook Penn94,distance_greedy,10,0.1,552,36051,9
Facebook Penn94,distance_greedy,10,0.1,553,36091,10
Facebook Penn94,distance_greedy,10,0.1,554,36038,9
Facebook Penn94,distance_greedy,10,0.1,555,36113,9
Facebook Penn94,distance_greedy,10,0.1,556,35999,8
Facebook Penn94,distance_greedy,10,0.1,557,36134,8
Facebook Penn94,distance_greedy,10,0.1,558,35925,10
Facebook Penn94,distance_greedy,10,0.1,559,36012,8
Facebook Penn94,distance_greedy,10,0.1,560,36053,8
Facebook Penn94,distance_greedy,10,0.1,561,36006,10
Facebook Penn94,distance_greedy,10,0.1,562,35931,9
Facebook Penn94,distance_greedy,10,0.1,563,36092,8
Facebook Penn94,distance_greedy,10,0.1,564,36095,8
Facebook Penn94,distance_greedy,10,0.1,565,36026,7
Facebook Penn94,distance_greedy,10,0.1,566,36181,8
Facebook Penn94,distance_greedy,10,0.1,567,36089,8
Facebook Penn94,distance_greedy,10,0.1,568,36082,7
Facebook Penn94,distance_greedy,10,0.1,569,36089,8
Facebook Penn94,distance_greedy,10,0.1,570,35966,8
Facebook Penn94,distance_greedy,10,0.1,571,36132,10
Facebook Penn94,distance_greedy,10,0.1,572,36013,8
Facebook Penn94,distance_greedy,10,0.1,573,36112,8
Facebook Penn94,distance_greedy,10,0.1,574,36001,8
Facebook Penn94,distance_greedy,10,0.1,575,36023,7
Facebook Penn94,distance_greedy,10,0.1,576,36079,7
Facebook Penn94,distance_greedy,10,0.1,577,36143,7
Facebook Penn94,distance_greedy,10,0.1,578,36157,10
Facebook Penn94,distance_greedy,10,0.1,579,36057,8
Facebook Penn94,distance_greedy,10,0.1,580,36103,9
Facebook Penn94,distance_greedy,10,0.1,581,36039,8
Facebook Penn94,distance_greedy,10,0.1,582,36033,11
Facebook Penn94,distance_greedy,10,0.1,583,36196,9
Facebook Penn94,distance_greedy,10,0.1,584,36064,7
Facebook Penn94,distance_greedy,10,0.1,585,36120,8
Facebook Penn94,distance_greedy,10,0.1,586,36143,8
Facebook Penn94,distance_greedy,10,0.1,587,36055,10
Facebook Penn94,distance_greedy,10,0.1,588,36125,8
Facebook Penn94,distance_greedy,10,0.1,589,36111,10
Facebook Penn94,distance_greedy,10,0.1,590,36089,8
Facebook Penn94,distance_greedy,10,0.1,591,36099,8
Facebook Penn94,distance_greedy,10,0.1,592,36093,8
Facebook Penn94,distance_greedy,10,0.1,593,36051,9
Facebook Penn94,distance_greedy,10,0.1,594,36018,8
Facebook Penn94,distance_greedy,10,0.1,595,36029,8
Facebook Penn94,distance_greedy,10,0.1,596,36094,8
Facebook Penn94,distance_greedy,10,0.1,597,36121,8
Facebook Penn94,distance_greedy,10,0.1,598,36065,9
Facebook Penn94,distance_greedy,10,0.1,599,36203,12
Facebook Penn94,distance_greedy,10,0.1,600,36089,8
Facebook Penn94,distance_greedy,10,0.1,601,36123,8
Facebook Penn94,distance_greedy,10,0.1,602,36060,8
Facebook Penn94,distance_greedy,10,0.1,603,36115,9
Facebook Penn94,distance_greedy,10,0.1,604,35988,13
Facebook Penn94,distance_greedy,10,0.1,605,35998,9
Facebook Penn94,distance_greedy,10,0.1,606,36022,8
Facebook Penn94,distance_greedy,10,0.1,607,36112,7
Facebook Penn94,distance_greedy,10,0.1,608,36156,8
Facebook Penn94,distance_greedy,10,0.1,609,36071,8
Facebook Penn94,distance_greedy,10,0.1,610,36078,8
Facebook Penn94,distance_greedy,10,0.1,611,35980,8
Facebook Penn94,distance_greedy,10,0.1,612,36176,8
Facebook Penn94,distance_greedy,10,0.1,613,36124,8
Facebook Penn94,distance_greedy,10,0.1,614,36059,10
Facebook Penn94,distance_greedy,10,0.1,615,35975,7
Facebook Penn94,distance_greedy,10,0.1,616,36136,7
Facebook Penn94,distance_greedy,10,0.1,617,36152,9
Facebook Penn94,distance_greedy,10,0.1,618,36012,7
Facebook Penn94,distance_greedy,10,0.1,619,36044,7
Facebook Penn94,distance_greedy,10,0.1,620,36127,8
Facebook Penn94,distance_greedy,10,0.1,621,35997,8
Facebook Penn94,distance_greedy,10,0.1,622,36091,7
Facebook Penn94,distance_greedy,10,0.1,623,36155,9
Facebook Penn94,distance_greedy,10,0.1,624,36040,8
Facebook Penn94,distance_greedy,10,0.1,625,36046,7
Facebook Penn94,distance_greedy,10,0.1,626,36081,8
Facebook Penn94,distance_greedy,10,0.1,627,36037,10
Facebook Penn94,distance_greedy,10,0.1,628,36047,9
Facebook Penn94,distance_greedy,10,0.1,629,35964,8
Facebook Penn94,distance_greedy,10,0.1,630,36033,7
Facebook Penn94,distance_greedy,10,0.1,631,36028,8
Facebook Penn94,distance_greedy,10,0.1,632,36124,8
Facebook Penn94,distance_greedy,10,0.1,633,36011,9
Facebook Penn94,distance_greedy,10,0.1,634,36125,8
Facebook Penn94,distance_greedy,10,0.1,635,36165,7
Facebook Penn94,distance_greedy,10,0.1,636,36082,9
Facebook Penn94,distance_greedy,10,0.1,637,36072,8
Facebook Penn94,distance_greedy,10,0.1,638,36034,8
Facebook Penn94,distance_greedy,10,0.1,639,36068,8
Facebook Penn94,distance_greedy,10,0.1,640,36100,8
Facebook Penn94,distance_greedy,10,0.1,641,36048,8
Facebook Penn94,distance_greedy,10,0.1,642,36020,11
Facebook Penn94,distance_greedy,10,0.1,643,35987,8
Facebook Penn94,distance_greedy,10,0.1,644,36027,8
Facebook Penn94,distance_greedy,10,0.1,645,36109,9
Facebook Penn94,distance_greedy,10,0.1,646,36062,8
Facebook Penn94,distance_greedy,10,0.1,647,35948,9
Facebook Penn94,distance_greedy,10,0.1,648,36132,8
Facebook Penn94,distance_greedy,10,0.1,649,36129,9
Facebook Penn94,distance_greedy,10,0.1,650,36160,8
Facebook Penn94,distance_greedy,10,0.1,651,36107,8
Facebook Penn94,distance_greedy,10,0.1,652,36121,8
Facebook Penn94,distance_greedy,10,0.1,653,36110,7
Facebook Penn94,distance_greedy,10,0.1,654,36041,8
Facebook Penn94,distance_greedy,10,0.1,655,36160,7
Facebook Penn94,distance_greedy,10,0.1,656,36128,8
Facebook Penn94,distance_greedy,10,0.1,657,35991,8
Facebook Penn94,distance_greedy,10,0.1,658,36089,8
Facebook Penn94,distance_greedy,10,0.1,659,36108,8
Facebook Penn94,distance_greedy,10,0.1,660,36006,8
Facebook Penn94,distance_greedy,10,0.1,661,36070,10
Facebook Penn94,distance_greedy,10,0.1,662,36017,8
Facebook Penn94,distance_greedy,10,0.1,663,36044,8
Facebook Penn94,distance_greedy,10,0.1,664,36092,8
Facebook Penn94,distance_greedy,10,0.1,665,36102,8
Facebook Penn94,distance_greedy,10,0.1,666,36077,8
Facebook Penn94,distance_greedy,10,0.1,667,36034,8
Facebook Penn94,distance_greedy,10,0.1,668,36039,8
Facebook Penn94,distance_greedy,10,0.1,669,36042,9
Facebook Penn94,distance_greedy,10,0.1,670,36084,7
Facebook Penn94,distance_greedy,10,0.1,671,36129,9
Facebook Penn94,distance_greedy,10,0.1,672,35977,7
Facebook Penn94,distance_greedy,10,0.1,673,36032,8
Facebook Penn94,distance_greedy,10,0.1,674,36142,9
Facebook Penn94,distance_greedy,10,0.1,675,36122,8
Facebook Penn94,distance_greedy,10,0.1,676,36118,8
Facebook Penn94,distance_greedy,10,0.1,677,36005,8
Facebook Penn94,distance_greedy,10,0.1,678,35980,9
Facebook Penn94,distance_greedy,10,0.1,679,36133,8
Facebook Penn94,distance_greedy,10,0.1,680,36079,9
Facebook Penn94,distance_greedy,10,0.1,681,36113,8
Facebook Penn94,distance_greedy,10,0.1,682,35971,10
Facebook Penn94,distance_greedy,10,0.1,683,36021,8
Facebook Penn94,distance_greedy,10,0.1,684,36016,8
Facebook Penn94,distance_greedy,10,0.1,685,36080,8
Facebook Penn94,distance_greedy,10,0.1,686,36040,8
Facebook Penn94,distance_greedy,10,0.1,687,36099,8
Facebook Penn94,distance_greedy,10,0.1,688,36071,7
Facebook Penn94,distance_greedy,10,0.1,689,36029,7
Facebook Penn94,distance_greedy,10,0.1,690,36101,8
Facebook Penn94,distance_greedy,10,0.1,691,36014,9
Facebook Penn94,distance_greedy,10,0.1,692,36101,8
Facebook Penn94,distance_greedy,10,0.1,693,36028,8
Facebook Penn94,distance_greedy,10,0.1,694,36043,8
Facebook Penn94,distance_greedy,10,0.1,695,36060,9
Facebook Penn94,distance_greedy,10,0.1,696,36072,8
Facebook Penn94,distance_greedy,10,0.1,697,35964,9
Facebook Penn94,distance_greedy,10,0.1,698,36141,8
Facebook Penn94,distance_greedy,10,0.1,699,35977,7
Facebook Penn94,distance_greedy,10,0.1,700,36069,8
Facebook Penn94,distance_greedy,10,0.1,701,36018,7
Facebook Penn94,distance_greedy,10,0.1,702,36111,10
Facebook Penn94,distance_greedy,10,0.1,703,36065,8
Facebook Penn94,distance_greedy,10,0.1,704,36122,9
Facebook Penn94,distance_greedy,10,0.1,705,36089,7
Facebook Penn94,distance_greedy,10,0.1,706,36038,7
Facebook Penn94,distance_greedy,10,0.1,707,36162,9
Facebook Penn94,distance_greedy,10,0.1,708,36093,8
Facebook Penn94,distance_greedy,10,0.1,709,36141,8
Facebook Penn94,distance_greedy,10,0.1,710,36025,9
Facebook Penn94,distance_greedy,10,0.1,711,36025,7
Facebook Penn94,distance_greedy,10,0.1,712,36071,8
Facebook Penn94,distance_greedy,10,0.1,713,36070,9
Facebook Penn94,distance_greedy,10,0.1,714,36057,8
Facebook Penn94,distance_greedy,10,0.1,715,36063,8
Facebook Penn94,distance_greedy,10,0.1,716,36008,9
Facebook Penn94,distance_greedy,10,0.1,717,36051,8
Facebook Penn94,distance_greedy,10,0.1,718,36114,8
Facebook Penn94,distance_greedy,10,0.1,719,36107,8
Facebook Penn94,distance_greedy,10,0.1,720,36036,9
Facebook Penn94,distance_greedy,10,0.1,721,36025,8
Facebook Penn94,distance_greedy,10,0.1,722,36013,8
Facebook Penn94,distance_greedy,10,0.1,723,35966,9
Facebook Penn94,distance_greedy,10,0.1,724,36009,7
Facebook Penn94,distance_greedy,10,0.1,725,36103,8
Facebook Penn94,distance_greedy,10,0.1,726,36087,8
Facebook Penn94,distance_greedy,10,0.1,727,36019,8
Facebook Penn94,distance_greedy,10,0.1,728,36089,9
Facebook Penn94,distance_greedy,10,0.1,729,36050,7
Facebook Penn94,distance_greedy,10,0.1,730,36134,8
Facebook Penn94,distance_greedy,10,0.1,731,36014,8
Facebook Penn94,distance_greedy,10,0.1,732,36159,7
Facebook Penn94,distance_greedy,10,0.1,733,36141,8
Facebook Penn94,distance_greedy,10,0.1,734,36107,8
Facebook Penn94,distance_greedy,10,0.1,735,36166,10
Facebook Penn94,distance_greedy,10,0.1,736,36120,8
Facebook Penn94,distance_greedy,10,0.1,737,36055,8
Facebook Penn94,distance_greedy,10,0.1,738,36114,7
Facebook Penn94,distance_greedy,10,0.1,739,36061,8
Facebook Penn94,distance_greedy,10,0.1,740,36124,9
Facebook Penn94,distance_greedy,10,0.1,741,36037,9
Facebook Penn94,distance_greedy,10,0.1,742,36028,9
Facebook Penn94,distance_greedy,10,0.1,743,36032,8
Facebook Penn94,distance_greedy,10,0.1,744,36102,9
Facebook Penn94,distance_greedy,10,0.1,745,36057,7
Facebook Penn94,distance_greedy,10,0.1,746,36041,8
Facebook Penn94,distance_greedy,10,0.1,747,36054,8
Facebook Penn94,distance_greedy,10,0.1,748,36101,7
Facebook Penn94,distance_greedy,10,0.1,749,36105,7
Facebook Penn94,distance_greedy,10,0.1,750,36050,8
Facebook Penn94,distance_greedy,10,0.1,751,36159,8
Facebook Penn94,distance_greedy,10,0.1,752,36192,8
Facebook Penn94,distance_greedy,10,0.1,753,36067,8
Facebook Penn94,distance_greedy,10,0.1,754,36055,8
Facebook Penn94,distance_greedy,10,0.1,755,36080,9
Facebook Penn94,distance_greedy,10,0.1,756,36100,8
Facebook Penn94,distance_greedy,10,0.1,757,36043,8
Facebook Penn94,distance_greedy,10,0.1,758,36150,8
Facebook Penn94,distance_greedy,10,0.1,759,36094,8
Facebook Penn94,distance_greedy,10,0.1,760,36082,9
Facebook Penn94,distance_greedy,10,0.1,761,36135,8
Facebook Penn94,distance_greedy,10,0.1,762,36060,7
Facebook Penn94,distance_greedy,10,0.1,763,36028,9
Facebook Penn94,distance_greedy,10,0.1,764,36077,9
Facebook Penn94,distance_greedy,10,0.1,765,36065,7
Facebook Penn94,distance_greedy,10,0.1,766,36145,8
Facebook Penn94,distance_greedy,10,0.1,767,36005,8
Facebook Penn94,distance_greedy,10,0.1,768,36119,8
Facebook Penn94,distance_greedy,10,0.1,769,36045,8
Facebook Penn94,distance_greedy,10,0.1,770,36025,9
Facebook Penn94,distance_greedy,10,0.1,771,36080,9
Facebook Penn94,distance_greedy,10,0.1,772,36014,8
Facebook Penn94,distance_greedy,10,0.1,773,36121,8
Facebook Penn94,distance_greedy,10,0.1,774,35984,11
Facebook Penn94,distance_greedy,10,0.1,775,36097,9
Facebook Penn94,distance_greedy,10,0.1,776,36089,7
Facebook Penn94,distance_greedy,10,0.1,777,36096,8
Facebook Penn94,distance_greedy,10,0.1,778,36117,8
Facebook Penn94,distance_greedy,10,0.1,779,36171,8
Facebook Penn94,distance_greedy,10,0.1,780,36131,8
Facebook Penn94,distance_greedy,10,0.1,781,36000,9
Facebook Penn94,distance_greedy,10,0.1,782,36034,8
Facebook Penn94,distance_greedy,10,0.1,783,36065,8
Facebook Penn94,distance_greedy,10,0.1,784,36057,7
Facebook Penn94,distance_greedy,10,0.1,785,36206,8
Facebook Penn94,distance_greedy,10,0.1,786,36122,8
Facebook Penn94,distance_greedy,10,0.1,787,36036,9
Facebook Penn94,distance_greedy,10,0.1,788,36052,8
Facebook Penn94,distance_greedy,10,0.1,789,36095,7
Facebook Penn94,distance_greedy,10,0.1,790,36045,9
Facebook Penn94,distance_greedy,10,0.1,791,36007,9
Facebook Penn94,distance_greedy,10,0.1,792,35994,7
Facebook Penn94,distance_greedy,10,0.1,793,35995,8
Facebook Penn94,distance_greedy,10,0.1,794,36031,8
Facebook Penn94,distance_greedy,10,0.1,795,35907,9
Facebook Penn94,distance_greedy,10,0.1,796,36005,9
Facebook Penn94,distance_greedy,10,0.1,797,36055,7
Facebook Penn94,distance_greedy,10,0.1,798,36029,8
Facebook Penn94,distance_greedy,10,0.1,799,36084,8
Facebook Penn94,distance_greedy,10,0.1,800,36042,7
Facebook Penn94,distance_greedy,10,0.1,801,36175,8
Facebook Penn94,distance_greedy,10,0.1,802,35989,9
Facebook Penn94,distance_greedy,10,0.1,803,36084,8
Facebook Penn94,distance_greedy,10,0.1,804,36080,7
Facebook Penn94,distance_greedy,10,0.1,805,36018,8
Facebook Penn94,distance_greedy,10,0.1,806,36036,7
Facebook Penn94,distance_greedy,10,0.1,807,36166,8
Facebook Penn94,distance_greedy,10,0.1,808,36040,11
Facebook Penn94,distance_greedy,10,0.1,809,36223,8
Facebook Penn94,distance_greedy,10,0.1,810,36120,8
Facebook Penn94,distance_greedy,10,0.1,811,36011,8
Facebook Penn94,distance_greedy,10,0.1,812,36145,8
Facebook Penn94,distance_greedy,10,0.1,813,36051,7
Facebook Penn94,distance_greedy,10,0.1,814,36000,8
Facebook Penn94,distance_greedy,10,0.1,815,36089,11
Facebook Penn94,distance_greedy,10,0.1,816,36079,8
Facebook Penn94,distance_greedy,10,0.1,817,36063,8
Facebook Penn94,distance_greedy,10,0.1,818,36119,8
Facebook Penn94,distance_greedy,10,0.1,819,36124,8
Facebook Penn94,distance_greedy,10,0.1,820,35952,7
Facebook Penn94,distance_greedy,10,0.1,821,36063,10
Facebook Penn94,distance_greedy,10,0.1,822,36020,7
Facebook Penn94,distance_greedy,10,0.1,823,36029,8
Facebook Penn94,distance_greedy,10,0.1,824,36134,7
Facebook Penn94,distance_greedy,10,0.1,825,36057,8
Facebook Penn94,distance_greedy,10,0.1,826,36083,10
Facebook Penn94,distance_greedy,10,0.1,827,36071,7
Facebook Penn94,distance_greedy,10,0.1,828,36091,7
Facebook Penn94,distance_greedy,10,0.1,829,36053,9
Facebook Penn94,distance_greedy,10,0.1,830,36147,8
Facebook Penn94,distance_greedy,10,0.1,831,36021,10
Facebook Penn94,distance_greedy,10,0.1,832,36071,7
Facebook Penn94,distance_greedy,10,0.1,833,36128,8
Facebook Penn94,distance_greedy,10,0.1,834,36115,13
Facebook Penn94,distance_greedy,10,0.1,835,36077,8
Facebook Penn94,distance_greedy,10,0.1,836,35942,8
Facebook Penn94,distance_greedy,10,0.1,837,36096,9
Facebook Penn94,distance_greedy,10,0.1,838,36058,8
Facebook Penn94,distance_greedy,10,0.1,839,36126,8
Facebook Penn94,distance_greedy,10,0.1,840,36042,8
Facebook Penn94,distance_greedy,10,0.1,841,36110,9
Facebook Penn94,distance_greedy,10,0.1,842,36025,8
Facebook Penn94,distance_greedy,10,0.1,843,36067,14
Facebook Penn94,distance_greedy,10,0.1,844,36092,8
Facebook Penn94,distance_greedy,10,0.1,845,36066,8
Facebook Penn94,distance_greedy,10,0.1,846,36105,8
Facebook Penn94,distance_greedy,10,0.1,847,36098,8
Facebook Penn94,distance_greedy,10,0.1,848,36098,7
Facebook Penn94,distance_greedy,10,0.1,849,36046,9
Facebook Penn94,distance_greedy,10,0.1,850,35961,8
Facebook Penn94,distance_greedy,10,0.1,851,36063,8
Facebook Penn94,distance_greedy,10,0.1,852,36058,8
Facebook Penn94,distance_greedy,10,0.1,853,36135,7
Facebook Penn94,distance_greedy,10,0.1,854,36031,8
Facebook Penn94,distance_greedy,10,0.1,855,36148,8
Facebook Penn94,distance_greedy,10,0.1,856,36072,7
Facebook Penn94,distance_greedy,10,0.1,857,36093,8
Facebook Penn94,distance_greedy,10,0.1,858,36136,9
Facebook Penn94,distance_greedy,10,0.1,859,35992,8
Facebook Penn94,distance_greedy,10,0.1,860,36063,8
Facebook Penn94,distance_greedy,10,0.1,861,36034,8
Facebook Penn94,distance_greedy,10,0.1,862,36067,8
Facebook Penn94,distance_greedy,10,0.1,863,36165,8
Facebook Penn94,distance_greedy,10,0.1,864,36032,8
Facebook Penn94,distance_greedy,10,0.1,865,36127,8
Facebook Penn94,distance_greedy,10,0.1,866,36060,9
Facebook Penn94,distance_greedy,10,0.1,867,36150,10
Facebook Penn94,distance_greedy,10,0.1,868,36137,8
Facebook Penn94,distance_greedy,10,0.1,869,36098,8
Facebook Penn94,distance_greedy,10,0.1,870,36077,7
Facebook Penn94,distance_greedy,10,0.1,871,36124,10
Facebook Penn94,distance_greedy,10,0.1,872,35956,8
Facebook Penn94,distance_greedy,10,0.1,873,35992,8
Facebook Penn94,distance_greedy,10,0.1,874,36022,8
Facebook Penn94,distance_greedy,10,0.1,875,36007,8
Facebook Penn94,distance_greedy,10,0.1,876,36110,8
Facebook Penn94,distance_greedy,10,0.1,877,36104,9
Facebook Penn94,distance_greedy,10,0.1,878,36112,7
Facebook Penn94,distance_greedy,10,0.1,879,36155,10
Facebook Penn94,distance_greedy,10,0.1,880,36118,7
Facebook Penn94,distance_greedy,10,0.1,881,36008,8
Facebook Penn94,distance_greedy,10,0.1,882,36079,9
Facebook Penn94,distance_greedy,10,0.1,883,36110,8
Facebook Penn94,distance_greedy,10,0.1,884,36160,7
Facebook Penn94,distance_greedy,10,0.1,885,36158,9
Facebook Penn94,distance_greedy,10,0.1,886,35971,8
Facebook Penn94,distance_greedy,10,0.1,887,36062,7
Facebook Penn94,distance_greedy,10,0.1,888,36142,10
Facebook Penn94,distance_greedy,10,0.1,889,36157,7
Facebook Penn94,distance_greedy,10,0.1,890,36099,9
Facebook Penn94,distance_greedy,10,0.1,891,36036,8
Facebook Penn94,distance_greedy,10,0.1,892,36101,9
Facebook Penn94,distance_greedy,10,0.1,893,35969,10
Facebook Penn94,distance_greedy,10,0.1,894,36024,9
Facebook Penn94,distance_greedy,10,0.1,895,36125,8
Facebook Penn94,distance_greedy,10,0.1,896,36076,8
Facebook Penn94,distance_greedy,10,0.1,897,36063,9
Facebook Penn94,distance_greedy,10,0.1,898,36106,7
Facebook Penn94,distance_greedy,10,0.1,899,35991,8
Facebook Penn94,distance_greedy,10,0.1,900,36151,8
Facebook Penn94,distance_greedy,10,0.1,901,36052,10
Facebook Penn94,distance_greedy,10,0.1,902,36071,8
Facebook Penn94,distance_greedy,10,0.1,903,36073,8
Facebook Penn94,distance_greedy,10,0.1,904,36137,8
Facebook Penn94,distance_greedy,10,0.1,905,36067,8
Facebook Penn94,distance_greedy,10,0.1,906,35969,7
Facebook Penn94,distance_greedy,10,0.1,907,36142,8
Facebook Penn94,distance_greedy,10,0.1,908,36125,8
Facebook Penn94,distance_greedy,10,0.1,909,36176,8
Facebook Penn94,distance_greedy,10,0.1,910,36157,9
Facebook Penn94,distance_greedy,10,0.1,911,36065,8
Facebook Penn94,distance_greedy,10,0.1,912,36133,8
Facebook Penn94,distance_greedy,10,0.1,913,36124,7
Facebook Penn94,distance_greedy,10,0.1,914,36039,8
Facebook Penn94,distance_greedy,10,0.1,915,36186,7
Facebook Penn94,distance_greedy,10,0.1,916,36039,7
Facebook Penn94,distance_greedy,10,0.1,917,36119,8
Facebook Penn94,distance_greedy,10,0.1,918,36140,8
Facebook Penn94,distance_greedy,10,0.1,919,36073,7
Facebook Penn94,distance_greedy,10,0.1,920,36105,9
Facebook Penn94,distance_greedy,10,0.1,921,36087,8
Facebook Penn94,distance_greedy,10,0.1,922,36087,8
Facebook Penn94,distance_greedy,10,0.1,923,36115,7
Facebook Penn94,distance_greedy,10,0.1,924,36093,8
Facebook Penn94,distance_greedy,10,0.1,925,36131,8
Facebook Penn94,distance_greedy,10,0.1,926,36062,9
Facebook Penn94,distance_greedy,10,0.1,927,35974,8
Facebook Penn94,distance_greedy,10,0.1,928,36116,9
Facebook Penn94,distance_greedy,10,0.1,929,35954,8
Facebook Penn94,distance_greedy,10,0.1,930,36079,8
Facebook Penn94,distance_greedy,10,0.1,931,36090,7
Facebook Penn94,distance_greedy,10,0.1,932,36007,8
Facebook Penn94,distance_greedy,10,0.1,933,36141,8
Facebook Penn94,distance_greedy,10,0.1,934,36028,8
Facebook Penn94,distance_greedy,10,0.1,935,35979,9
Facebook Penn94,distance_greedy,10,0.1,936,36138,8
Facebook Penn94,distance_greedy,10,0.1,937,36004,8
Facebook Penn94,distance_greedy,10,0.1,938,36002,8
Facebook Penn94,distance_greedy,10,0.1,939,36040,8
Facebook Penn94,distance_greedy,10,0.1,940,36097,8
Facebook Penn94,distance_greedy,10,0.1,941,36132,8
Facebook Penn94,distance_greedy,10,0.1,942,36066,8
Facebook Penn94,distance_greedy,10,0.1,943,36001,7
Facebook Penn94,distance_greedy,10,0.1,944,36110,7
Facebook Penn94,distance_greedy,10,0.1,945,36080,7
Facebook Penn94,distance_greedy,10,0.1,946,36083,8
Facebook Penn94,distance_greedy,10,0.1,947,36165,8
Facebook Penn94,distance_greedy,10,0.1,948,36185,8
Facebook Penn94,distance_greedy,10,0.1,949,36098,9
Facebook Penn94,distance_greedy,10,0.1,950,36003,8
Facebook Penn94,distance_greedy,10,0.1,951,36125,8
Facebook Penn94,distance_greedy,10,0.1,952,36040,8
Facebook Penn94,distance_greedy,10,0.1,953,36073,8
Facebook Penn94,distance_greedy,10,0.1,954,36118,9
Facebook Penn94,distance_greedy,10,0.1,955,36191,8
Facebook Penn94,distance_greedy,10,0.1,956,36125,8
Facebook Penn94,distance_greedy,10,0.1,957,36213,9
Facebook Penn94,distance_greedy,10,0.1,958,36104,8
Facebook Penn94,distance_greedy,10,0.1,959,36055,9
Facebook Penn94,distance_greedy,10,0.1,960,36092,8
Facebook Penn94,distance_greedy,10,0.1,961,36076,9
Facebook Penn94,distance_greedy,10,0.1,962,36099,9
Facebook Penn94,distance_greedy,10,0.1,963,35974,8
Facebook Penn94,distance_greedy,10,0.1,964,36034,8
Facebook Penn94,distance_greedy,10,0.1,965,36009,7
Facebook Penn94,distance_greedy,10,0.1,966,36047,7
Facebook Penn94,distance_greedy,10,0.1,967,36017,7
Facebook Penn94,distance_greedy,10,0.1,968,36043,8
Facebook Penn94,distance_greedy,10,0.1,969,36109,7
Facebook Penn94,distance_greedy,10,0.1,970,36048,10
Facebook Penn94,distance_greedy,10,0.1,971,36118,8
Facebook Penn94,distance_greedy,10,0.1,972,36138,9
Facebook Penn94,distance_greedy,10,0.1,973,36101,8
Facebook Penn94,distance_greedy,10,0.1,974,36008,8
Facebook Penn94,distance_greedy,10,0.1,975,36132,8
Facebook Penn94,distance_greedy,10,0.1,976,36167,7
Facebook Penn94,distance_greedy,10,0.1,977,36089,8
Facebook Penn94,distance_greedy,10,0.1,978,36055,9
Facebook Penn94,distance_greedy,10,0.1,979,36133,9
Facebook Penn94,distance_greedy,10,0.1,980,36017,7
Facebook Penn94,distance_greedy,10,0.1,981,36091,8
Facebook Penn94,distance_greedy,10,0.1,982,36097,8
Facebook Penn94,distance_greedy,10,0.1,983,35963,8
Facebook Penn94,distance_greedy,10,0.1,984,36023,7
Facebook Penn94,distance_greedy,10,0.1,985,36117,8
Facebook Penn94,distance_greedy,10,0.1,986,36059,9
Facebook Penn94,distance_greedy,10,0.1,987,36037,11
Facebook Penn94,distance_greedy,10,0.1,988,36025,9
Facebook Penn94,distance_greedy,10,0.1,989,36116,7
Facebook Penn94,distance_greedy,10,0.1,990,36200,7
Facebook Penn94,distance_greedy,10,0.1,991,36065,8
Facebook Penn94,distance_greedy,10,0.1,992,36082,8
Facebook Penn94,distance_greedy,10,0.1,993,35989,8
Facebook Penn94,distance_greedy,10,0.1,994,36020,7
Facebook Penn94,distance_greedy,10,0.1,995,36151,8
Facebook Penn94,distance_greedy,10,0.1,996,36038,8
Facebook Penn94,distance_greedy,10,0.1,997,36087,8
Facebook Penn94,distance_greedy,10,0.1,998,36076,8
Facebook Penn94,distance_greedy,10,0.1,999,36082,8
